# 3ds Max Wavefront OBJ Exporter v0.97b - (c)2007 guruware
# File Created: 24.03.2014 14:09:43

#
# object 99693
#

v  -2.579815 0.601314 1.603462
v  2.580387 0.601314 1.603462
v  -2.579815 0.601314 -1.603931
v  2.580387 0.601314 -1.603931
v  0.000746 -0.607028 0.318797
v  0.000746 -0.607028 0.393406
v  0.000746 -0.605844 0.398965
v  0.000746 -0.602316 0.402805
v  0.000746 -0.597148 0.404353
v  0.000746 -0.498841 0.406125
v  0.000746 -0.493091 0.407939
v  0.000746 -0.489587 0.412893
v  0.000746 -0.489030 0.419365
v  0.000746 -0.489030 0.499171
v  0.000746 -0.488854 0.502204
v  0.000746 -0.487849 0.505124
v  0.000746 -0.486082 0.507633
v  0.000746 -0.455733 0.538303
v  0.000746 -0.453590 0.539872
v  0.000746 -0.451204 0.540823
v  0.000746 -0.448879 0.541177
v  0.000746 -0.261462 0.544450
v  0.000746 -0.247129 0.548326
v  0.000746 -0.235851 0.560074
v  0.000746 -0.231983 0.576297
v  0.122745 -0.607028 0.294530
v  0.151296 -0.607028 0.363460
v  0.153423 -0.605844 0.368595
v  0.154893 -0.602316 0.372144
v  0.155485 -0.597148 0.373573
v  0.156164 -0.498841 0.375211
v  0.156858 -0.493091 0.376887
v  0.158754 -0.489587 0.381464
v  0.161230 -0.489030 0.387443
v  0.191771 -0.489030 0.461174
v  0.192931 -0.488854 0.463976
v  0.194049 -0.487849 0.466674
v  0.195009 -0.486082 0.468991
v  0.206746 -0.455733 0.497327
v  0.207346 -0.453590 0.498776
v  0.207710 -0.451204 0.499655
v  0.207846 -0.448879 0.499982
v  0.209098 -0.261462 0.503007
v  0.210581 -0.247129 0.506587
v  0.215077 -0.235851 0.517441
v  0.221286 -0.231983 0.532429
v  0.226170 -0.607028 0.225424
v  0.278926 -0.607028 0.278180
v  0.282857 -0.605844 0.282111
v  0.285572 -0.602316 0.284826
v  0.286667 -0.597148 0.285921
v  0.287920 -0.498841 0.287174
v  0.289203 -0.493091 0.288457
v  0.292706 -0.489587 0.291960
v  0.297282 -0.489030 0.296536
v  0.353714 -0.489030 0.352968
v  0.355858 -0.488854 0.355112
v  0.357923 -0.487849 0.357177
v  0.359697 -0.486082 0.358951
v  0.381384 -0.455733 0.380638
v  0.382493 -0.453590 0.381747
v  0.383166 -0.451204 0.382420
v  0.383416 -0.448879 0.382670
v  0.385731 -0.261462 0.384985
v  0.388471 -0.247130 0.387725
v  0.396778 -0.235851 0.396033
v  0.408250 -0.231983 0.407504
v  0.295276 -0.607028 0.121999
v  0.364206 -0.607028 0.150550
v  0.369341 -0.605844 0.152677
v  0.372890 -0.602316 0.154147
v  0.374319 -0.597148 0.154739
v  0.375957 -0.498841 0.155418
v  0.377633 -0.493091 0.156112
v  0.382210 -0.489587 0.158008
v  0.388189 -0.489030 0.160484
v  0.461920 -0.489030 0.191025
v  0.464722 -0.488854 0.192185
v  0.467420 -0.487849 0.193303
v  0.469737 -0.486082 0.194263
v  0.498073 -0.455733 0.206000
v  0.499522 -0.453590 0.206600
v  0.500401 -0.451204 0.206964
v  0.500728 -0.448879 0.207100
v  0.503753 -0.261462 0.208352
v  0.507333 -0.247130 0.209836
v  0.518187 -0.235851 0.214332
v  0.533175 -0.231983 0.220540
v  0.319543 -0.607028 0.000000
v  0.394152 -0.607028 0.000000
v  0.399711 -0.605844 0.000000
v  0.403551 -0.602316 0.000000
v  0.405099 -0.597148 0.000000
v  0.406871 -0.498841 0.000000
v  0.408685 -0.493091 0.000000
v  0.413639 -0.489587 0.000000
v  0.420111 -0.489030 0.000000
v  0.499917 -0.489030 0.000000
v  0.502950 -0.488854 0.000000
v  0.505870 -0.487849 0.000000
v  0.508379 -0.486082 0.000000
v  0.539049 -0.455733 0.000000
v  0.540618 -0.453590 0.000000
v  0.541569 -0.451204 0.000000
v  0.541923 -0.448879 0.000000
v  0.545196 -0.261462 0.000000
v  0.549072 -0.247130 0.000000
v  0.560820 -0.235851 0.000000
v  0.577043 -0.231983 0.000000
v  0.295276 -0.607028 -0.121998
v  0.364206 -0.607028 -0.150550
v  0.369341 -0.605844 -0.152677
v  0.372890 -0.602316 -0.154146
v  0.374319 -0.597148 -0.154739
v  0.375957 -0.498841 -0.155417
v  0.377632 -0.493091 -0.156111
v  0.382210 -0.489587 -0.158007
v  0.388189 -0.489030 -0.160484
v  0.461920 -0.489030 -0.191024
v  0.464722 -0.488854 -0.192185
v  0.467420 -0.487849 -0.193302
v  0.469737 -0.486082 -0.194262
v  0.498073 -0.455733 -0.205999
v  0.499522 -0.453590 -0.206599
v  0.500401 -0.451204 -0.206963
v  0.500728 -0.448879 -0.207099
v  0.503753 -0.261462 -0.208352
v  0.507333 -0.247130 -0.209835
v  0.518187 -0.235851 -0.214331
v  0.533175 -0.231983 -0.220539
v  0.226170 -0.607028 -0.225423
v  0.278926 -0.607028 -0.278180
v  0.282857 -0.605844 -0.282110
v  0.285572 -0.602316 -0.284826
v  0.286667 -0.597148 -0.285920
v  0.287920 -0.498841 -0.287173
v  0.289203 -0.493091 -0.288456
v  0.292706 -0.489587 -0.291959
v  0.297282 -0.489030 -0.296535
v  0.353714 -0.489030 -0.352967
v  0.355858 -0.488854 -0.355111
v  0.357923 -0.487849 -0.357176
v  0.359697 -0.486082 -0.358950
v  0.381384 -0.455733 -0.380637
v  0.382493 -0.453590 -0.381746
v  0.383166 -0.451204 -0.382419
v  0.383416 -0.448879 -0.382669
v  0.385731 -0.261462 -0.384984
v  0.388471 -0.247130 -0.387724
v  0.396778 -0.235851 -0.396032
v  0.408250 -0.231983 -0.407503
v  0.122745 -0.607028 -0.294530
v  0.151296 -0.607028 -0.363459
v  0.153423 -0.605844 -0.368595
v  0.154893 -0.602316 -0.372143
v  0.155485 -0.597148 -0.373573
v  0.156163 -0.498841 -0.375210
v  0.156858 -0.493091 -0.376886
v  0.158753 -0.489587 -0.381463
v  0.161230 -0.489030 -0.387442
v  0.191771 -0.489030 -0.461173
v  0.192931 -0.488854 -0.463975
v  0.194049 -0.487849 -0.466673
v  0.195009 -0.486082 -0.468991
v  0.206746 -0.455733 -0.497327
v  0.207346 -0.453590 -0.498776
v  0.207710 -0.451204 -0.499654
v  0.207846 -0.448879 -0.499982
v  0.209098 -0.261462 -0.503006
v  0.210581 -0.247129 -0.506586
v  0.215077 -0.235851 -0.517440
v  0.221286 -0.231983 -0.532428
v  0.000746 -0.607028 -0.318797
v  0.000746 -0.607028 -0.393405
v  0.000746 -0.605844 -0.398964
v  0.000746 -0.602316 -0.402804
v  0.000746 -0.597148 -0.404352
v  0.000746 -0.498841 -0.406124
v  0.000746 -0.493091 -0.407938
v  0.000746 -0.489587 -0.412892
v  0.000746 -0.489030 -0.419364
v  0.000746 -0.489030 -0.499170
v  0.000746 -0.488854 -0.502203
v  0.000746 -0.487849 -0.505123
v  0.000746 -0.486082 -0.507632
v  0.000746 -0.455733 -0.538302
v  0.000746 -0.453590 -0.539871
v  0.000746 -0.451204 -0.540822
v  0.000746 -0.448879 -0.541176
v  0.000746 -0.261462 -0.544450
v  0.000746 -0.247129 -0.548325
v  0.000746 -0.235851 -0.560074
v  0.000746 -0.231983 -0.576296
v  -0.121252 -0.607028 -0.294529
v  -0.149804 -0.607028 -0.363459
v  -0.151931 -0.605844 -0.368594
v  -0.153400 -0.602316 -0.372143
v  -0.153993 -0.597148 -0.373572
v  -0.154671 -0.498841 -0.375210
v  -0.155365 -0.493091 -0.376886
v  -0.157261 -0.489587 -0.381463
v  -0.159738 -0.489030 -0.387442
v  -0.190278 -0.489030 -0.461173
v  -0.191439 -0.488854 -0.463975
v  -0.192556 -0.487849 -0.466673
v  -0.193516 -0.486082 -0.468991
v  -0.205253 -0.455733 -0.497327
v  -0.205853 -0.453590 -0.498776
v  -0.206217 -0.451204 -0.499654
v  -0.206353 -0.448879 -0.499982
v  -0.207606 -0.261462 -0.503006
v  -0.209089 -0.247129 -0.506586
v  -0.213585 -0.235851 -0.517440
v  -0.219793 -0.231983 -0.532428
v  -0.224677 -0.607028 -0.225423
v  -0.277434 -0.607028 -0.278180
v  -0.281364 -0.605844 -0.282110
v  -0.284080 -0.602316 -0.284826
v  -0.285174 -0.597148 -0.285920
v  -0.286427 -0.498841 -0.287173
v  -0.287710 -0.493091 -0.288456
v  -0.291213 -0.489587 -0.291959
v  -0.295789 -0.489030 -0.296535
v  -0.352221 -0.489030 -0.352967
v  -0.354365 -0.488854 -0.355111
v  -0.356430 -0.487849 -0.357176
v  -0.358204 -0.486082 -0.358950
v  -0.379891 -0.455733 -0.380637
v  -0.381000 -0.453590 -0.381746
v  -0.381673 -0.451204 -0.382419
v  -0.381923 -0.448879 -0.382669
v  -0.384238 -0.261462 -0.384984
v  -0.386978 -0.247129 -0.387724
v  -0.395286 -0.235851 -0.396032
v  -0.406757 -0.231983 -0.407503
v  -0.293784 -0.607028 -0.121998
v  -0.362713 -0.607028 -0.150549
v  -0.367849 -0.605844 -0.152676
v  -0.371397 -0.602316 -0.154146
v  -0.372827 -0.597148 -0.154738
v  -0.374464 -0.498841 -0.155417
v  -0.376140 -0.493091 -0.156111
v  -0.380717 -0.489587 -0.158007
v  -0.386696 -0.489030 -0.160483
v  -0.460428 -0.489030 -0.191024
v  -0.463229 -0.488854 -0.192184
v  -0.465927 -0.487849 -0.193302
v  -0.468245 -0.486082 -0.194262
v  -0.496581 -0.455733 -0.205999
v  -0.498030 -0.453589 -0.206599
v  -0.498909 -0.451204 -0.206963
v  -0.499236 -0.448879 -0.207099
v  -0.502260 -0.261462 -0.208351
v  -0.505840 -0.247129 -0.209834
v  -0.516695 -0.235851 -0.214330
v  -0.531682 -0.231983 -0.220539
v  -0.318051 -0.607028 0.000000
v  -0.392660 -0.607028 0.000000
v  -0.398218 -0.605844 0.000000
v  -0.402059 -0.602316 0.000000
v  -0.403606 -0.597148 0.000000
v  -0.405378 -0.498841 0.000000
v  -0.407192 -0.493091 0.000000
v  -0.412146 -0.489587 0.000000
v  -0.418619 -0.489030 0.000000
v  -0.498425 -0.489030 0.000000
v  -0.501457 -0.488854 0.000000
v  -0.504377 -0.487849 0.000000
v  -0.506886 -0.486082 0.000000
v  -0.537557 -0.455733 0.000000
v  -0.539125 -0.453589 0.000000
v  -0.540076 -0.451204 0.000000
v  -0.540430 -0.448879 0.000000
v  -0.543704 -0.261462 0.000000
v  -0.547579 -0.247129 0.000000
v  -0.559328 -0.235851 0.000000
v  -0.575550 -0.231983 0.000000
v  -0.293784 -0.607028 0.121999
v  -0.362713 -0.607028 0.150550
v  -0.367849 -0.605844 0.152678
v  -0.371397 -0.602316 0.154147
v  -0.372826 -0.597148 0.154739
v  -0.374464 -0.498841 0.155418
v  -0.376140 -0.493091 0.156112
v  -0.380717 -0.489587 0.158008
v  -0.386696 -0.489030 0.160485
v  -0.460427 -0.489030 0.191025
v  -0.463229 -0.488854 0.192185
v  -0.465927 -0.487849 0.193303
v  -0.468245 -0.486082 0.194263
v  -0.496581 -0.455733 0.206000
v  -0.498030 -0.453589 0.206600
v  -0.498908 -0.451204 0.206964
v  -0.499236 -0.448879 0.207100
v  -0.502260 -0.261462 0.208352
v  -0.505840 -0.247129 0.209836
v  -0.516694 -0.235851 0.214332
v  -0.531682 -0.231983 0.220540
v  -0.224677 -0.607028 0.225424
v  -0.277434 -0.607028 0.278181
v  -0.281364 -0.605844 0.282111
v  -0.284080 -0.602316 0.284827
v  -0.285174 -0.597148 0.285921
v  -0.286427 -0.498841 0.287174
v  -0.287710 -0.493091 0.288457
v  -0.291213 -0.489587 0.291960
v  -0.295789 -0.489030 0.296536
v  -0.352221 -0.489030 0.352968
v  -0.354365 -0.488854 0.355112
v  -0.356430 -0.487849 0.357177
v  -0.358204 -0.486082 0.358951
v  -0.379891 -0.455733 0.380638
v  -0.381000 -0.453590 0.381747
v  -0.381673 -0.451204 0.382420
v  -0.381923 -0.448879 0.382670
v  -0.384238 -0.261462 0.384985
v  -0.386978 -0.247129 0.387725
v  -0.395286 -0.235851 0.396033
v  -0.406757 -0.231983 0.407504
v  -0.121252 -0.607028 0.294531
v  -0.149804 -0.607028 0.363460
v  -0.151931 -0.605844 0.368595
v  -0.153400 -0.602316 0.372144
v  -0.153993 -0.597148 0.373573
v  -0.154671 -0.498841 0.375211
v  -0.155365 -0.493091 0.376887
v  -0.157261 -0.489587 0.381464
v  -0.159738 -0.489030 0.387443
v  -0.190278 -0.489030 0.461174
v  -0.191439 -0.488854 0.463976
v  -0.192556 -0.487849 0.466674
v  -0.193516 -0.486082 0.468991
v  -0.205253 -0.455733 0.497327
v  -0.205853 -0.453590 0.498776
v  -0.206217 -0.451204 0.499655
v  -0.206353 -0.448879 0.499982
v  -0.207606 -0.261462 0.503007
v  -0.209089 -0.247129 0.506587
v  -0.213585 -0.235851 0.517441
v  -0.219793 -0.231983 0.532429
v  0.000746 -0.225981 0.318797
v  0.122745 -0.225981 0.294530
v  0.226170 -0.225981 0.225424
v  0.295276 -0.225981 0.121999
v  0.319543 -0.225981 0.000000
v  0.295276 -0.225981 -0.121998
v  0.226170 -0.225981 -0.225423
v  0.122745 -0.225981 -0.294530
v  0.000746 -0.225981 -0.318797
v  -0.121252 -0.225981 -0.294529
v  -0.224677 -0.225981 -0.225423
v  -0.293784 -0.225981 -0.121998
v  -0.318051 -0.225981 0.000000
v  -0.293784 -0.225981 0.121999
v  -0.224677 -0.225981 0.225424
v  -0.121252 -0.225981 0.294531
v  0.000746 -0.607028 0.321782
v  0.123887 -0.607028 0.297288
v  0.228280 -0.607028 0.227534
v  0.298034 -0.607028 0.123141
v  0.322528 -0.607028 0.000000
v  0.298034 -0.607028 -0.123140
v  0.228280 -0.607028 -0.227533
v  0.123887 -0.607028 -0.297287
v  0.000746 -0.607028 -0.321781
v  -0.122394 -0.607028 -0.297287
v  -0.226788 -0.607028 -0.227533
v  -0.296541 -0.607028 -0.123140
v  -0.321035 -0.607028 0.000000
v  -0.296541 -0.607028 0.123141
v  -0.226787 -0.607028 0.227534
v  -0.122394 -0.607028 0.297288
v  0.000746 -0.603763 0.318797
v  0.122745 -0.603763 0.294530
v  0.226170 -0.603763 0.225424
v  0.295276 -0.603763 0.121999
v  0.319543 -0.603763 0.000000
v  0.295276 -0.603763 -0.121998
v  0.226170 -0.603763 -0.225423
v  0.122745 -0.603763 -0.294530
v  0.000746 -0.603763 -0.318797
v  -0.121252 -0.603763 -0.294529
v  -0.224677 -0.603763 -0.225423
v  -0.293784 -0.603763 -0.121998
v  -0.318051 -0.603763 0.000000
v  -0.293784 -0.603763 0.121999
v  -0.224677 -0.603763 0.225424
v  -0.121252 -0.603763 0.294531
v  -2.364438 -0.231924 1.221878
v  -2.364438 -0.228224 1.259026
v  -2.364438 -0.218638 1.294390
v  -2.364438 -0.203424 1.327462
v  -2.364438 -0.182236 1.356943
v  -2.364438 -0.156579 1.382551
v  -2.364438 -0.127046 1.403693
v  -2.364438 -0.001942 1.476042
v  -2.364438 0.059556 1.504345
v  -2.364438 0.125804 1.522949
v  -2.364438 0.196011 1.531046
v  -2.364438 0.412203 1.534830
v  -2.364438 0.417938 1.536791
v  -2.364438 0.421179 1.540874
v  -2.364438 0.422007 1.545175
v  -2.413630 -0.183525 1.221338
v  -2.413636 -0.181975 1.246796
v  -2.413807 -0.173609 1.277335
v  -2.413957 -0.162805 1.302290
v  -2.414248 -0.149582 1.320201
v  -2.414636 -0.128615 1.341623
v  -2.415092 -0.102893 1.359715
v  -2.417286 0.022830 1.432367
v  -2.418316 0.082107 1.457968
v  -2.419127 0.133525 1.472969
v  -2.420311 0.196125 1.480041
v  -2.424060 0.412434 1.485275
v  -2.425175 0.416556 1.484944
v  -2.427613 0.419641 1.485194
v  -2.433479 0.421983 1.484950
v  -2.399335 -0.217019 1.221357
v  -2.399579 -0.213756 1.253155
v  -2.399838 -0.203342 1.291606
v  -2.399488 -0.191353 1.318859
v  -2.399539 -0.174370 1.343891
v  -2.399091 -0.148988 1.370795
v  -2.401066 -0.120084 1.389870
v  -2.402505 0.005210 1.463331
v  -2.403717 0.067382 1.489328
v  -2.401773 0.127465 1.508915
v  -2.403613 0.195395 1.518012
v  -2.406094 0.413028 1.523006
v  -2.407178 0.416610 1.523471
v  -2.409543 0.420445 1.526106
v  -2.413753 0.422007 1.529739
v  -2.409574 -0.201586 1.221396
v  -2.409470 -0.199083 1.250175
v  -2.409742 -0.189665 1.284885
v  -2.409648 -0.178185 1.311192
v  -2.410016 -0.163110 1.332849
v  -2.409356 -0.140986 1.358703
v  -2.411499 -0.112131 1.376001
v  -2.413841 0.013589 1.448240
v  -2.414679 0.074860 1.474613
v  -2.414516 0.130625 1.492515
v  -2.416972 0.195682 1.498830
v  -2.418959 0.412273 1.506459
v  -2.420154 0.417230 1.507285
v  -2.423505 0.420728 1.508721
v  -2.428227 0.422007 1.511261
v  -2.383340 -0.227849 1.221785
v  -2.383444 -0.224243 1.256685
v  -2.383599 -0.214178 1.294142
v  -2.383336 -0.200249 1.324791
v  -2.383327 -0.180818 1.352501
v  -2.383060 -0.154925 1.379027
v  -2.383723 -0.125764 1.400215
v  -2.384747 -0.000525 1.473114
v  -2.385261 0.061956 1.500084
v  -2.384247 0.125502 1.519453
v  -2.385729 0.196108 1.528407
v  -2.388143 0.412355 1.532578
v  -2.388137 0.417447 1.534244
v  -2.389572 0.420747 1.537510
v  -2.391109 0.422006 1.541991
v  -2.364438 -0.228224 -1.154678
v  -2.364438 -0.231924 -1.117530
v  -2.364438 -0.218638 -1.190042
v  -2.364438 -0.203424 -1.223114
v  -2.364438 -0.182236 -1.252595
v  -2.364438 -0.156579 -1.278203
v  -2.364438 -0.127046 -1.299345
v  -2.364438 -0.001942 -1.371694
v  -2.364438 0.059556 -1.399997
v  -2.364438 0.125804 -1.418602
v  -2.364438 0.196011 -1.426698
v  -2.364438 0.412203 -1.430483
v  -2.364438 0.417938 -1.432444
v  -2.364438 0.421179 -1.436527
v  -2.364438 0.422007 -1.440827
v  -2.383444 -0.224243 -1.152338
v  -2.383339 -0.227849 -1.117437
v  -2.383599 -0.214178 -1.189795
v  -2.383336 -0.200249 -1.220443
v  -2.383327 -0.180818 -1.248153
v  -2.383060 -0.154925 -1.274680
v  -2.383723 -0.125764 -1.295867
v  -2.384746 -0.000525 -1.368766
v  -2.385261 0.061956 -1.395736
v  -2.384246 0.125502 -1.415105
v  -2.385728 0.196108 -1.424060
v  -2.388143 0.412355 -1.428230
v  -2.388136 0.417447 -1.429896
v  -2.389572 0.420747 -1.433162
v  -2.391108 0.422006 -1.437644
v  -2.399335 -0.217019 -1.117009
v  -2.409573 -0.201586 -1.117049
v  -2.399578 -0.213756 -1.148807
v  -2.409470 -0.199083 -1.145828
v  -2.399838 -0.203342 -1.187258
v  -2.409742 -0.189665 -1.180537
v  -2.399487 -0.191353 -1.214512
v  -2.409648 -0.178185 -1.206845
v  -2.399539 -0.174370 -1.239544
v  -2.410015 -0.163110 -1.228502
v  -2.399091 -0.148988 -1.266447
v  -2.409356 -0.140986 -1.254356
v  -2.401065 -0.120084 -1.285523
v  -2.411498 -0.112131 -1.271654
v  -2.402505 0.005210 -1.358983
v  -2.413840 0.013589 -1.343892
v  -2.403716 0.067382 -1.384980
v  -2.414679 0.074860 -1.370266
v  -2.401772 0.127465 -1.404567
v  -2.414515 0.130625 -1.388167
v  -2.403612 0.195395 -1.413664
v  -2.416971 0.195682 -1.394483
v  -2.406094 0.413028 -1.418658
v  -2.418959 0.412273 -1.402112
v  -2.407178 0.416610 -1.419123
v  -2.420153 0.417230 -1.402937
v  -2.409543 0.420445 -1.421758
v  -2.423504 0.420728 -1.404373
v  -2.413752 0.422007 -1.425391
v  -2.428226 0.422007 -1.406914
v  -2.413629 -0.183525 -1.116990
v  -2.413635 -0.181975 -1.142448
v  -2.413806 -0.173609 -1.172987
v  -2.413957 -0.162805 -1.197942
v  -2.414248 -0.149582 -1.215854
v  -2.414635 -0.128615 -1.237275
v  -2.415091 -0.102893 -1.255368
v  -2.417286 0.022830 -1.328020
v  -2.418316 0.082107 -1.353620
v  -2.419127 0.133525 -1.368621
v  -2.420310 0.196125 -1.375693
v  -2.424060 0.412434 -1.380927
v  -2.425175 0.416556 -1.380596
v  -2.427612 0.419641 -1.380847
v  -2.433478 0.421983 -1.380603
v  -2.413804 -0.173527 -1.116686
v  -2.413805 -0.173527 1.221033
v  -2.413810 -0.172058 1.245153
v  -2.413972 -0.164152 1.274010
v  -2.414110 -0.154083 1.297269
v  -2.414382 -0.141951 1.313702
v  -2.414749 -0.122112 1.333971
v  -2.415186 -0.097505 1.351279
v  -2.417365 0.027328 1.423417
v  -2.418376 0.085501 1.448542
v  -2.419162 0.135501 1.463128
v  -2.420323 0.196808 1.470054
v  -2.423885 0.402436 1.475030
v  -2.423885 0.402436 -1.370682
v  -2.420322 0.196808 -1.365707
v  -2.419161 0.135501 -1.358781
v  -2.418375 0.085501 -1.344194
v  -2.417364 0.027328 -1.319070
v  -2.415185 -0.097505 -1.246932
v  -2.414749 -0.122112 -1.229624
v  -2.414381 -0.141951 -1.209355
v  -2.414109 -0.154083 -1.192921
v  -2.413972 -0.164152 -1.169663
v  -2.413809 -0.172058 -1.140806
v  0.014508 -0.231990 1.221881
v  0.014508 -0.228254 1.259031
v  0.014508 -0.218664 1.294400
v  0.014508 -0.203441 1.327472
v  0.014508 0.059556 1.504345
v  0.014508 0.125804 1.522949
v  0.014508 0.196012 1.531046
v  0.014508 0.412203 1.534830
v  0.014508 0.421179 1.540874
v  0.014508 -0.231990 -1.117532
v  0.014508 -0.203441 -1.223124
v  0.014508 -0.182239 -1.252597
v  0.014508 -0.156579 -1.278203
v  0.014508 0.196012 -1.426698
v  0.014508 0.412203 -1.430482
v  0.014508 0.421179 -1.436526
v  2.393453 -0.231924 1.221879
v  2.393453 -0.228224 1.259026
v  2.412459 -0.224243 1.256686
v  2.412355 -0.227849 1.221785
v  2.393453 -0.218638 1.294390
v  2.412614 -0.214177 1.294143
v  2.393453 -0.203423 1.327462
v  2.412351 -0.200248 1.324792
v  2.393453 -0.182236 1.356943
v  2.412342 -0.180818 1.352502
v  2.393453 -0.156579 1.382551
v  2.412075 -0.154925 1.379028
v  2.393453 -0.127045 1.403694
v  2.412738 -0.125763 1.400215
v  2.393453 -0.001942 1.476043
v  2.413762 -0.000525 1.473114
v  2.393453 0.059556 1.504346
v  2.414276 0.061956 1.500084
v  2.393453 0.125804 1.522950
v  2.413262 0.125502 1.519454
v  2.393453 0.196012 1.531047
v  2.414744 0.196108 1.528408
v  2.393453 0.412204 1.534831
v  2.417158 0.412355 1.532578
v  2.393453 0.417938 1.536792
v  2.417152 0.417447 1.534244
v  2.393453 0.421179 1.540875
v  2.418587 0.420747 1.537511
v  2.393453 0.422007 1.545175
v  2.420124 0.422006 1.541992
v  2.428594 -0.213756 1.253155
v  2.438485 -0.199083 1.250176
v  2.438589 -0.201585 1.221397
v  2.428350 -0.217019 1.221358
v  2.428854 -0.203342 1.291606
v  2.438757 -0.189665 1.284885
v  2.428503 -0.191353 1.318860
v  2.438663 -0.178185 1.311193
v  2.428554 -0.174369 1.343892
v  2.439031 -0.163110 1.332850
v  2.428106 -0.148988 1.370795
v  2.438371 -0.140986 1.358704
v  2.430081 -0.120084 1.389871
v  2.440514 -0.112131 1.376002
v  2.431520 0.005210 1.463332
v  2.442856 0.013589 1.448240
v  2.432732 0.067382 1.489328
v  2.443694 0.074860 1.474614
v  2.430788 0.127465 1.508915
v  2.443531 0.130625 1.492516
v  2.432628 0.195395 1.518012
v  2.445987 0.195683 1.498831
v  2.435109 0.413028 1.523006
v  2.447974 0.412273 1.506460
v  2.436193 0.416610 1.523471
v  2.449169 0.417230 1.507285
v  2.438558 0.420445 1.526106
v  2.452520 0.420728 1.508721
v  2.442768 0.422007 1.529740
v  2.457242 0.422007 1.511262
v  2.442645 -0.183525 1.221338
v  2.442645 -0.183525 -1.116989
v  2.438589 -0.201585 -1.117048
v  2.442651 -0.181974 1.246797
v  2.442822 -0.173608 1.277335
v  2.442972 -0.162805 1.302291
v  2.443263 -0.149582 1.320202
v  2.443651 -0.128614 1.341623
v  2.444107 -0.102893 1.359716
v  2.446301 0.022830 1.432368
v  2.447331 0.082107 1.457969
v  2.448142 0.133526 1.472969
v  2.449326 0.196125 1.480041
v  2.453075 0.412435 1.485275
v  2.454190 0.416556 1.484944
v  2.456628 0.419642 1.485195
v  2.462494 0.421983 1.484951
v  2.412355 -0.227849 -1.117436
v  2.393454 -0.231924 -1.117529
v  2.412460 -0.224243 -1.152337
v  2.393454 -0.228224 -1.154677
v  2.412615 -0.214177 -1.189794
v  2.393454 -0.218638 -1.190041
v  2.412352 -0.200248 -1.220443
v  2.393454 -0.203423 -1.223113
v  2.412343 -0.180818 -1.248152
v  2.393454 -0.182236 -1.252594
v  2.412076 -0.154925 -1.274679
v  2.393454 -0.156579 -1.278202
v  2.412739 -0.125763 -1.295866
v  2.393454 -0.127045 -1.299344
v  2.413762 -0.000525 -1.368765
v  2.393454 -0.001942 -1.371693
v  2.414277 0.061956 -1.395735
v  2.393454 0.059556 -1.399997
v  2.413262 0.125502 -1.415104
v  2.393454 0.125804 -1.418601
v  2.414744 0.196108 -1.424059
v  2.393454 0.196012 -1.426697
v  2.417159 0.412355 -1.428229
v  2.393454 0.412204 -1.430482
v  2.417152 0.417447 -1.429895
v  2.393454 0.417938 -1.432443
v  2.418588 0.420747 -1.433161
v  2.393454 0.421179 -1.436526
v  2.420124 0.422006 -1.437643
v  2.393454 0.422007 -1.440826
v  2.428351 -0.217019 -1.117008
v  2.428594 -0.213756 -1.148806
v  2.438486 -0.199083 -1.145827
v  2.428854 -0.203342 -1.187257
v  2.438758 -0.189665 -1.180536
v  2.428504 -0.191353 -1.214511
v  2.438664 -0.178185 -1.206844
v  2.428555 -0.174369 -1.239543
v  2.439031 -0.163110 -1.228501
v  2.428107 -0.148988 -1.266446
v  2.438372 -0.140986 -1.254355
v  2.430081 -0.120084 -1.285522
v  2.440514 -0.112131 -1.271653
v  2.431521 0.005210 -1.358982
v  2.442856 0.013589 -1.343891
v  2.432732 0.067382 -1.384979
v  2.443695 0.074860 -1.370265
v  2.430789 0.127465 -1.404566
v  2.443531 0.130625 -1.388166
v  2.432628 0.195395 -1.413663
v  2.445987 0.195683 -1.394482
v  2.435110 0.413028 -1.418657
v  2.447975 0.412273 -1.402111
v  2.436194 0.416610 -1.419122
v  2.449169 0.417230 -1.402936
v  2.438559 0.420445 -1.421757
v  2.452520 0.420728 -1.404372
v  2.442768 0.422007 -1.425390
v  2.457242 0.422007 -1.406913
v  2.442652 -0.181974 -1.142447
v  2.442822 -0.173608 -1.172986
v  2.442973 -0.162805 -1.197942
v  2.443264 -0.149582 -1.215853
v  2.443651 -0.128614 -1.237274
v  2.444107 -0.102893 -1.255367
v  2.446302 0.022830 -1.328019
v  2.447332 0.082107 -1.353619
v  2.448143 0.133526 -1.368620
v  2.449327 0.196125 -1.375692
v  2.453076 0.412435 -1.380926
v  2.454191 0.416556 -1.380595
v  2.456628 0.419642 -1.380846
v  2.462494 0.421983 -1.380602
v  2.442820 -0.173527 1.221034
v  2.442825 -0.172057 1.245154
v  2.442987 -0.164152 1.274011
v  2.443125 -0.154083 1.297269
v  2.443397 -0.141951 1.313703
v  2.443764 -0.122112 1.333972
v  2.444201 -0.097505 1.351280
v  2.446380 0.027328 1.423418
v  2.447391 0.085502 1.448542
v  2.448177 0.135501 1.463129
v  2.449338 0.196809 1.470055
v  2.452900 0.402436 1.475030
v  2.452901 0.402436 -1.370681
v  2.449338 0.196809 -1.365706
v  2.448177 0.135501 -1.358780
v  2.447391 0.085502 -1.344193
v  2.446380 0.027328 -1.319069
v  2.444201 -0.097505 -1.246931
v  2.443765 -0.122112 -1.229623
v  2.443397 -0.141951 -1.209354
v  2.443125 -0.154083 -1.192920
v  2.442988 -0.164152 -1.169662
v  2.442825 -0.172057 -1.140805
v  2.442820 -0.173527 -1.116685
v  0.014508 -0.182239 1.356946
v  0.014508 -0.156579 1.382551
v  0.014508 -0.127045 1.403693
v  0.014508 -0.001942 1.476042
v  0.014508 0.419972 1.540983
v  0.014508 0.421179 1.540874
v  0.014508 -0.228254 -1.154683
v  0.014508 -0.218664 -1.190051
v  0.014508 -0.127045 -1.299345
v  0.014508 -0.001942 -1.371694
v  0.014508 0.059556 -1.399997
v  0.014508 0.125804 -1.418601
v  0.014508 0.421179 -1.436526
v  0.014508 0.419972 -1.436635
v  0.883002 -0.228239 1.259029
v  0.883002 -0.231957 1.221880
v  0.883002 -0.218651 1.294395
v  0.883002 -0.203432 1.327467
v  0.883002 -0.182237 1.356944
v  0.883002 -0.156579 1.382551
v  0.883002 -0.127045 1.403693
v  0.883002 -0.001942 1.476042
v  0.883002 0.059556 1.504345
v  0.883002 0.125804 1.522949
v  0.883002 0.196012 1.531046
v  0.883002 0.412203 1.534830
v  0.883002 0.418955 1.538887
v  0.883002 0.421179 1.540874
v  0.883002 0.420990 1.543079
v  0.883003 -0.231957 -1.117531
v  0.883003 -0.228239 -1.154680
v  0.883003 -0.218651 -1.190046
v  0.883003 -0.203432 -1.223119
v  0.883003 -0.182237 -1.252596
v  0.883003 -0.156579 -1.278203
v  0.883003 -0.127045 -1.299345
v  0.883003 -0.001942 -1.371694
v  0.883003 0.059556 -1.399997
v  0.883003 0.125804 -1.418601
v  0.883003 0.196012 -1.426698
v  0.883003 0.412203 -1.430482
v  0.883003 0.418955 -1.434539
v  0.883003 0.421179 -1.436526
v  0.883003 0.420990 -1.438730
v  1.605506 -0.228232 1.259028
v  1.605506 -0.231941 1.221879
v  1.605506 -0.218644 1.294393
v  1.605506 -0.203428 1.327465
v  1.605506 -0.182237 1.356944
v  1.605506 -0.156579 1.382551
v  1.605506 -0.127045 1.403693
v  1.605506 -0.001942 1.476043
v  1.605506 0.059556 1.504346
v  1.605506 0.125804 1.522950
v  1.605506 0.196012 1.531047
v  1.605506 0.412203 1.534831
v  1.605506 0.418446 1.537840
v  1.605506 0.421179 1.540875
v  1.605506 0.421498 1.544127
v  1.605506 -0.231941 -1.117530
v  1.605507 -0.228232 -1.154679
v  1.605507 -0.218644 -1.190044
v  1.605507 -0.203428 -1.223116
v  1.605507 -0.182237 -1.252595
v  1.605507 -0.156579 -1.278203
v  1.605507 -0.127045 -1.299345
v  1.605507 -0.001942 -1.371694
v  1.605507 0.059556 -1.399997
v  1.605507 0.125804 -1.418601
v  1.605507 0.196012 -1.426698
v  1.605507 0.412203 -1.430482
v  1.605507 0.418446 -1.433491
v  1.605507 0.421179 -1.436526
v  1.605507 0.421498 -1.439778
v  -0.697741 -0.228239 -1.154680
v  -0.697741 -0.231957 -1.117531
v  -0.697741 -0.218651 -1.190047
v  -0.697741 -0.203433 -1.223119
v  -0.697741 -0.182238 -1.252596
v  -0.697741 -0.156579 -1.278203
v  -0.697741 -0.127046 -1.299345
v  -0.697741 -0.001942 -1.371694
v  -0.697741 0.059556 -1.399997
v  -0.697741 0.125804 -1.418601
v  -0.697741 0.196011 -1.426698
v  -0.697741 0.412203 -1.430482
v  -0.697741 0.418955 -1.434539
v  -0.697741 0.421179 -1.436526
v  -0.697741 0.420989 -1.438731
v  -0.697742 -0.231957 1.221879
v  -0.697742 -0.228239 1.259028
v  -0.697742 -0.218651 1.294395
v  -0.697742 -0.203433 1.327467
v  -0.697742 -0.182238 1.356944
v  -0.697742 -0.156579 1.382551
v  -0.697742 -0.127046 1.403693
v  -0.697742 -0.001942 1.476042
v  -0.697742 0.059556 1.504345
v  -0.697742 0.125804 1.522949
v  -0.697742 0.196011 1.531046
v  -0.697742 0.412203 1.534830
v  -0.697742 0.418955 1.538887
v  -0.697742 0.421179 1.540874
v  -0.697742 0.420989 1.543079
v  -1.782079 -0.228232 -1.154679
v  -1.782079 -0.231941 -1.117531
v  -1.782079 -0.218644 -1.190044
v  -1.782079 -0.203428 -1.223117
v  -1.782079 -0.182237 -1.252596
v  -1.782079 -0.156579 -1.278203
v  -1.782079 -0.127046 -1.299345
v  -1.782079 -0.001942 -1.371694
v  -1.782079 0.059556 -1.399997
v  -1.782079 0.125804 -1.418602
v  -1.782079 0.196011 -1.426698
v  -1.782079 0.412203 -1.430482
v  -1.782078 0.418446 -1.433491
v  -1.782079 0.421179 -1.436526
v  -1.782078 0.421498 -1.439779
v  -1.782079 -0.231941 1.221879
v  -1.782079 -0.228232 1.259027
v  -1.782079 -0.218644 1.294392
v  -1.782079 -0.203428 1.327464
v  -1.782079 -0.182237 1.356943
v  -1.782079 -0.156579 1.382551
v  -1.782079 -0.127046 1.403693
v  -1.782079 -0.001942 1.476042
v  -1.782079 0.059556 1.504345
v  -1.782079 0.125804 1.522949
v  -1.782079 0.196011 1.531046
v  -1.782079 0.412203 1.534830
v  -1.782079 0.418446 1.537839
v  -1.782079 0.421179 1.540874
v  -1.782079 0.421498 1.544127
v  -2.364438 -0.231924 0.000373
v  -2.413629 -0.183525 0.000373
v  -2.399335 -0.217019 0.000373
v  -2.409573 -0.201586 0.000373
v  -2.383339 -0.227849 0.000373
v  -2.424060 0.412434 0.000373
v  -2.425175 0.416556 0.000373
v  -2.427613 0.419641 0.000373
v  -2.433479 0.421983 0.000373
v  -2.413804 -0.173527 0.000373
v  -2.423885 0.402436 0.000373
v  0.014508 -0.231990 0.052174
v  2.442645 -0.183525 0.052175
v  2.438589 -0.201585 0.052175
v  2.412355 -0.227849 0.052175
v  2.393454 -0.231924 0.052175
v  2.428351 -0.217019 0.052175
v  2.453076 0.412435 0.052175
v  2.454191 0.416556 0.052175
v  2.456628 0.419642 0.052174
v  2.462494 0.421983 0.052175
v  2.452901 0.402436 0.052175
v  2.442820 -0.173527 0.052175
v  0.883003 -0.231957 0.052174
v  1.605506 -0.231941 0.052175
v  -0.697741 -0.231957 0.000373
v  -1.782079 -0.231941 0.000373
v  1.249665 -0.231949 -1.117530
v  1.249665 -0.228235 -1.154679
v  1.249665 -0.218648 -1.190045
v  1.249665 -0.203430 -1.223117
v  1.249665 -0.182237 -1.252595
v  1.249665 -0.156579 -1.278203
v  1.249665 -0.127045 -1.299345
v  1.249665 -0.001942 -1.371694
v  1.249665 0.059556 -1.399997
v  1.249665 0.125804 -1.418601
v  1.249665 0.196012 -1.426698
v  1.249665 0.412203 -1.430482
v  1.249665 0.418701 -1.434015
v  1.249665 0.421179 -1.436526
v  1.249665 0.421244 -1.439254
v  1.249664 -0.228235 1.259028
v  1.249664 -0.231949 1.221879
v  1.249664 -0.218648 1.294394
v  1.249664 -0.203430 1.327466
v  1.249664 -0.182237 1.356944
v  1.249664 -0.156579 1.382551
v  1.249664 -0.127045 1.403693
v  1.249664 -0.001942 1.476043
v  1.249664 0.059556 1.504345
v  1.249664 0.125804 1.522950
v  1.249664 0.196012 1.531047
v  1.249664 0.412203 1.534830
v  1.249664 0.418701 1.538364
v  1.249664 0.421179 1.540874
v  1.249664 0.421244 1.543603
v  1.249664 -0.182009 0.052175
v  1.249664 -0.231949 0.473397
v  1.141324 -0.231951 0.451697
v  1.045295 -0.231954 0.389747
v  0.982910 -0.231955 0.297243
v  0.964652 -0.231955 0.197091
v  0.964377 -0.231955 0.052174
v  0.963906 -0.231955 -0.196876
v  0.981624 -0.231955 -0.296608
v  1.046482 -0.231954 -0.389711
v  1.140789 -0.231951 -0.453959
v  1.249665 -0.231949 -0.473008
v  1.359471 -0.231946 -0.454180
v  1.454167 -0.231944 -0.390548
v  1.515790 -0.231943 -0.295407
v  1.534871 -0.231942 -0.199517
v  1.535076 -0.231942 0.052175
v  1.535193 -0.231942 0.194594
v  1.516665 -0.231943 0.296246
v  1.453392 -0.231944 0.390338
v  1.359375 -0.231946 0.451269
v  -1.723843 -0.231942 0.000373
v  -1.702427 -0.231942 -0.110066
v  -1.639677 -0.231943 -0.203097
v  -1.548475 -0.231944 -0.266677
v  -1.445760 -0.231946 -0.288126
v  -1.055174 -0.231952 -0.287488
v  -0.953546 -0.231953 -0.267545
v  -0.860902 -0.231955 -0.204726
v  -0.797461 -0.231956 -0.111453
v  -0.774632 -0.231956 0.000373
v  -0.799170 -0.231956 0.110875
v  -0.860924 -0.231955 0.204385
v  -0.954397 -0.231953 0.265080
v  -1.054904 -0.231952 0.287283
v  -1.447920 -0.231946 0.287151
v  -1.545718 -0.231945 0.266272
v  -1.641252 -0.231943 0.204310
v  -1.703612 -0.231942 0.110648
v  1.249644 -0.231949 0.442797
v  1.152801 -0.231951 0.423400
v  1.066727 -0.231953 0.367872
v  1.011296 -0.231954 0.285680
v  0.994647 -0.231955 0.194350
v  0.994377 -0.231955 0.052118
v  0.993911 -0.231955 -0.194260
v  1.010008 -0.231954 -0.284869
v  1.067939 -0.231953 -0.368029
v  1.152333 -0.231951 -0.425523
v  1.249716 -0.231949 -0.442562
v  1.348070 -0.231947 -0.425697
v  1.432330 -0.231945 -0.369077
v  1.487488 -0.231943 -0.283919
v  1.504873 -0.231943 -0.196549
v  1.505077 -0.231943 0.052199
v  1.505191 -0.231943 0.191895
v  1.488275 -0.231943 0.284704
v  1.431924 -0.231945 0.368502
v  1.347849 -0.231947 0.422990
v  -1.693314 -0.231942 0.000527
v  -1.674139 -0.231942 -0.098356
v  -1.617933 -0.231943 -0.181685
v  -1.536345 -0.231945 -0.238562
v  -1.442685 -0.231946 -0.258121
v  -1.058114 -0.231952 -0.257493
v  -0.965322 -0.231953 -0.239284
v  -0.882484 -0.231955 -0.183113
v  -0.825651 -0.231955 -0.099556
v  -0.805304 -0.231956 0.000110
v  -0.827256 -0.231955 0.098965
v  -0.882509 -0.231955 0.182632
v  -0.966176 -0.231953 0.236959
v  -1.058173 -0.231952 0.257282
v  -1.444748 -0.231946 0.257152
v  -1.534039 -0.231945 0.238089
v  -1.619720 -0.231943 0.182518
v  -1.675219 -0.231942 0.099161
v  1.249637 -0.227838 0.432597
v  1.156626 -0.227840 0.413967
v  1.073871 -0.227842 0.360581
v  1.020758 -0.227843 0.281825
v  1.004645 -0.227843 0.193437
v  1.004377 -0.227843 0.052099
v  1.003913 -0.227843 -0.193388
v  1.019469 -0.227843 -0.280956
v  1.075092 -0.227842 -0.360801
v  1.156181 -0.227840 -0.416044
v  1.249733 -0.227838 -0.432413
v  1.344270 -0.227836 -0.416202
v  1.425052 -0.227834 -0.361920
v  1.478054 -0.227832 -0.280090
v  1.494874 -0.227832 -0.195560
v  1.495077 -0.227832 0.052207
v  1.495190 -0.227832 0.190995
v  1.478811 -0.227832 0.280856
v  1.424767 -0.227834 0.361223
v  1.344007 -0.227836 0.413563
v  -1.683138 -0.227831 0.000578
v  -1.664709 -0.227831 -0.094453
v  -1.610685 -0.227832 -0.174548
v  -1.532302 -0.227834 -0.229191
v  -1.441660 -0.227835 -0.248119
v  -1.059094 -0.227841 -0.247495
v  -0.969248 -0.227842 -0.229863
v  -0.889678 -0.227843 -0.175909
v  -0.835048 -0.227844 -0.095591
v  -0.815529 -0.227844 0.000022
v  -0.836618 -0.227844 0.094995
v  -0.889705 -0.227843 0.175381
v  -0.970102 -0.227842 0.227585
v  -1.059263 -0.227841 0.247281
v  -1.443691 -0.227835 0.247152
v  -1.530146 -0.227834 0.228695
v  -1.612543 -0.227832 0.175253
v  -1.665755 -0.227831 0.095332
v  1.249610 -0.186021 0.391797
v  1.171929 -0.186023 0.376238
v  1.102448 -0.186025 0.331415
v  1.058607 -0.186026 0.266407
v  1.044638 -0.186026 0.189783
v  1.044377 -0.186026 0.052023
v  1.043919 -0.186026 -0.189901
v  1.057315 -0.186026 -0.265305
v  1.103701 -0.186025 -0.331892
v  1.171572 -0.186023 -0.378129
v  1.249802 -0.186021 -0.391817
v  1.329069 -0.186019 -0.378225
v  1.395936 -0.186018 -0.333293
v  1.440318 -0.186017 -0.264772
v  1.454877 -0.186016 -0.191602
v  1.455077 -0.186016 0.052240
v  1.455187 -0.186016 0.187395
v  1.440957 -0.186017 0.265466
v  1.396143 -0.186018 0.332109
v  1.328639 -0.186019 0.375858
v  -1.642433 -0.186015 0.000784
v  -1.626992 -0.186016 -0.078840
v  -1.581693 -0.186016 -0.145998
v  -1.516128 -0.186017 -0.191706
v  -1.437561 -0.186018 -0.208112
v  -1.063014 -0.186024 -0.207501
v  -0.984950 -0.186025 -0.192182
v  -0.918453 -0.186026 -0.147092
v  -0.872635 -0.186027 -0.079729
v  -0.856425 -0.186027 -0.000328
v  -0.874066 -0.186027 0.079115
v  -0.918486 -0.186026 0.146376
v  -0.985807 -0.186025 0.190090
v  -1.063622 -0.186024 0.207280
v  -1.439462 -0.186018 0.207154
v  -1.514574 -0.186017 0.191118
v  -1.583834 -0.186016 0.146197
v  -1.627897 -0.186015 0.080017
v  1.249603 -0.182009 0.381597
v  1.175754 -0.182010 0.366805
v  1.109592 -0.182012 0.324123
v  1.068069 -0.182013 0.262552
v  1.054636 -0.182013 0.188870
v  1.054377 -0.182013 0.052004
v  1.053921 -0.182013 -0.189029
v  1.066777 -0.182013 -0.261392
v  1.110854 -0.182012 -0.324664
v  1.175420 -0.182010 -0.368651
v  1.249819 -0.182009 -0.381668
v  1.325268 -0.182007 -0.368731
v  1.388657 -0.182005 -0.326136
v  1.430884 -0.182004 -0.260943
v  1.444878 -0.182004 -0.190613
v  1.445077 -0.182004 0.052248
v  1.445186 -0.182004 0.186496
v  1.431494 -0.182004 0.261619
v  1.388986 -0.182005 0.324830
v  1.324796 -0.182007 0.366431
v  -1.632256 -0.182003 0.000836
v  -1.617562 -0.182003 -0.074936
v  -1.574445 -0.182004 -0.138861
v  -1.512085 -0.182005 -0.182334
v  -1.436536 -0.182006 -0.198111
v  -1.063994 -0.182011 -0.197502
v  -0.988875 -0.182012 -0.182761
v  -0.925647 -0.182013 -0.139888
v  -0.882031 -0.182014 -0.075763
v  -0.866649 -0.182014 -0.000416
v  -0.883428 -0.182014 0.075144
v  -0.925681 -0.182014 0.139125
v  -0.989733 -0.182012 0.180716
v  -1.064712 -0.182011 0.197280
v  -1.438405 -0.182006 0.197154
v  -1.510681 -0.182005 0.181724
v  -1.576657 -0.182004 0.138933
v  -1.618432 -0.182003 0.076188
v  1.249599 -0.182009 0.376497
v  1.177667 -0.182010 0.362089
v  1.113164 -0.182012 0.320477
v  1.072800 -0.182013 0.260625
v  1.059636 -0.182013 0.188413
v  1.059377 -0.182013 0.051994
v  1.058922 -0.182013 -0.188593
v  1.071507 -0.182013 -0.259436
v  1.114430 -0.182012 -0.321051
v  1.177344 -0.182010 -0.363912
v  1.249828 -0.182009 -0.376594
v  1.323368 -0.182007 -0.363984
v  1.385018 -0.182005 -0.322557
v  1.426167 -0.182005 -0.259028
v  1.439879 -0.182004 -0.190118
v  1.440077 -0.182004 0.052252
v  1.440186 -0.182004 0.186046
v  1.426762 -0.182005 0.259695
v  1.385408 -0.182005 0.321191
v  1.322875 -0.182007 0.361718
v  -1.627168 -0.182003 0.000861
v  -1.612848 -0.182003 -0.072984
v  -1.570821 -0.182004 -0.135293
v  -1.510063 -0.182005 -0.177649
v  -1.436023 -0.182006 -0.193110
v  -1.064484 -0.182011 -0.192503
v  -0.990838 -0.182012 -0.178051
v  -0.929244 -0.182013 -0.136286
v  -0.886730 -0.182014 -0.073780
v  -0.871761 -0.182014 -0.000459
v  -0.888109 -0.182014 0.073159
v  -0.929278 -0.182013 0.135500
v  -0.991696 -0.182012 0.176030
v  -1.065257 -0.182011 0.192279
v  -1.437876 -0.182006 0.192154
v  -1.508735 -0.182005 0.177027
v  -1.573068 -0.182004 0.135301
v  -1.613700 -0.182003 0.074274
v  1.249633 -0.222317 0.427210
v  1.249613 -0.191542 0.397184
v  1.158647 -0.222319 0.408986
v  1.169908 -0.191544 0.381219
v  1.077644 -0.222320 0.356730
v  1.098675 -0.191546 0.335266
v  1.025755 -0.222322 0.279789
v  1.053609 -0.191547 0.268443
v  1.009925 -0.222322 0.192955
v  1.039358 -0.191547 0.190266
v  1.009659 -0.222322 0.052088
v  1.039096 -0.191547 0.052033
v  1.009195 -0.222322 -0.192928
v  1.038637 -0.191547 -0.190361
v  1.024466 -0.222322 -0.278890
v  1.052318 -0.191547 -0.267372
v  1.078869 -0.222320 -0.356984
v  1.099924 -0.191546 -0.335709
v  1.158213 -0.222319 -0.411038
v  1.169540 -0.191544 -0.383135
v  1.249742 -0.222317 -0.427053
v  1.249793 -0.191542 -0.397177
v  1.342263 -0.222315 -0.411188
v  1.331076 -0.191541 -0.383239
v  1.421207 -0.222313 -0.358140
v  1.399780 -0.191539 -0.337072
v  1.473071 -0.222311 -0.278067
v  1.445300 -0.191538 -0.266795
v  1.489593 -0.222311 -0.195037
v  1.460158 -0.191538 -0.192125
v  1.489795 -0.222311 0.052212
v  1.460358 -0.191538 0.052236
v  1.489908 -0.222311 0.190520
v  1.460469 -0.191538 0.187871
v  1.473813 -0.222311 0.278824
v  1.445955 -0.191538 0.267498
v  1.420988 -0.222313 0.357379
v  1.399922 -0.191539 0.335953
v  1.341978 -0.222315 0.408585
v  1.330668 -0.191541 0.380836
v  -1.677763 -0.222310 0.000606
v  -1.647807 -0.191536 0.000757
v  -1.659729 -0.222310 -0.092391
v  -1.631972 -0.191537 -0.080901
v  -1.606857 -0.222311 -0.170778
v  -1.585521 -0.191537 -0.149768
v  -1.530166 -0.222312 -0.224242
v  -1.518263 -0.191538 -0.196655
v  -1.441119 -0.222314 -0.242837
v  -1.438102 -0.191540 -0.213395
v  -1.059611 -0.222320 -0.242214
v  -1.062496 -0.191545 -0.212781
v  -0.971321 -0.222321 -0.224888
v  -0.982876 -0.191546 -0.197157
v  -0.893477 -0.222322 -0.172104
v  -0.914654 -0.191547 -0.150897
v  -0.840011 -0.222323 -0.093497
v  -0.867672 -0.191548 -0.081823
v  -0.820928 -0.222323 -0.000024
v  -0.851025 -0.191548 -0.000282
v  -0.841562 -0.222323 0.092898
v  -0.869122 -0.191548 0.081211
v  -0.893505 -0.222322 0.171551
v  -0.914685 -0.191547 0.150206
v  -0.972175 -0.222321 0.222634
v  -0.983733 -0.191546 0.195041
v  -1.059839 -0.222320 0.242000
v  -1.063046 -0.191545 0.212561
v  -1.443132 -0.222314 0.241871
v  -1.440020 -0.191540 0.212435
v  -1.528090 -0.222312 0.223733
v  -1.516630 -0.191538 0.196079
v  -1.608752 -0.222311 0.171417
v  -1.587624 -0.191537 0.150033
v  -1.660756 -0.222310 0.093310
v  -1.632895 -0.191537 0.082039
v  0.852858 -0.230996 0.000000
v  0.845070 -0.230996 0.039152
v  0.822893 -0.230996 0.072343
v  0.789702 -0.230996 0.094520
v  0.750550 -0.230996 0.102308
v  0.711399 -0.230996 0.094520
v  0.678208 -0.230996 0.072343
v  0.656031 -0.230996 0.039152
v  0.648243 -0.230996 0.000000
v  0.656031 -0.230996 -0.039151
v  0.678208 -0.230996 -0.072342
v  0.711399 -0.230996 -0.094519
v  0.750550 -0.230996 -0.102307
v  0.789702 -0.230996 -0.094519
v  0.822893 -0.230996 -0.072342
v  0.845070 -0.230996 -0.039151
v  0.852858 -0.281993 0.000000
v  0.845070 -0.281993 0.039152
v  0.822893 -0.281993 0.072342
v  0.789702 -0.281993 0.094520
v  0.750550 -0.281993 0.102308
v  0.711399 -0.281993 0.094520
v  0.678208 -0.281993 0.072342
v  0.656031 -0.281993 0.039152
v  0.648243 -0.281993 0.000000
v  0.656031 -0.281993 -0.039151
v  0.678208 -0.281993 -0.072342
v  0.711399 -0.281993 -0.094519
v  0.750550 -0.281993 -0.102307
v  0.789702 -0.281993 -0.094519
v  0.822893 -0.281993 -0.072342
v  0.845070 -0.281993 -0.039151
v  0.847760 -0.281993 0.000000
v  0.840360 -0.281993 0.037201
v  0.819288 -0.281993 0.068738
v  0.787751 -0.281993 0.089810
v  0.750550 -0.281993 0.097210
v  0.713350 -0.281993 0.089810
v  0.681813 -0.281993 0.068738
v  0.660741 -0.281993 0.037201
v  0.653341 -0.281993 0.000000
v  0.660741 -0.281993 -0.037200
v  0.681813 -0.281993 -0.068737
v  0.713350 -0.281993 -0.089809
v  0.750550 -0.281993 -0.097209
v  0.787751 -0.281993 -0.089809
v  0.819288 -0.281993 -0.068737
v  0.840360 -0.281993 -0.037200
v  0.845070 -0.278658 0.039152
v  0.852858 -0.278658 0.000000
v  0.822893 -0.278658 0.072342
v  0.789702 -0.278658 0.094520
v  0.750550 -0.278658 0.102308
v  0.711399 -0.278658 0.094520
v  0.678208 -0.278658 0.072342
v  0.656031 -0.278658 0.039152
v  0.648243 -0.278658 0.000000
v  0.656031 -0.278658 -0.039151
v  0.678208 -0.278658 -0.072342
v  0.711399 -0.278658 -0.094519
v  0.750550 -0.278658 -0.102307
v  0.789702 -0.278658 -0.094519
v  0.822893 -0.278658 -0.072342
v  0.845070 -0.278658 -0.039151
v  -2.403912 0.035707 -0.771521
v  -2.387016 0.035707 -0.771521
v  -2.482347 0.348536 -0.771521
v  -2.414252 0.348536 -0.771521
v  -2.413912 0.035707 -0.730086
v  -2.387016 0.035707 -0.720086
v  -2.492134 0.338538 -0.751076
v  -2.414252 0.348536 -0.750086
v  -2.489990 0.285623 -0.761705
v  -2.413201 0.283419 -0.771521
v  -2.414252 0.293364 -0.720086
v  -2.482347 0.293364 -0.720086
v  -2.482347 0.318536 -0.720086
v  -2.414252 0.318536 -0.720086
v  -2.482347 0.335203 -0.723420
v  -2.492217 0.335992 -0.738350
v  -2.414252 0.345203 -0.733420
v  -2.414252 0.335203 -0.723420
v  -2.492347 0.303204 -0.779737
v  -2.414252 0.293364 -0.781521
v  -2.491096 0.297011 -0.767490
v  -2.413726 0.290225 -0.775003
v  -2.413912 0.035707 -0.761521
v  -2.492347 0.338697 -0.773304
v  -2.403912 0.035707 -0.720086
v  -2.482347 0.348536 -0.750086
v  -2.479434 0.283748 -0.771521
v  -2.491791 0.291538 -0.729903
v  -2.492092 0.317546 -0.730083
v  -2.492141 0.328607 -0.730933
v  -2.482347 0.345203 -0.733420
v  -2.482347 0.293364 -0.781521
v  -2.480891 0.290390 -0.775003
v  -2.412801 0.035707 -0.767076
v  -2.409467 0.035707 -0.770410
v  -2.487902 0.347443 -0.771719
v  -2.491235 0.344163 -0.772313
v  -2.409467 0.035707 -0.721198
v  -2.412801 0.035707 -0.724531
v  -2.491141 0.344093 -0.750526
v  -2.487879 0.347425 -0.750196
v  -2.488570 0.284603 -0.767158
v  -2.485052 0.283978 -0.770430
v  -2.487840 0.293161 -0.721177
v  -2.490988 0.292552 -0.724449
v  -2.487874 0.318426 -0.721197
v  -2.491122 0.318096 -0.724529
v  -2.487879 0.334470 -0.724254
v  -2.491144 0.332271 -0.726759
v  -2.491178 0.341109 -0.735611
v  -2.487888 0.344179 -0.733967
v  -2.491235 0.297737 -0.780728
v  -2.487902 0.294457 -0.781323
v  -2.489871 0.293343 -0.771664
v  -2.486469 0.291136 -0.774169
v  -2.492347 0.338580 -0.801068
v  -2.414252 0.293364 -0.801068
v  -2.482347 0.348536 -0.801068
v  -2.492347 0.303311 -0.801068
v  -2.487902 0.294469 -0.801068
v  -2.403912 0.035707 -0.830615
v  -2.479434 0.283748 -0.830615
v  -2.413201 0.283419 -0.830615
v  -2.387016 0.035707 -0.830615
v  -2.403912 0.035707 -0.882049
v  -2.387016 0.035707 -0.882049
v  -2.414252 0.293364 -0.882049
v  -2.482347 0.293364 -0.882049
v  -2.413912 0.035707 -0.840615
v  -2.412801 0.035707 -0.835060
v  -2.409467 0.035707 -0.831726
v  -2.409467 0.035707 -0.880938
v  -2.412801 0.035707 -0.877605
v  -2.413912 0.035707 -0.872049
v  -2.414252 0.348536 -0.830615
v  -2.482347 0.348536 -0.830615
v  -2.482347 0.348536 -0.852049
v  -2.414252 0.348536 -0.852049
v  -2.492347 0.338697 -0.828832
v  -2.492347 0.303204 -0.822398
v  -2.491096 0.296696 -0.834957
v  -2.492141 0.328607 -0.871203
v  -2.492217 0.335992 -0.863786
v  -2.492134 0.338538 -0.851059
v  -2.414252 0.318536 -0.882049
v  -2.482347 0.318536 -0.882049
v  -2.489990 0.285623 -0.840431
v  -2.491791 0.291538 -0.872233
v  -2.414252 0.348536 -0.801068
v  -2.414252 0.293364 -0.820615
v  -2.482347 0.293364 -0.820615
v  -2.482347 0.293364 -0.801068
v  -2.414252 0.335203 -0.878716
v  -2.482347 0.335203 -0.878716
v  -2.414252 0.345203 -0.868716
v  -2.482347 0.345203 -0.868716
v  -2.413726 0.289910 -0.827444
v  -2.480891 0.290075 -0.827444
v  -2.492092 0.317546 -0.872053
v  -2.485052 0.283978 -0.831706
v  -2.487874 0.318426 -0.880939
v  -2.487840 0.293161 -0.880959
v  -2.487902 0.347443 -0.830417
v  -2.487879 0.347425 -0.851939
v  -2.491235 0.344163 -0.829822
v  -2.491235 0.344111 -0.801068
v  -2.487902 0.294457 -0.820813
v  -2.487888 0.344179 -0.868168
v  -2.487879 0.334470 -0.877881
v  -2.491235 0.297737 -0.821408
v  -2.489871 0.293028 -0.830783
v  -2.488570 0.284603 -0.834978
v  -2.491122 0.318096 -0.877606
v  -2.490988 0.292552 -0.877687
v  -2.491141 0.344093 -0.851609
v  -2.487902 0.347430 -0.801068
v  -2.491235 0.297784 -0.801068
v  -2.491178 0.341109 -0.866525
v  -2.491144 0.332271 -0.875377
v  -2.486469 0.290821 -0.828279
v  -2.475805 0.271827 -0.771521
v  -2.412992 0.281443 -0.720086
v  -2.411941 0.271499 -0.771521
v  -2.478718 0.281443 -0.720086
v  -2.486361 0.273703 -0.761696
v  -2.488162 0.279618 -0.729911
v  -2.481423 0.272058 -0.770429
v  -2.484941 0.272683 -0.767154
v  -2.484212 0.281241 -0.721178
v  -2.487360 0.280632 -0.724453
v  -2.475805 0.271827 -0.830615
v  -2.411941 0.271499 -0.830615
v  -2.412992 0.281444 -0.882049
v  -2.478718 0.281444 -0.882049
v  -2.486361 0.273703 -0.840440
v  -2.488162 0.279618 -0.872225
v  -2.481423 0.272058 -0.831707
v  -2.484212 0.281241 -0.880958
v  -2.484941 0.272683 -0.834982
v  -2.487360 0.280632 -0.877683
v  -2.403912 0.035707 0.829156
v  -2.387016 0.035707 0.829156
v  -2.482347 0.348536 0.829156
v  -2.414252 0.348536 0.829156
v  -2.413912 0.035707 0.870591
v  -2.387016 0.035707 0.880591
v  -2.492134 0.338538 0.849601
v  -2.414252 0.348536 0.850591
v  -2.489990 0.285623 0.838972
v  -2.413201 0.283419 0.829156
v  -2.414252 0.293364 0.880591
v  -2.482347 0.293364 0.880591
v  -2.482347 0.318536 0.880591
v  -2.414252 0.318536 0.880591
v  -2.482347 0.335203 0.877257
v  -2.492217 0.335992 0.862327
v  -2.414252 0.345203 0.867257
v  -2.414252 0.335203 0.877257
v  -2.492347 0.303204 0.820940
v  -2.414252 0.293364 0.819156
v  -2.491096 0.297011 0.833187
v  -2.413726 0.290225 0.825674
v  -2.413912 0.035707 0.839156
v  -2.492347 0.338697 0.827373
v  -2.403912 0.035707 0.880591
v  -2.482347 0.348536 0.850591
v  -2.479434 0.283748 0.829156
v  -2.491791 0.291538 0.870774
v  -2.492092 0.317546 0.870594
v  -2.492141 0.328607 0.869744
v  -2.482347 0.345203 0.867257
v  -2.482347 0.293364 0.819156
v  -2.480891 0.290390 0.825674
v  -2.412801 0.035707 0.833601
v  -2.409467 0.035707 0.830267
v  -2.487902 0.347443 0.828958
v  -2.491235 0.344163 0.828364
v  -2.409467 0.035707 0.879479
v  -2.412801 0.035707 0.876146
v  -2.491141 0.344093 0.850151
v  -2.487879 0.347425 0.850481
v  -2.488570 0.284603 0.833519
v  -2.485052 0.283978 0.830247
v  -2.487840 0.293161 0.879500
v  -2.490988 0.292552 0.876228
v  -2.487874 0.318426 0.879480
v  -2.491122 0.318096 0.876148
v  -2.487879 0.334470 0.876423
v  -2.491144 0.332271 0.873918
v  -2.491178 0.341109 0.865066
v  -2.487888 0.344179 0.866710
v  -2.491235 0.297737 0.819949
v  -2.487902 0.294457 0.819354
v  -2.489871 0.293343 0.829013
v  -2.486469 0.291136 0.826508
v  -2.492347 0.338580 0.799609
v  -2.414252 0.293364 0.799609
v  -2.482347 0.348536 0.799609
v  -2.492347 0.303311 0.799609
v  -2.487902 0.294469 0.799609
v  -2.403912 0.035707 0.770062
v  -2.479434 0.283748 0.770062
v  -2.413201 0.283419 0.770062
v  -2.387016 0.035707 0.770062
v  -2.403912 0.035707 0.718628
v  -2.387016 0.035707 0.718628
v  -2.414252 0.293364 0.718628
v  -2.482347 0.293364 0.718628
v  -2.413912 0.035707 0.760062
v  -2.412801 0.035707 0.765617
v  -2.409467 0.035707 0.768951
v  -2.409467 0.035707 0.719739
v  -2.412801 0.035707 0.723072
v  -2.413912 0.035707 0.728628
v  -2.414252 0.348536 0.770062
v  -2.482347 0.348536 0.770062
v  -2.482347 0.348536 0.748628
v  -2.414252 0.348536 0.748628
v  -2.492347 0.338697 0.771845
v  -2.492347 0.303204 0.778279
v  -2.491096 0.296696 0.765720
v  -2.492141 0.328607 0.729474
v  -2.492217 0.335992 0.736891
v  -2.492134 0.338538 0.749618
v  -2.414252 0.318536 0.718628
v  -2.482347 0.318536 0.718628
v  -2.489990 0.285623 0.760246
v  -2.491791 0.291538 0.728444
v  -2.414252 0.348536 0.799609
v  -2.414252 0.293364 0.780062
v  -2.482347 0.293364 0.780062
v  -2.482347 0.293364 0.799609
v  -2.414252 0.335203 0.721961
v  -2.482347 0.335203 0.721961
v  -2.414252 0.345203 0.731961
v  -2.482347 0.345203 0.731961
v  -2.413726 0.289910 0.773233
v  -2.480891 0.290075 0.773233
v  -2.492092 0.317546 0.728624
v  -2.485052 0.283978 0.768971
v  -2.487874 0.318426 0.719738
v  -2.487840 0.293161 0.719718
v  -2.487902 0.347443 0.770260
v  -2.487879 0.347425 0.748738
v  -2.491235 0.344163 0.770855
v  -2.491235 0.344111 0.799609
v  -2.487902 0.294457 0.779864
v  -2.487888 0.344179 0.732509
v  -2.487879 0.334470 0.722796
v  -2.491235 0.297737 0.779269
v  -2.489871 0.293028 0.769894
v  -2.488570 0.284603 0.765699
v  -2.491122 0.318096 0.723071
v  -2.490988 0.292552 0.722990
v  -2.491141 0.344093 0.749068
v  -2.487902 0.347430 0.799609
v  -2.491235 0.297784 0.799609
v  -2.491178 0.341109 0.734152
v  -2.491144 0.332271 0.725300
v  -2.486469 0.290821 0.772398
v  -2.475805 0.271827 0.829156
v  -2.412992 0.281443 0.880591
v  -2.411941 0.271499 0.829156
v  -2.478718 0.281443 0.880591
v  -2.486361 0.273703 0.838981
v  -2.488162 0.279618 0.870766
v  -2.481423 0.272058 0.830248
v  -2.484941 0.272683 0.833523
v  -2.484212 0.281241 0.879499
v  -2.487360 0.280632 0.876224
v  -2.475805 0.271827 0.770062
v  -2.411941 0.271499 0.770062
v  -2.412992 0.281444 0.718628
v  -2.478718 0.281444 0.718628
v  -2.486361 0.273703 0.760237
v  -2.488162 0.279618 0.728452
v  -2.481423 0.272058 0.768970
v  -2.484212 0.281241 0.719719
v  -2.484941 0.272683 0.765695
v  -2.487360 0.280632 0.722994
v  2.346883 -0.311285 -0.430514
v  2.403598 -0.316390 -0.430514
v  2.346883 -0.244313 -0.422514
v  2.444949 -0.250154 -0.422514
v  2.346883 -0.319285 -0.167622
v  2.407858 -0.315093 -0.159622
v  2.346883 -0.252313 -0.159622
v  2.444949 -0.250154 -0.167622
v  2.346883 -0.285832 -0.430514
v  2.461358 -0.282666 -0.422514
v  2.461358 -0.282666 -0.167622
v  2.346883 -0.285832 -0.159622
v  2.384187 -0.244313 -0.422514
v  2.381293 -0.311290 -0.430514
v  2.381028 -0.319285 -0.167622
v  2.383775 -0.252303 -0.159622
v  2.382561 -0.275838 -0.430514
v  2.382561 -0.275838 -0.159622
v  2.465392 -0.264084 -0.422514
v  2.346883 -0.262572 -0.159622
v  2.346883 -0.262572 -0.430514
v  2.457394 -0.263937 -0.159622
v  2.383245 -0.262572 -0.430514
v  2.383245 -0.262572 -0.159622
v  2.409298 -0.317613 -0.422514
v  2.403807 -0.319285 -0.167622
v  2.405834 -0.316090 -0.430514
v  2.405834 -0.316090 -0.159622
v  2.346883 -0.275832 -0.430514
v  2.457473 -0.274972 -0.430514
v  2.457473 -0.274972 -0.159622
v  2.346883 -0.275832 -0.159622
v  2.382138 -0.285829 -0.430514
v  2.382138 -0.285829 -0.159622
v  2.346883 -0.280832 -0.430514
v  2.456464 -0.279473 -0.430514
v  2.464463 -0.279326 -0.167622
v  2.346883 -0.280832 -0.159622
v  2.382326 -0.280833 -0.430514
v  2.382326 -0.280833 -0.159622
v  2.346883 -0.319285 -0.422514
v  2.403807 -0.319285 -0.422514
v  2.346883 -0.252313 -0.430514
v  2.442140 -0.257921 -0.430514
v  2.346883 -0.311285 -0.159622
v  2.409298 -0.317613 -0.167622
v  2.346883 -0.244313 -0.167622
v  2.442140 -0.257921 -0.159622
v  2.453365 -0.282985 -0.430514
v  2.453365 -0.282985 -0.159622
v  2.383775 -0.252303 -0.430514
v  2.381028 -0.319285 -0.422514
v  2.381293 -0.311290 -0.159622
v  2.384187 -0.244313 -0.167622
v  2.457394 -0.263937 -0.430514
v  2.465392 -0.264084 -0.167622
v  2.407858 -0.315093 -0.430514
v  2.403598 -0.316390 -0.159622
v  2.406680 -0.318867 -0.422514
v  2.406680 -0.318867 -0.167622
v  2.465473 -0.274879 -0.422514
v  2.465473 -0.274879 -0.167622
v  2.464463 -0.279326 -0.422514
v  2.456464 -0.279473 -0.159622
v  2.346883 -0.317285 -0.428514
v  2.403755 -0.318562 -0.428514
v  2.346883 -0.246313 -0.428514
v  2.444247 -0.252096 -0.428514
v  2.346883 -0.317285 -0.161622
v  2.408938 -0.316983 -0.161622
v  2.346883 -0.246313 -0.161622
v  2.444247 -0.252096 -0.161622
v  2.459360 -0.282746 -0.428514
v  2.459360 -0.282746 -0.161622
v  2.384084 -0.246311 -0.428514
v  2.381094 -0.317287 -0.428514
v  2.381094 -0.317287 -0.161622
v  2.384084 -0.246311 -0.161622
v  2.463393 -0.264047 -0.428514
v  2.463393 -0.264047 -0.161622
v  2.408938 -0.316983 -0.428514
v  2.403755 -0.318562 -0.161622
v  2.406469 -0.318173 -0.428514
v  2.406469 -0.318173 -0.161622
v  2.463473 -0.274903 -0.428514
v  2.463473 -0.274903 -0.161622
v  2.462463 -0.279363 -0.428514
v  2.462463 -0.279363 -0.161622
v  2.403807 -0.319285 -0.413128
v  2.403807 -0.319285 -0.177008
v  2.346883 -0.319285 -0.177008
v  2.346883 -0.319285 -0.413128
v  2.444949 -0.250154 -0.413128
v  2.444949 -0.250154 -0.177008
v  2.346883 -0.244313 -0.413128
v  2.346883 -0.244313 -0.177008
v  2.461358 -0.282666 -0.413128
v  2.461358 -0.282666 -0.177008
v  2.381028 -0.319285 -0.413128
v  2.381028 -0.319285 -0.177008
v  2.384187 -0.244313 -0.413128
v  2.384187 -0.244313 -0.177008
v  2.465392 -0.264084 -0.413128
v  2.465392 -0.264084 -0.177008
v  2.409298 -0.317613 -0.413128
v  2.409298 -0.317613 -0.177008
v  2.406680 -0.318867 -0.413128
v  2.406680 -0.318867 -0.177008
v  2.465473 -0.274879 -0.413128
v  2.465473 -0.274879 -0.177008
v  2.464463 -0.279326 -0.413128
v  2.464463 -0.279326 -0.177008
v  2.346883 -0.311285 0.159924
v  2.403598 -0.316390 0.159924
v  2.346883 -0.244313 0.167924
v  2.444949 -0.250154 0.167924
v  2.346883 -0.319285 0.422816
v  2.407858 -0.315093 0.430816
v  2.346883 -0.252313 0.430816
v  2.444949 -0.250154 0.422816
v  2.346883 -0.285832 0.159924
v  2.461358 -0.282666 0.167924
v  2.461358 -0.282666 0.422816
v  2.346883 -0.285832 0.430816
v  2.384187 -0.244313 0.167924
v  2.381293 -0.311290 0.159924
v  2.381028 -0.319285 0.422816
v  2.383775 -0.252303 0.430816
v  2.382561 -0.275838 0.159924
v  2.382561 -0.275838 0.430816
v  2.465392 -0.264084 0.167924
v  2.346883 -0.262572 0.430816
v  2.346883 -0.262572 0.159924
v  2.457394 -0.263937 0.430816
v  2.383245 -0.262572 0.159924
v  2.383245 -0.262572 0.430816
v  2.409298 -0.317613 0.167924
v  2.403807 -0.319285 0.422816
v  2.405834 -0.316090 0.159924
v  2.405834 -0.316090 0.430816
v  2.346883 -0.275832 0.159924
v  2.457473 -0.274972 0.159924
v  2.457473 -0.274972 0.430816
v  2.346883 -0.275832 0.430816
v  2.382138 -0.285829 0.159924
v  2.382138 -0.285829 0.430816
v  2.346883 -0.280832 0.159924
v  2.456464 -0.279473 0.159924
v  2.464463 -0.279326 0.422816
v  2.346883 -0.280832 0.430816
v  2.382326 -0.280833 0.159924
v  2.382326 -0.280833 0.430816
v  2.346883 -0.319285 0.167924
v  2.403807 -0.319285 0.167924
v  2.346883 -0.252313 0.159924
v  2.442140 -0.257921 0.159924
v  2.346883 -0.311285 0.430816
v  2.409298 -0.317613 0.422816
v  2.346883 -0.244313 0.422816
v  2.442140 -0.257921 0.430816
v  2.453365 -0.282985 0.159924
v  2.453365 -0.282985 0.430816
v  2.383775 -0.252303 0.159924
v  2.381028 -0.319285 0.167924
v  2.381293 -0.311290 0.430816
v  2.384187 -0.244313 0.422816
v  2.457394 -0.263937 0.159924
v  2.465392 -0.264084 0.422816
v  2.407858 -0.315093 0.159924
v  2.403598 -0.316390 0.430816
v  2.406680 -0.318867 0.167924
v  2.406680 -0.318867 0.422816
v  2.465473 -0.274879 0.167924
v  2.465473 -0.274879 0.422816
v  2.464463 -0.279326 0.167924
v  2.456464 -0.279473 0.430816
v  2.346883 -0.317285 0.161924
v  2.403755 -0.318562 0.161924
v  2.346883 -0.246313 0.161924
v  2.444247 -0.252096 0.161924
v  2.346883 -0.317285 0.428816
v  2.408938 -0.316983 0.428816
v  2.346883 -0.246313 0.428816
v  2.444247 -0.252096 0.428816
v  2.459360 -0.282746 0.161924
v  2.459360 -0.282746 0.428816
v  2.384084 -0.246311 0.161924
v  2.381094 -0.317287 0.161924
v  2.381094 -0.317287 0.428816
v  2.384084 -0.246311 0.428816
v  2.463393 -0.264047 0.161924
v  2.463393 -0.264047 0.428816
v  2.408938 -0.316983 0.161924
v  2.403755 -0.318562 0.428816
v  2.406469 -0.318173 0.161924
v  2.406469 -0.318173 0.428816
v  2.463473 -0.274903 0.161924
v  2.463473 -0.274903 0.428816
v  2.462463 -0.279363 0.161924
v  2.462463 -0.279363 0.428816
v  2.403807 -0.319285 0.177310
v  2.403807 -0.319285 0.413429
v  2.346883 -0.319285 0.413429
v  2.346883 -0.319285 0.177310
v  2.444949 -0.250154 0.177310
v  2.444949 -0.250154 0.413429
v  2.346883 -0.244313 0.177310
v  2.346883 -0.244313 0.413429
v  2.461358 -0.282666 0.177310
v  2.461358 -0.282666 0.413429
v  2.381028 -0.319285 0.177310
v  2.381028 -0.319285 0.413429
v  2.384187 -0.244313 0.177310
v  2.384187 -0.244313 0.413429
v  2.465392 -0.264084 0.177310
v  2.465392 -0.264084 0.413429
v  2.409298 -0.317613 0.177310
v  2.409298 -0.317613 0.413429
v  2.406680 -0.318867 0.177310
v  2.406680 -0.318867 0.413429
v  2.465473 -0.274879 0.177310
v  2.465473 -0.274879 0.413429
v  2.464463 -0.279326 0.177310
v  2.464463 -0.279326 0.413429
v  1.853349 -0.319259 0.653907
v  2.342379 -0.332210 0.640179
v  1.793348 -0.319252 -0.593634
v  2.374156 -0.319254 -0.623634
v  1.785497 -0.196093 0.601141
v  2.352281 -0.196093 0.661141
v  1.845497 -0.196093 -0.659648
v  2.382281 -0.196093 -0.629648
v  1.807142 -0.332210 0.592225
v  1.853348 -0.319252 -0.653634
v  1.845497 -0.196093 0.661141
v  1.785497 -0.196093 -0.599648
v  1.827099 -0.319259 0.650157
v  1.808349 -0.319259 0.638907
v  1.810175 -0.332210 0.615047
v  1.797098 -0.319252 -0.619884
v  1.808348 -0.319252 -0.638634
v  1.832274 -0.332210 -0.637000
v  1.789247 -0.196093 0.627391
v  1.800497 -0.196093 0.646141
v  1.819247 -0.196093 0.657391
v  1.819247 -0.196093 -0.655898
v  1.800497 -0.196093 -0.644648
v  1.789247 -0.196093 -0.625898
v  2.374155 -0.319260 0.623907
v  2.344156 -0.319254 -0.653634
v  2.382281 -0.196093 0.631141
v  2.352281 -0.196093 -0.659648
v  2.372280 -0.319260 0.637032
v  2.366655 -0.319260 0.646407
v  2.352077 -0.332210 0.639021
v  2.357281 -0.319254 -0.651759
v  2.366656 -0.319254 -0.646134
v  2.359175 -0.332210 -0.631777
v  2.365406 -0.196093 0.659266
v  2.374781 -0.196093 0.653641
v  2.380406 -0.196093 0.644266
v  2.380406 -0.196093 -0.642773
v  2.374781 -0.196093 -0.652148
v  2.365406 -0.196093 -0.657773
v  1.814174 -0.332210 0.591725
v  1.814174 -0.332210 -0.591580
v  1.817152 -0.332210 -0.612424
v  1.823752 -0.332210 -0.623424
v  1.834751 -0.332210 -0.630023
v  1.855596 -0.332210 -0.633001
v  2.341880 -0.332210 -0.633001
v  2.349599 -0.332210 -0.631898
v  2.351223 -0.332210 -0.630924
v  2.352198 -0.332210 -0.629299
v  2.353301 -0.332210 -0.621580
v  2.353301 -0.332210 0.621725
v  2.352198 -0.332210 0.629445
v  2.351223 -0.332210 0.631069
v  2.349599 -0.332210 0.632043
v  2.341880 -0.332210 0.633146
v  1.855596 -0.332210 0.633146
v  1.834751 -0.332210 0.630168
v  1.823752 -0.332210 0.623569
v  1.817152 -0.332210 0.612570
v  1.855096 -0.332210 0.640179
v  2.344155 -0.319260 0.653907
v  1.807142 -0.332210 -0.592080
v  2.360334 -0.332210 -0.622079
v  1.793349 -0.319259 0.593907
v  1.855096 -0.332210 -0.640034
v  1.832274 -0.332210 0.637145
v  1.818367 -0.332210 0.628954
v  1.797099 -0.319259 0.620157
v  1.810175 -0.332210 -0.614902
v  1.818367 -0.332210 -0.628809
v  1.827098 -0.319252 -0.649884
v  2.360334 -0.332210 0.622225
v  2.342379 -0.332210 -0.640034
v  2.359175 -0.332210 0.631922
v  2.356609 -0.332210 0.636454
v  2.357280 -0.319260 0.652032
v  2.352077 -0.332210 -0.638875
v  2.356609 -0.332210 -0.636309
v  2.372281 -0.319254 -0.636759
v  1.853768 -0.324925 0.652764
v  1.854198 -0.328972 0.650095
v  1.854641 -0.331401 0.645900
v  2.342836 -0.331401 0.645900
v  2.343284 -0.328973 0.650095
v  2.343724 -0.324926 0.652764
v  1.794520 -0.324921 -0.593299
v  1.797210 -0.328970 -0.592929
v  1.801417 -0.331400 -0.592522
v  2.372971 -0.324922 -0.623299
v  2.370273 -0.328971 -0.622929
v  2.366060 -0.331400 -0.622522
v  1.801417 -0.331401 0.592675
v  1.797210 -0.328972 0.593106
v  1.794520 -0.324925 0.593517
v  1.853767 -0.324921 -0.652547
v  1.854198 -0.328970 -0.649917
v  1.854641 -0.331400 -0.645747
v  1.827732 -0.324925 0.649058
v  1.828805 -0.328972 0.646524
v  1.830319 -0.331401 0.642553
v  1.809284 -0.324925 0.638000
v  1.811266 -0.328972 0.636038
v  1.814294 -0.331401 0.633023
v  1.804764 -0.331401 0.616997
v  1.800781 -0.328972 0.618499
v  1.798226 -0.324925 0.619552
v  1.798225 -0.324921 -0.619335
v  1.800781 -0.328970 -0.618322
v  1.804764 -0.331400 -0.616844
v  1.809284 -0.324921 -0.637783
v  1.811266 -0.328970 -0.635861
v  1.814294 -0.331400 -0.632870
v  1.830319 -0.331400 -0.642400
v  1.828805 -0.328970 -0.646347
v  1.827732 -0.324921 -0.648841
v  2.372971 -0.324926 0.623516
v  2.370273 -0.328973 0.623106
v  2.366060 -0.331401 0.622675
v  2.343724 -0.324922 -0.652546
v  2.343284 -0.328971 -0.649917
v  2.342836 -0.331400 -0.645747
v  2.371141 -0.324926 0.636427
v  2.368577 -0.328973 0.635374
v  2.364588 -0.331401 0.633872
v  2.365707 -0.324926 0.645500
v  2.363716 -0.328973 0.643538
v  2.360684 -0.331401 0.640523
v  2.354033 -0.331401 0.644428
v  2.355552 -0.328973 0.648399
v  2.356635 -0.324926 0.650933
v  2.356635 -0.324922 -0.650716
v  2.355552 -0.328971 -0.648222
v  2.354033 -0.331400 -0.644275
v  2.365707 -0.324922 -0.645282
v  2.363717 -0.328971 -0.643361
v  2.360684 -0.331400 -0.640370
v  2.364588 -0.331400 -0.633719
v  2.368577 -0.328971 -0.635197
v  2.371141 -0.324922 -0.636210
v  2.629710 0.437005 1.655009
v  2.629710 0.590456 1.642902
v  -2.577019 0.437005 1.655009
v  -2.577019 0.590456 1.642902
v  2.629710 0.607028 1.604927
v  2.629710 0.437005 1.604927
v  -2.578324 0.607028 1.605090
v  2.629710 0.556959 1.655009
v  -2.577019 0.556959 1.655009
v  2.629710 0.556959 1.604927
v  2.629710 0.437005 1.625209
v  -2.577019 0.602715 1.626711
v  2.629710 0.602715 1.626711
v  2.629710 0.556959 1.629968
v  2.629710 0.577625 1.650859
v  2.629710 0.581993 1.604927
v  -2.577019 0.577625 1.650859
v  2.629710 0.579909 1.629461
v  2.578467 0.437005 1.655009
v  2.578467 0.590456 1.642902
v  2.578467 0.607028 1.604927
v  2.578467 0.556959 1.655009
v  2.578467 0.602715 1.626711
v  2.578467 0.577625 1.650859
v  2.629710 0.594511 1.604927
v  2.629710 0.556959 1.642488
v  2.629710 0.591312 1.628086
v  2.629710 0.578767 1.640160
v  2.629709 0.431297 1.604927
v  2.629709 0.431297 1.625209
v  2.621110 0.422001 1.604927
v  2.621110 0.422001 1.625209
v  2.627827 0.424210 1.604927
v  2.627827 0.424210 1.625209
v  -2.577020 0.437005 1.640015
v  2.578467 0.437005 1.640015
v  -2.577020 0.422001 1.640015
v  2.578466 0.422001 1.640015
v  2.629709 0.437005 1.640015
v  2.621110 0.422001 1.640015
v  2.629709 0.435323 1.640015
v  2.627827 0.424210 1.640015
v  2.627165 0.590456 1.642902
v  2.627165 0.607028 1.604927
v  2.627165 0.556959 1.655009
v  2.627165 0.602715 1.626711
v  2.627165 0.577625 1.650859
v  2.627165 0.437005 1.655009
v  2.627165 0.437005 1.640015
v  -2.629710 0.437005 1.605253
v  -2.617603 0.590456 1.605253
v  -2.629710 0.556959 1.605253
v  -2.601412 0.602715 1.605253
v  -2.625560 0.577625 1.605253
v  -2.614717 0.437005 1.605253
v  -2.614716 0.422001 1.605252
v  -2.614428 0.437005 1.640890
v  -2.607937 0.590456 1.633777
v  -2.614428 0.556959 1.640890
v  -2.593903 0.602715 1.620021
v  -2.612203 0.577625 1.638452
v  -2.606389 0.437005 1.632081
v  -2.606389 0.422001 1.632081
v  -2.596740 0.437005 1.652593
v  -2.593290 0.590456 1.642438
v  -2.596740 0.556959 1.652593
v  -2.587449 0.602715 1.624664
v  -2.595554 0.577625 1.649111
v  -2.592474 0.437005 1.640018
v  -2.592474 0.422001 1.640018
v  -2.613740 0.422001 1.621010
v  -2.625341 0.437005 1.625512
v  -2.615973 0.590456 1.621879
v  -2.625341 0.556959 1.625512
v  -2.599379 0.602715 1.613892
v  -2.622130 0.577625 1.624268
v  -2.613740 0.437005 1.621010
v  -2.577019 0.439481 1.655009
v  2.629710 0.439481 1.655009
v  2.629710 0.439481 1.604927
v  2.629710 0.439481 1.625307
v  2.578467 0.439481 1.655009
v  2.629709 0.439481 1.640066
v  2.627165 0.439481 1.655009
v  -2.629710 0.439481 1.605253
v  -2.614428 0.439481 1.640890
v  -2.596740 0.439481 1.652593
v  -2.625341 0.439481 1.625512
v  2.629710 0.585510 1.635572
v  2.629710 0.437005 1.651902
v  2.629709 0.437005 1.643122
v  2.629710 0.604434 1.604927
v  2.629710 0.597104 1.604927
v  2.629710 0.556959 1.652415
v  2.629710 0.556959 1.645083
v  2.629710 0.600352 1.626996
v  2.629710 0.593675 1.627801
v  2.629710 0.577862 1.648642
v  2.629710 0.578531 1.642377
v  -2.577019 0.437005 1.651902
v  -2.577020 0.437005 1.643122
v  2.578467 0.437005 1.651902
v  2.578467 0.437005 1.643122
v  2.627165 0.437005 1.651902
v  2.627165 0.437005 1.643122
v  -2.626604 0.437005 1.605253
v  -2.617823 0.437005 1.605253
v  -2.612762 0.437005 1.639065
v  -2.608055 0.437005 1.633906
v  -2.595856 0.437005 1.649987
v  -2.593358 0.437005 1.642623
v  -2.622937 0.437005 1.624580
v  -2.616144 0.437005 1.621943
v  2.629710 0.439481 1.651913
v  2.629709 0.439481 1.643162
v  2.629710 0.589431 1.641383
v  2.629710 0.586535 1.637090
v  -2.577020 0.425998 1.640015
v  2.578467 0.425998 1.640015
v  -2.614716 0.425998 1.605252
v  -2.606389 0.425998 1.632081
v  -2.592474 0.425998 1.640018
v  -2.613740 0.425998 1.621010
v  2.621081 0.425139 1.640015
v  2.624979 0.426278 1.640015
v  2.626984 0.435334 1.640015
v  -2.577020 0.435173 1.640015
v  -2.614717 0.435173 1.605252
v  -2.606389 0.435173 1.632081
v  -2.592474 0.435173 1.640018
v  -2.613740 0.435173 1.621010
v  2.578467 0.435173 1.640015
v  2.629710 0.437005 -1.655007
v  2.629710 0.439481 -1.655007
v  2.627166 0.439481 -1.655007
v  2.627166 0.437005 -1.655007
v  2.629710 0.590456 -1.642900
v  2.629710 0.602715 -1.626709
v  2.627166 0.602715 -1.626709
v  2.627166 0.590456 -1.642900
v  2.629710 0.600352 -1.626994
v  2.629710 0.593675 -1.627799
v  2.629710 0.597104 -1.604925
v  2.629710 0.604434 -1.604925
v  2.629710 0.556959 -1.655007
v  2.629710 0.577625 -1.650857
v  2.627166 0.577625 -1.650857
v  2.627166 0.556959 -1.655007
v  2.629710 0.439481 -1.651911
v  2.629710 0.439481 -1.643161
v  2.629710 0.556959 -1.645081
v  2.629710 0.556959 -1.652413
v  2.629710 0.607028 -1.604925
v  2.627166 0.607028 -1.604925
v  2.629710 0.437005 -1.625207
v  2.629710 0.437005 -1.604925
v  2.629710 0.439481 -1.604925
v  2.629710 0.439481 -1.625305
v  2.629710 0.579909 -1.629459
v  2.629710 0.556959 -1.629966
v  2.629710 0.556959 -1.604925
v  2.629710 0.581993 -1.604925
v  2.629710 0.578531 -1.642375
v  2.629710 0.577862 -1.648640
v  2.578468 0.556959 -1.655007
v  -2.577018 0.556959 -1.655009
v  -2.577018 0.439481 -1.655009
v  2.578468 0.439481 -1.655007
v  2.578468 0.602715 -1.626709
v  -2.577018 0.602715 -1.626711
v  -2.577018 0.590456 -1.642902
v  2.578468 0.590456 -1.642900
v  2.578468 0.577625 -1.650857
v  -2.577018 0.577625 -1.650859
v  2.578467 0.607028 -1.604925
v  -2.578323 0.607028 -1.605090
v  2.629710 0.591312 -1.628084
v  2.629710 0.594511 -1.604925
v  2.629710 0.437005 -1.640013
v  2.629710 0.439481 -1.640064
v  2.629710 0.556959 -1.642487
v  2.629710 0.578767 -1.640158
v  2.629710 0.431297 -1.625207
v  2.629710 0.431297 -1.604925
v  2.629710 0.435323 -1.640013
v  2.627828 0.424210 -1.625207
v  2.627828 0.424210 -1.604925
v  2.627828 0.424210 -1.640013
v  2.621111 0.422001 -1.604925
v  2.621111 0.422001 -1.625207
v  2.621111 0.422001 -1.640013
v  -2.577018 0.437005 -1.651902
v  -2.577019 0.437005 -1.643122
v  2.578467 0.437005 -1.643120
v  2.578468 0.437005 -1.651901
v  2.627166 0.437005 -1.651901
v  2.627165 0.437005 -1.643120
v  2.629710 0.437005 -1.643120
v  2.629710 0.437005 -1.651901
v  2.578467 0.437005 -1.640013
v  -2.577019 0.437005 -1.640015
v  -2.577019 0.435173 -1.640015
v  2.578467 0.435173 -1.640013
v  2.626985 0.435334 -1.640013
v  2.627165 0.437005 -1.640013
v  -2.577018 0.437005 -1.655009
v  -2.596740 0.439481 -1.652593
v  -2.596740 0.437005 -1.652593
v  -2.587448 0.602715 -1.624664
v  -2.593290 0.590456 -1.642438
v  -2.595553 0.577625 -1.649111
v  -2.596740 0.556959 -1.652593
v  -2.593902 0.602715 -1.620021
v  -2.595856 0.437005 -1.649987
v  -2.593358 0.437005 -1.642623
v  -2.577019 0.422001 -1.640015
v  -2.577019 0.425998 -1.640015
v  -2.592474 0.425998 -1.640018
v  -2.592474 0.422001 -1.640018
v  -2.614427 0.556959 -1.640890
v  -2.625340 0.556959 -1.625512
v  -2.625340 0.439481 -1.625512
v  -2.614427 0.439481 -1.640890
v  -2.599378 0.602715 -1.613892
v  -2.615973 0.590456 -1.621879
v  -2.607936 0.590456 -1.633777
v  -2.612202 0.577625 -1.638452
v  -2.622129 0.577625 -1.624268
v  -2.601411 0.602715 -1.605253
v  -2.622936 0.437005 -1.624580
v  -2.616143 0.437005 -1.621943
v  -2.608054 0.437005 -1.633906
v  -2.612762 0.437005 -1.639065
v  -2.606388 0.437005 -1.632081
v  -2.613739 0.437005 -1.621010
v  -2.613739 0.435173 -1.621010
v  -2.606388 0.435173 -1.632081
v  -2.592474 0.437005 -1.640018
v  -2.592474 0.435173 -1.640018
v  -2.629710 0.556959 -1.605253
v  -2.629710 0.439481 -1.605253
v  -2.617603 0.590456 -1.605253
v  -2.625560 0.577625 -1.605253
v  -2.626603 0.437005 -1.605253
v  -2.617823 0.437005 -1.605253
v  -2.614716 0.437005 -1.605253
v  -2.614716 0.435173 -1.605253
v  -2.629710 0.437005 -1.605253
v  -2.614716 0.422001 -1.605252
v  -2.614716 0.425998 -1.605252
v  2.578468 0.437005 -1.655007
v  -2.625340 0.437005 -1.625512
v  -2.614427 0.437005 -1.640890
v  2.629710 0.589431 -1.641381
v  2.629710 0.586535 -1.637089
v  2.629710 0.585510 -1.635570
v  2.578467 0.422001 -1.640013
v  2.578467 0.425998 -1.640013
v  -2.613740 0.425998 -1.621010
v  -2.613740 0.422001 -1.621010
v  -2.606389 0.422001 -1.632081
v  -2.606389 0.425998 -1.632081
v  2.624979 0.426278 -1.640013
v  2.621081 0.425139 -1.640013
v  2.619110 0.422001 1.604929
v  2.619110 0.422001 1.625209
v  2.619110 0.422001 1.638015
v  2.578466 0.422001 1.638015
v  -2.577020 0.422001 1.638015
v  -2.591944 0.422001 1.638018
v  -2.604986 0.422001 1.630579
v  -2.611777 0.422001 1.620351
v  -2.612716 0.422001 1.605188
v  -2.612716 0.422001 -1.605188
v  -2.611777 0.422001 -1.620351
v  -2.604985 0.422001 -1.630579
v  -2.591944 0.422001 -1.638018
v  -2.577019 0.422001 -1.638015
v  2.578467 0.422001 -1.638013
v  2.619111 0.422001 -1.638013
v  2.619111 0.422001 -1.625207
v  2.619111 0.422001 -1.604927
v  -2.578324 0.551377 1.605090
v  2.578466 0.551377 1.604927
v  2.578467 0.551377 -1.604925
v  -2.578323 0.551377 -1.605090
v  -2.578324 0.603411 1.605090
v  2.578467 0.603411 1.604927
v  2.578467 0.603411 -1.604925
v  -2.578323 0.603411 -1.605090
v  -2.572693 0.556959 -1.655009
v  -2.572693 0.439481 -1.655009
v  -2.572693 0.602715 -1.626711
v  -2.572693 0.590456 -1.642902
v  -2.572693 0.577625 -1.650859
v  -2.573997 0.607028 -1.605090
v  -2.572693 0.437005 -1.643122
v  -2.572693 0.437005 -1.651902
v  -2.572693 0.437005 -1.640015
v  -2.572693 0.435173 -1.640015
v  -2.572693 0.437005 -1.655009
v  -2.572694 0.422001 -1.640015
v  -2.572694 0.425998 -1.640015
v  -2.572694 0.422001 -1.638015
v  -2.573997 0.551377 -1.605090
v  -2.573997 0.603411 -1.605090
v  -2.572694 0.437005 1.655009
v  -2.572694 0.590456 1.642902
v  -2.573998 0.607028 1.605090
v  -2.572694 0.556959 1.655009
v  -2.572694 0.602715 1.626711
v  -2.572694 0.577625 1.650859
v  -2.572694 0.437005 1.640015
v  -2.572694 0.422001 1.640015
v  -2.572694 0.439481 1.655009
v  -2.572694 0.437005 1.643122
v  -2.572694 0.437005 1.651902
v  -2.572694 0.425998 1.640015
v  -2.572694 0.435173 1.640015
v  -2.572695 0.422001 1.638015
v  -2.573999 0.551377 1.605090
v  -2.573998 0.603411 1.605090
v  -2.578323 0.607028 -1.601768
v  -2.629710 0.437005 -1.601931
v  -2.617603 0.590456 -1.601931
v  -2.629710 0.556959 -1.601931
v  -2.601411 0.602715 -1.601931
v  -2.625560 0.577625 -1.601931
v  -2.614716 0.437005 -1.601931
v  -2.629710 0.439481 -1.601931
v  -2.626603 0.437005 -1.601931
v  -2.614716 0.425998 -1.601930
v  -2.614716 0.435173 -1.601931
v  -2.614716 0.422001 -1.601930
v  -2.617823 0.437005 -1.601931
v  -2.612716 0.422001 -1.601866
v  -2.578323 0.551377 -1.601768
v  -2.578323 0.603411 -1.601768
v  -2.578324 0.607028 1.599374
v  -2.629710 0.437005 1.599537
v  -2.617603 0.590456 1.599537
v  -2.629710 0.556959 1.599537
v  -2.601412 0.602715 1.599537
v  -2.625560 0.577625 1.599537
v  -2.614717 0.437005 1.599536
v  -2.629710 0.439481 1.599537
v  -2.626604 0.437005 1.599537
v  -2.614716 0.425998 1.599536
v  -2.614717 0.435173 1.599536
v  -2.614716 0.422001 1.599536
v  -2.612716 0.422001 1.599472
v  -2.578324 0.551377 1.599374
v  -2.578324 0.603411 1.599374
v  -2.617823 0.437005 1.599537
v  2.574125 0.590456 1.642902
v  2.574125 0.607028 1.604927
v  2.574125 0.556959 1.655009
v  2.574125 0.602715 1.626711
v  2.574125 0.577625 1.650859
v  2.574125 0.422001 1.640015
v  2.574125 0.437005 1.651902
v  2.574125 0.422001 1.638015
v  2.574125 0.551377 1.604927
v  2.574125 0.603411 1.604927
v  2.574125 0.437005 1.655009
v  2.574125 0.437005 1.640015
v  2.574125 0.439481 1.655009
v  2.574125 0.437005 1.643122
v  2.574125 0.425998 1.640015
v  2.574125 0.435173 1.640015
v  2.573107 0.439481 -1.655007
v  2.573106 0.437005 -1.643120
v  2.573106 0.437005 -1.640013
v  2.573106 0.435173 -1.640013
v  2.573107 0.437005 -1.655007
v  2.573106 0.425998 -1.640013
v  2.573107 0.556959 -1.655007
v  2.573107 0.602715 -1.626709
v  2.573107 0.590456 -1.642900
v  2.573107 0.577625 -1.650857
v  2.573106 0.607028 -1.604926
v  2.573107 0.437005 -1.651901
v  2.573106 0.422001 -1.640013
v  2.573106 0.422001 -1.638013
v  2.573106 0.551377 -1.604926
v  2.573106 0.603411 -1.604926
v  2.629710 0.437005 -1.601237
v  2.629710 0.431297 -1.601237
v  2.621111 0.422001 -1.601237
v  2.627828 0.424210 -1.601237
v  2.629710 0.597104 -1.601237
v  2.629710 0.607028 -1.601237
v  2.629710 0.556959 -1.601237
v  2.629710 0.581993 -1.601237
v  2.578467 0.607028 -1.601237
v  2.629710 0.594511 -1.601237
v  2.627166 0.607028 -1.601237
v  2.629710 0.439481 -1.601237
v  2.629710 0.604434 -1.601237
v  2.619111 0.422001 -1.601239
v  2.578467 0.551377 -1.601237
v  2.578467 0.603411 -1.601237
v  2.629710 0.437005 1.602324
v  2.629709 0.431297 1.602324
v  2.627827 0.424210 1.602324
v  2.629710 0.597104 1.602324
v  2.621110 0.422001 1.602324
v  2.629710 0.607028 1.602324
v  2.629710 0.556959 1.602324
v  2.629710 0.581993 1.602324
v  2.578467 0.607028 1.602324
v  2.629710 0.594511 1.602324
v  2.627165 0.607028 1.602324
v  2.629710 0.439481 1.602324
v  2.629710 0.604434 1.602324
v  2.619110 0.422001 1.602326
v  2.578466 0.551377 1.602324
v  2.578467 0.603411 1.602324
v  -2.578175 0.606537 1.607551
v  2.578467 0.606537 1.607407
v  2.584010 0.607028 1.604927
v  -2.580952 0.606537 1.605108
v  -2.580097 0.606537 1.606789
v  -2.578175 0.606537 -1.607551
v  2.578467 0.606537 -1.607405
v  2.584010 0.607028 -1.604925
v  -2.580096 0.606537 -1.606789
v  -2.580951 0.606537 -1.605108
v  -2.573849 0.606537 -1.607551
v  -2.573850 0.606537 1.607551
v  -2.580951 0.606537 -1.601787
v  -2.580952 0.606537 1.599392
v  2.574125 0.606537 1.607407
v  2.573106 0.606537 -1.607405
v  2.584010 0.607028 -1.601237
v  2.584010 0.607028 1.602324
# 2392 vertices

vn 0.000000 1.000000 -0.000000
vn 0.000000 1.000000 -0.000000
vn 0.000000 1.000000 -0.000000
vn 0.000000 1.000000 -0.000000
vn -0.251477 -0.753767 -0.607120
vn 0.000000 -1.000000 -0.000000
vn -0.000000 -1.000000 -0.000000
vn -0.000001 -0.753767 -0.657141
vn 0.045029 -0.993053 0.108710
vn 0.185134 -0.875191 0.446952
vn -0.000000 -0.875190 0.483779
vn -0.000000 -0.993053 0.117667
vn 0.185134 -0.875191 0.446952
vn 0.327726 -0.516331 0.791200
vn 0.000000 -0.516330 0.856390
vn -0.000000 -0.875190 0.483779
vn 0.327726 -0.516331 0.791200
vn 0.378276 -0.151334 0.913239
vn 0.000000 -0.151334 0.988483
vn 0.000000 -0.516330 0.856390
vn 0.378276 -0.151334 0.913239
vn 0.377502 -0.164002 0.911370
vn 0.000000 -0.163997 0.986461
vn 0.000000 -0.151334 0.988483
vn 0.377502 -0.164002 0.911370
vn 0.303491 -0.609142 0.732693
vn -0.000000 -0.609146 0.793058
vn 0.000000 -0.163997 0.986461
vn 0.303491 -0.609142 0.732693
vn 0.120205 -0.949387 0.290199
vn -0.000000 -0.949389 0.314102
vn -0.000000 -0.609146 0.793058
vn 0.120205 -0.949387 0.290199
vn 0.014377 -0.999294 0.034708
vn 0.000000 -0.999294 0.037568
vn -0.000000 -0.949389 0.314102
vn 0.014377 -0.999294 0.034708
vn 0.012464 -0.999469 0.030091
vn -0.000000 -0.999469 0.032570
vn 0.000000 -0.999294 0.037568
vn 0.012464 -0.999469 0.030091
vn 0.080252 -0.977764 0.193746
vn 0.000000 -0.977764 0.209709
vn -0.000000 -0.999469 0.032570
vn 0.080252 -0.977764 0.193746
vn 0.179459 -0.883225 0.433253
vn 0.000000 -0.883222 0.468955
vn 0.000000 -0.977764 0.209709
vn 0.179459 -0.883225 0.433253
vn 0.247952 -0.761700 0.598609
vn 0.000000 -0.761697 0.647934
vn 0.000000 -0.883222 0.468955
vn 0.247952 -0.761700 0.598609
vn 0.291514 -0.647856 0.703777
vn -0.000000 -0.647867 0.761754
vn 0.000000 -0.761697 0.647934
vn 0.291514 -0.647856 0.703777
vn 0.336180 -0.477777 0.811611
vn -0.000000 -0.477781 0.878479
vn -0.000000 -0.647867 0.761754
vn 0.336180 -0.477777 0.811611
vn 0.369657 -0.258697 0.892429
vn 0.000000 -0.258696 0.965959
vn -0.000000 -0.477781 0.878479
vn 0.369657 -0.258697 0.892429
vn 0.381346 -0.083520 0.920652
vn 0.000000 -0.083527 0.996506
vn 0.000000 -0.258696 0.965959
vn 0.381346 -0.083520 0.920652
vn 0.378779 -0.142484 0.914453
vn -0.000000 -0.142485 0.989797
vn 0.000000 -0.083527 0.996506
vn 0.378779 -0.142484 0.914453
vn 0.325715 -0.524948 0.786346
vn -0.000000 -0.524946 0.851135
vn -0.000000 -0.142485 0.989797
vn 0.325715 -0.524948 0.786346
vn 0.173349 -0.891519 0.418503
vn -0.000000 -0.891519 0.452984
vn -0.000000 -0.524946 0.851135
vn 0.173349 -0.891519 0.418503
vn 0.088746 -0.972739 0.214252
vn -0.000000 -0.972740 0.231900
vn -0.000000 -0.891519 0.452984
vn -0.464669 -0.753767 -0.464669
vn 0.000000 -1.000000 -0.000000
vn 0.000000 -1.000000 -0.000000
vn -0.251477 -0.753767 -0.607120
vn 0.083204 -0.993053 0.083204
vn 0.342083 -0.875191 0.342083
vn 0.185134 -0.875191 0.446952
vn 0.045029 -0.993053 0.108710
vn 0.342083 -0.875191 0.342083
vn 0.605558 -0.516332 0.605558
vn 0.327726 -0.516331 0.791200
vn 0.185134 -0.875191 0.446952
vn 0.605558 -0.516332 0.605558
vn 0.698962 -0.151336 0.698963
vn 0.378276 -0.151334 0.913239
vn 0.327726 -0.516331 0.791200
vn 0.698962 -0.151336 0.698963
vn 0.697533 -0.164003 0.697532
vn 0.377502 -0.164002 0.911370
vn 0.378276 -0.151334 0.913239
vn 0.697533 -0.164003 0.697532
vn 0.560779 -0.609142 0.560779
vn 0.303491 -0.609142 0.732693
vn 0.377502 -0.164002 0.911370
vn 0.560779 -0.609142 0.560779
vn 0.222109 -0.949387 0.222109
vn 0.120205 -0.949387 0.290199
vn 0.303491 -0.609142 0.732693
vn 0.222109 -0.949387 0.222109
vn 0.026565 -0.999294 0.026565
vn 0.014377 -0.999294 0.034708
vn 0.120205 -0.949387 0.290199
vn 0.026565 -0.999294 0.026565
vn 0.023031 -0.999469 0.023031
vn 0.012464 -0.999469 0.030091
vn 0.014377 -0.999294 0.034708
vn 0.023031 -0.999469 0.023031
vn 0.148273 -0.977768 0.148273
vn 0.080252 -0.977764 0.193746
vn 0.012464 -0.999469 0.030091
vn 0.148273 -0.977768 0.148273
vn 0.331587 -0.883233 0.331587
vn 0.179459 -0.883225 0.433253
vn 0.080252 -0.977764 0.193746
vn 0.331587 -0.883233 0.331587
vn 0.458156 -0.761700 0.458156
vn 0.247952 -0.761700 0.598609
vn 0.179459 -0.883225 0.433253
vn 0.458156 -0.761700 0.458156
vn 0.538649 -0.647854 0.538649
vn 0.291514 -0.647856 0.703777
vn 0.247952 -0.761700 0.598609
vn 0.538649 -0.647854 0.538649
vn 0.621179 -0.477782 0.621178
vn 0.336180 -0.477777 0.811611
vn 0.291514 -0.647856 0.703777
vn 0.621179 -0.477782 0.621178
vn 0.683035 -0.258699 0.683036
vn 0.369657 -0.258697 0.892429
vn 0.336180 -0.477777 0.811611
vn 0.683035 -0.258699 0.683036
vn 0.704637 -0.083517 0.704636
vn 0.381346 -0.083520 0.920652
vn 0.369657 -0.258697 0.892429
vn 0.704637 -0.083517 0.704636
vn 0.699892 -0.142485 0.699892
vn 0.378779 -0.142484 0.914453
vn 0.381346 -0.083520 0.920652
vn 0.699892 -0.142485 0.699892
vn 0.601843 -0.524948 0.601843
vn 0.325715 -0.524948 0.786346
vn 0.378779 -0.142484 0.914453
vn 0.601843 -0.524948 0.601843
vn 0.320309 -0.891518 0.320309
vn 0.173349 -0.891519 0.418503
vn 0.325715 -0.524948 0.786346
vn 0.320309 -0.891518 0.320309
vn 0.163983 -0.972738 0.163983
vn 0.088746 -0.972739 0.214252
vn 0.173349 -0.891519 0.418503
vn -0.607119 -0.753767 -0.251477
vn 0.000000 -1.000000 -0.000000
vn 0.000000 -1.000000 -0.000000
vn -0.464669 -0.753767 -0.464669
vn 0.108699 -0.993054 0.045025
vn 0.446952 -0.875191 0.185134
vn 0.342083 -0.875191 0.342083
vn 0.083204 -0.993053 0.083204
vn 0.446952 -0.875191 0.185134
vn 0.791204 -0.516325 0.327727
vn 0.605558 -0.516332 0.605558
vn 0.342083 -0.875191 0.342083
vn 0.791204 -0.516325 0.327727
vn 0.913239 -0.151335 0.378276
vn 0.698962 -0.151336 0.698963
vn 0.605558 -0.516332 0.605558
vn 0.913239 -0.151335 0.378276
vn 0.911371 -0.164000 0.377502
vn 0.697533 -0.164003 0.697532
vn 0.698962 -0.151336 0.698963
vn 0.911371 -0.164000 0.377502
vn 0.732689 -0.609148 0.303490
vn 0.560779 -0.609142 0.560779
vn 0.697533 -0.164003 0.697532
vn 0.732689 -0.609148 0.303490
vn 0.290201 -0.949386 0.120205
vn 0.222109 -0.949387 0.222109
vn 0.560779 -0.609142 0.560779
vn 0.290201 -0.949386 0.120205
vn 0.034716 -0.999294 0.014380
vn 0.026565 -0.999294 0.026565
vn 0.222109 -0.949387 0.222109
vn 0.034716 -0.999294 0.014380
vn 0.030091 -0.999469 0.012464
vn 0.023031 -0.999469 0.023031
vn 0.026565 -0.999294 0.026565
vn 0.030091 -0.999469 0.012464
vn 0.193728 -0.977768 0.080245
vn 0.148273 -0.977768 0.148273
vn 0.023031 -0.999469 0.023031
vn 0.193728 -0.977768 0.080245
vn 0.433240 -0.883232 0.179454
vn 0.331587 -0.883233 0.331587
vn 0.148273 -0.977768 0.148273
vn 0.433240 -0.883232 0.179454
vn 0.598610 -0.761699 0.247952
vn 0.458156 -0.761700 0.458156
vn 0.331587 -0.883233 0.331587
vn 0.598610 -0.761699 0.247952
vn 0.703777 -0.647856 0.291513
vn 0.538649 -0.647854 0.538649
vn 0.458156 -0.761700 0.458156
vn 0.703777 -0.647856 0.291513
vn 0.811610 -0.477780 0.336179
vn 0.621179 -0.477782 0.621178
vn 0.538649 -0.647854 0.538649
vn 0.811610 -0.477780 0.336179
vn 0.892427 -0.258705 0.369656
vn 0.683035 -0.258699 0.683036
vn 0.621179 -0.477782 0.621178
vn 0.892427 -0.258705 0.369656
vn 0.920651 -0.083527 0.381346
vn 0.704637 -0.083517 0.704636
vn 0.683035 -0.258699 0.683036
vn 0.920651 -0.083527 0.381346
vn 0.914453 -0.142484 0.378779
vn 0.699892 -0.142485 0.699892
vn 0.704637 -0.083517 0.704636
vn 0.914453 -0.142484 0.378779
vn 0.786347 -0.524946 0.325715
vn 0.601843 -0.524948 0.601843
vn 0.699892 -0.142485 0.699892
vn 0.786347 -0.524946 0.325715
vn 0.418505 -0.891517 0.173351
vn 0.320309 -0.891518 0.320309
vn 0.601843 -0.524948 0.601843
vn 0.418505 -0.891517 0.173351
vn 0.214255 -0.972738 0.088747
vn 0.163983 -0.972738 0.163983
vn 0.320309 -0.891518 0.320309
vn -0.657141 -0.753767 0.000000
vn 0.000000 -1.000000 -0.000000
vn 0.000000 -1.000000 -0.000000
vn -0.607119 -0.753767 -0.251477
vn 0.117655 -0.993055 0.000000
vn 0.483780 -0.875190 -0.000000
vn 0.446952 -0.875191 0.185134
vn 0.108699 -0.993054 0.045025
vn 0.483780 -0.875190 -0.000000
vn 0.856395 -0.516322 -0.000000
vn 0.791204 -0.516325 0.327727
vn 0.446952 -0.875191 0.185134
vn 0.856395 -0.516322 -0.000000
vn 0.988483 -0.151334 -0.000000
vn 0.913239 -0.151335 0.378276
vn 0.791204 -0.516325 0.327727
vn 0.988483 -0.151334 -0.000000
vn 0.986460 -0.164002 -0.000000
vn 0.911371 -0.164000 0.377502
vn 0.913239 -0.151335 0.378276
vn 0.986460 -0.164002 -0.000000
vn 0.793056 -0.609149 -0.000000
vn 0.732689 -0.609148 0.303490
vn 0.911371 -0.164000 0.377502
vn 0.793056 -0.609149 -0.000000
vn 0.314113 -0.949386 -0.000000
vn 0.290201 -0.949386 0.120205
vn 0.732689 -0.609148 0.303490
vn 0.314113 -0.949386 -0.000000
vn 0.037576 -0.999294 -0.000000
vn 0.034716 -0.999294 0.014380
vn 0.290201 -0.949386 0.120205
vn 0.037576 -0.999294 -0.000000
vn 0.032571 -0.999469 -0.000000
vn 0.030091 -0.999469 0.012464
vn 0.034716 -0.999294 0.014380
vn 0.032571 -0.999469 -0.000000
vn 0.209689 -0.977768 0.000000
vn 0.193728 -0.977768 0.080245
vn 0.030091 -0.999469 0.012464
vn 0.209689 -0.977768 0.000000
vn 0.468935 -0.883233 0.000000
vn 0.433240 -0.883232 0.179454
vn 0.193728 -0.977768 0.080245
vn 0.468935 -0.883233 0.000000
vn 0.647930 -0.761700 0.000000
vn 0.598610 -0.761699 0.247952
vn 0.433240 -0.883232 0.179454
vn 0.647930 -0.761700 0.000000
vn 0.761763 -0.647855 0.000000
vn 0.703777 -0.647856 0.291513
vn 0.598610 -0.761699 0.247952
vn 0.761763 -0.647855 0.000000
vn 0.878480 -0.477778 0.000000
vn 0.811610 -0.477780 0.336179
vn 0.703777 -0.647856 0.291513
vn 0.878480 -0.477778 0.000000
vn 0.965958 -0.258701 0.000000
vn 0.892427 -0.258705 0.369656
vn 0.811610 -0.477780 0.336179
vn 0.965958 -0.258701 0.000000
vn 0.996506 -0.083523 0.000000
vn 0.920651 -0.083527 0.381346
vn 0.892427 -0.258705 0.369656
vn 0.996506 -0.083523 0.000000
vn 0.989797 -0.142485 -0.000000
vn 0.914453 -0.142484 0.378779
vn 0.920651 -0.083527 0.381346
vn 0.989797 -0.142485 -0.000000
vn 0.851135 -0.524947 -0.000000
vn 0.786347 -0.524946 0.325715
vn 0.914453 -0.142484 0.378779
vn 0.851135 -0.524947 -0.000000
vn 0.452987 -0.891517 0.000000
vn 0.418505 -0.891517 0.173351
vn 0.786347 -0.524946 0.325715
vn 0.452987 -0.891517 0.000000
vn 0.231908 -0.972738 0.000000
vn 0.214255 -0.972738 0.088747
vn 0.418505 -0.891517 0.173351
vn -0.607119 -0.753767 0.251477
vn 0.000000 -1.000000 -0.000000
vn 0.000000 -1.000000 -0.000000
vn -0.657141 -0.753767 0.000000
vn 0.108700 -0.993054 -0.045025
vn 0.446953 -0.875190 -0.185134
vn 0.483780 -0.875190 -0.000000
vn 0.117655 -0.993055 0.000000
vn 0.446953 -0.875190 -0.185134
vn 0.791204 -0.516323 -0.327729
vn 0.856395 -0.516322 -0.000000
vn 0.483780 -0.875190 -0.000000
vn 0.791204 -0.516323 -0.327729
vn 0.913239 -0.151333 -0.378276
vn 0.988483 -0.151334 -0.000000
vn 0.856395 -0.516322 -0.000000
vn 0.913239 -0.151333 -0.378276
vn 0.911370 -0.164000 -0.377503
vn 0.986460 -0.164002 -0.000000
vn 0.988483 -0.151334 -0.000000
vn 0.911370 -0.164000 -0.377503
vn 0.732689 -0.609146 -0.303491
vn 0.793056 -0.609149 -0.000000
vn 0.986460 -0.164002 -0.000000
vn 0.732689 -0.609146 -0.303491
vn 0.290202 -0.949386 -0.120206
vn 0.314113 -0.949386 -0.000000
vn 0.793056 -0.609149 -0.000000
vn 0.290202 -0.949386 -0.120206
vn 0.034715 -0.999294 -0.014380
vn 0.037576 -0.999294 -0.000000
vn 0.314113 -0.949386 -0.000000
vn 0.034715 -0.999294 -0.014380
vn 0.030091 -0.999469 -0.012464
vn 0.032571 -0.999469 -0.000000
vn 0.037576 -0.999294 -0.000000
vn 0.030091 -0.999469 -0.012464
vn 0.193728 -0.977768 -0.080245
vn 0.209689 -0.977768 0.000000
vn 0.032571 -0.999469 -0.000000
vn 0.193728 -0.977768 -0.080245
vn 0.433240 -0.883232 -0.179454
vn 0.468935 -0.883233 0.000000
vn 0.209689 -0.977768 0.000000
vn 0.433240 -0.883232 -0.179454
vn 0.598609 -0.761700 -0.247952
vn 0.647930 -0.761700 0.000000
vn 0.468935 -0.883233 0.000000
vn 0.598609 -0.761700 -0.247952
vn 0.703779 -0.647854 -0.291515
vn 0.761763 -0.647855 0.000000
vn 0.647930 -0.761700 0.000000
vn 0.703779 -0.647854 -0.291515
vn 0.811611 -0.477777 -0.336179
vn 0.878480 -0.477778 0.000000
vn 0.761763 -0.647855 0.000000
vn 0.811611 -0.477777 -0.336179
vn 0.892427 -0.258705 -0.369656
vn 0.965958 -0.258701 0.000000
vn 0.878480 -0.477778 0.000000
vn 0.892427 -0.258705 -0.369656
vn 0.920651 -0.083527 -0.381346
vn 0.996506 -0.083523 0.000000
vn 0.965958 -0.258701 0.000000
vn 0.920651 -0.083527 -0.381346
vn 0.914453 -0.142485 -0.378779
vn 0.989797 -0.142485 -0.000000
vn 0.996506 -0.083523 0.000000
vn 0.914453 -0.142485 -0.378779
vn 0.786346 -0.524948 -0.325715
vn 0.851135 -0.524947 -0.000000
vn 0.989797 -0.142485 -0.000000
vn 0.786346 -0.524948 -0.325715
vn 0.418505 -0.891518 -0.173350
vn 0.452987 -0.891517 0.000000
vn 0.851135 -0.524947 -0.000000
vn 0.418505 -0.891518 -0.173350
vn 0.214254 -0.972738 -0.088747
vn 0.231908 -0.972738 0.000000
vn 0.452987 -0.891517 0.000000
vn -0.464669 -0.753767 0.464669
vn 0.000000 -1.000000 -0.000000
vn 0.000000 -1.000000 -0.000000
vn -0.607119 -0.753767 0.251477
vn 0.083202 -0.993053 -0.083202
vn 0.342083 -0.875190 -0.342084
vn 0.446953 -0.875190 -0.185134
vn 0.108700 -0.993054 -0.045025
vn 0.342083 -0.875190 -0.342084
vn 0.605557 -0.516334 -0.605558
vn 0.791204 -0.516323 -0.327729
vn 0.446953 -0.875190 -0.185134
vn 0.605557 -0.516334 -0.605558
vn 0.698962 -0.151339 -0.698962
vn 0.913239 -0.151333 -0.378276
vn 0.791204 -0.516323 -0.327729
vn 0.698962 -0.151339 -0.698962
vn 0.697533 -0.164004 -0.697532
vn 0.911370 -0.164000 -0.377503
vn 0.913239 -0.151333 -0.378276
vn 0.697533 -0.164004 -0.697532
vn 0.560778 -0.609143 -0.560778
vn 0.732689 -0.609146 -0.303491
vn 0.911370 -0.164000 -0.377503
vn 0.560778 -0.609143 -0.560778
vn 0.222109 -0.949387 -0.222109
vn 0.290202 -0.949386 -0.120206
vn 0.732689 -0.609146 -0.303491
vn 0.222109 -0.949387 -0.222109
vn 0.026564 -0.999294 -0.026564
vn 0.034715 -0.999294 -0.014380
vn 0.290202 -0.949386 -0.120206
vn 0.026564 -0.999294 -0.026564
vn 0.023031 -0.999469 -0.023031
vn 0.030091 -0.999469 -0.012464
vn 0.034715 -0.999294 -0.014380
vn 0.023031 -0.999469 -0.023031
vn 0.148273 -0.977768 -0.148272
vn 0.193728 -0.977768 -0.080245
vn 0.030091 -0.999469 -0.012464
vn 0.148273 -0.977768 -0.148272
vn 0.331586 -0.883233 -0.331587
vn 0.433240 -0.883232 -0.179454
vn 0.193728 -0.977768 -0.080245
vn 0.331586 -0.883233 -0.331587
vn 0.458155 -0.761700 -0.458156
vn 0.598609 -0.761700 -0.247952
vn 0.433240 -0.883232 -0.179454
vn 0.458155 -0.761700 -0.458156
vn 0.538644 -0.647865 -0.538641
vn 0.703779 -0.647854 -0.291515
vn 0.598609 -0.761700 -0.247952
vn 0.538644 -0.647865 -0.538641
vn 0.621174 -0.477792 -0.621175
vn 0.811611 -0.477777 -0.336179
vn 0.703779 -0.647854 -0.291515
vn 0.621174 -0.477792 -0.621175
vn 0.683035 -0.258690 -0.683039
vn 0.892427 -0.258705 -0.369656
vn 0.811611 -0.477777 -0.336179
vn 0.683035 -0.258690 -0.683039
vn 0.704638 -0.083508 -0.704636
vn 0.920651 -0.083527 -0.381346
vn 0.892427 -0.258705 -0.369656
vn 0.704638 -0.083508 -0.704636
vn 0.699892 -0.142486 -0.699892
vn 0.914453 -0.142485 -0.378779
vn 0.920651 -0.083527 -0.381346
vn 0.699892 -0.142486 -0.699892
vn 0.601843 -0.524948 -0.601843
vn 0.786346 -0.524948 -0.325715
vn 0.914453 -0.142485 -0.378779
vn 0.601843 -0.524948 -0.601843
vn 0.320310 -0.891517 -0.320310
vn 0.418505 -0.891518 -0.173350
vn 0.786346 -0.524948 -0.325715
vn 0.320310 -0.891517 -0.320310
vn 0.163983 -0.972738 -0.163983
vn 0.214254 -0.972738 -0.088747
vn 0.418505 -0.891518 -0.173350
vn -0.251477 -0.753768 0.607119
vn 0.000000 -1.000000 -0.000000
vn 0.000000 -1.000000 -0.000000
vn -0.464669 -0.753767 0.464669
vn 0.045029 -0.993053 -0.108709
vn 0.185134 -0.875191 -0.446952
vn 0.342083 -0.875190 -0.342084
vn 0.083202 -0.993053 -0.083202
vn 0.185134 -0.875191 -0.446952
vn 0.327725 -0.516331 -0.791201
vn 0.605557 -0.516334 -0.605558
vn 0.342083 -0.875190 -0.342084
vn 0.327725 -0.516331 -0.791201
vn 0.378276 -0.151335 -0.913239
vn 0.698962 -0.151339 -0.698962
vn 0.605557 -0.516334 -0.605558
vn 0.378276 -0.151335 -0.913239
vn 0.377502 -0.164000 -0.911371
vn 0.697533 -0.164004 -0.697532
vn 0.698962 -0.151339 -0.698962
vn 0.377502 -0.164000 -0.911371
vn 0.303492 -0.609141 -0.732694
vn 0.560778 -0.609143 -0.560778
vn 0.697533 -0.164004 -0.697532
vn 0.303492 -0.609141 -0.732694
vn 0.120204 -0.949387 -0.290198
vn 0.222109 -0.949387 -0.222109
vn 0.560778 -0.609143 -0.560778
vn 0.120204 -0.949387 -0.290198
vn 0.014377 -0.999294 -0.034708
vn 0.026564 -0.999294 -0.026564
vn 0.222109 -0.949387 -0.222109
vn 0.014377 -0.999294 -0.034708
vn 0.012464 -0.999469 -0.030091
vn 0.023031 -0.999469 -0.023031
vn 0.026564 -0.999294 -0.026564
vn 0.012464 -0.999469 -0.030091
vn 0.080253 -0.977763 -0.193748
vn 0.148273 -0.977768 -0.148272
vn 0.023031 -0.999469 -0.023031
vn 0.080253 -0.977763 -0.193748
vn 0.179458 -0.883226 -0.433252
vn 0.331586 -0.883233 -0.331587
vn 0.148273 -0.977768 -0.148272
vn 0.179458 -0.883226 -0.433252
vn 0.247951 -0.761702 -0.598607
vn 0.458155 -0.761700 -0.458156
vn 0.331586 -0.883233 -0.331587
vn 0.247951 -0.761702 -0.598607
vn 0.291514 -0.647856 -0.703777
vn 0.538644 -0.647865 -0.538641
vn 0.458155 -0.761700 -0.458156
vn 0.291514 -0.647856 -0.703777
vn 0.336180 -0.477777 -0.811611
vn 0.621174 -0.477792 -0.621175
vn 0.538644 -0.647865 -0.538641
vn 0.336180 -0.477777 -0.811611
vn 0.369656 -0.258692 -0.892431
vn 0.683035 -0.258690 -0.683039
vn 0.621174 -0.477792 -0.621175
vn 0.369656 -0.258692 -0.892431
vn 0.381347 -0.083516 -0.920652
vn 0.704638 -0.083508 -0.704636
vn 0.683035 -0.258690 -0.683039
vn 0.381347 -0.083516 -0.920652
vn 0.378779 -0.142484 -0.914453
vn 0.699892 -0.142486 -0.699892
vn 0.704638 -0.083508 -0.704636
vn 0.378779 -0.142484 -0.914453
vn 0.325715 -0.524948 -0.786345
vn 0.601843 -0.524948 -0.601843
vn 0.699892 -0.142486 -0.699892
vn 0.325715 -0.524948 -0.786345
vn 0.173349 -0.891519 -0.418502
vn 0.320310 -0.891517 -0.320310
vn 0.601843 -0.524948 -0.601843
vn 0.173349 -0.891519 -0.418502
vn 0.088746 -0.972739 -0.214251
vn 0.163983 -0.972738 -0.163983
vn 0.320310 -0.891517 -0.320310
vn 0.000000 -0.753767 0.657141
vn -0.000000 -1.000000 0.000000
vn 0.000000 -1.000000 -0.000000
vn -0.251477 -0.753768 0.607119
vn -0.000000 -0.993053 -0.117667
vn -0.000001 -0.875189 -0.483780
vn 0.185134 -0.875191 -0.446952
vn 0.045029 -0.993053 -0.108709
vn -0.000001 -0.875189 -0.483780
vn -0.000001 -0.516333 -0.856388
vn 0.327725 -0.516331 -0.791201
vn 0.185134 -0.875191 -0.446952
vn -0.000001 -0.516333 -0.856388
vn -0.000001 -0.151339 -0.988482
vn 0.378276 -0.151335 -0.913239
vn 0.327725 -0.516331 -0.791201
vn -0.000001 -0.151339 -0.988482
vn -0.000001 -0.163994 -0.986461
vn 0.377502 -0.164000 -0.911371
vn 0.378276 -0.151335 -0.913239
vn -0.000001 -0.163994 -0.986461
vn -0.000000 -0.609146 -0.793058
vn 0.303492 -0.609141 -0.732694
vn 0.377502 -0.164000 -0.911371
vn -0.000000 -0.609146 -0.793058
vn -0.000000 -0.949390 -0.314100
vn 0.120204 -0.949387 -0.290198
vn 0.303492 -0.609141 -0.732694
vn -0.000000 -0.949390 -0.314100
vn -0.000000 -0.999294 -0.037569
vn 0.014377 -0.999294 -0.034708
vn 0.120204 -0.949387 -0.290198
vn -0.000000 -0.999294 -0.037569
vn 0.000000 -0.999469 -0.032570
vn 0.012464 -0.999469 -0.030091
vn 0.014377 -0.999294 -0.034708
vn 0.000000 -0.999469 -0.032570
vn 0.000000 -0.977764 -0.209709
vn 0.080253 -0.977763 -0.193748
vn 0.012464 -0.999469 -0.030091
vn 0.000000 -0.977764 -0.209709
vn -0.000000 -0.883219 -0.468960
vn 0.179458 -0.883226 -0.433252
vn 0.080253 -0.977763 -0.193748
vn -0.000000 -0.883219 -0.468960
vn -0.000000 -0.761693 -0.647937
vn 0.247951 -0.761702 -0.598607
vn 0.179458 -0.883226 -0.433252
vn -0.000000 -0.761693 -0.647937
vn 0.000000 -0.647874 -0.761748
vn 0.291514 -0.647856 -0.703777
vn 0.247951 -0.761702 -0.598607
vn 0.000000 -0.647874 -0.761748
vn 0.000000 -0.477789 -0.878475
vn 0.336180 -0.477777 -0.811611
vn 0.291514 -0.647856 -0.703777
vn 0.000000 -0.477789 -0.878475
vn -0.000000 -0.258672 -0.965965
vn 0.369656 -0.258692 -0.892431
vn 0.336180 -0.477777 -0.811611
vn -0.000000 -0.258672 -0.965965
vn 0.000000 -0.083503 -0.996508
vn 0.381347 -0.083516 -0.920652
vn 0.369656 -0.258692 -0.892431
vn 0.000000 -0.083503 -0.996508
vn 0.000000 -0.142485 -0.989797
vn 0.378779 -0.142484 -0.914453
vn 0.381347 -0.083516 -0.920652
vn 0.000000 -0.142485 -0.989797
vn -0.000000 -0.524946 -0.851135
vn 0.325715 -0.524948 -0.786345
vn 0.378779 -0.142484 -0.914453
vn -0.000000 -0.524946 -0.851135
vn -0.000000 -0.891518 -0.452985
vn 0.173349 -0.891519 -0.418502
vn 0.325715 -0.524948 -0.786345
vn -0.000000 -0.891518 -0.452985
vn -0.000000 -0.972739 -0.231902
vn 0.088746 -0.972739 -0.214251
vn 0.173349 -0.891519 -0.418502
vn 0.251477 -0.753767 0.607120
vn -0.000000 -1.000000 0.000000
vn -0.000000 -1.000000 0.000000
vn 0.000000 -0.753767 0.657141
vn -0.045025 -0.993054 -0.108700
vn -0.185133 -0.875193 -0.446949
vn -0.000001 -0.875189 -0.483780
vn -0.000000 -0.993053 -0.117667
vn -0.185133 -0.875193 -0.446949
vn -0.327727 -0.516326 -0.791203
vn -0.000001 -0.516333 -0.856388
vn -0.000001 -0.875189 -0.483780
vn -0.327727 -0.516326 -0.791203
vn -0.378276 -0.151333 -0.913239
vn -0.000001 -0.151339 -0.988482
vn -0.000001 -0.516333 -0.856388
vn -0.378276 -0.151333 -0.913239
vn -0.377502 -0.163997 -0.911371
vn -0.000001 -0.163994 -0.986461
vn -0.000001 -0.151339 -0.988482
vn -0.377502 -0.163997 -0.911371
vn -0.303491 -0.609145 -0.732691
vn -0.000000 -0.609146 -0.793058
vn -0.000001 -0.163994 -0.986461
vn -0.303491 -0.609145 -0.732691
vn -0.120202 -0.949389 -0.290192
vn -0.000000 -0.949390 -0.314100
vn -0.000000 -0.609146 -0.793058
vn -0.120202 -0.949389 -0.290192
vn -0.014377 -0.999294 -0.034708
vn -0.000000 -0.999294 -0.037569
vn -0.000000 -0.949390 -0.314100
vn -0.014377 -0.999294 -0.034708
vn -0.012464 -0.999469 -0.030091
vn 0.000000 -0.999469 -0.032570
vn -0.000000 -0.999294 -0.037569
vn -0.012464 -0.999469 -0.030091
vn -0.080253 -0.977764 -0.193747
vn 0.000000 -0.977764 -0.209709
vn 0.000000 -0.999469 -0.032570
vn -0.080253 -0.977764 -0.193747
vn -0.179459 -0.883225 -0.433252
vn -0.000000 -0.883219 -0.468960
vn 0.000000 -0.977764 -0.209709
vn -0.179459 -0.883225 -0.433252
vn -0.247951 -0.761701 -0.598609
vn -0.000000 -0.761693 -0.647937
vn -0.000000 -0.883219 -0.468960
vn -0.247951 -0.761701 -0.598609
vn -0.291509 -0.647873 -0.703764
vn 0.000000 -0.647874 -0.761748
vn -0.000000 -0.761693 -0.647937
vn -0.291509 -0.647873 -0.703764
vn -0.336179 -0.477778 -0.811611
vn 0.000000 -0.477789 -0.878475
vn 0.000000 -0.647874 -0.761748
vn -0.336179 -0.477778 -0.811611
vn -0.369658 -0.258689 -0.892431
vn -0.000000 -0.258672 -0.965965
vn 0.000000 -0.477789 -0.878475
vn -0.369658 -0.258689 -0.892431
vn -0.381346 -0.083529 -0.920651
vn 0.000000 -0.083503 -0.996508
vn -0.000000 -0.258672 -0.965965
vn -0.381346 -0.083529 -0.920651
vn -0.378779 -0.142484 -0.914453
vn 0.000000 -0.142485 -0.989797
vn 0.000000 -0.083503 -0.996508
vn -0.378779 -0.142484 -0.914453
vn -0.325715 -0.524947 -0.786346
vn -0.000000 -0.524946 -0.851135
vn 0.000000 -0.142485 -0.989797
vn -0.325715 -0.524947 -0.786346
vn -0.173350 -0.891518 -0.418503
vn -0.000000 -0.891518 -0.452985
vn -0.000000 -0.524946 -0.851135
vn -0.173350 -0.891518 -0.418503
vn -0.088746 -0.972738 -0.214252
vn -0.000000 -0.972739 -0.231902
vn -0.000000 -0.891518 -0.452985
vn 0.464669 -0.753767 0.464669
vn 0.000000 -1.000000 -0.000000
vn -0.000000 -1.000000 0.000000
vn 0.251477 -0.753767 0.607120
vn -0.083195 -0.993054 -0.083195
vn -0.342081 -0.875193 -0.342079
vn -0.185133 -0.875193 -0.446949
vn -0.045025 -0.993054 -0.108700
vn -0.342081 -0.875193 -0.342079
vn -0.605560 -0.516325 -0.605562
vn -0.327727 -0.516326 -0.791203
vn -0.185133 -0.875193 -0.446949
vn -0.605560 -0.516325 -0.605562
vn -0.698963 -0.151332 -0.698963
vn -0.378276 -0.151333 -0.913239
vn -0.327727 -0.516326 -0.791203
vn -0.698963 -0.151332 -0.698963
vn -0.697533 -0.164003 -0.697532
vn -0.377502 -0.163997 -0.911371
vn -0.378276 -0.151333 -0.913239
vn -0.697533 -0.164003 -0.697532
vn -0.560775 -0.609149 -0.560776
vn -0.303491 -0.609145 -0.732691
vn -0.377502 -0.163997 -0.911371
vn -0.560775 -0.609149 -0.560776
vn -0.222111 -0.949386 -0.222110
vn -0.120202 -0.949389 -0.290192
vn -0.303491 -0.609145 -0.732691
vn -0.222111 -0.949386 -0.222110
vn -0.026570 -0.999294 -0.026570
vn -0.014377 -0.999294 -0.034708
vn -0.120202 -0.949389 -0.290192
vn -0.026570 -0.999294 -0.026570
vn -0.023015 -0.999470 -0.023015
vn -0.012464 -0.999469 -0.030091
vn -0.014377 -0.999294 -0.034708
vn -0.023015 -0.999470 -0.023015
vn -0.148274 -0.977768 -0.148273
vn -0.080253 -0.977764 -0.193747
vn -0.012464 -0.999469 -0.030091
vn -0.148274 -0.977768 -0.148273
vn -0.331596 -0.883226 -0.331596
vn -0.179459 -0.883225 -0.433252
vn -0.080253 -0.977764 -0.193747
vn -0.331596 -0.883226 -0.331596
vn -0.458156 -0.761700 -0.458156
vn -0.247951 -0.761701 -0.598609
vn -0.179459 -0.883225 -0.433252
vn -0.458156 -0.761700 -0.458156
vn -0.538638 -0.647875 -0.538635
vn -0.291509 -0.647873 -0.703764
vn -0.247951 -0.761701 -0.598609
vn -0.538638 -0.647875 -0.538635
vn -0.621176 -0.477781 -0.621180
vn -0.336179 -0.477778 -0.811611
vn -0.291509 -0.647873 -0.703764
vn -0.621176 -0.477781 -0.621180
vn -0.683040 -0.258685 -0.683037
vn -0.369658 -0.258689 -0.892431
vn -0.336179 -0.477778 -0.811611
vn -0.683040 -0.258685 -0.683037
vn -0.704636 -0.083525 -0.704636
vn -0.381346 -0.083529 -0.920651
vn -0.369658 -0.258689 -0.892431
vn -0.704636 -0.083525 -0.704636
vn -0.699892 -0.142486 -0.699892
vn -0.378779 -0.142484 -0.914453
vn -0.381346 -0.083529 -0.920651
vn -0.699892 -0.142486 -0.699892
vn -0.601842 -0.524949 -0.601842
vn -0.325715 -0.524947 -0.786346
vn -0.378779 -0.142484 -0.914453
vn -0.601842 -0.524949 -0.601842
vn -0.320309 -0.891518 -0.320309
vn -0.173350 -0.891518 -0.418503
vn -0.325715 -0.524947 -0.786346
vn -0.320309 -0.891518 -0.320309
vn -0.163983 -0.972738 -0.163983
vn -0.088746 -0.972738 -0.214252
vn -0.173350 -0.891518 -0.418503
vn 0.607119 -0.753768 0.251477
vn 0.000000 -1.000000 -0.000000
vn 0.000000 -1.000000 -0.000000
vn 0.464669 -0.753767 0.464669
vn -0.108699 -0.993055 -0.045024
vn -0.446952 -0.875191 -0.185133
vn -0.342081 -0.875193 -0.342079
vn -0.083195 -0.993054 -0.083195
vn -0.446952 -0.875191 -0.185133
vn -0.791205 -0.516323 -0.327728
vn -0.605560 -0.516325 -0.605562
vn -0.342081 -0.875193 -0.342079
vn -0.791205 -0.516323 -0.327728
vn -0.913239 -0.151333 -0.378275
vn -0.698963 -0.151332 -0.698963
vn -0.605560 -0.516325 -0.605562
vn -0.913239 -0.151333 -0.378275
vn -0.911371 -0.164000 -0.377502
vn -0.697533 -0.164003 -0.697532
vn -0.698963 -0.151332 -0.698963
vn -0.911371 -0.164000 -0.377502
vn -0.732689 -0.609148 -0.303489
vn -0.560775 -0.609149 -0.560776
vn -0.697533 -0.164003 -0.697532
vn -0.732689 -0.609148 -0.303489
vn -0.290201 -0.949386 -0.120205
vn -0.222111 -0.949386 -0.222110
vn -0.560775 -0.609149 -0.560776
vn -0.290201 -0.949386 -0.120205
vn -0.034716 -0.999294 -0.014380
vn -0.026570 -0.999294 -0.026570
vn -0.222111 -0.949386 -0.222110
vn -0.034716 -0.999294 -0.014380
vn -0.030091 -0.999469 -0.012464
vn -0.023015 -0.999470 -0.023015
vn -0.026570 -0.999294 -0.026570
vn -0.030091 -0.999469 -0.012464
vn -0.193730 -0.977768 -0.080246
vn -0.148274 -0.977768 -0.148273
vn -0.023015 -0.999470 -0.023015
vn -0.193730 -0.977768 -0.080246
vn -0.433242 -0.883232 -0.179454
vn -0.331596 -0.883226 -0.331596
vn -0.148274 -0.977768 -0.148273
vn -0.433242 -0.883232 -0.179454
vn -0.598609 -0.761700 -0.247952
vn -0.458156 -0.761700 -0.458156
vn -0.331596 -0.883226 -0.331596
vn -0.598609 -0.761700 -0.247952
vn -0.703780 -0.647853 -0.291514
vn -0.538638 -0.647875 -0.538635
vn -0.458156 -0.761700 -0.458156
vn -0.703780 -0.647853 -0.291514
vn -0.811609 -0.477781 -0.336180
vn -0.621176 -0.477781 -0.621180
vn -0.538638 -0.647875 -0.538635
vn -0.811609 -0.477781 -0.336180
vn -0.892428 -0.258704 -0.369656
vn -0.683040 -0.258685 -0.683037
vn -0.621176 -0.477781 -0.621180
vn -0.892428 -0.258704 -0.369656
vn -0.920651 -0.083521 -0.381347
vn -0.704636 -0.083525 -0.704636
vn -0.683040 -0.258685 -0.683037
vn -0.920651 -0.083521 -0.381347
vn -0.914453 -0.142485 -0.378779
vn -0.699892 -0.142486 -0.699892
vn -0.704636 -0.083525 -0.704636
vn -0.914453 -0.142485 -0.378779
vn -0.786346 -0.524948 -0.325715
vn -0.601842 -0.524949 -0.601842
vn -0.699892 -0.142486 -0.699892
vn -0.786346 -0.524948 -0.325715
vn -0.418505 -0.891518 -0.173350
vn -0.320309 -0.891518 -0.320309
vn -0.601842 -0.524949 -0.601842
vn -0.418505 -0.891518 -0.173350
vn -0.214255 -0.972738 -0.088747
vn -0.163983 -0.972738 -0.163983
vn -0.320309 -0.891518 -0.320309
vn 0.657142 -0.753767 -0.000001
vn 0.000000 -1.000000 -0.000000
vn 0.000000 -1.000000 -0.000000
vn 0.607119 -0.753768 0.251477
vn -0.117655 -0.993055 0.000000
vn -0.483779 -0.875190 0.000000
vn -0.446952 -0.875191 -0.185133
vn -0.108699 -0.993055 -0.045024
vn -0.483779 -0.875190 0.000000
vn -0.856394 -0.516323 0.000000
vn -0.791205 -0.516323 -0.327728
vn -0.446952 -0.875191 -0.185133
vn -0.856394 -0.516323 0.000000
vn -0.988483 -0.151334 0.000000
vn -0.913239 -0.151333 -0.378275
vn -0.791205 -0.516323 -0.327728
vn -0.988483 -0.151334 0.000000
vn -0.986460 -0.164002 0.000000
vn -0.911371 -0.164000 -0.377502
vn -0.913239 -0.151333 -0.378275
vn -0.986460 -0.164002 0.000000
vn -0.793056 -0.609149 0.000000
vn -0.732689 -0.609148 -0.303489
vn -0.911371 -0.164000 -0.377502
vn -0.793056 -0.609149 0.000000
vn -0.314113 -0.949386 0.000000
vn -0.290201 -0.949386 -0.120205
vn -0.732689 -0.609148 -0.303489
vn -0.314113 -0.949386 0.000000
vn -0.037576 -0.999294 0.000000
vn -0.034716 -0.999294 -0.014380
vn -0.290201 -0.949386 -0.120205
vn -0.037576 -0.999294 0.000000
vn -0.032570 -0.999469 0.000000
vn -0.030091 -0.999469 -0.012464
vn -0.034716 -0.999294 -0.014380
vn -0.032570 -0.999469 0.000000
vn -0.209689 -0.977768 0.000000
vn -0.193730 -0.977768 -0.080246
vn -0.030091 -0.999469 -0.012464
vn -0.209689 -0.977768 0.000000
vn -0.468935 -0.883232 0.000000
vn -0.433242 -0.883232 -0.179454
vn -0.193730 -0.977768 -0.080246
vn -0.468935 -0.883232 0.000000
vn -0.647930 -0.761700 0.000000
vn -0.598609 -0.761700 -0.247952
vn -0.433242 -0.883232 -0.179454
vn -0.647930 -0.761700 0.000000
vn -0.761769 -0.647848 0.000000
vn -0.703780 -0.647853 -0.291514
vn -0.598609 -0.761700 -0.247952
vn -0.761769 -0.647848 0.000000
vn -0.878479 -0.477781 -0.000000
vn -0.811609 -0.477781 -0.336180
vn -0.703780 -0.647853 -0.291514
vn -0.878479 -0.477781 -0.000000
vn -0.965958 -0.258698 0.000000
vn -0.892428 -0.258704 -0.369656
vn -0.811609 -0.477781 -0.336180
vn -0.965958 -0.258698 0.000000
vn -0.996507 -0.083511 0.000000
vn -0.920651 -0.083521 -0.381347
vn -0.892428 -0.258704 -0.369656
vn -0.996507 -0.083511 0.000000
vn -0.989797 -0.142485 0.000000
vn -0.914453 -0.142485 -0.378779
vn -0.920651 -0.083521 -0.381347
vn -0.989797 -0.142485 0.000000
vn -0.851135 -0.524947 0.000000
vn -0.786346 -0.524948 -0.325715
vn -0.914453 -0.142485 -0.378779
vn -0.851135 -0.524947 0.000000
vn -0.452987 -0.891517 0.000000
vn -0.418505 -0.891518 -0.173350
vn -0.786346 -0.524948 -0.325715
vn -0.452987 -0.891517 0.000000
vn -0.231908 -0.972738 0.000000
vn -0.214255 -0.972738 -0.088747
vn -0.418505 -0.891518 -0.173350
vn 0.607119 -0.753767 -0.251477
vn 0.000000 -1.000000 -0.000000
vn 0.000000 -1.000000 -0.000000
vn 0.657142 -0.753767 -0.000001
vn -0.108699 -0.993054 0.045025
vn -0.446952 -0.875191 0.185133
vn -0.483779 -0.875190 0.000000
vn -0.117655 -0.993055 0.000000
vn -0.446952 -0.875191 0.185133
vn -0.791204 -0.516324 0.327728
vn -0.856394 -0.516323 0.000000
vn -0.483779 -0.875190 0.000000
vn -0.791204 -0.516324 0.327728
vn -0.913239 -0.151334 0.378276
vn -0.988483 -0.151334 0.000000
vn -0.856394 -0.516323 0.000000
vn -0.913239 -0.151334 0.378276
vn -0.911370 -0.164002 0.377502
vn -0.986460 -0.164002 0.000000
vn -0.988483 -0.151334 0.000000
vn -0.911370 -0.164002 0.377502
vn -0.732688 -0.609148 0.303489
vn -0.793056 -0.609149 0.000000
vn -0.986460 -0.164002 0.000000
vn -0.732688 -0.609148 0.303489
vn -0.290202 -0.949386 0.120206
vn -0.314113 -0.949386 0.000000
vn -0.793056 -0.609149 0.000000
vn -0.290202 -0.949386 0.120206
vn -0.034716 -0.999294 0.014380
vn -0.037576 -0.999294 0.000000
vn -0.314113 -0.949386 0.000000
vn -0.034716 -0.999294 0.014380
vn -0.030091 -0.999469 0.012464
vn -0.032570 -0.999469 0.000000
vn -0.037576 -0.999294 0.000000
vn -0.030091 -0.999469 0.012464
vn -0.193727 -0.977768 0.080244
vn -0.209689 -0.977768 0.000000
vn -0.032570 -0.999469 0.000000
vn -0.193727 -0.977768 0.080244
vn -0.433240 -0.883233 0.179454
vn -0.468935 -0.883232 0.000000
vn -0.209689 -0.977768 0.000000
vn -0.433240 -0.883233 0.179454
vn -0.598609 -0.761700 0.247952
vn -0.647930 -0.761700 0.000000
vn -0.468935 -0.883232 0.000000
vn -0.598609 -0.761700 0.247952
vn -0.703779 -0.647853 0.291514
vn -0.761769 -0.647848 0.000000
vn -0.647930 -0.761700 0.000000
vn -0.703779 -0.647853 0.291514
vn -0.811609 -0.477781 0.336180
vn -0.878479 -0.477781 -0.000000
vn -0.761769 -0.647848 0.000000
vn -0.811609 -0.477781 0.336180
vn -0.892428 -0.258699 0.369658
vn -0.965958 -0.258698 0.000000
vn -0.878479 -0.477781 -0.000000
vn -0.892428 -0.258699 0.369658
vn -0.920652 -0.083516 0.381346
vn -0.996507 -0.083511 0.000000
vn -0.965958 -0.258698 0.000000
vn -0.920652 -0.083516 0.381346
vn -0.914453 -0.142484 0.378779
vn -0.989797 -0.142485 0.000000
vn -0.996507 -0.083511 0.000000
vn -0.914453 -0.142484 0.378779
vn -0.786346 -0.524947 0.325715
vn -0.851135 -0.524947 0.000000
vn -0.989797 -0.142485 0.000000
vn -0.786346 -0.524947 0.325715
vn -0.418504 -0.891518 0.173350
vn -0.452987 -0.891517 0.000000
vn -0.851135 -0.524947 0.000000
vn -0.418504 -0.891518 0.173350
vn -0.214254 -0.972738 0.088747
vn -0.231908 -0.972738 0.000000
vn -0.452987 -0.891517 0.000000
vn 0.464669 -0.753767 -0.464669
vn 0.000000 -1.000000 -0.000000
vn 0.000000 -1.000000 -0.000000
vn 0.607119 -0.753767 -0.251477
vn -0.083195 -0.993055 0.083195
vn -0.342083 -0.875190 0.342083
vn -0.446952 -0.875191 0.185133
vn -0.108699 -0.993054 0.045025
vn -0.342083 -0.875190 0.342083
vn -0.605561 -0.516324 0.605562
vn -0.791204 -0.516324 0.327728
vn -0.446952 -0.875191 0.185133
vn -0.605561 -0.516324 0.605562
vn -0.698963 -0.151335 0.698963
vn -0.913239 -0.151334 0.378276
vn -0.791204 -0.516324 0.327728
vn -0.698963 -0.151335 0.698963
vn -0.697532 -0.164001 0.697533
vn -0.911370 -0.164002 0.377502
vn -0.913239 -0.151334 0.378276
vn -0.697532 -0.164001 0.697533
vn -0.560776 -0.609148 0.560776
vn -0.732688 -0.609148 0.303489
vn -0.911370 -0.164002 0.377502
vn -0.560776 -0.609148 0.560776
vn -0.222111 -0.949386 0.222111
vn -0.290202 -0.949386 0.120206
vn -0.732688 -0.609148 0.303489
vn -0.222111 -0.949386 0.222111
vn -0.026570 -0.999294 0.026570
vn -0.034716 -0.999294 0.014380
vn -0.290202 -0.949386 0.120206
vn -0.026570 -0.999294 0.026570
vn -0.023016 -0.999470 0.023015
vn -0.030091 -0.999469 0.012464
vn -0.034716 -0.999294 0.014380
vn -0.023016 -0.999470 0.023015
vn -0.148276 -0.977767 0.148275
vn -0.193727 -0.977768 0.080244
vn -0.030091 -0.999469 0.012464
vn -0.148276 -0.977767 0.148275
vn -0.331598 -0.883224 0.331599
vn -0.433240 -0.883233 0.179454
vn -0.193727 -0.977768 0.080244
vn -0.331598 -0.883224 0.331599
vn -0.458156 -0.761699 0.458156
vn -0.598609 -0.761700 0.247952
vn -0.433240 -0.883233 0.179454
vn -0.458156 -0.761699 0.458156
vn -0.538642 -0.647866 0.538642
vn -0.703779 -0.647853 0.291514
vn -0.598609 -0.761700 0.247952
vn -0.538642 -0.647866 0.538642
vn -0.621178 -0.477781 0.621178
vn -0.811609 -0.477781 0.336180
vn -0.703779 -0.647853 0.291514
vn -0.621178 -0.477781 0.621178
vn -0.683035 -0.258696 0.683037
vn -0.892428 -0.258699 0.369658
vn -0.811609 -0.477781 0.336180
vn -0.683035 -0.258696 0.683037
vn -0.704636 -0.083525 0.704636
vn -0.920652 -0.083516 0.381346
vn -0.892428 -0.258699 0.369658
vn -0.704636 -0.083525 0.704636
vn -0.699892 -0.142484 0.699892
vn -0.914453 -0.142484 0.378779
vn -0.920652 -0.083516 0.381346
vn -0.699892 -0.142484 0.699892
vn -0.601843 -0.524948 0.601843
vn -0.786346 -0.524947 0.325715
vn -0.914453 -0.142484 0.378779
vn -0.601843 -0.524948 0.601843
vn -0.320309 -0.891518 0.320309
vn -0.418504 -0.891518 0.173350
vn -0.786346 -0.524947 0.325715
vn -0.320309 -0.891518 0.320309
vn -0.163983 -0.972738 0.163983
vn -0.214254 -0.972738 0.088747
vn -0.418504 -0.891518 0.173350
vn 0.251477 -0.753767 -0.607120
vn -0.000000 -1.000000 -0.000000
vn 0.000000 -1.000000 -0.000000
vn 0.464669 -0.753767 -0.464669
vn -0.045025 -0.993055 0.108699
vn -0.185133 -0.875191 0.446952
vn -0.342083 -0.875190 0.342083
vn -0.083195 -0.993055 0.083195
vn -0.185133 -0.875191 0.446952
vn -0.327727 -0.516327 0.791202
vn -0.605561 -0.516324 0.605562
vn -0.342083 -0.875190 0.342083
vn -0.327727 -0.516327 0.791202
vn -0.378275 -0.151337 0.913239
vn -0.698963 -0.151335 0.698963
vn -0.605561 -0.516324 0.605562
vn -0.378275 -0.151337 0.913239
vn -0.377502 -0.163999 0.911371
vn -0.697532 -0.164001 0.697533
vn -0.698963 -0.151335 0.698963
vn -0.377502 -0.163999 0.911371
vn -0.303490 -0.609147 0.732689
vn -0.560776 -0.609148 0.560776
vn -0.697532 -0.164001 0.697533
vn -0.303490 -0.609147 0.732689
vn -0.120202 -0.949389 0.290192
vn -0.222111 -0.949386 0.222111
vn -0.560776 -0.609148 0.560776
vn -0.120202 -0.949389 0.290192
vn -0.014377 -0.999294 0.034708
vn -0.026570 -0.999294 0.026570
vn -0.222111 -0.949386 0.222111
vn -0.014377 -0.999294 0.034708
vn -0.012464 -0.999469 0.030091
vn -0.023016 -0.999470 0.023015
vn -0.026570 -0.999294 0.026570
vn -0.012464 -0.999469 0.030091
vn -0.080252 -0.977764 0.193746
vn -0.148276 -0.977767 0.148275
vn -0.023016 -0.999470 0.023015
vn -0.080252 -0.977764 0.193746
vn -0.179459 -0.883225 0.433253
vn -0.331598 -0.883224 0.331599
vn -0.148276 -0.977767 0.148275
vn -0.179459 -0.883225 0.433253
vn -0.247952 -0.761699 0.598610
vn -0.458156 -0.761699 0.458156
vn -0.331598 -0.883224 0.331599
vn -0.247952 -0.761699 0.598610
vn -0.291511 -0.647863 0.703772
vn -0.538642 -0.647866 0.538642
vn -0.458156 -0.761699 0.458156
vn -0.291511 -0.647863 0.703772
vn -0.336179 -0.477782 0.811608
vn -0.621178 -0.477781 0.621178
vn -0.538642 -0.647866 0.538642
vn -0.336179 -0.477782 0.811608
vn -0.369656 -0.258697 0.892429
vn -0.683035 -0.258696 0.683037
vn -0.621178 -0.477781 0.621178
vn -0.369656 -0.258697 0.892429
vn -0.381346 -0.083524 0.920651
vn -0.704636 -0.083525 0.704636
vn -0.683035 -0.258696 0.683037
vn -0.381346 -0.083524 0.920651
vn -0.378779 -0.142484 0.914453
vn -0.699892 -0.142484 0.699892
vn -0.704636 -0.083525 0.704636
vn -0.378779 -0.142484 0.914453
vn -0.325715 -0.524946 0.786347
vn -0.601843 -0.524948 0.601843
vn -0.699892 -0.142484 0.699892
vn -0.325715 -0.524946 0.786347
vn -0.173350 -0.891518 0.418504
vn -0.320309 -0.891518 0.320309
vn -0.601843 -0.524948 0.601843
vn -0.173350 -0.891518 0.418504
vn -0.088746 -0.972739 0.214251
vn -0.163983 -0.972738 0.163983
vn -0.320309 -0.891518 0.320309
vn -0.000001 -0.753767 -0.657141
vn -0.000000 -1.000000 -0.000000
vn -0.000000 -1.000000 -0.000000
vn 0.251477 -0.753767 -0.607120
vn -0.000000 -0.993053 0.117667
vn -0.000000 -0.875190 0.483779
vn -0.185133 -0.875191 0.446952
vn -0.045025 -0.993055 0.108699
vn -0.000000 -0.875190 0.483779
vn 0.000000 -0.516330 0.856390
vn -0.327727 -0.516327 0.791202
vn -0.185133 -0.875191 0.446952
vn 0.000000 -0.516330 0.856390
vn 0.000000 -0.151334 0.988483
vn -0.378275 -0.151337 0.913239
vn -0.327727 -0.516327 0.791202
vn 0.000000 -0.151334 0.988483
vn 0.000000 -0.163997 0.986461
vn -0.377502 -0.163999 0.911371
vn -0.378275 -0.151337 0.913239
vn 0.000000 -0.163997 0.986461
vn -0.000000 -0.609146 0.793058
vn -0.303490 -0.609147 0.732689
vn -0.377502 -0.163999 0.911371
vn -0.000000 -0.609146 0.793058
vn -0.000000 -0.949389 0.314102
vn -0.120202 -0.949389 0.290192
vn -0.303490 -0.609147 0.732689
vn -0.000000 -0.949389 0.314102
vn 0.000000 -0.999294 0.037568
vn -0.014377 -0.999294 0.034708
vn -0.120202 -0.949389 0.290192
vn 0.000000 -0.999294 0.037568
vn -0.000000 -0.999469 0.032570
vn -0.012464 -0.999469 0.030091
vn -0.014377 -0.999294 0.034708
vn -0.000000 -0.999469 0.032570
vn 0.000000 -0.977764 0.209709
vn -0.080252 -0.977764 0.193746
vn -0.012464 -0.999469 0.030091
vn 0.000000 -0.977764 0.209709
vn 0.000000 -0.883222 0.468955
vn -0.179459 -0.883225 0.433253
vn -0.080252 -0.977764 0.193746
vn 0.000000 -0.883222 0.468955
vn 0.000000 -0.761697 0.647934
vn -0.247952 -0.761699 0.598610
vn -0.179459 -0.883225 0.433253
vn 0.000000 -0.761697 0.647934
vn -0.000000 -0.647867 0.761754
vn -0.291511 -0.647863 0.703772
vn -0.247952 -0.761699 0.598610
vn -0.000000 -0.647867 0.761754
vn -0.000000 -0.477781 0.878479
vn -0.336179 -0.477782 0.811608
vn -0.291511 -0.647863 0.703772
vn -0.000000 -0.477781 0.878479
vn 0.000000 -0.258696 0.965959
vn -0.369656 -0.258697 0.892429
vn -0.336179 -0.477782 0.811608
vn 0.000000 -0.258696 0.965959
vn 0.000000 -0.083527 0.996506
vn -0.381346 -0.083524 0.920651
vn -0.369656 -0.258697 0.892429
vn 0.000000 -0.083527 0.996506
vn -0.000000 -0.142485 0.989797
vn -0.378779 -0.142484 0.914453
vn -0.381346 -0.083524 0.920651
vn -0.000000 -0.142485 0.989797
vn -0.000000 -0.524946 0.851135
vn -0.325715 -0.524946 0.786347
vn -0.378779 -0.142484 0.914453
vn -0.000000 -0.524946 0.851135
vn -0.000000 -0.891519 0.452984
vn -0.173350 -0.891518 0.418504
vn -0.325715 -0.524946 0.786347
vn -0.000000 -0.891519 0.452984
vn -0.000000 -0.972740 0.231900
vn -0.088746 -0.972739 0.214251
vn -0.173350 -0.891518 0.418504
vn -0.000001 -0.753767 -0.657141
vn -0.000001 0.000000 -1.000000
vn -0.382683 -0.000000 -0.923880
vn -0.251477 -0.753767 -0.607120
vn -0.251477 -0.753767 -0.607120
vn -0.382683 -0.000000 -0.923880
vn -0.707107 -0.000000 -0.707107
vn -0.464669 -0.753767 -0.464669
vn -0.464669 -0.753767 -0.464669
vn -0.707107 -0.000000 -0.707107
vn -0.923880 0.000000 -0.382683
vn -0.607119 -0.753767 -0.251477
vn -0.607119 -0.753767 -0.251477
vn -0.923880 0.000000 -0.382683
vn -1.000000 0.000000 0.000000
vn -0.657141 -0.753767 0.000000
vn -0.657141 -0.753767 0.000000
vn -1.000000 0.000000 0.000000
vn -0.923879 0.000000 0.382684
vn -0.607119 -0.753767 0.251477
vn -0.607119 -0.753767 0.251477
vn -0.923879 0.000000 0.382684
vn -0.707107 0.000000 0.707107
vn -0.464669 -0.753767 0.464669
vn -0.464669 -0.753767 0.464669
vn -0.707107 0.000000 0.707107
vn -0.382684 0.000000 0.923880
vn -0.251477 -0.753768 0.607119
vn -0.251477 -0.753768 0.607119
vn -0.382684 0.000000 0.923880
vn 0.000001 0.000000 1.000000
vn 0.000000 -0.753767 0.657141
vn 0.000000 -0.753767 0.657141
vn 0.000001 0.000000 1.000000
vn 0.382683 0.000000 0.923880
vn 0.251477 -0.753767 0.607120
vn 0.251477 -0.753767 0.607120
vn 0.382683 0.000000 0.923880
vn 0.707106 -0.000000 0.707107
vn 0.464669 -0.753767 0.464669
vn 0.464669 -0.753767 0.464669
vn 0.707106 -0.000000 0.707107
vn 0.923880 -0.000000 0.382683
vn 0.607119 -0.753768 0.251477
vn 0.607119 -0.753768 0.251477
vn 0.923880 -0.000000 0.382683
vn 1.000000 0.000000 -0.000001
vn 0.657142 -0.753767 -0.000001
vn 0.657142 -0.753767 -0.000001
vn 1.000000 0.000000 -0.000001
vn 0.923880 -0.000000 -0.382684
vn 0.607119 -0.753767 -0.251477
vn 0.607119 -0.753767 -0.251477
vn 0.923880 -0.000000 -0.382684
vn 0.707107 -0.000000 -0.707107
vn 0.464669 -0.753767 -0.464669
vn 0.464669 -0.753767 -0.464669
vn 0.707107 -0.000000 -0.707107
vn 0.382683 0.000000 -0.923880
vn 0.251477 -0.753767 -0.607120
vn 0.251477 -0.753767 -0.607120
vn 0.382683 0.000000 -0.923880
vn -0.000001 0.000000 -1.000000
vn -0.000001 -0.753767 -0.657141
vn 0.045029 -0.993053 0.108710
vn -0.000000 -0.993053 0.117667
vn -0.000000 -1.000000 -0.000000
vn 0.000000 -1.000000 -0.000000
vn 0.083204 -0.993053 0.083204
vn 0.045029 -0.993053 0.108710
vn 0.000000 -1.000000 -0.000000
vn 0.000000 -1.000000 -0.000000
vn 0.108699 -0.993054 0.045025
vn 0.083204 -0.993053 0.083204
vn 0.000000 -1.000000 -0.000000
vn 0.000000 -1.000000 -0.000000
vn 0.117655 -0.993055 0.000000
vn 0.108699 -0.993054 0.045025
vn 0.000000 -1.000000 -0.000000
vn 0.000000 -1.000000 -0.000000
vn 0.108700 -0.993054 -0.045025
vn 0.117655 -0.993055 0.000000
vn 0.000000 -1.000000 -0.000000
vn 0.000000 -1.000000 -0.000000
vn 0.083202 -0.993053 -0.083202
vn 0.108700 -0.993054 -0.045025
vn 0.000000 -1.000000 -0.000000
vn 0.000000 -1.000000 -0.000000
vn 0.045029 -0.993053 -0.108709
vn 0.083202 -0.993053 -0.083202
vn 0.000000 -1.000000 -0.000000
vn 0.000000 -1.000000 -0.000000
vn -0.000000 -0.993053 -0.117667
vn 0.045029 -0.993053 -0.108709
vn 0.000000 -1.000000 -0.000000
vn -0.000000 -1.000000 0.000000
vn -0.045025 -0.993054 -0.108700
vn -0.000000 -0.993053 -0.117667
vn -0.000000 -1.000000 0.000000
vn -0.000000 -1.000000 0.000000
vn -0.083195 -0.993054 -0.083195
vn -0.045025 -0.993054 -0.108700
vn -0.000000 -1.000000 0.000000
vn 0.000000 -1.000000 -0.000000
vn -0.108699 -0.993055 -0.045024
vn -0.083195 -0.993054 -0.083195
vn 0.000000 -1.000000 -0.000000
vn 0.000000 -1.000000 -0.000000
vn -0.117655 -0.993055 0.000000
vn -0.108699 -0.993055 -0.045024
vn 0.000000 -1.000000 -0.000000
vn 0.000000 -1.000000 -0.000000
vn -0.108699 -0.993054 0.045025
vn -0.117655 -0.993055 0.000000
vn 0.000000 -1.000000 -0.000000
vn 0.000000 -1.000000 -0.000000
vn -0.083195 -0.993055 0.083195
vn -0.108699 -0.993054 0.045025
vn 0.000000 -1.000000 -0.000000
vn 0.000000 -1.000000 -0.000000
vn -0.045025 -0.993055 0.108699
vn -0.083195 -0.993055 0.083195
vn 0.000000 -1.000000 -0.000000
vn -0.000000 -1.000000 -0.000000
vn -0.000000 -0.993053 0.117667
vn -0.045025 -0.993055 0.108699
vn -0.000000 -1.000000 -0.000000
vn -0.000000 -1.000000 -0.000000
vn -0.000001 -0.000000 -1.000000
vn -0.382683 -0.000000 -0.923880
vn -0.382683 -0.000000 -0.923880
vn -0.000001 0.000000 -1.000000
vn -0.382683 -0.000000 -0.923880
vn -0.707106 0.000000 -0.707107
vn -0.707107 -0.000000 -0.707107
vn -0.382683 -0.000000 -0.923880
vn -0.707106 0.000000 -0.707107
vn -0.923880 0.000000 -0.382683
vn -0.923880 0.000000 -0.382683
vn -0.707107 -0.000000 -0.707107
vn -0.923880 0.000000 -0.382683
vn -1.000000 0.000000 0.000001
vn -1.000000 0.000000 0.000000
vn -0.923880 0.000000 -0.382683
vn -1.000000 0.000000 0.000001
vn -0.923879 0.000000 0.382684
vn -0.923879 0.000000 0.382684
vn -1.000000 0.000000 0.000000
vn -0.923879 0.000000 0.382684
vn -0.707107 0.000000 0.707107
vn -0.707107 0.000000 0.707107
vn -0.923879 0.000000 0.382684
vn -0.707107 0.000000 0.707107
vn -0.382684 0.000000 0.923880
vn -0.382684 0.000000 0.923880
vn -0.707107 0.000000 0.707107
vn -0.382684 0.000000 0.923880
vn 0.000001 0.000000 1.000000
vn 0.000001 0.000000 1.000000
vn -0.382684 0.000000 0.923880
vn 0.000001 0.000000 1.000000
vn 0.382683 -0.000000 0.923880
vn 0.382683 0.000000 0.923880
vn 0.000001 0.000000 1.000000
vn 0.382683 -0.000000 0.923880
vn 0.707106 -0.000000 0.707107
vn 0.707106 -0.000000 0.707107
vn 0.382683 0.000000 0.923880
vn 0.707106 -0.000000 0.707107
vn 0.923880 0.000000 0.382683
vn 0.923880 -0.000000 0.382683
vn 0.707106 -0.000000 0.707107
vn 0.923880 0.000000 0.382683
vn 1.000000 -0.000000 -0.000001
vn 1.000000 0.000000 -0.000001
vn 0.923880 -0.000000 0.382683
vn 1.000000 -0.000000 -0.000001
vn 0.923879 -0.000000 -0.382684
vn 0.923880 -0.000000 -0.382684
vn 1.000000 0.000000 -0.000001
vn 0.923879 -0.000000 -0.382684
vn 0.707107 0.000000 -0.707107
vn 0.707107 -0.000000 -0.707107
vn 0.923880 -0.000000 -0.382684
vn 0.707107 0.000000 -0.707107
vn 0.382683 0.000000 -0.923880
vn 0.382683 0.000000 -0.923880
vn 0.707107 -0.000000 -0.707107
vn 0.382683 0.000000 -0.923880
vn -0.000001 -0.000000 -1.000000
vn -0.000001 0.000000 -1.000000
vn 0.382683 0.000000 -0.923880
vn -0.106065 -0.993114 0.049747
vn -0.111519 -0.976977 0.181876
vn -0.394683 -0.903857 0.165131
vn -0.390226 -0.919554 0.046310
vn -0.109569 -0.935169 0.336829
vn -0.393164 -0.865273 0.311006
vn -0.394683 -0.903857 0.165131
vn -0.111519 -0.976977 0.181876
vn -0.104349 -0.860167 0.499223
vn -0.381703 -0.803023 0.457664
vn -0.393164 -0.865273 0.311006
vn -0.109569 -0.935169 0.336829
vn -0.104349 -0.860167 0.499223
vn -0.100961 -0.757178 0.645359
vn -0.376422 -0.712566 0.592078
vn -0.381703 -0.803023 0.457664
vn -0.100961 -0.757178 0.645359
vn -0.097290 -0.643730 0.759043
vn -0.370902 -0.605657 0.703997
vn -0.376422 -0.712566 0.592078
vn -0.097290 -0.643730 0.759043
vn -0.092352 -0.539160 0.837124
vn -0.379256 -0.507858 0.773463
vn -0.370902 -0.605657 0.703997
vn -0.079728 -0.459113 0.884793
vn -0.355888 -0.427991 0.830763
vn -0.379256 -0.507858 0.773463
vn -0.092352 -0.539160 0.837124
vn -0.106989 -0.343305 0.933110
vn -0.388058 -0.317068 0.865378
vn -0.355888 -0.427991 0.830763
vn -0.079728 -0.459113 0.884793
vn -0.106989 -0.343305 0.933110
vn -0.081481 -0.194275 0.977557
vn -0.347109 -0.195934 0.917129
vn -0.388058 -0.317068 0.865378
vn -0.081481 -0.194275 0.977557
vn -0.061512 -0.065932 0.995926
vn -0.316997 -0.070040 0.945837
vn -0.347109 -0.195934 0.917129
vn -0.048527 -0.173127 0.983703
vn -0.293374 -0.162768 0.942039
vn -0.316997 -0.070040 0.945837
vn -0.061512 -0.065932 0.995926
vn -0.048527 -0.173127 0.983703
vn -0.037658 -0.582216 0.812161
vn -0.233949 -0.552247 0.800182
vn -0.293374 -0.162768 0.942039
vn -0.015441 -0.911424 0.411178
vn -0.136427 -0.887186 0.440783
vn -0.233949 -0.552247 0.800182
vn -0.037658 -0.582216 0.812161
vn -0.005440 -0.981127 0.193290
vn -0.076584 -0.965820 0.247643
vn -0.136427 -0.887186 0.440783
vn -0.015441 -0.911424 0.411178
vn -0.913795 -0.400224 0.069281
vn -0.917349 -0.397687 0.017756
vn -0.707075 -0.706353 0.033327
vn -0.706656 -0.696781 0.123020
vn -0.916393 -0.378967 0.128871
vn -0.913795 -0.400224 0.069281
vn -0.706656 -0.696781 0.123020
vn -0.708626 -0.664226 0.238019
vn -0.912608 -0.358053 0.197343
vn -0.916393 -0.378967 0.128871
vn -0.708626 -0.664226 0.238019
vn -0.699799 -0.623332 0.348910
vn -0.915543 -0.318286 0.245916
vn -0.912608 -0.358053 0.197343
vn -0.699799 -0.623332 0.348910
vn -0.695620 -0.559924 0.450108
vn -0.901507 -0.294962 0.316674
vn -0.915543 -0.318286 0.245916
vn -0.695620 -0.559924 0.450108
vn -0.678374 -0.482350 0.554209
vn -0.709166 -0.392219 0.585873
vn -0.924888 -0.218790 0.310987
vn -0.901507 -0.294962 0.316674
vn -0.678374 -0.482350 0.554209
vn -0.924944 -0.181332 0.334063
vn -0.924888 -0.218790 0.310987
vn -0.709166 -0.392219 0.585873
vn -0.698468 -0.327962 0.636068
vn -0.699233 -0.248842 0.670187
vn -0.921215 -0.142683 0.361945
vn -0.924944 -0.181332 0.334063
vn -0.698468 -0.327962 0.636068
vn -0.900543 -0.096116 0.424009
vn -0.921215 -0.142683 0.361945
vn -0.699233 -0.248842 0.670187
vn -0.665046 -0.160726 0.729301
vn -0.920960 -0.051257 0.386271
vn -0.900543 -0.096116 0.424009
vn -0.665046 -0.160726 0.729301
vn -0.672595 -0.070201 0.736673
vn -0.890948 -0.152085 0.427881
vn -0.920960 -0.051257 0.386271
vn -0.672595 -0.070201 0.736673
vn -0.629508 -0.159584 0.760430
vn -0.566016 -0.504566 0.651950
vn -0.757183 -0.535507 0.374040
vn -0.890948 -0.152085 0.427881
vn -0.629508 -0.159584 0.760430
vn -0.323848 -0.867077 0.378550
vn -0.409948 -0.891137 0.194466
vn -0.757183 -0.535507 0.374040
vn -0.566016 -0.504566 0.651950
vn -0.179925 -0.963014 0.200579
vn -0.210120 -0.972656 0.098947
vn -0.409948 -0.891137 0.194466
vn -0.323848 -0.867077 0.378550
vn -0.992666 -0.120839 0.003618
vn -0.992903 -0.118926 -0.000000
vn -0.919764 -0.392471 -0.000000
vn -0.917349 -0.397687 0.017756
vn -0.991361 -0.129590 0.020263
vn -0.992666 -0.120839 0.003618
vn -0.917349 -0.397687 0.017756
vn -0.913795 -0.400224 0.069281
vn -0.991942 -0.121534 0.035784
vn -0.991361 -0.129590 0.020263
vn -0.913795 -0.400224 0.069281
vn -0.916393 -0.378967 0.128871
vn -0.991119 -0.118811 0.059721
vn -0.991942 -0.121534 0.035784
vn -0.916393 -0.378967 0.128871
vn -0.912608 -0.358053 0.197343
vn -0.992077 -0.104403 0.069885
vn -0.991119 -0.118811 0.059721
vn -0.912608 -0.358053 0.197343
vn -0.915543 -0.318286 0.245916
vn -0.991492 -0.096360 0.087518
vn -0.992077 -0.104403 0.069885
vn -0.915543 -0.318286 0.245916
vn -0.901507 -0.294962 0.316674
vn -0.924888 -0.218790 0.310987
vn -0.994635 -0.067649 0.078259
vn -0.991492 -0.096360 0.087518
vn -0.901507 -0.294962 0.316674
vn -0.994866 -0.057986 0.082946
vn -0.994635 -0.067649 0.078259
vn -0.924888 -0.218790 0.310987
vn -0.924944 -0.181332 0.334063
vn -0.921215 -0.142683 0.361945
vn -0.994346 -0.049916 0.093730
vn -0.994866 -0.057986 0.082946
vn -0.924944 -0.181332 0.334063
vn -0.992566 -0.038021 0.115621
vn -0.994346 -0.049916 0.093730
vn -0.921215 -0.142683 0.361945
vn -0.900543 -0.096116 0.424009
vn -0.995347 -0.027970 0.092204
vn -0.992566 -0.038021 0.115621
vn -0.900543 -0.096116 0.424009
vn -0.920960 -0.051257 0.386271
vn -0.983370 -0.137357 0.118811
vn -0.995347 -0.027970 0.092204
vn -0.920960 -0.051257 0.386271
vn -0.890948 -0.152085 0.427881
vn -0.983370 -0.137357 0.118811
vn -0.890948 -0.152085 0.427881
vn -0.757183 -0.535507 0.374040
vn -0.885463 -0.454899 0.094980
vn -0.885463 -0.454899 0.094980
vn -0.757183 -0.535507 0.374040
vn -0.409948 -0.891137 0.194466
vn -0.587656 -0.805881 0.072223
vn -0.362747 -0.930797 0.045080
vn -0.587656 -0.805881 0.072223
vn -0.409948 -0.891137 0.194466
vn -0.210120 -0.972656 0.098947
vn -0.706656 -0.696781 0.123020
vn -0.707075 -0.706353 0.033327
vn -0.390226 -0.919554 0.046310
vn -0.394683 -0.903857 0.165131
vn -0.708626 -0.664226 0.238019
vn -0.706656 -0.696781 0.123020
vn -0.394683 -0.903857 0.165131
vn -0.393164 -0.865273 0.311006
vn -0.699799 -0.623332 0.348910
vn -0.708626 -0.664226 0.238019
vn -0.393164 -0.865273 0.311006
vn -0.381703 -0.803023 0.457664
vn -0.695620 -0.559924 0.450108
vn -0.699799 -0.623332 0.348910
vn -0.381703 -0.803023 0.457664
vn -0.376422 -0.712566 0.592078
vn -0.678374 -0.482350 0.554209
vn -0.695620 -0.559924 0.450108
vn -0.376422 -0.712566 0.592078
vn -0.370902 -0.605657 0.703997
vn -0.709166 -0.392219 0.585873
vn -0.678374 -0.482350 0.554209
vn -0.370902 -0.605657 0.703997
vn -0.379256 -0.507858 0.773463
vn -0.698468 -0.327962 0.636068
vn -0.709166 -0.392219 0.585873
vn -0.379256 -0.507858 0.773463
vn -0.355888 -0.427991 0.830763
vn -0.388058 -0.317068 0.865378
vn -0.699233 -0.248842 0.670187
vn -0.698468 -0.327962 0.636068
vn -0.355888 -0.427991 0.830763
vn -0.665046 -0.160726 0.729301
vn -0.699233 -0.248842 0.670187
vn -0.388058 -0.317068 0.865378
vn -0.347109 -0.195934 0.917129
vn -0.672595 -0.070201 0.736673
vn -0.665046 -0.160726 0.729301
vn -0.347109 -0.195934 0.917129
vn -0.316997 -0.070040 0.945837
vn -0.629508 -0.159584 0.760430
vn -0.672595 -0.070201 0.736673
vn -0.316997 -0.070040 0.945837
vn -0.293374 -0.162768 0.942039
vn -0.629508 -0.159584 0.760430
vn -0.293374 -0.162768 0.942039
vn -0.233949 -0.552247 0.800182
vn -0.566016 -0.504566 0.651950
vn -0.136427 -0.887186 0.440783
vn -0.323848 -0.867077 0.378550
vn -0.566016 -0.504566 0.651950
vn -0.233949 -0.552247 0.800182
vn -0.076584 -0.965820 0.247643
vn -0.179925 -0.963014 0.200579
vn -0.323848 -0.867077 0.378550
vn -0.136427 -0.887186 0.440783
vn -0.390226 -0.919554 0.046310
vn -0.392879 -0.919590 -0.000000
vn -0.106004 -0.994366 -0.000000
vn -0.106065 -0.993114 0.049747
vn -0.106061 -0.993114 -0.049749
vn -0.390226 -0.919554 -0.046310
vn -0.394682 -0.903857 -0.165130
vn -0.111515 -0.976978 -0.181873
vn -0.394682 -0.903857 -0.165130
vn -0.393165 -0.865272 -0.311006
vn -0.109569 -0.935169 -0.336829
vn -0.111515 -0.976978 -0.181873
vn -0.393165 -0.865272 -0.311006
vn -0.381704 -0.803023 -0.457663
vn -0.104349 -0.860166 -0.499224
vn -0.109569 -0.935169 -0.336829
vn -0.104349 -0.860166 -0.499224
vn -0.381704 -0.803023 -0.457663
vn -0.376422 -0.712567 -0.592077
vn -0.100959 -0.757179 -0.645358
vn -0.100959 -0.757179 -0.645358
vn -0.376422 -0.712567 -0.592077
vn -0.370903 -0.605658 -0.703995
vn -0.097289 -0.643731 -0.759042
vn -0.097289 -0.643731 -0.759042
vn -0.370903 -0.605658 -0.703995
vn -0.379256 -0.507857 -0.773464
vn -0.092349 -0.539159 -0.837126
vn -0.379256 -0.507857 -0.773464
vn -0.355888 -0.427991 -0.830763
vn -0.079725 -0.459113 -0.884793
vn -0.092349 -0.539159 -0.837126
vn -0.355888 -0.427991 -0.830763
vn -0.388058 -0.317068 -0.865378
vn -0.106988 -0.343306 -0.933110
vn -0.079725 -0.459113 -0.884793
vn -0.106988 -0.343306 -0.933110
vn -0.388058 -0.317068 -0.865378
vn -0.347111 -0.195934 -0.917128
vn -0.081483 -0.194274 -0.977557
vn -0.081483 -0.194274 -0.977557
vn -0.347111 -0.195934 -0.917128
vn -0.316995 -0.070039 -0.945838
vn -0.061509 -0.065931 -0.995927
vn -0.316995 -0.070039 -0.945838
vn -0.294444 -0.161940 -0.941848
vn -0.048884 -0.173338 -0.983648
vn -0.061509 -0.065931 -0.995927
vn -0.048884 -0.173338 -0.983648
vn -0.294444 -0.161940 -0.941848
vn -0.234604 -0.552761 -0.799635
vn -0.037913 -0.581971 -0.812325
vn -0.234604 -0.552761 -0.799635
vn -0.136428 -0.887186 -0.440783
vn -0.015462 -0.911489 -0.411034
vn -0.037913 -0.581971 -0.812325
vn -0.136428 -0.887186 -0.440783
vn -0.076585 -0.965820 -0.247643
vn -0.005707 -0.981092 -0.193458
vn -0.015462 -0.911489 -0.411034
vn -0.710430 -0.703768 -0.000000
vn -0.919764 -0.392471 -0.000000
vn -0.917349 -0.397687 -0.017756
vn -0.707075 -0.706353 -0.033326
vn -0.707075 -0.706353 -0.033326
vn -0.917349 -0.397687 -0.017756
vn -0.913795 -0.400224 -0.069281
vn -0.706656 -0.696781 -0.123020
vn -0.706656 -0.696781 -0.123020
vn -0.913795 -0.400224 -0.069281
vn -0.916393 -0.378967 -0.128871
vn -0.708627 -0.664225 -0.238019
vn -0.708627 -0.664225 -0.238019
vn -0.916393 -0.378967 -0.128871
vn -0.912608 -0.358053 -0.197343
vn -0.699799 -0.623332 -0.348910
vn -0.699799 -0.623332 -0.348910
vn -0.912608 -0.358053 -0.197343
vn -0.915544 -0.318286 -0.245915
vn -0.695620 -0.559924 -0.450108
vn -0.695620 -0.559924 -0.450108
vn -0.915544 -0.318286 -0.245915
vn -0.901507 -0.294961 -0.316674
vn -0.678375 -0.482349 -0.554208
vn -0.709168 -0.392218 -0.585872
vn -0.678375 -0.482349 -0.554208
vn -0.901507 -0.294961 -0.316674
vn -0.924888 -0.218790 -0.310987
vn -0.709168 -0.392218 -0.585872
vn -0.924888 -0.218790 -0.310987
vn -0.924943 -0.181332 -0.334063
vn -0.698470 -0.327961 -0.636067
vn -0.699233 -0.248842 -0.670187
vn -0.698470 -0.327961 -0.636067
vn -0.924943 -0.181332 -0.334063
vn -0.921215 -0.142683 -0.361944
vn -0.699233 -0.248842 -0.670187
vn -0.921215 -0.142683 -0.361944
vn -0.900543 -0.096116 -0.424009
vn -0.665046 -0.160726 -0.729301
vn -0.665046 -0.160726 -0.729301
vn -0.900543 -0.096116 -0.424009
vn -0.920960 -0.051257 -0.386272
vn -0.672595 -0.070201 -0.736673
vn -0.672595 -0.070201 -0.736673
vn -0.920960 -0.051257 -0.386272
vn -0.891589 -0.151216 -0.426852
vn -0.628377 -0.158320 -0.761628
vn -0.891589 -0.151216 -0.426852
vn -0.761671 -0.533173 -0.368217
vn -0.564861 -0.505290 -0.652390
vn -0.628377 -0.158320 -0.761628
vn -0.323848 -0.867077 -0.378550
vn -0.564861 -0.505290 -0.652390
vn -0.761671 -0.533173 -0.368217
vn -0.408693 -0.892702 -0.189874
vn -0.179925 -0.963014 -0.200579
vn -0.323848 -0.867077 -0.378550
vn -0.408693 -0.892702 -0.189874
vn -0.210120 -0.972656 -0.098947
vn -0.917349 -0.397687 -0.017756
vn -0.992666 -0.120839 -0.003618
vn -0.991361 -0.129590 -0.020263
vn -0.913795 -0.400224 -0.069281
vn -0.913795 -0.400224 -0.069281
vn -0.991361 -0.129590 -0.020263
vn -0.991942 -0.121534 -0.035784
vn -0.916393 -0.378967 -0.128871
vn -0.916393 -0.378967 -0.128871
vn -0.991942 -0.121534 -0.035784
vn -0.991119 -0.118811 -0.059721
vn -0.912608 -0.358053 -0.197343
vn -0.912608 -0.358053 -0.197343
vn -0.991119 -0.118811 -0.059721
vn -0.992077 -0.104404 -0.069886
vn -0.915544 -0.318286 -0.245915
vn -0.915544 -0.318286 -0.245915
vn -0.992077 -0.104404 -0.069886
vn -0.991491 -0.096360 -0.087518
vn -0.901507 -0.294961 -0.316674
vn -0.924888 -0.218790 -0.310987
vn -0.901507 -0.294961 -0.316674
vn -0.991491 -0.096360 -0.087518
vn -0.994635 -0.067649 -0.078259
vn -0.924888 -0.218790 -0.310987
vn -0.994635 -0.067649 -0.078259
vn -0.994866 -0.057986 -0.082946
vn -0.924943 -0.181332 -0.334063
vn -0.921215 -0.142683 -0.361944
vn -0.924943 -0.181332 -0.334063
vn -0.994866 -0.057986 -0.082946
vn -0.994347 -0.049905 -0.093725
vn -0.921215 -0.142683 -0.361944
vn -0.994347 -0.049905 -0.093725
vn -0.992566 -0.038029 -0.115612
vn -0.900543 -0.096116 -0.424009
vn -0.900543 -0.096116 -0.424009
vn -0.992566 -0.038029 -0.115612
vn -0.995347 -0.027970 -0.092204
vn -0.920960 -0.051257 -0.386272
vn -0.920960 -0.051257 -0.386272
vn -0.995347 -0.027970 -0.092204
vn -0.983349 -0.136232 -0.120272
vn -0.891589 -0.151216 -0.426852
vn -0.886282 -0.451580 -0.102862
vn -0.761671 -0.533173 -0.368217
vn -0.891589 -0.151216 -0.426852
vn -0.983349 -0.136232 -0.120272
vn -0.583391 -0.808448 -0.077893
vn -0.408693 -0.892702 -0.189874
vn -0.761671 -0.533173 -0.368217
vn -0.886282 -0.451580 -0.102862
vn -0.408693 -0.892702 -0.189874
vn -0.583391 -0.808448 -0.077893
vn -0.362748 -0.930796 -0.045079
vn -0.210120 -0.972656 -0.098947
vn -0.392879 -0.919590 -0.000000
vn -0.710430 -0.703768 -0.000000
vn -0.707075 -0.706353 -0.033326
vn -0.390226 -0.919554 -0.046310
vn -0.390226 -0.919554 -0.046310
vn -0.707075 -0.706353 -0.033326
vn -0.706656 -0.696781 -0.123020
vn -0.394682 -0.903857 -0.165130
vn -0.394682 -0.903857 -0.165130
vn -0.706656 -0.696781 -0.123020
vn -0.708627 -0.664225 -0.238019
vn -0.393165 -0.865272 -0.311006
vn -0.393165 -0.865272 -0.311006
vn -0.708627 -0.664225 -0.238019
vn -0.699799 -0.623332 -0.348910
vn -0.381704 -0.803023 -0.457663
vn -0.381704 -0.803023 -0.457663
vn -0.699799 -0.623332 -0.348910
vn -0.695620 -0.559924 -0.450108
vn -0.376422 -0.712567 -0.592077
vn -0.376422 -0.712567 -0.592077
vn -0.695620 -0.559924 -0.450108
vn -0.678375 -0.482349 -0.554208
vn -0.370903 -0.605658 -0.703995
vn -0.370903 -0.605658 -0.703995
vn -0.678375 -0.482349 -0.554208
vn -0.709168 -0.392218 -0.585872
vn -0.379256 -0.507857 -0.773464
vn -0.379256 -0.507857 -0.773464
vn -0.709168 -0.392218 -0.585872
vn -0.698470 -0.327961 -0.636067
vn -0.355888 -0.427991 -0.830763
vn -0.388058 -0.317068 -0.865378
vn -0.355888 -0.427991 -0.830763
vn -0.698470 -0.327961 -0.636067
vn -0.699233 -0.248842 -0.670187
vn -0.388058 -0.317068 -0.865378
vn -0.699233 -0.248842 -0.670187
vn -0.665046 -0.160726 -0.729301
vn -0.347111 -0.195934 -0.917128
vn -0.347111 -0.195934 -0.917128
vn -0.665046 -0.160726 -0.729301
vn -0.672595 -0.070201 -0.736673
vn -0.316995 -0.070039 -0.945838
vn -0.316995 -0.070039 -0.945838
vn -0.672595 -0.070201 -0.736673
vn -0.628377 -0.158320 -0.761628
vn -0.294444 -0.161940 -0.941848
vn -0.564861 -0.505290 -0.652390
vn -0.234604 -0.552761 -0.799635
vn -0.294444 -0.161940 -0.941848
vn -0.628377 -0.158320 -0.761628
vn -0.136428 -0.887186 -0.440783
vn -0.234604 -0.552761 -0.799635
vn -0.564861 -0.505290 -0.652390
vn -0.323848 -0.867077 -0.378550
vn -0.076585 -0.965820 -0.247643
vn -0.136428 -0.887186 -0.440783
vn -0.323848 -0.867077 -0.378550
vn -0.179925 -0.963014 -0.200579
vn -0.983349 -0.136232 -0.120272
vn -0.990094 -0.140403 -0.000000
vn -0.893192 -0.449675 -0.000000
vn -0.886282 -0.451580 -0.102862
vn -0.886282 -0.451580 -0.102862
vn -0.893192 -0.449675 -0.000000
vn -0.597992 -0.801502 -0.000000
vn -0.583391 -0.808448 -0.077893
vn -0.583391 -0.808448 -0.077893
vn -0.597992 -0.801502 -0.000000
vn -0.370696 -0.928754 -0.000000
vn -0.362748 -0.930796 -0.045079
vn -0.999844 -0.017683 0.000222
vn -0.999774 -0.021252 0.000642
vn -0.999841 -0.017845 0.000258
vn -0.999847 -0.017499 0.000000
vn -0.999841 -0.017845 0.000258
vn -0.999661 -0.025730 0.003968
vn -0.999828 -0.018557 -0.000744
vn -0.999850 -0.017322 -0.000491
vn -0.999828 -0.018557 -0.000744
vn -0.999856 -0.016945 -0.001340
vn -0.999850 -0.017322 -0.000491
vn -0.999850 -0.017322 -0.000491
vn -0.999851 -0.017290 -0.000246
vn -0.999853 -0.017119 0.000490
vn -0.999841 -0.017829 0.000181
vn -0.999853 -0.017119 0.000490
vn -0.999782 -0.019059 0.008526
vn -0.999841 -0.017829 0.000181
vn -0.999841 -0.017845 0.000258
vn -0.999850 -0.017322 -0.000491
vn -0.999841 -0.017829 0.000181
vn -0.999847 -0.017499 0.000000
vn -0.999841 -0.017829 0.000181
vn -0.999849 -0.017391 -0.000062
vn -0.999847 -0.017499 0.000000
vn -0.999844 -0.017683 0.000222
vn -0.999847 -0.017499 0.000000
vn -0.999847 -0.017500 -0.000000
vn -0.992903 -0.118926 -0.000000
vn -0.999847 -0.017500 -0.000000
vn -0.999844 -0.017666 -0.000225
vn -0.992666 -0.120839 -0.003618
vn -0.992666 -0.120839 0.003618
vn -0.991361 -0.129590 0.020263
vn -0.999774 -0.021252 0.000642
vn -0.999844 -0.017683 0.000222
vn -0.991942 -0.121534 0.035784
vn -0.999841 -0.017845 0.000258
vn -0.999774 -0.021252 0.000642
vn -0.991361 -0.129590 0.020263
vn -0.991942 -0.121534 0.035784
vn -0.991119 -0.118811 0.059721
vn -0.999661 -0.025730 0.003968
vn -0.999841 -0.017845 0.000258
vn -0.992077 -0.104403 0.069885
vn -0.999828 -0.018557 -0.000744
vn -0.999661 -0.025730 0.003968
vn -0.991119 -0.118811 0.059721
vn -0.992077 -0.104403 0.069885
vn -0.991492 -0.096360 0.087518
vn -0.999856 -0.016945 -0.001340
vn -0.999828 -0.018557 -0.000744
vn -0.994635 -0.067649 0.078259
vn -0.999850 -0.017322 -0.000491
vn -0.999856 -0.016945 -0.001340
vn -0.991492 -0.096360 0.087518
vn -0.994866 -0.057986 0.082946
vn -0.999851 -0.017290 -0.000246
vn -0.999850 -0.017322 -0.000491
vn -0.994635 -0.067649 0.078259
vn -0.994346 -0.049916 0.093730
vn -0.999853 -0.017119 0.000490
vn -0.999851 -0.017290 -0.000246
vn -0.994866 -0.057986 0.082946
vn -0.992566 -0.038021 0.115621
vn -0.999782 -0.019059 0.008526
vn -0.999853 -0.017119 0.000490
vn -0.994346 -0.049916 0.093730
vn -0.995347 -0.027970 0.092204
vn -0.999841 -0.017829 0.000181
vn -0.999782 -0.019059 0.008526
vn -0.992566 -0.038021 0.115621
vn -0.995347 -0.027970 0.092204
vn -0.983370 -0.137357 0.118811
vn -0.999849 -0.017391 -0.000062
vn -0.999841 -0.017829 0.000181
vn -0.990094 -0.140403 -0.000000
vn -0.999847 -0.017499 0.000000
vn -0.999849 -0.017391 -0.000062
vn -0.983370 -0.137357 0.118811
vn -0.995347 -0.027970 -0.092204
vn -0.999841 -0.017829 -0.000181
vn -0.999849 -0.017391 0.000062
vn -0.983349 -0.136232 -0.120272
vn -0.995347 -0.027970 -0.092204
vn -0.992566 -0.038029 -0.115612
vn -0.999782 -0.019071 -0.008531
vn -0.999841 -0.017829 -0.000181
vn -0.994347 -0.049905 -0.093725
vn -0.999853 -0.017112 -0.000501
vn -0.999782 -0.019071 -0.008531
vn -0.992566 -0.038029 -0.115612
vn -0.994866 -0.057986 -0.082946
vn -0.999851 -0.017290 0.000245
vn -0.999853 -0.017112 -0.000501
vn -0.994347 -0.049905 -0.093725
vn -0.994635 -0.067649 -0.078259
vn -0.999850 -0.017322 0.000491
vn -0.999851 -0.017290 0.000245
vn -0.994866 -0.057986 -0.082946
vn -0.994635 -0.067649 -0.078259
vn -0.991491 -0.096360 -0.087518
vn -0.999856 -0.016945 0.001340
vn -0.999850 -0.017322 0.000491
vn -0.992077 -0.104404 -0.069886
vn -0.999828 -0.018557 0.000744
vn -0.999856 -0.016945 0.001340
vn -0.991491 -0.096360 -0.087518
vn -0.992077 -0.104404 -0.069886
vn -0.991119 -0.118811 -0.059721
vn -0.999661 -0.025730 -0.003968
vn -0.999828 -0.018557 0.000744
vn -0.991942 -0.121534 -0.035784
vn -0.999841 -0.017836 -0.000251
vn -0.999661 -0.025730 -0.003968
vn -0.991119 -0.118811 -0.059721
vn -0.991942 -0.121534 -0.035784
vn -0.991361 -0.129590 -0.020263
vn -0.999774 -0.021252 -0.000642
vn -0.999841 -0.017836 -0.000251
vn -0.992666 -0.120839 -0.003618
vn -0.999844 -0.017666 -0.000225
vn -0.999774 -0.021252 -0.000642
vn -0.991361 -0.129590 -0.020263
vn -0.000020 -0.983437 0.181248
vn -0.000029 -0.998756 0.049855
vn -0.000003 -0.998745 0.050087
vn -0.000002 -0.983392 0.181492
vn -0.000013 -0.940054 0.341026
vn -0.000020 -0.983437 0.181248
vn -0.000002 -0.983392 0.181492
vn -0.000002 -0.940032 0.341086
vn -0.000010 -0.864155 0.503226
vn -0.000013 -0.940054 0.341026
vn -0.000002 -0.940032 0.341086
vn -0.000001 -0.864073 0.503366
vn -0.000004 -0.761675 0.647959
vn -0.000010 -0.864155 0.503226
vn -0.000001 -0.864073 0.503366
vn -0.000000 -0.761585 0.648065
vn -0.000001 -0.646388 0.763009
vn -0.000004 -0.761675 0.647959
vn -0.000000 -0.761585 0.648065
vn -0.000000 -0.646367 0.763026
vn -0.000000 -0.541996 0.840381
vn -0.000001 -0.646388 0.763009
vn -0.000000 -0.646367 0.763026
vn -0.000000 -0.541996 0.840381
vn -0.000000 -0.459847 0.887998
vn -0.000000 -0.541996 0.840381
vn -0.000000 -0.541996 0.840381
vn -0.000000 -0.459847 0.887998
vn -0.000000 -0.345293 0.938495
vn -0.000000 -0.459847 0.887998
vn -0.000000 -0.459847 0.887998
vn -0.000000 -0.345293 0.938495
vn 0.000000 -0.193079 0.981183
vn -0.000000 -0.345293 0.938495
vn -0.000000 -0.345293 0.938495
vn -0.000000 -0.193078 0.981183
vn 0.000000 -0.066112 0.997812
vn 0.000000 -0.193079 0.981183
vn -0.000000 -0.193078 0.981183
vn -0.000000 -0.066112 0.997812
vn -0.000151 -0.275592 0.961275
vn 0.000000 -0.066112 0.997812
vn -0.000000 -0.066112 0.997812
vn -0.000067 -0.336564 0.941661
vn -0.000462 -0.593532 0.804810
vn -0.000151 -0.275592 0.961275
vn -0.000067 -0.336564 0.941661
vn -0.000403 -0.621148 0.783693
vn -0.000500 -0.929295 0.369339
vn -0.000462 -0.593532 0.804810
vn -0.000403 -0.621148 0.783693
vn -0.843482 -0.534862 0.049602
vn -0.000277 -0.996295 -0.085997
vn -0.000500 -0.929295 0.369339
vn -0.843482 -0.534862 0.049602
vn -0.000403 -0.621148 0.783693
vn -0.000029 -0.998756 0.049855
vn -0.000031 -1.000000 -0.000000
vn -0.000004 -1.000000 0.000000
vn -0.000003 -0.998745 0.050087
vn -0.000025 -0.998756 -0.049860
vn -0.000016 -0.983438 -0.181243
vn -0.000003 -0.983393 -0.181486
vn -0.000004 -0.998744 -0.050096
vn -0.000016 -0.983438 -0.181243
vn -0.000012 -0.940054 -0.341026
vn -0.000002 -0.940032 -0.341086
vn -0.000003 -0.983393 -0.181486
vn -0.000012 -0.940054 -0.341026
vn -0.000007 -0.864155 -0.503225
vn -0.000001 -0.864072 -0.503368
vn -0.000002 -0.940032 -0.341086
vn -0.000007 -0.864155 -0.503225
vn -0.000002 -0.761676 -0.647958
vn -0.000001 -0.761585 -0.648065
vn -0.000001 -0.864072 -0.503368
vn -0.000002 -0.761676 -0.647958
vn 0.000000 -0.646387 -0.763009
vn 0.000000 -0.646368 -0.763026
vn -0.000001 -0.761585 -0.648065
vn 0.000000 -0.646387 -0.763009
vn 0.000000 -0.541996 -0.840381
vn 0.000000 -0.541997 -0.840381
vn 0.000000 -0.646368 -0.763026
vn 0.000000 -0.541996 -0.840381
vn 0.000000 -0.459848 -0.887998
vn 0.000000 -0.459846 -0.887999
vn 0.000000 -0.541997 -0.840381
vn 0.000000 -0.459848 -0.887998
vn 0.000000 -0.345295 -0.938494
vn 0.000000 -0.345292 -0.938495
vn 0.000000 -0.459846 -0.887999
vn 0.000000 -0.345295 -0.938494
vn 0.000000 -0.193078 -0.981183
vn 0.000000 -0.193079 -0.981183
vn 0.000000 -0.345292 -0.938495
vn 0.000000 -0.193078 -0.981183
vn 0.000000 -0.066111 -0.997812
vn 0.000000 -0.066113 -0.997812
vn 0.000000 -0.193079 -0.981183
vn 0.000000 -0.066111 -0.997812
vn -0.000458 -0.275944 -0.961173
vn 0.000000 -0.336953 -0.941521
vn 0.000000 -0.066113 -0.997812
vn -0.000458 -0.275944 -0.961173
vn -0.000553 -0.593019 -0.805188
vn -0.000278 -0.620512 -0.784197
vn 0.000000 -0.336953 -0.941521
vn -0.000553 -0.593019 -0.805188
vn -0.000582 -0.929527 -0.368754
vn -0.843108 -0.535672 -0.047176
vn -0.000278 -0.620512 -0.784197
vn -0.000582 -0.929527 -0.368754
vn -0.000837 -0.996356 0.085287
vn -0.000278 -0.620512 -0.784197
vn -0.843108 -0.535672 -0.047176
vn 0.106059 -0.993115 0.049749
vn 0.390227 -0.919553 0.046310
vn 0.394684 -0.903857 0.165131
vn 0.111513 -0.976978 0.181874
vn 0.394684 -0.903857 0.165131
vn 0.393165 -0.865272 0.311007
vn 0.109568 -0.935169 0.336830
vn 0.111513 -0.976978 0.181874
vn 0.393165 -0.865272 0.311007
vn 0.381702 -0.803024 0.457664
vn 0.104345 -0.860167 0.499223
vn 0.109568 -0.935169 0.336830
vn 0.104345 -0.860167 0.499223
vn 0.381702 -0.803024 0.457664
vn 0.376423 -0.712566 0.592078
vn 0.100959 -0.757179 0.645358
vn 0.100959 -0.757179 0.645358
vn 0.376423 -0.712566 0.592078
vn 0.370902 -0.605657 0.703997
vn 0.097290 -0.643730 0.759043
vn 0.097290 -0.643730 0.759043
vn 0.370902 -0.605657 0.703997
vn 0.379256 -0.507858 0.773463
vn 0.092351 -0.539160 0.837125
vn 0.379256 -0.507858 0.773463
vn 0.355888 -0.427991 0.830763
vn 0.079727 -0.459113 0.884793
vn 0.092351 -0.539160 0.837125
vn 0.355888 -0.427991 0.830763
vn 0.388058 -0.317068 0.865378
vn 0.106988 -0.343305 0.933110
vn 0.079727 -0.459113 0.884793
vn 0.106988 -0.343305 0.933110
vn 0.388058 -0.317068 0.865378
vn 0.347108 -0.195934 0.917129
vn 0.081481 -0.194274 0.977557
vn 0.081481 -0.194274 0.977557
vn 0.347108 -0.195934 0.917129
vn 0.316997 -0.070040 0.945837
vn 0.061512 -0.065932 0.995926
vn 0.316997 -0.070040 0.945837
vn 0.294440 -0.161939 0.941850
vn 0.048790 -0.173289 0.983662
vn 0.061512 -0.065932 0.995926
vn 0.048790 -0.173289 0.983662
vn 0.294440 -0.161939 0.941850
vn 0.234603 -0.552761 0.799635
vn 0.037816 -0.582022 0.812293
vn 0.234603 -0.552761 0.799635
vn 0.136428 -0.887186 0.440782
vn 0.015428 -0.911478 0.411060
vn 0.037816 -0.582022 0.812293
vn 0.136428 -0.887186 0.440782
vn 0.076585 -0.965820 0.247643
vn 0.005636 -0.981093 0.193457
vn 0.015428 -0.911478 0.411060
vn 0.707076 -0.706352 0.033327
vn 0.917349 -0.397687 0.017756
vn 0.913795 -0.400224 0.069281
vn 0.706657 -0.696780 0.123020
vn 0.706657 -0.696780 0.123020
vn 0.913795 -0.400224 0.069281
vn 0.916393 -0.378967 0.128870
vn 0.708626 -0.664226 0.238019
vn 0.708626 -0.664226 0.238019
vn 0.916393 -0.378967 0.128870
vn 0.912608 -0.358053 0.197343
vn 0.699799 -0.623332 0.348910
vn 0.699799 -0.623332 0.348910
vn 0.912608 -0.358053 0.197343
vn 0.915543 -0.318287 0.245916
vn 0.695620 -0.559924 0.450108
vn 0.695620 -0.559924 0.450108
vn 0.915543 -0.318287 0.245916
vn 0.901507 -0.294962 0.316675
vn 0.678373 -0.482350 0.554209
vn 0.709166 -0.392219 0.585873
vn 0.678373 -0.482350 0.554209
vn 0.901507 -0.294962 0.316675
vn 0.924888 -0.218791 0.310987
vn 0.709166 -0.392219 0.585873
vn 0.924888 -0.218791 0.310987
vn 0.924944 -0.181332 0.334063
vn 0.698469 -0.327962 0.636068
vn 0.699233 -0.248842 0.670187
vn 0.698469 -0.327962 0.636068
vn 0.924944 -0.181332 0.334063
vn 0.921215 -0.142683 0.361944
vn 0.699233 -0.248842 0.670187
vn 0.921215 -0.142683 0.361944
vn 0.900543 -0.096116 0.424009
vn 0.665046 -0.160726 0.729302
vn 0.665046 -0.160726 0.729302
vn 0.900543 -0.096116 0.424009
vn 0.920960 -0.051257 0.386271
vn 0.672595 -0.070201 0.736673
vn 0.672595 -0.070201 0.736673
vn 0.920960 -0.051257 0.386271
vn 0.891589 -0.151211 0.426854
vn 0.628375 -0.158307 0.761632
vn 0.891589 -0.151211 0.426854
vn 0.761674 -0.533169 0.368217
vn 0.564865 -0.505282 0.652394
vn 0.628375 -0.158307 0.761632
vn 0.323848 -0.867077 0.378550
vn 0.564865 -0.505282 0.652394
vn 0.761674 -0.533169 0.368217
vn 0.408693 -0.892703 0.189874
vn 0.179925 -0.963014 0.200579
vn 0.323848 -0.867077 0.378550
vn 0.408693 -0.892703 0.189874
vn 0.210120 -0.972656 0.098947
vn 0.919764 -0.392473 0.000000
vn 0.992903 -0.118926 0.000000
vn 0.992666 -0.120839 0.003618
vn 0.917349 -0.397687 0.017756
vn 0.917349 -0.397687 0.017756
vn 0.992666 -0.120839 0.003618
vn 0.991361 -0.129590 0.020263
vn 0.913795 -0.400224 0.069281
vn 0.913795 -0.400224 0.069281
vn 0.991361 -0.129590 0.020263
vn 0.991942 -0.121534 0.035784
vn 0.916393 -0.378967 0.128870
vn 0.916393 -0.378967 0.128870
vn 0.991942 -0.121534 0.035784
vn 0.991119 -0.118810 0.059720
vn 0.912608 -0.358053 0.197343
vn 0.912608 -0.358053 0.197343
vn 0.991119 -0.118810 0.059720
vn 0.992077 -0.104403 0.069885
vn 0.915543 -0.318287 0.245916
vn 0.915543 -0.318287 0.245916
vn 0.992077 -0.104403 0.069885
vn 0.991492 -0.096360 0.087517
vn 0.901507 -0.294962 0.316675
vn 0.924888 -0.218791 0.310987
vn 0.901507 -0.294962 0.316675
vn 0.991492 -0.096360 0.087517
vn 0.994635 -0.067649 0.078259
vn 0.924888 -0.218791 0.310987
vn 0.994635 -0.067649 0.078259
vn 0.994866 -0.057986 0.082946
vn 0.924944 -0.181332 0.334063
vn 0.921215 -0.142683 0.361944
vn 0.924944 -0.181332 0.334063
vn 0.994866 -0.057986 0.082946
vn 0.994346 -0.049916 0.093730
vn 0.921215 -0.142683 0.361944
vn 0.994346 -0.049916 0.093730
vn 0.992566 -0.038021 0.115621
vn 0.900543 -0.096116 0.424009
vn 0.900543 -0.096116 0.424009
vn 0.992566 -0.038021 0.115621
vn 0.995347 -0.027970 0.092204
vn 0.920960 -0.051257 0.386271
vn 0.920960 -0.051257 0.386271
vn 0.995347 -0.027970 0.092204
vn 0.983349 -0.136231 0.120273
vn 0.891589 -0.151211 0.426854
vn 0.886283 -0.451577 0.102862
vn 0.761674 -0.533169 0.368217
vn 0.891589 -0.151211 0.426854
vn 0.983349 -0.136231 0.120273
vn 0.583391 -0.808448 0.077892
vn 0.408693 -0.892703 0.189874
vn 0.761674 -0.533169 0.368217
vn 0.886283 -0.451577 0.102862
vn 0.408693 -0.892703 0.189874
vn 0.583391 -0.808448 0.077892
vn 0.362747 -0.930797 0.045080
vn 0.210120 -0.972656 0.098947
vn 0.390227 -0.919553 0.046310
vn 0.707076 -0.706352 0.033327
vn 0.706657 -0.696780 0.123020
vn 0.394684 -0.903857 0.165131
vn 0.394684 -0.903857 0.165131
vn 0.706657 -0.696780 0.123020
vn 0.708626 -0.664226 0.238019
vn 0.393165 -0.865272 0.311007
vn 0.393165 -0.865272 0.311007
vn 0.708626 -0.664226 0.238019
vn 0.699799 -0.623332 0.348910
vn 0.381702 -0.803024 0.457664
vn 0.381702 -0.803024 0.457664
vn 0.699799 -0.623332 0.348910
vn 0.695620 -0.559924 0.450108
vn 0.376423 -0.712566 0.592078
vn 0.376423 -0.712566 0.592078
vn 0.695620 -0.559924 0.450108
vn 0.678373 -0.482350 0.554209
vn 0.370902 -0.605657 0.703997
vn 0.370902 -0.605657 0.703997
vn 0.678373 -0.482350 0.554209
vn 0.709166 -0.392219 0.585873
vn 0.379256 -0.507858 0.773463
vn 0.379256 -0.507858 0.773463
vn 0.709166 -0.392219 0.585873
vn 0.698469 -0.327962 0.636068
vn 0.355888 -0.427991 0.830763
vn 0.388058 -0.317068 0.865378
vn 0.355888 -0.427991 0.830763
vn 0.698469 -0.327962 0.636068
vn 0.699233 -0.248842 0.670187
vn 0.388058 -0.317068 0.865378
vn 0.699233 -0.248842 0.670187
vn 0.665046 -0.160726 0.729302
vn 0.347108 -0.195934 0.917129
vn 0.347108 -0.195934 0.917129
vn 0.665046 -0.160726 0.729302
vn 0.672595 -0.070201 0.736673
vn 0.316997 -0.070040 0.945837
vn 0.316997 -0.070040 0.945837
vn 0.672595 -0.070201 0.736673
vn 0.628375 -0.158307 0.761632
vn 0.294440 -0.161939 0.941850
vn 0.564865 -0.505282 0.652394
vn 0.234603 -0.552761 0.799635
vn 0.294440 -0.161939 0.941850
vn 0.628375 -0.158307 0.761632
vn 0.136428 -0.887186 0.440782
vn 0.234603 -0.552761 0.799635
vn 0.564865 -0.505282 0.652394
vn 0.323848 -0.867077 0.378550
vn 0.076585 -0.965820 0.247643
vn 0.136428 -0.887186 0.440782
vn 0.323848 -0.867077 0.378550
vn 0.179925 -0.963014 0.200579
vn 0.106000 -0.994366 0.000000
vn 0.392881 -0.919589 0.000000
vn 0.390227 -0.919553 0.046310
vn 0.106059 -0.993115 0.049749
vn 0.106061 -0.993114 -0.049746
vn 0.111516 -0.976978 -0.181875
vn 0.394683 -0.903857 -0.165131
vn 0.390227 -0.919553 -0.046310
vn 0.109570 -0.935169 -0.336830
vn 0.393166 -0.865272 -0.311007
vn 0.394683 -0.903857 -0.165131
vn 0.111516 -0.976978 -0.181875
vn 0.104349 -0.860167 -0.499224
vn 0.381704 -0.803024 -0.457663
vn 0.393166 -0.865272 -0.311007
vn 0.109570 -0.935169 -0.336830
vn 0.104349 -0.860167 -0.499224
vn 0.100961 -0.757179 -0.645358
vn 0.376422 -0.712566 -0.592077
vn 0.381704 -0.803024 -0.457663
vn 0.100961 -0.757179 -0.645358
vn 0.097290 -0.643730 -0.759043
vn 0.370904 -0.605657 -0.703995
vn 0.376422 -0.712566 -0.592077
vn 0.097290 -0.643730 -0.759043
vn 0.092349 -0.539159 -0.837126
vn 0.379256 -0.507857 -0.773463
vn 0.370904 -0.605657 -0.703995
vn 0.079725 -0.459114 -0.884793
vn 0.355888 -0.427991 -0.830763
vn 0.379256 -0.507857 -0.773463
vn 0.092349 -0.539159 -0.837126
vn 0.106989 -0.343306 -0.933110
vn 0.388059 -0.317068 -0.865377
vn 0.355888 -0.427991 -0.830763
vn 0.079725 -0.459114 -0.884793
vn 0.106989 -0.343306 -0.933110
vn 0.081484 -0.194274 -0.977557
vn 0.347111 -0.195934 -0.917128
vn 0.388059 -0.317068 -0.865377
vn 0.081484 -0.194274 -0.977557
vn 0.061509 -0.065931 -0.995927
vn 0.316995 -0.070039 -0.945838
vn 0.347111 -0.195934 -0.917128
vn 0.048528 -0.173119 -0.983705
vn 0.293379 -0.162768 -0.942038
vn 0.316995 -0.070039 -0.945838
vn 0.061509 -0.065931 -0.995927
vn 0.048528 -0.173119 -0.983705
vn 0.037628 -0.582201 -0.812174
vn 0.233952 -0.552247 -0.800181
vn 0.293379 -0.162768 -0.942038
vn 0.015413 -0.911435 -0.411156
vn 0.136429 -0.887186 -0.440782
vn 0.233952 -0.552247 -0.800181
vn 0.037628 -0.582201 -0.812174
vn 0.005439 -0.981118 -0.193333
vn 0.076585 -0.965820 -0.247643
vn 0.136429 -0.887186 -0.440782
vn 0.015413 -0.911435 -0.411156
vn 0.917349 -0.397687 -0.017756
vn 0.919764 -0.392473 0.000000
vn 0.710431 -0.703766 0.000000
vn 0.707076 -0.706352 -0.033326
vn 0.913795 -0.400224 -0.069281
vn 0.917349 -0.397687 -0.017756
vn 0.707076 -0.706352 -0.033326
vn 0.706657 -0.696780 -0.123020
vn 0.916393 -0.378967 -0.128870
vn 0.913795 -0.400224 -0.069281
vn 0.706657 -0.696780 -0.123020
vn 0.708627 -0.664225 -0.238019
vn 0.912608 -0.358053 -0.197343
vn 0.916393 -0.378967 -0.128870
vn 0.708627 -0.664225 -0.238019
vn 0.699799 -0.623332 -0.348910
vn 0.915543 -0.318286 -0.245915
vn 0.912608 -0.358053 -0.197343
vn 0.699799 -0.623332 -0.348910
vn 0.695620 -0.559924 -0.450108
vn 0.901507 -0.294962 -0.316675
vn 0.915543 -0.318286 -0.245915
vn 0.695620 -0.559924 -0.450108
vn 0.678375 -0.482350 -0.554208
vn 0.709168 -0.392218 -0.585872
vn 0.924888 -0.218791 -0.310987
vn 0.901507 -0.294962 -0.316675
vn 0.678375 -0.482350 -0.554208
vn 0.924943 -0.181332 -0.334063
vn 0.924888 -0.218791 -0.310987
vn 0.709168 -0.392218 -0.585872
vn 0.698470 -0.327961 -0.636067
vn 0.699233 -0.248842 -0.670187
vn 0.921215 -0.142683 -0.361944
vn 0.924943 -0.181332 -0.334063
vn 0.698470 -0.327961 -0.636067
vn 0.900543 -0.096116 -0.424009
vn 0.921215 -0.142683 -0.361944
vn 0.699233 -0.248842 -0.670187
vn 0.665046 -0.160726 -0.729302
vn 0.920960 -0.051257 -0.386272
vn 0.900543 -0.096116 -0.424009
vn 0.665046 -0.160726 -0.729302
vn 0.672595 -0.070201 -0.736673
vn 0.890948 -0.152090 -0.427879
vn 0.920960 -0.051257 -0.386272
vn 0.672595 -0.070201 -0.736673
vn 0.629508 -0.159595 -0.760427
vn 0.566011 -0.504575 -0.651947
vn 0.757180 -0.535511 -0.374040
vn 0.890948 -0.152090 -0.427879
vn 0.629508 -0.159595 -0.760427
vn 0.323848 -0.867077 -0.378550
vn 0.409948 -0.891137 -0.194466
vn 0.757180 -0.535511 -0.374040
vn 0.566011 -0.504575 -0.651947
vn 0.179925 -0.963014 -0.200579
vn 0.210120 -0.972656 -0.098947
vn 0.409948 -0.891137 -0.194466
vn 0.323848 -0.867077 -0.378550
vn 0.991361 -0.129590 -0.020263
vn 0.992666 -0.120839 -0.003618
vn 0.917349 -0.397687 -0.017756
vn 0.913795 -0.400224 -0.069281
vn 0.991942 -0.121534 -0.035784
vn 0.991361 -0.129590 -0.020263
vn 0.913795 -0.400224 -0.069281
vn 0.916393 -0.378967 -0.128870
vn 0.991119 -0.118811 -0.059720
vn 0.991942 -0.121534 -0.035784
vn 0.916393 -0.378967 -0.128870
vn 0.912608 -0.358053 -0.197343
vn 0.992077 -0.104404 -0.069885
vn 0.991119 -0.118811 -0.059720
vn 0.912608 -0.358053 -0.197343
vn 0.915543 -0.318286 -0.245915
vn 0.991492 -0.096360 -0.087517
vn 0.992077 -0.104404 -0.069885
vn 0.915543 -0.318286 -0.245915
vn 0.901507 -0.294962 -0.316675
vn 0.924888 -0.218791 -0.310987
vn 0.994635 -0.067649 -0.078259
vn 0.991492 -0.096360 -0.087517
vn 0.901507 -0.294962 -0.316675
vn 0.994866 -0.057986 -0.082947
vn 0.994635 -0.067649 -0.078259
vn 0.924888 -0.218791 -0.310987
vn 0.924943 -0.181332 -0.334063
vn 0.921215 -0.142683 -0.361944
vn 0.994347 -0.049905 -0.093725
vn 0.994866 -0.057986 -0.082947
vn 0.924943 -0.181332 -0.334063
vn 0.992566 -0.038029 -0.115612
vn 0.994347 -0.049905 -0.093725
vn 0.921215 -0.142683 -0.361944
vn 0.900543 -0.096116 -0.424009
vn 0.995347 -0.027970 -0.092204
vn 0.992566 -0.038029 -0.115612
vn 0.900543 -0.096116 -0.424009
vn 0.920960 -0.051257 -0.386272
vn 0.983370 -0.137359 -0.118809
vn 0.995347 -0.027970 -0.092204
vn 0.920960 -0.051257 -0.386272
vn 0.890948 -0.152090 -0.427879
vn 0.983370 -0.137359 -0.118809
vn 0.890948 -0.152090 -0.427879
vn 0.757180 -0.535511 -0.374040
vn 0.885462 -0.454901 -0.094980
vn 0.885462 -0.454901 -0.094980
vn 0.757180 -0.535511 -0.374040
vn 0.409948 -0.891137 -0.194466
vn 0.587655 -0.805882 -0.072225
vn 0.362748 -0.930796 -0.045079
vn 0.587655 -0.805882 -0.072225
vn 0.409948 -0.891137 -0.194466
vn 0.210120 -0.972656 -0.098947
vn 0.707076 -0.706352 -0.033326
vn 0.710431 -0.703766 0.000000
vn 0.392881 -0.919589 0.000000
vn 0.390227 -0.919553 -0.046310
vn 0.706657 -0.696780 -0.123020
vn 0.707076 -0.706352 -0.033326
vn 0.390227 -0.919553 -0.046310
vn 0.394683 -0.903857 -0.165131
vn 0.708627 -0.664225 -0.238019
vn 0.706657 -0.696780 -0.123020
vn 0.394683 -0.903857 -0.165131
vn 0.393166 -0.865272 -0.311007
vn 0.699799 -0.623332 -0.348910
vn 0.708627 -0.664225 -0.238019
vn 0.393166 -0.865272 -0.311007
vn 0.381704 -0.803024 -0.457663
vn 0.695620 -0.559924 -0.450108
vn 0.699799 -0.623332 -0.348910
vn 0.381704 -0.803024 -0.457663
vn 0.376422 -0.712566 -0.592077
vn 0.678375 -0.482350 -0.554208
vn 0.695620 -0.559924 -0.450108
vn 0.376422 -0.712566 -0.592077
vn 0.370904 -0.605657 -0.703995
vn 0.709168 -0.392218 -0.585872
vn 0.678375 -0.482350 -0.554208
vn 0.370904 -0.605657 -0.703995
vn 0.379256 -0.507857 -0.773463
vn 0.698470 -0.327961 -0.636067
vn 0.709168 -0.392218 -0.585872
vn 0.379256 -0.507857 -0.773463
vn 0.355888 -0.427991 -0.830763
vn 0.388059 -0.317068 -0.865377
vn 0.699233 -0.248842 -0.670187
vn 0.698470 -0.327961 -0.636067
vn 0.355888 -0.427991 -0.830763
vn 0.665046 -0.160726 -0.729302
vn 0.699233 -0.248842 -0.670187
vn 0.388059 -0.317068 -0.865377
vn 0.347111 -0.195934 -0.917128
vn 0.672595 -0.070201 -0.736673
vn 0.665046 -0.160726 -0.729302
vn 0.347111 -0.195934 -0.917128
vn 0.316995 -0.070039 -0.945838
vn 0.629508 -0.159595 -0.760427
vn 0.672595 -0.070201 -0.736673
vn 0.316995 -0.070039 -0.945838
vn 0.293379 -0.162768 -0.942038
vn 0.629508 -0.159595 -0.760427
vn 0.293379 -0.162768 -0.942038
vn 0.233952 -0.552247 -0.800181
vn 0.566011 -0.504575 -0.651947
vn 0.136429 -0.887186 -0.440782
vn 0.323848 -0.867077 -0.378550
vn 0.566011 -0.504575 -0.651947
vn 0.233952 -0.552247 -0.800181
vn 0.076585 -0.965820 -0.247643
vn 0.179925 -0.963014 -0.200579
vn 0.323848 -0.867077 -0.378550
vn 0.136429 -0.887186 -0.440782
vn 0.893192 -0.449675 0.000000
vn 0.990094 -0.140403 0.000000
vn 0.983370 -0.137359 -0.118809
vn 0.885462 -0.454901 -0.094980
vn 0.597992 -0.801502 0.000000
vn 0.893192 -0.449675 0.000000
vn 0.885462 -0.454901 -0.094980
vn 0.587655 -0.805882 -0.072225
vn 0.370696 -0.928754 0.000000
vn 0.597992 -0.801502 0.000000
vn 0.587655 -0.805882 -0.072225
vn 0.362748 -0.930796 -0.045079
vn 0.999844 -0.017681 0.000222
vn 0.999847 -0.017500 0.000000
vn 0.999847 -0.017499 -0.000002
vn 0.999838 -0.018021 0.000253
vn 0.999847 -0.017499 -0.000002
vn 0.999849 -0.017391 -0.000062
vn 0.999841 -0.017819 0.000195
vn 0.999854 -0.017102 0.000379
vn 0.999841 -0.017819 0.000195
vn 0.999782 -0.019059 0.008525
vn 0.999854 -0.017102 0.000379
vn 0.999854 -0.017102 0.000379
vn 0.999851 -0.017290 -0.000246
vn 0.999856 -0.016953 -0.001039
vn 0.999829 -0.018490 -0.000679
vn 0.999856 -0.016953 -0.001039
vn 0.999856 -0.016945 -0.001340
vn 0.999829 -0.018490 -0.000679
vn 0.999847 -0.017499 -0.000002
vn 0.999854 -0.017102 0.000379
vn 0.999829 -0.018490 -0.000679
vn 0.999838 -0.018021 0.000253
vn 0.999829 -0.018490 -0.000679
vn 0.999661 -0.025730 0.003968
vn 0.999838 -0.018021 0.000253
vn 0.999844 -0.017681 0.000222
vn 0.999838 -0.018021 0.000253
vn 0.999774 -0.021252 0.000642
vn 0.999944 -0.010582 -0.000218
vn 0.999847 -0.017500 0.000000
vn 0.992903 -0.118926 0.000000
vn 0.992666 -0.120839 -0.003618
vn 0.992666 -0.120839 0.003618
vn 0.999844 -0.017681 0.000222
vn 0.999774 -0.021252 0.000642
vn 0.991361 -0.129590 0.020263
vn 0.999774 -0.021252 0.000642
vn 0.999838 -0.018021 0.000253
vn 0.991942 -0.121534 0.035784
vn 0.991361 -0.129590 0.020263
vn 0.991942 -0.121534 0.035784
vn 0.999838 -0.018021 0.000253
vn 0.999661 -0.025730 0.003968
vn 0.991119 -0.118810 0.059720
vn 0.999661 -0.025730 0.003968
vn 0.999829 -0.018490 -0.000679
vn 0.992077 -0.104403 0.069885
vn 0.991119 -0.118810 0.059720
vn 0.992077 -0.104403 0.069885
vn 0.999829 -0.018490 -0.000679
vn 0.999856 -0.016945 -0.001340
vn 0.991492 -0.096360 0.087517
vn 0.999856 -0.016945 -0.001340
vn 0.999856 -0.016953 -0.001039
vn 0.994635 -0.067649 0.078259
vn 0.991492 -0.096360 0.087517
vn 0.999856 -0.016953 -0.001039
vn 0.999851 -0.017290 -0.000246
vn 0.994866 -0.057986 0.082946
vn 0.994635 -0.067649 0.078259
vn 0.999851 -0.017290 -0.000246
vn 0.999854 -0.017102 0.000379
vn 0.994346 -0.049916 0.093730
vn 0.994866 -0.057986 0.082946
vn 0.999854 -0.017102 0.000379
vn 0.999782 -0.019059 0.008525
vn 0.992566 -0.038021 0.115621
vn 0.994346 -0.049916 0.093730
vn 0.999782 -0.019059 0.008525
vn 0.999841 -0.017819 0.000195
vn 0.995347 -0.027970 0.092204
vn 0.992566 -0.038021 0.115621
vn 0.995347 -0.027970 0.092204
vn 0.999841 -0.017819 0.000195
vn 0.999849 -0.017391 -0.000062
vn 0.983349 -0.136231 0.120273
vn 0.999849 -0.017391 -0.000062
vn 0.999847 -0.017499 -0.000002
vn 0.990094 -0.140403 0.000000
vn 0.983349 -0.136231 0.120273
vn 0.999849 -0.017401 0.000076
vn 0.999841 -0.017827 -0.000156
vn 0.995347 -0.027970 -0.092204
vn 0.983370 -0.137359 -0.118809
vn 0.995347 -0.027970 -0.092204
vn 0.999841 -0.017827 -0.000156
vn 0.999782 -0.019071 -0.008531
vn 0.992566 -0.038029 -0.115612
vn 0.999782 -0.019071 -0.008531
vn 0.999853 -0.017112 -0.000501
vn 0.994347 -0.049905 -0.093725
vn 0.992566 -0.038029 -0.115612
vn 0.999853 -0.017112 -0.000501
vn 0.999851 -0.017290 0.000245
vn 0.994866 -0.057986 -0.082947
vn 0.994347 -0.049905 -0.093725
vn 0.999851 -0.017290 0.000245
vn 0.999856 -0.016919 0.001386
vn 0.994635 -0.067649 -0.078259
vn 0.994866 -0.057986 -0.082947
vn 0.994635 -0.067649 -0.078259
vn 0.999856 -0.016919 0.001386
vn 0.999856 -0.016945 0.001340
vn 0.991492 -0.096360 -0.087517
vn 0.999856 -0.016945 0.001340
vn 0.999876 -0.015046 0.004686
vn 0.992077 -0.104404 -0.069885
vn 0.991492 -0.096360 -0.087517
vn 0.992077 -0.104404 -0.069885
vn 0.999876 -0.015046 0.004686
vn 0.999850 -0.017319 0.000696
vn 0.991119 -0.118811 -0.059720
vn 0.999850 -0.017319 0.000696
vn 0.999948 -0.009896 0.002297
vn 0.991942 -0.121534 -0.035784
vn 0.991119 -0.118811 -0.059720
vn 0.991942 -0.121534 -0.035784
vn 0.999948 -0.009896 0.002297
vn 0.999857 -0.016883 0.000033
vn 0.991361 -0.129590 -0.020263
vn 0.999857 -0.016883 0.000033
vn 0.999944 -0.010582 -0.000218
vn 0.992666 -0.120839 -0.003618
vn 0.991361 -0.129590 -0.020263
vn -0.000003 -0.998745 0.050087
vn 0.000030 -0.998756 0.049857
vn 0.000022 -0.983438 0.181246
vn -0.000002 -0.983392 0.181492
vn -0.000002 -0.983392 0.181492
vn 0.000022 -0.983438 0.181246
vn 0.000013 -0.940054 0.341027
vn -0.000002 -0.940032 0.341086
vn -0.000002 -0.940032 0.341086
vn 0.000013 -0.940054 0.341027
vn 0.000011 -0.864155 0.503226
vn -0.000001 -0.864073 0.503366
vn -0.000001 -0.864073 0.503366
vn 0.000011 -0.864155 0.503226
vn 0.000005 -0.761676 0.647958
vn -0.000000 -0.761585 0.648065
vn -0.000000 -0.761585 0.648065
vn 0.000005 -0.761676 0.647958
vn 0.000001 -0.646389 0.763008
vn -0.000000 -0.646367 0.763026
vn -0.000000 -0.646367 0.763026
vn 0.000001 -0.646389 0.763008
vn -0.000000 -0.541997 0.840380
vn -0.000000 -0.541996 0.840381
vn -0.000000 -0.541996 0.840381
vn -0.000000 -0.541997 0.840380
vn -0.000000 -0.459847 0.887998
vn -0.000000 -0.459847 0.887998
vn -0.000000 -0.459847 0.887998
vn -0.000000 -0.459847 0.887998
vn -0.000000 -0.345292 0.938495
vn -0.000000 -0.345293 0.938495
vn -0.000000 -0.345293 0.938495
vn -0.000000 -0.345292 0.938495
vn -0.000000 -0.193078 0.981183
vn -0.000000 -0.193078 0.981183
vn -0.000000 -0.193078 0.981183
vn -0.000000 -0.193078 0.981183
vn -0.000000 -0.066113 0.997812
vn -0.000000 -0.066112 0.997812
vn -0.000000 -0.066112 0.997812
vn -0.000000 -0.066113 0.997812
vn -0.000000 -0.275676 0.961251
vn -0.000067 -0.336564 0.941661
vn -0.000067 -0.336564 0.941661
vn -0.000000 -0.275676 0.961251
vn 0.000412 -0.593358 0.804939
vn -0.000403 -0.621148 0.783693
vn -0.000403 -0.621148 0.783693
vn 0.000412 -0.593358 0.804939
vn 0.000452 -0.929381 0.369121
vn 0.840069 -0.540563 0.045568
vn 0.840069 -0.540563 0.045568
vn 0.000452 -0.929381 0.369121
vn 0.000003 -0.996326 -0.085639
vn -0.000403 -0.621148 0.783693
vn -0.000004 -1.000000 0.000000
vn 0.000030 -1.000000 0.000000
vn 0.000030 -0.998756 0.049857
vn -0.000003 -0.998745 0.050087
vn -0.000003 -0.983393 -0.181486
vn 0.000013 -0.983438 -0.181244
vn 0.000022 -0.998756 -0.049858
vn -0.000004 -0.998744 -0.050096
vn -0.000002 -0.940032 -0.341086
vn 0.000011 -0.940054 -0.341025
vn 0.000013 -0.983438 -0.181244
vn -0.000003 -0.983393 -0.181486
vn -0.000001 -0.864072 -0.503368
vn 0.000006 -0.864155 -0.503226
vn 0.000011 -0.940054 -0.341025
vn -0.000002 -0.940032 -0.341086
vn -0.000001 -0.761585 -0.648065
vn 0.000001 -0.761676 -0.647958
vn 0.000006 -0.864155 -0.503226
vn -0.000001 -0.864072 -0.503368
vn 0.000000 -0.646368 -0.763026
vn 0.000000 -0.646389 -0.763008
vn 0.000001 -0.761676 -0.647958
vn -0.000001 -0.761585 -0.648065
vn 0.000000 -0.541997 -0.840381
vn 0.000000 -0.541996 -0.840381
vn 0.000000 -0.646389 -0.763008
vn 0.000000 -0.646368 -0.763026
vn 0.000000 -0.459846 -0.887999
vn -0.000000 -0.459847 -0.887998
vn 0.000000 -0.541996 -0.840381
vn 0.000000 -0.541997 -0.840381
vn 0.000000 -0.345292 -0.938495
vn -0.000000 -0.345293 -0.938495
vn -0.000000 -0.459847 -0.887998
vn 0.000000 -0.459846 -0.887999
vn 0.000000 -0.193079 -0.981183
vn -0.000000 -0.193079 -0.981183
vn -0.000000 -0.345293 -0.938495
vn 0.000000 -0.345292 -0.938495
vn 0.000000 -0.066113 -0.997812
vn -0.000000 -0.066113 -0.997812
vn -0.000000 -0.193079 -0.981183
vn 0.000000 -0.193079 -0.981183
vn 0.000000 -0.336953 -0.941521
vn 0.000598 -0.275775 -0.961222
vn -0.000000 -0.066113 -0.997812
vn 0.000000 -0.066113 -0.997812
vn -0.000278 -0.620512 -0.784197
vn 0.000587 -0.593219 -0.805041
vn 0.000598 -0.275775 -0.961222
vn 0.000000 -0.336953 -0.941521
vn 0.844152 -0.531900 -0.067015
vn 0.000610 -0.929425 -0.369012
vn 0.000587 -0.593219 -0.805041
vn -0.000278 -0.620512 -0.784197
vn -0.000278 -0.620512 -0.784197
vn 0.001093 -0.996341 0.085461
vn 0.000610 -0.929425 -0.369012
vn 0.844152 -0.531900 -0.067015
vn 0.000020 -0.998759 0.049798
vn 0.000013 -0.983450 0.181180
vn 0.000022 -0.983438 0.181246
vn 0.000030 -0.998756 0.049857
vn 0.000013 -0.983450 0.181180
vn 0.000009 -0.940059 0.341012
vn 0.000013 -0.940054 0.341027
vn 0.000022 -0.983438 0.181246
vn 0.000009 -0.940059 0.341012
vn 0.000006 -0.864176 0.503190
vn 0.000011 -0.864155 0.503226
vn 0.000013 -0.940054 0.341027
vn 0.000006 -0.864176 0.503190
vn 0.000002 -0.761699 0.647931
vn 0.000005 -0.761676 0.647958
vn 0.000011 -0.864155 0.503226
vn 0.000002 -0.761699 0.647931
vn 0.000000 -0.646394 0.763004
vn 0.000001 -0.646389 0.763008
vn 0.000005 -0.761676 0.647958
vn 0.000000 -0.646394 0.763004
vn -0.000000 -0.541997 0.840380
vn -0.000000 -0.541997 0.840380
vn 0.000001 -0.646389 0.763008
vn -0.000000 -0.541997 0.840380
vn -0.000000 -0.459847 0.887998
vn -0.000000 -0.459847 0.887998
vn -0.000000 -0.541997 0.840380
vn -0.000000 -0.459847 0.887998
vn -0.000000 -0.345292 0.938495
vn -0.000000 -0.345292 0.938495
vn -0.000000 -0.459847 0.887998
vn -0.000000 -0.345292 0.938495
vn -0.000000 -0.193078 0.981183
vn -0.000000 -0.193078 0.981183
vn -0.000000 -0.345292 0.938495
vn -0.000000 -0.193078 0.981183
vn -0.000000 -0.066113 0.997812
vn -0.000000 -0.066113 0.997812
vn -0.000000 -0.193078 0.981183
vn -0.000000 -0.066113 0.997812
vn 0.000234 -0.255079 0.966920
vn -0.000000 -0.275676 0.961251
vn -0.000000 -0.066113 0.997812
vn 0.000234 -0.255079 0.966920
vn 0.000370 -0.601032 0.799225
vn 0.000412 -0.593358 0.804939
vn -0.000000 -0.275676 0.961251
vn 0.000370 -0.601032 0.799225
vn 0.000317 -0.920607 0.390491
vn 0.000452 -0.929381 0.369121
vn 0.000412 -0.593358 0.804939
vn 0.000317 -0.920607 0.390491
vn 0.000331 -0.999709 0.024106
vn 0.000003 -0.996326 -0.085639
vn 0.000452 -0.929381 0.369121
vn 0.000024 -1.000000 0.000001
vn 0.000021 -1.000000 -0.000001
vn 0.000021 -1.000000 -0.000004
vn 0.000023 -1.000000 0.000000
vn 0.000021 -1.000000 -0.000004
vn 0.000023 -1.000000 0.000000
vn 0.000023 -1.000000 0.000000
vn 0.000024 -1.000000 0.000001
vn 0.000023 -1.000000 0.000000
vn 0.000023 -1.000000 -0.000000
vn 0.000021 -1.000000 0.000000
vn 0.000013 -0.983449 -0.181183
vn 0.000020 -0.998760 -0.049794
vn 0.000022 -0.998756 -0.049858
vn 0.000013 -0.983438 -0.181244
vn 0.000009 -0.940059 -0.341011
vn 0.000013 -0.983449 -0.181183
vn 0.000013 -0.983438 -0.181244
vn 0.000011 -0.940054 -0.341025
vn 0.000006 -0.864177 -0.503188
vn 0.000009 -0.940059 -0.341011
vn 0.000011 -0.940054 -0.341025
vn 0.000006 -0.864155 -0.503226
vn 0.000002 -0.761699 -0.647931
vn 0.000006 -0.864177 -0.503188
vn 0.000006 -0.864155 -0.503226
vn 0.000001 -0.761676 -0.647958
vn 0.000000 -0.646393 -0.763004
vn 0.000002 -0.761699 -0.647931
vn 0.000001 -0.761676 -0.647958
vn 0.000000 -0.646389 -0.763008
vn 0.000000 -0.541996 -0.840381
vn 0.000000 -0.646393 -0.763004
vn 0.000000 -0.646389 -0.763008
vn 0.000000 -0.541996 -0.840381
vn 0.000000 -0.459848 -0.887998
vn 0.000000 -0.541996 -0.840381
vn 0.000000 -0.541996 -0.840381
vn -0.000000 -0.459847 -0.887998
vn -0.000000 -0.345295 -0.938494
vn 0.000000 -0.459848 -0.887998
vn -0.000000 -0.459847 -0.887998
vn -0.000000 -0.345293 -0.938495
vn -0.000000 -0.193078 -0.981184
vn -0.000000 -0.345295 -0.938494
vn -0.000000 -0.345293 -0.938495
vn -0.000000 -0.193079 -0.981183
vn -0.000000 -0.066112 -0.997812
vn -0.000000 -0.193078 -0.981184
vn -0.000000 -0.193079 -0.981183
vn -0.000000 -0.066113 -0.997812
vn 0.000242 -0.254777 -0.967000
vn -0.000000 -0.066112 -0.997812
vn -0.000000 -0.066113 -0.997812
vn 0.000598 -0.275775 -0.961222
vn 0.000373 -0.601401 -0.798947
vn 0.000242 -0.254777 -0.967000
vn 0.000598 -0.275775 -0.961222
vn 0.000587 -0.593219 -0.805041
vn 0.000318 -0.920463 -0.390829
vn 0.000373 -0.601401 -0.798947
vn 0.000587 -0.593219 -0.805041
vn 0.000610 -0.929425 -0.369012
vn 0.000342 -0.999720 -0.023682
vn 0.000318 -0.920463 -0.390829
vn 0.000610 -0.929425 -0.369012
vn 0.001093 -0.996341 0.085461
vn 0.106059 -0.993115 0.049749
vn 0.111513 -0.976978 0.181874
vn 0.000013 -0.983461 0.181118
vn 0.000019 -0.998762 0.049739
vn 0.111513 -0.976978 0.181874
vn 0.109568 -0.935169 0.336830
vn 0.000009 -0.940065 0.340995
vn 0.000013 -0.983461 0.181118
vn 0.109568 -0.935169 0.336830
vn 0.104345 -0.860167 0.499223
vn 0.000006 -0.864197 0.503154
vn 0.000009 -0.940065 0.340995
vn 0.104345 -0.860167 0.499223
vn 0.100959 -0.757179 0.645358
vn 0.000002 -0.761722 0.647904
vn 0.000006 -0.864197 0.503154
vn 0.100959 -0.757179 0.645358
vn 0.097290 -0.643730 0.759043
vn 0.000000 -0.646399 0.762999
vn 0.000002 -0.761722 0.647904
vn 0.097290 -0.643730 0.759043
vn 0.092351 -0.539160 0.837125
vn -0.000000 -0.541997 0.840380
vn 0.000000 -0.646399 0.762999
vn 0.092351 -0.539160 0.837125
vn 0.079727 -0.459113 0.884793
vn -0.000000 -0.459847 0.887998
vn -0.000000 -0.541997 0.840380
vn 0.079727 -0.459113 0.884793
vn 0.106988 -0.343305 0.933110
vn -0.000000 -0.345292 0.938495
vn -0.000000 -0.459847 0.887998
vn 0.106988 -0.343305 0.933110
vn 0.081481 -0.194274 0.977557
vn -0.000000 -0.193078 0.981183
vn -0.000000 -0.345292 0.938495
vn 0.081481 -0.194274 0.977557
vn 0.061512 -0.065932 0.995926
vn -0.000000 -0.066113 0.997812
vn -0.000000 -0.193078 0.981183
vn 0.061512 -0.065932 0.995926
vn 0.048790 -0.173289 0.983662
vn 0.000256 -0.231370 0.972866
vn -0.000000 -0.066113 0.997812
vn 0.048790 -0.173289 0.983662
vn 0.037816 -0.582022 0.812293
vn 0.000366 -0.599800 0.800150
vn 0.000256 -0.231370 0.972866
vn 0.037816 -0.582022 0.812293
vn 0.015428 -0.911478 0.411060
vn 0.000256 -0.914995 0.403465
vn 0.000366 -0.599800 0.800150
vn 0.015428 -0.911478 0.411060
vn 0.005636 -0.981093 0.193457
vn 0.000284 -0.995193 0.097932
vn 0.000256 -0.914995 0.403465
vn 0.106061 -0.993114 -0.049746
vn 0.106000 -0.994366 0.000000
vn 0.000022 -1.000000 -0.000000
vn 0.000019 -0.998762 -0.049734
vn 0.111516 -0.976978 -0.181875
vn 0.106061 -0.993114 -0.049746
vn 0.000019 -0.998762 -0.049734
vn 0.000013 -0.983461 -0.181121
vn 0.109570 -0.935169 -0.336830
vn 0.111516 -0.976978 -0.181875
vn 0.000013 -0.983461 -0.181121
vn 0.000009 -0.940065 -0.340995
vn 0.104349 -0.860167 -0.499224
vn 0.109570 -0.935169 -0.336830
vn 0.000009 -0.940065 -0.340995
vn 0.000006 -0.864196 -0.503155
vn 0.100961 -0.757179 -0.645358
vn 0.104349 -0.860167 -0.499224
vn 0.000006 -0.864196 -0.503155
vn 0.000002 -0.761722 -0.647904
vn 0.097290 -0.643730 -0.759043
vn 0.100961 -0.757179 -0.645358
vn 0.000002 -0.761722 -0.647904
vn 0.000001 -0.646400 -0.762999
vn 0.092349 -0.539159 -0.837126
vn 0.097290 -0.643730 -0.759043
vn 0.000001 -0.646400 -0.762999
vn 0.000000 -0.541996 -0.840381
vn 0.079725 -0.459114 -0.884793
vn 0.092349 -0.539159 -0.837126
vn 0.000000 -0.541996 -0.840381
vn 0.000000 -0.459848 -0.887998
vn 0.106989 -0.343306 -0.933110
vn 0.079725 -0.459114 -0.884793
vn 0.000000 -0.459848 -0.887998
vn 0.000000 -0.345295 -0.938494
vn 0.081484 -0.194274 -0.977557
vn 0.106989 -0.343306 -0.933110
vn 0.000000 -0.345295 -0.938494
vn 0.000000 -0.193078 -0.981183
vn 0.061509 -0.065931 -0.995927
vn 0.081484 -0.194274 -0.977557
vn 0.000000 -0.193078 -0.981183
vn 0.000000 -0.066111 -0.997812
vn 0.048528 -0.173119 -0.983705
vn 0.061509 -0.065931 -0.995927
vn 0.000000 -0.066111 -0.997812
vn 0.000234 -0.231056 -0.972941
vn 0.037628 -0.582201 -0.812174
vn 0.048528 -0.173119 -0.983705
vn 0.000234 -0.231056 -0.972941
vn 0.000353 -0.600152 -0.799886
vn 0.015413 -0.911435 -0.411156
vn 0.037628 -0.582201 -0.812174
vn 0.000353 -0.600152 -0.799886
vn 0.000253 -0.914873 -0.403741
vn 0.005439 -0.981118 -0.193333
vn 0.015413 -0.911435 -0.411156
vn 0.000253 -0.914873 -0.403741
vn 0.000258 -0.995226 -0.097594
vn -0.000012 -0.983461 0.181121
vn -0.000018 -0.998762 0.049734
vn -0.000029 -0.998756 0.049855
vn -0.000020 -0.983437 0.181248
vn -0.000009 -0.940065 0.340995
vn -0.000012 -0.983461 0.181121
vn -0.000020 -0.983437 0.181248
vn -0.000013 -0.940054 0.341026
vn -0.000005 -0.864197 0.503153
vn -0.000009 -0.940065 0.340995
vn -0.000013 -0.940054 0.341026
vn -0.000010 -0.864155 0.503226
vn -0.000002 -0.761722 0.647904
vn -0.000005 -0.864197 0.503153
vn -0.000010 -0.864155 0.503226
vn -0.000004 -0.761675 0.647959
vn -0.000000 -0.646400 0.762999
vn -0.000002 -0.761722 0.647904
vn -0.000004 -0.761675 0.647959
vn -0.000001 -0.646388 0.763009
vn 0.000000 -0.541998 0.840380
vn -0.000000 -0.646400 0.762999
vn -0.000001 -0.646388 0.763009
vn -0.000000 -0.541996 0.840381
vn 0.000000 -0.459847 0.887998
vn 0.000000 -0.541998 0.840380
vn -0.000000 -0.541996 0.840381
vn -0.000000 -0.459847 0.887998
vn 0.000000 -0.345293 0.938495
vn 0.000000 -0.459847 0.887998
vn -0.000000 -0.459847 0.887998
vn -0.000000 -0.345293 0.938495
vn 0.000000 -0.193078 0.981183
vn 0.000000 -0.345293 0.938495
vn -0.000000 -0.345293 0.938495
vn 0.000000 -0.193079 0.981183
vn 0.000000 -0.066112 0.997812
vn 0.000000 -0.193078 0.981183
vn 0.000000 -0.193079 0.981183
vn 0.000000 -0.066112 0.997812
vn -0.000316 -0.231027 0.972947
vn 0.000000 -0.066112 0.997812
vn 0.000000 -0.066112 0.997812
vn -0.000151 -0.275592 0.961275
vn -0.000393 -0.600176 0.799868
vn -0.000316 -0.231027 0.972947
vn -0.000151 -0.275592 0.961275
vn -0.000462 -0.593532 0.804810
vn -0.000260 -0.914866 0.403757
vn -0.000393 -0.600176 0.799868
vn -0.000462 -0.593532 0.804810
vn -0.000500 -0.929295 0.369339
vn -0.000347 -0.995221 0.097643
vn -0.000260 -0.914866 0.403757
vn -0.000500 -0.929295 0.369339
vn -0.000277 -0.996295 -0.085997
vn -0.000016 -1.000000 -0.000000
vn -0.000014 -1.000000 0.000003
vn -0.000016 -1.000000 -0.000005
vn -0.000020 -1.000000 0.000000
vn -0.000016 -1.000000 -0.000005
vn -0.000015 -1.000000 -0.000003
vn -0.000014 -1.000000 -0.000003
vn -0.000014 -1.000000 -0.000001
vn -0.000014 -1.000000 -0.000003
vn -0.000015 -1.000000 -0.000000
vn -0.000014 -1.000000 -0.000001
vn -0.000014 -1.000000 -0.000001
vn -0.000013 -1.000000 0.000000
vn -0.000020 -1.000000 0.000000
vn -0.000016 -1.000000 -0.000005
vn -0.000020 -1.000000 -0.000002
vn -0.000016 -1.000000 -0.000000
vn -0.000020 -1.000000 0.000000
vn -0.000020 -0.998762 -0.049738
vn -0.000013 -0.983462 -0.181117
vn -0.000016 -0.983438 -0.181243
vn -0.000025 -0.998756 -0.049860
vn -0.000013 -0.983462 -0.181117
vn -0.000009 -0.940065 -0.340995
vn -0.000012 -0.940054 -0.341026
vn -0.000016 -0.983438 -0.181243
vn -0.000009 -0.940065 -0.340995
vn -0.000006 -0.864197 -0.503153
vn -0.000007 -0.864155 -0.503225
vn -0.000012 -0.940054 -0.341026
vn -0.000006 -0.864197 -0.503153
vn -0.000003 -0.761723 -0.647903
vn -0.000002 -0.761676 -0.647958
vn -0.000007 -0.864155 -0.503225
vn -0.000003 -0.761723 -0.647903
vn -0.000000 -0.646398 -0.763000
vn 0.000000 -0.646387 -0.763009
vn -0.000002 -0.761676 -0.647958
vn -0.000000 -0.646398 -0.763000
vn 0.000000 -0.541996 -0.840381
vn 0.000000 -0.541996 -0.840381
vn 0.000000 -0.646387 -0.763009
vn 0.000000 -0.541996 -0.840381
vn 0.000000 -0.459848 -0.887998
vn 0.000000 -0.459848 -0.887998
vn 0.000000 -0.541996 -0.840381
vn 0.000000 -0.459848 -0.887998
vn 0.000000 -0.345295 -0.938494
vn 0.000000 -0.345295 -0.938494
vn 0.000000 -0.459848 -0.887998
vn 0.000000 -0.345295 -0.938494
vn 0.000000 -0.193078 -0.981183
vn 0.000000 -0.193078 -0.981183
vn 0.000000 -0.345295 -0.938494
vn 0.000000 -0.193078 -0.981183
vn 0.000000 -0.066111 -0.997812
vn 0.000000 -0.066111 -0.997812
vn 0.000000 -0.193078 -0.981183
vn 0.000000 -0.066111 -0.997812
vn -0.000170 -0.231301 -0.972882
vn -0.000458 -0.275944 -0.961173
vn 0.000000 -0.066111 -0.997812
vn -0.000170 -0.231301 -0.972882
vn -0.000314 -0.599821 -0.800134
vn -0.000553 -0.593019 -0.805188
vn -0.000458 -0.275944 -0.961173
vn -0.000314 -0.599821 -0.800134
vn -0.000243 -0.914998 -0.403458
vn -0.000582 -0.929527 -0.368754
vn -0.000553 -0.593019 -0.805188
vn -0.000243 -0.914998 -0.403458
vn -0.000187 -0.995189 -0.097977
vn -0.000837 -0.996356 0.085287
vn -0.000582 -0.929527 -0.368754
vn -0.111519 -0.976977 0.181876
vn -0.106065 -0.993114 0.049747
vn -0.000018 -0.998762 0.049734
vn -0.000012 -0.983461 0.181121
vn -0.109569 -0.935169 0.336829
vn -0.111519 -0.976977 0.181876
vn -0.000012 -0.983461 0.181121
vn -0.000009 -0.940065 0.340995
vn -0.104349 -0.860167 0.499223
vn -0.109569 -0.935169 0.336829
vn -0.000009 -0.940065 0.340995
vn -0.000005 -0.864197 0.503153
vn -0.100961 -0.757178 0.645359
vn -0.104349 -0.860167 0.499223
vn -0.000005 -0.864197 0.503153
vn -0.000002 -0.761722 0.647904
vn -0.097290 -0.643730 0.759043
vn -0.100961 -0.757178 0.645359
vn -0.000002 -0.761722 0.647904
vn -0.000000 -0.646400 0.762999
vn -0.092352 -0.539160 0.837124
vn -0.097290 -0.643730 0.759043
vn -0.000000 -0.646400 0.762999
vn 0.000000 -0.541998 0.840380
vn -0.079728 -0.459113 0.884793
vn -0.092352 -0.539160 0.837124
vn 0.000000 -0.541998 0.840380
vn 0.000000 -0.459847 0.887998
vn -0.106989 -0.343305 0.933110
vn -0.079728 -0.459113 0.884793
vn 0.000000 -0.459847 0.887998
vn 0.000000 -0.345293 0.938495
vn -0.081481 -0.194275 0.977557
vn -0.106989 -0.343305 0.933110
vn 0.000000 -0.345293 0.938495
vn 0.000000 -0.193078 0.981183
vn -0.061512 -0.065932 0.995926
vn -0.081481 -0.194275 0.977557
vn 0.000000 -0.193078 0.981183
vn 0.000000 -0.066112 0.997812
vn -0.048527 -0.173127 0.983703
vn -0.061512 -0.065932 0.995926
vn 0.000000 -0.066112 0.997812
vn -0.000316 -0.231027 0.972947
vn -0.037658 -0.582216 0.812161
vn -0.048527 -0.173127 0.983703
vn -0.000316 -0.231027 0.972947
vn -0.000393 -0.600176 0.799868
vn -0.015441 -0.911424 0.411178
vn -0.037658 -0.582216 0.812161
vn -0.000393 -0.600176 0.799868
vn -0.000260 -0.914866 0.403757
vn -0.005440 -0.981127 0.193290
vn -0.015441 -0.911424 0.411178
vn -0.000260 -0.914866 0.403757
vn -0.000347 -0.995221 0.097643
vn -0.106065 -0.993114 0.049747
vn -0.106004 -0.994366 -0.000000
vn -0.000021 -1.000000 0.000000
vn -0.000018 -0.998762 0.049734
vn -0.106061 -0.993114 -0.049749
vn -0.111515 -0.976978 -0.181873
vn -0.000013 -0.983462 -0.181117
vn -0.000020 -0.998762 -0.049738
vn -0.111515 -0.976978 -0.181873
vn -0.109569 -0.935169 -0.336829
vn -0.000009 -0.940065 -0.340995
vn -0.000013 -0.983462 -0.181117
vn -0.109569 -0.935169 -0.336829
vn -0.104349 -0.860166 -0.499224
vn -0.000006 -0.864197 -0.503153
vn -0.000009 -0.940065 -0.340995
vn -0.104349 -0.860166 -0.499224
vn -0.100959 -0.757179 -0.645358
vn -0.000003 -0.761723 -0.647903
vn -0.000006 -0.864197 -0.503153
vn -0.100959 -0.757179 -0.645358
vn -0.097289 -0.643731 -0.759042
vn -0.000000 -0.646398 -0.763000
vn -0.000003 -0.761723 -0.647903
vn -0.097289 -0.643731 -0.759042
vn -0.092349 -0.539159 -0.837126
vn 0.000000 -0.541996 -0.840381
vn -0.000000 -0.646398 -0.763000
vn -0.092349 -0.539159 -0.837126
vn -0.079725 -0.459113 -0.884793
vn 0.000000 -0.459848 -0.887998
vn 0.000000 -0.541996 -0.840381
vn -0.079725 -0.459113 -0.884793
vn -0.106988 -0.343306 -0.933110
vn 0.000000 -0.345295 -0.938494
vn 0.000000 -0.459848 -0.887998
vn -0.106988 -0.343306 -0.933110
vn -0.081483 -0.194274 -0.977557
vn 0.000000 -0.193078 -0.981183
vn 0.000000 -0.345295 -0.938494
vn -0.081483 -0.194274 -0.977557
vn -0.061509 -0.065931 -0.995927
vn 0.000000 -0.066111 -0.997812
vn 0.000000 -0.193078 -0.981183
vn -0.061509 -0.065931 -0.995927
vn -0.048884 -0.173338 -0.983648
vn -0.000170 -0.231301 -0.972882
vn 0.000000 -0.066111 -0.997812
vn -0.048884 -0.173338 -0.983648
vn -0.037913 -0.581971 -0.812325
vn -0.000314 -0.599821 -0.800134
vn -0.000170 -0.231301 -0.972882
vn -0.037913 -0.581971 -0.812325
vn -0.015462 -0.911489 -0.411034
vn -0.000243 -0.914998 -0.403458
vn -0.000314 -0.599821 -0.800134
vn -0.015462 -0.911489 -0.411034
vn -0.005707 -0.981092 -0.193458
vn -0.000187 -0.995189 -0.097977
vn -0.000243 -0.914998 -0.403458
vn -0.992666 -0.120839 -0.003618
vn -0.917349 -0.397687 -0.017756
vn -0.919764 -0.392471 -0.000000
vn -0.992903 -0.118926 -0.000000
vn -0.390226 -0.919554 -0.046310
vn -0.106061 -0.993114 -0.049749
vn -0.106004 -0.994366 -0.000000
vn -0.392879 -0.919590 -0.000000
vn -0.707075 -0.706353 0.033327
vn -0.917349 -0.397687 0.017756
vn -0.919764 -0.392471 -0.000000
vn -0.710430 -0.703768 -0.000000
vn -0.390226 -0.919554 0.046310
vn -0.707075 -0.706353 0.033327
vn -0.710430 -0.703768 -0.000000
vn -0.392879 -0.919590 -0.000000
vn -0.983370 -0.137357 0.118811
vn -0.885463 -0.454899 0.094980
vn -0.893192 -0.449675 -0.000000
vn -0.990094 -0.140403 -0.000000
vn -0.885463 -0.454899 0.094980
vn -0.587656 -0.805881 0.072223
vn -0.597992 -0.801502 -0.000000
vn -0.893192 -0.449675 -0.000000
vn -0.587656 -0.805881 0.072223
vn -0.362747 -0.930797 0.045080
vn -0.370696 -0.928754 -0.000000
vn -0.597992 -0.801502 -0.000000
vn -0.999847 -0.017499 0.000000
vn -0.999849 -0.017391 0.000062
vn -0.999841 -0.017829 -0.000181
vn -0.999844 -0.017666 -0.000225
vn -0.999841 -0.017829 -0.000181
vn -0.999782 -0.019071 -0.008531
vn -0.999853 -0.017112 -0.000501
vn -0.999850 -0.017322 0.000491
vn -0.999853 -0.017112 -0.000501
vn -0.999851 -0.017290 0.000245
vn -0.999850 -0.017322 0.000491
vn -0.999850 -0.017322 0.000491
vn -0.999856 -0.016945 0.001340
vn -0.999828 -0.018557 0.000744
vn -0.999841 -0.017836 -0.000251
vn -0.999828 -0.018557 0.000744
vn -0.999661 -0.025730 -0.003968
vn -0.999841 -0.017836 -0.000251
vn -0.999841 -0.017829 -0.000181
vn -0.999850 -0.017322 0.000491
vn -0.999841 -0.017836 -0.000251
vn -0.999844 -0.017666 -0.000225
vn -0.999841 -0.017836 -0.000251
vn -0.999774 -0.021252 -0.000642
vn -0.999844 -0.017666 -0.000225
vn -0.999847 -0.017499 0.000000
vn -0.999844 -0.017666 -0.000225
vn -0.999847 -0.017500 -0.000000
vn -0.992666 -0.120839 0.003618
vn -0.999844 -0.017683 0.000222
vn -0.999847 -0.017500 -0.000000
vn -0.992903 -0.118926 -0.000000
vn -0.990094 -0.140403 -0.000000
vn -0.983349 -0.136232 -0.120272
vn -0.999849 -0.017391 0.000062
vn -0.999847 -0.017499 0.000000
vn -0.000031 -1.000000 -0.000000
vn -0.000025 -0.998756 -0.049860
vn -0.000004 -0.998744 -0.050096
vn -0.000004 -1.000000 0.000000
vn 0.917349 -0.397687 -0.017756
vn 0.992666 -0.120839 -0.003618
vn 0.992903 -0.118926 0.000000
vn 0.919764 -0.392473 0.000000
vn 0.106061 -0.993114 -0.049746
vn 0.390227 -0.919553 -0.046310
vn 0.392881 -0.919589 0.000000
vn 0.106000 -0.994366 0.000000
vn 0.917349 -0.397687 0.017756
vn 0.707076 -0.706352 0.033327
vn 0.710431 -0.703766 0.000000
vn 0.919764 -0.392473 0.000000
vn 0.707076 -0.706352 0.033327
vn 0.390227 -0.919553 0.046310
vn 0.392881 -0.919589 0.000000
vn 0.710431 -0.703766 0.000000
vn 0.886283 -0.451577 0.102862
vn 0.983349 -0.136231 0.120273
vn 0.990094 -0.140403 0.000000
vn 0.893192 -0.449675 0.000000
vn 0.583391 -0.808448 0.077892
vn 0.886283 -0.451577 0.102862
vn 0.893192 -0.449675 0.000000
vn 0.597992 -0.801502 0.000000
vn 0.362747 -0.930797 0.045080
vn 0.583391 -0.808448 0.077892
vn 0.597992 -0.801502 0.000000
vn 0.370696 -0.928754 0.000000
vn 0.999847 -0.017500 0.000000
vn 0.999944 -0.010582 -0.000218
vn 0.999857 -0.016883 0.000033
vn 0.999850 -0.017319 0.000696
vn 0.999857 -0.016883 0.000033
vn 0.999948 -0.009896 0.002297
vn 0.999850 -0.017319 0.000696
vn 0.999876 -0.015046 0.004686
vn 0.999856 -0.016945 0.001340
vn 0.999856 -0.016919 0.001386
vn 0.999850 -0.017319 0.000696
vn 0.999856 -0.016919 0.001386
vn 0.999851 -0.017290 0.000245
vn 0.999853 -0.017112 -0.000501
vn 0.999841 -0.017827 -0.000156
vn 0.999853 -0.017112 -0.000501
vn 0.999782 -0.019071 -0.008531
vn 0.999841 -0.017827 -0.000156
vn 0.999850 -0.017319 0.000696
vn 0.999856 -0.016919 0.001386
vn 0.999841 -0.017827 -0.000156
vn 0.999847 -0.017500 0.000000
vn 0.999847 -0.017500 0.000000
vn 0.999841 -0.017827 -0.000156
vn 0.999849 -0.017401 0.000076
vn 0.999847 -0.017499 -0.000002
vn 0.999844 -0.017681 0.000222
vn 0.992666 -0.120839 0.003618
vn 0.992903 -0.118926 0.000000
vn 0.999847 -0.017500 0.000000
vn 0.999849 -0.017401 0.000076
vn 0.983370 -0.137359 -0.118809
vn 0.990094 -0.140403 0.000000
vn 0.999847 -0.017499 -0.000002
vn -0.000004 -0.998744 -0.050096
vn 0.000022 -0.998756 -0.049858
vn 0.000030 -1.000000 0.000000
vn -0.000004 -1.000000 0.000000
vn 0.000024 -1.000000 0.000000
vn 0.000021 -1.000000 -0.000002
vn 0.000021 -1.000000 -0.000004
vn 0.000023 -1.000000 0.000000
vn 0.000021 -1.000000 -0.000004
vn 0.000023 -1.000000 0.000000
vn 0.000023 -1.000000 0.000000
vn 0.000024 -1.000000 0.000000
vn 0.000023 -1.000000 0.000000
vn 0.000023 -1.000000 -0.000000
vn 0.000023 -1.000000 0.000000
vn 0.106059 -0.993115 0.049749
vn 0.000019 -0.998762 0.049739
vn 0.000022 -1.000000 -0.000000
vn 0.106000 -0.994366 0.000000
vn -0.000015 -1.000000 -0.000000
vn -0.000017 -1.000000 -0.000003
vn -0.000015 -1.000000 0.000001
vn -0.000013 -1.000000 0.000000
vn -0.000015 -1.000000 0.000001
vn -0.000015 -1.000000 0.000001
vn -0.000014 -1.000000 -0.000003
vn -0.000014 -1.000000 -0.000001
vn -0.000014 -1.000000 -0.000003
vn -0.000014 -1.000000 -0.000001
vn -0.000014 -1.000000 -0.000001
vn -0.000014 -1.000000 -0.000001
vn -0.000020 -1.000000 0.000000
vn -0.000013 -1.000000 0.000000
vn -0.000015 -1.000000 0.000001
vn -0.000020 -1.000000 -0.000002
vn -0.000015 -1.000000 -0.000000
vn -0.000013 -1.000000 0.000000
vn -0.106061 -0.993114 -0.049749
vn -0.000020 -0.998762 -0.049738
vn -0.000021 -1.000000 0.000000
vn -0.106004 -0.994366 -0.000000
vn 0.000019 -0.998762 0.049739
vn 0.000013 -0.983461 0.181118
vn 0.000013 -0.983450 0.181180
vn 0.000020 -0.998759 0.049798
vn 0.000013 -0.983461 0.181118
vn 0.000009 -0.940065 0.340995
vn 0.000009 -0.940059 0.341012
vn 0.000013 -0.983450 0.181180
vn 0.000009 -0.940065 0.340995
vn 0.000006 -0.864197 0.503154
vn 0.000006 -0.864176 0.503190
vn 0.000009 -0.940059 0.341012
vn 0.000006 -0.864197 0.503154
vn 0.000002 -0.761722 0.647904
vn 0.000002 -0.761699 0.647931
vn 0.000006 -0.864176 0.503190
vn 0.000002 -0.761722 0.647904
vn 0.000000 -0.646399 0.762999
vn 0.000000 -0.646394 0.763004
vn 0.000002 -0.761699 0.647931
vn 0.000000 -0.646399 0.762999
vn -0.000000 -0.541997 0.840380
vn -0.000000 -0.541997 0.840380
vn 0.000000 -0.646394 0.763004
vn -0.000000 -0.541997 0.840380
vn -0.000000 -0.459847 0.887998
vn -0.000000 -0.459847 0.887998
vn -0.000000 -0.541997 0.840380
vn -0.000000 -0.459847 0.887998
vn -0.000000 -0.345292 0.938495
vn -0.000000 -0.345292 0.938495
vn -0.000000 -0.459847 0.887998
vn -0.000000 -0.345292 0.938495
vn -0.000000 -0.193078 0.981183
vn -0.000000 -0.193078 0.981183
vn -0.000000 -0.345292 0.938495
vn -0.000000 -0.193078 0.981183
vn -0.000000 -0.066113 0.997812
vn -0.000000 -0.066113 0.997812
vn -0.000000 -0.193078 0.981183
vn -0.000000 -0.066113 0.997812
vn 0.000256 -0.231370 0.972866
vn 0.000234 -0.255079 0.966920
vn -0.000000 -0.066113 0.997812
vn 0.000256 -0.231370 0.972866
vn 0.000366 -0.599800 0.800150
vn 0.000370 -0.601032 0.799225
vn 0.000234 -0.255079 0.966920
vn 0.000366 -0.599800 0.800150
vn 0.000256 -0.914995 0.403465
vn 0.000317 -0.920607 0.390491
vn 0.000370 -0.601032 0.799225
vn 0.000256 -0.914995 0.403465
vn 0.000284 -0.995193 0.097932
vn 0.000331 -0.999709 0.024106
vn 0.000317 -0.920607 0.390491
vn 0.000021 -1.000000 0.000002
vn 0.000024 -1.000000 -0.000001
vn 0.000023 -1.000000 -0.000000
vn 0.000023 -1.000000 0.000000
vn 0.000023 -1.000000 -0.000000
vn 0.000023 -1.000000 -0.000000
vn 0.000023 -1.000000 0.000000
vn 0.000023 -1.000000 0.000000
vn 0.000021 -1.000000 0.000005
vn 0.000021 -1.000000 0.000002
vn 0.000023 -1.000000 0.000000
vn 0.000013 -0.983461 -0.181121
vn 0.000019 -0.998762 -0.049734
vn 0.000020 -0.998760 -0.049794
vn 0.000013 -0.983449 -0.181183
vn 0.000009 -0.940065 -0.340995
vn 0.000013 -0.983461 -0.181121
vn 0.000013 -0.983449 -0.181183
vn 0.000009 -0.940059 -0.341011
vn 0.000006 -0.864196 -0.503155
vn 0.000009 -0.940065 -0.340995
vn 0.000009 -0.940059 -0.341011
vn 0.000006 -0.864177 -0.503188
vn 0.000002 -0.761722 -0.647904
vn 0.000006 -0.864196 -0.503155
vn 0.000006 -0.864177 -0.503188
vn 0.000002 -0.761699 -0.647931
vn 0.000001 -0.646400 -0.762999
vn 0.000002 -0.761722 -0.647904
vn 0.000002 -0.761699 -0.647931
vn 0.000000 -0.646393 -0.763004
vn 0.000000 -0.541996 -0.840381
vn 0.000001 -0.646400 -0.762999
vn 0.000000 -0.646393 -0.763004
vn 0.000000 -0.541996 -0.840381
vn 0.000000 -0.459848 -0.887998
vn 0.000000 -0.541996 -0.840381
vn 0.000000 -0.541996 -0.840381
vn 0.000000 -0.459848 -0.887998
vn 0.000000 -0.345295 -0.938494
vn 0.000000 -0.459848 -0.887998
vn 0.000000 -0.459848 -0.887998
vn -0.000000 -0.345295 -0.938494
vn 0.000000 -0.193078 -0.981183
vn 0.000000 -0.345295 -0.938494
vn -0.000000 -0.345295 -0.938494
vn -0.000000 -0.193078 -0.981184
vn 0.000000 -0.066111 -0.997812
vn 0.000000 -0.193078 -0.981183
vn -0.000000 -0.193078 -0.981184
vn -0.000000 -0.066112 -0.997812
vn 0.000234 -0.231056 -0.972941
vn 0.000000 -0.066111 -0.997812
vn -0.000000 -0.066112 -0.997812
vn 0.000242 -0.254777 -0.967000
vn 0.000353 -0.600152 -0.799886
vn 0.000234 -0.231056 -0.972941
vn 0.000242 -0.254777 -0.967000
vn 0.000373 -0.601401 -0.798947
vn 0.000253 -0.914873 -0.403741
vn 0.000353 -0.600152 -0.799886
vn 0.000373 -0.601401 -0.798947
vn 0.000318 -0.920463 -0.390829
vn 0.000258 -0.995226 -0.097594
vn 0.000253 -0.914873 -0.403741
vn 0.000318 -0.920463 -0.390829
vn 0.000342 -0.999720 -0.023682
vn 0.000026 -1.000000 -0.000003
vn 0.000025 -1.000000 -0.000001
vn 0.000023 -1.000000 -0.000000
vn 0.000023 -1.000000 0.000000
vn 0.000023 -1.000000 -0.000000
vn 0.000023 -1.000000 -0.000000
vn 0.000023 -1.000000 0.000000
vn 0.000023 -1.000000 0.000000
vn 0.000022 -1.000000 0.000003
vn 0.000026 -1.000000 -0.000003
vn 0.000023 -1.000000 0.000000
vn 0.000022 -1.000000 0.000000
vn 0.000023 -1.000000 0.000000
vn 0.000020 -0.998759 0.049798
vn 0.000023 -1.000000 -0.000000
vn 0.000022 -1.000000 0.000000
vn 0.000023 -1.000000 -0.000000
vn 0.000020 -0.998759 0.049798
vn 0.000030 -1.000000 0.000000
vn 0.000020 -0.998759 0.049798
vn 0.000030 -0.998756 0.049857
vn 0.000030 -1.000000 0.000000
vn 0.000030 -1.000000 0.000000
vn 0.000022 -1.000000 0.000000
vn 0.000023 -1.000000 -0.000000
vn 0.000022 -1.000000 0.000000
vn 0.000022 -1.000000 -0.000000
vn 0.000022 -1.000000 0.000000
vn 0.000030 -1.000000 0.000000
vn 0.000022 -1.000000 -0.000000
vn 0.000022 -1.000000 -0.000000
vn 0.000030 -1.000000 0.000000
vn 0.000022 -0.998756 -0.049858
vn 0.000022 -1.000000 -0.000000
vn 0.000022 -0.998756 -0.049858
vn 0.000020 -0.998760 -0.049794
vn 0.000023 -1.000000 -0.000000
vn 0.000022 -1.000000 -0.000000
vn 0.000022 -0.998756 -0.049858
vn 0.000022 -1.000000 -0.000000
vn 0.000022 -1.000000 -0.000000
vn 0.000023 -1.000000 -0.000000
vn 0.000023 -1.000000 -0.000000
vn 0.000020 -0.998760 -0.049794
vn 0.000023 -1.000000 0.000000
vn 0.000023 -1.000000 0.000000
vn 0.000023 -1.000000 0.000000
vn 0.000020 -0.998760 -0.049794
vn 0.000019 -0.998762 -0.049734
vn 0.000019 -0.998762 -0.049734
vn 0.000022 -1.000000 -0.000000
vn 0.000023 -1.000000 -0.000000
vn 0.000023 -1.000000 -0.000000
vn 0.000023 -1.000000 0.000000
vn 0.000019 -0.998762 -0.049734
vn 0.000023 -1.000000 -0.000000
vn 0.000022 -1.000000 -0.000000
vn 0.000023 -1.000000 -0.000000
vn 0.000022 -1.000000 -0.000000
vn 0.000023 -1.000000 -0.000000
vn 0.000022 -1.000000 -0.000000
vn 0.000019 -0.998762 0.049739
vn 0.000020 -0.998759 0.049798
vn 0.000023 -1.000000 -0.000000
vn 0.000022 -1.000000 -0.000000
vn 0.000023 -1.000000 -0.000000
vn 0.000020 -0.998759 0.049798
vn 0.000023 -1.000000 0.000000
vn 0.000020 -0.998759 0.049798
vn 0.000023 -1.000000 0.000000
vn 0.000023 -1.000000 0.000000
vn -0.000013 -1.000000 0.000002
vn -0.000015 -1.000000 0.000000
vn -0.000021 -1.000000 0.000000
vn -0.000015 -1.000000 0.000000
vn -0.000015 -1.000000 0.000000
vn -0.000021 -1.000000 0.000000
vn -0.000020 -0.998762 -0.049738
vn -0.000015 -1.000000 -0.000001
vn -0.000015 -1.000000 -0.000001
vn -0.000015 -1.000000 -0.000001
vn -0.000020 -0.998762 -0.049738
vn -0.000015 -1.000000 -0.000000
vn -0.000015 -1.000000 0.000000
vn -0.000015 -1.000000 -0.000000
vn -0.000020 -0.998762 -0.049738
vn -0.000015 -1.000000 -0.000000
vn -0.000015 -1.000000 -0.000000
vn -0.000020 -0.998762 -0.049738
vn -0.000025 -0.998756 -0.049860
vn -0.000015 -1.000000 0.000000
vn -0.000025 -0.998756 -0.049860
vn -0.000031 -1.000000 -0.000000
vn -0.000015 -1.000000 -0.000000
vn -0.000015 -1.000000 0.000000
vn -0.000016 -1.000000 -0.000001
vn -0.000015 -1.000000 -0.000000
vn -0.000031 -1.000000 -0.000000
vn -0.000015 -1.000000 -0.000000
vn -0.000015 -1.000000 -0.000000
vn -0.000031 -1.000000 -0.000000
vn -0.000029 -0.998756 0.049855
vn -0.000016 -1.000000 -0.000001
vn -0.000015 -1.000000 0.000001
vn -0.000016 -1.000000 -0.000001
vn -0.000029 -0.998756 0.049855
vn -0.000015 -1.000000 0.000001
vn -0.000015 -1.000000 -0.000000
vn -0.000015 -1.000000 0.000001
vn -0.000029 -0.998756 0.049855
vn -0.000015 -1.000000 -0.000000
vn -0.000015 -1.000000 -0.000000
vn -0.000029 -0.998756 0.049855
vn -0.000018 -0.998762 0.049734
vn -0.000015 -1.000000 -0.000000
vn -0.000018 -0.998762 0.049734
vn -0.000021 -1.000000 0.000000
vn -0.000015 -1.000000 0.000000
vn -0.000015 -1.000000 -0.000000
vn 0.000022 -1.000000 0.000000
vn 0.063400 -0.985679 -0.156262
vn -0.000089 -0.985951 -0.167033
vn 0.000023 -1.000000 0.000000
vn 0.000023 -1.000000 -0.000000
vn 0.116513 -0.986047 -0.118892
vn 0.063400 -0.985679 -0.156262
vn 0.000022 -1.000000 0.000000
vn 0.000022 -1.000000 0.000000
vn 0.153583 -0.986154 -0.062554
vn 0.116513 -0.986047 -0.118892
vn 0.000023 -1.000000 -0.000000
vn 0.000023 -1.000000 -0.000000
vn 0.181765 -0.983202 -0.016604
vn 0.153583 -0.986154 -0.062554
vn 0.000022 -1.000000 0.000000
vn 0.000022 -1.000000 0.000000
vn 0.193812 -0.981039 -0.000367
vn 0.181765 -0.983202 -0.016604
vn 0.000023 -1.000000 -0.000000
vn 0.000022 -1.000000 0.000000
vn 0.000022 -1.000000 -0.000000
vn 0.181882 -0.983193 0.015855
vn 0.193812 -0.981039 -0.000367
vn 0.000022 -1.000000 -0.000000
vn 0.000022 -1.000000 -0.000000
vn 0.151885 -0.986401 0.062804
vn 0.181882 -0.983193 0.015855
vn 0.000022 -1.000000 -0.000000
vn 0.119204 -0.985539 0.120430
vn 0.151885 -0.986401 0.062804
vn 0.000022 -1.000000 -0.000000
vn 0.000022 -1.000000 -0.000000
vn 0.000022 -1.000000 -0.000000
vn 0.062059 -0.986304 0.152817
vn 0.119204 -0.985539 0.120430
vn 0.000023 -1.000000 -0.000000
vn 0.000313 -0.985273 0.170987
vn 0.062059 -0.986304 0.152817
vn 0.000022 -1.000000 -0.000000
vn 0.000023 -1.000000 -0.000000
vn 0.000023 -1.000000 -0.000000
vn -0.061350 -0.986269 0.153328
vn 0.000313 -0.985273 0.170987
vn 0.000023 -1.000000 0.000000
vn -0.118674 -0.986050 0.116708
vn -0.061350 -0.986269 0.153328
vn 0.000023 -1.000000 -0.000000
vn 0.000023 -1.000000 0.000000
vn -0.156011 -0.985723 0.063336
vn -0.118674 -0.986050 0.116708
vn 0.000023 -1.000000 0.000000
vn 0.000023 -1.000000 -0.000000
vn -0.180447 -0.983423 0.017855
vn -0.156011 -0.985723 0.063336
vn 0.000023 -1.000000 0.000000
vn 0.000023 -1.000000 -0.000000
vn -0.193771 -0.981047 0.000158
vn -0.180447 -0.983423 0.017855
vn 0.000023 -1.000000 -0.000000
vn 0.000023 -1.000000 -0.000000
vn 0.000022 -1.000000 -0.000000
vn -0.181571 -0.983242 -0.016339
vn -0.193771 -0.981047 0.000158
vn 0.000022 -1.000000 -0.000000
vn 0.000023 -1.000000 -0.000000
vn -0.153674 -0.986144 -0.062486
vn -0.181571 -0.983242 -0.016339
vn 0.000022 -1.000000 -0.000000
vn -0.116711 -0.986043 -0.118732
vn -0.153674 -0.986144 -0.062486
vn 0.000023 -1.000000 -0.000000
vn 0.000023 -1.000000 0.000000
vn -0.063602 -0.985691 -0.156101
vn -0.116711 -0.986043 -0.118732
vn 0.000022 -1.000000 -0.000000
vn 0.000023 -1.000000 0.000000
vn -0.000089 -0.985951 -0.167033
vn -0.063602 -0.985691 -0.156101
vn 0.000023 -1.000000 0.000000
vn -0.000013 -1.000000 0.000002
vn 0.153965 -0.986018 0.063740
vn 0.168778 -0.985654 0.000853
vn -0.000015 -1.000000 0.000000
vn -0.000015 -1.000000 0.000000
vn 0.120485 -0.985598 0.118660
vn 0.153965 -0.986018 0.063740
vn -0.000013 -1.000000 0.000002
vn -0.000015 -1.000000 -0.000001
vn 0.065973 -0.986031 0.152941
vn 0.120485 -0.985598 0.118660
vn -0.000015 -1.000000 0.000000
vn -0.000015 -1.000000 -0.000001
vn 0.018389 -0.983567 0.179602
vn 0.065973 -0.986031 0.152941
vn -0.000015 -1.000000 -0.000001
vn -0.000015 -1.000000 -0.000000
vn -0.017727 -0.983376 0.180713
vn 0.018389 -0.983567 0.179602
vn -0.000015 -1.000000 -0.000001
vn -0.000015 -1.000000 -0.000000
vn -0.000015 -1.000000 0.000000
vn -0.064108 -0.986019 0.153810
vn -0.017727 -0.983376 0.180713
vn -0.000015 -1.000000 -0.000000
vn -0.119040 -0.985709 0.119195
vn -0.064108 -0.986019 0.153810
vn -0.000015 -1.000000 0.000000
vn -0.000015 -1.000000 0.000000
vn -0.153960 -0.985939 0.064967
vn -0.119040 -0.985709 0.119195
vn -0.000015 -1.000000 -0.000000
vn -0.000015 -1.000000 -0.000000
vn -0.165306 -0.986241 -0.001416
vn -0.153960 -0.985939 0.064967
vn -0.000015 -1.000000 0.000000
vn -0.000016 -1.000000 -0.000001
vn -0.155942 -0.985550 -0.066124
vn -0.165306 -0.986241 -0.001416
vn -0.000015 -1.000000 -0.000000
vn -0.000016 -1.000000 -0.000001
vn -0.000015 -1.000000 -0.000000
vn -0.116903 -0.986133 -0.117797
vn -0.155942 -0.985550 -0.066124
vn -0.000016 -1.000000 -0.000001
vn -0.065638 -0.985467 -0.156670
vn -0.116903 -0.986133 -0.117797
vn -0.000015 -1.000000 -0.000000
vn -0.000015 -1.000000 0.000001
vn -0.019496 -0.983695 -0.178785
vn -0.065638 -0.985467 -0.156670
vn -0.000016 -1.000000 -0.000001
vn -0.000015 -1.000000 0.000001
vn 0.018949 -0.983599 -0.179372
vn -0.019496 -0.983695 -0.178785
vn -0.000015 -1.000000 0.000001
vn -0.000015 -1.000000 0.000001
vn -0.000015 -1.000000 -0.000000
vn 0.064827 -0.985553 -0.156472
vn 0.018949 -0.983599 -0.179372
vn -0.000015 -1.000000 -0.000000
vn -0.000015 -1.000000 -0.000000
vn 0.116791 -0.986095 -0.118219
vn 0.064827 -0.985553 -0.156472
vn -0.000015 -1.000000 -0.000000
vn 0.154190 -0.986070 -0.062383
vn 0.116791 -0.986095 -0.118219
vn -0.000015 -1.000000 -0.000000
vn -0.000015 -1.000000 0.000000
vn 0.168778 -0.985654 0.000853
vn 0.154190 -0.986070 -0.062383
vn -0.000015 -1.000000 -0.000000
vn 0.063400 -0.985679 -0.156262
vn 0.202997 -0.841624 -0.500461
vn -0.000341 -0.842756 -0.538296
vn -0.000089 -0.985951 -0.167033
vn 0.116513 -0.986047 -0.118892
vn 0.376289 -0.843166 -0.384027
vn 0.202997 -0.841624 -0.500461
vn 0.063400 -0.985679 -0.156262
vn 0.153583 -0.986154 -0.062554
vn 0.497266 -0.843622 -0.202556
vn 0.376289 -0.843166 -0.384027
vn 0.116513 -0.986047 -0.118892
vn 0.181765 -0.983202 -0.016604
vn 0.551845 -0.832422 -0.050414
vn 0.497266 -0.843622 -0.202556
vn 0.153583 -0.986154 -0.062554
vn 0.193812 -0.981039 -0.000367
vn 0.563683 -0.825990 -0.001067
vn 0.551845 -0.832422 -0.050414
vn 0.181765 -0.983202 -0.016604
vn 0.181882 -0.983193 0.015855
vn 0.552095 -0.832391 0.048132
vn 0.563683 -0.825990 -0.001067
vn 0.193812 -0.981039 -0.000367
vn 0.181882 -0.983193 0.015855
vn 0.151885 -0.986401 0.062804
vn 0.494631 -0.844689 0.204551
vn 0.552095 -0.832391 0.048132
vn 0.119204 -0.985539 0.120430
vn 0.380523 -0.841053 0.384490
vn 0.494631 -0.844689 0.204551
vn 0.151885 -0.986401 0.062804
vn 0.062059 -0.986304 0.152817
vn 0.201600 -0.844264 0.496564
vn 0.380523 -0.841053 0.384490
vn 0.119204 -0.985539 0.120430
vn 0.000313 -0.985273 0.170987
vn 0.000940 -0.839978 0.542619
vn 0.201600 -0.844264 0.496564
vn 0.062059 -0.986304 0.152817
vn -0.061350 -0.986269 0.153328
vn -0.199226 -0.844114 0.497776
vn 0.000940 -0.839978 0.542619
vn 0.000313 -0.985273 0.170987
vn -0.118674 -0.986050 0.116708
vn -0.383360 -0.843172 0.376957
vn -0.199226 -0.844114 0.497776
vn -0.061350 -0.986269 0.153328
vn -0.156011 -0.985723 0.063336
vn -0.500158 -0.841797 0.203027
vn -0.383360 -0.843172 0.376957
vn -0.118674 -0.986050 0.116708
vn -0.180447 -0.983423 0.017855
vn -0.550355 -0.833153 0.054453
vn -0.500158 -0.841797 0.203027
vn -0.156011 -0.985723 0.063336
vn -0.193771 -0.981047 0.000158
vn -0.563660 -0.826007 0.000461
vn -0.550355 -0.833153 0.054453
vn -0.180447 -0.983423 0.017855
vn -0.193771 -0.981047 0.000158
vn -0.181571 -0.983242 -0.016339
vn -0.551724 -0.832548 -0.049645
vn -0.563660 -0.826007 0.000461
vn -0.181571 -0.983242 -0.016339
vn -0.153674 -0.986144 -0.062486
vn -0.497478 -0.843567 -0.202261
vn -0.551724 -0.832548 -0.049645
vn -0.116711 -0.986043 -0.118732
vn -0.376957 -0.843140 -0.383431
vn -0.497478 -0.843567 -0.202261
vn -0.153674 -0.986144 -0.062486
vn -0.063602 -0.985691 -0.156101
vn -0.203797 -0.841672 -0.500056
vn -0.376957 -0.843140 -0.383431
vn -0.116711 -0.986043 -0.118732
vn -0.000089 -0.985951 -0.167033
vn -0.000341 -0.842756 -0.538296
vn -0.203797 -0.841672 -0.500056
vn -0.063602 -0.985691 -0.156101
vn 0.153965 -0.986018 0.063740
vn 0.496959 -0.843036 0.205722
vn 0.540229 -0.841514 0.002729
vn 0.168778 -0.985654 0.000853
vn 0.120485 -0.985598 0.118660
vn 0.385177 -0.841287 0.379308
vn 0.496959 -0.843036 0.205722
vn 0.153965 -0.986018 0.063740
vn 0.065973 -0.986031 0.152941
vn 0.213032 -0.843090 0.493778
vn 0.385177 -0.841287 0.379308
vn 0.120485 -0.985598 0.118660
vn 0.018389 -0.983567 0.179602
vn 0.056287 -0.833654 0.549411
vn 0.213032 -0.843090 0.493778
vn 0.065973 -0.986031 0.152941
vn -0.017727 -0.983376 0.180713
vn -0.053983 -0.833002 0.550630
vn 0.056287 -0.833654 0.549411
vn 0.018389 -0.983567 0.179602
vn -0.017727 -0.983376 0.180713
vn -0.064108 -0.986019 0.153810
vn -0.206890 -0.843042 0.496465
vn -0.053983 -0.833002 0.550630
vn -0.119040 -0.985709 0.119195
vn -0.381479 -0.841748 0.382013
vn -0.206890 -0.843042 0.496465
vn -0.064108 -0.986019 0.153810
vn -0.153960 -0.985939 0.064967
vn -0.496010 -0.842710 0.209318
vn -0.381479 -0.841748 0.382013
vn -0.119040 -0.985709 0.119195
vn -0.165306 -0.986241 -0.001416
vn -0.536327 -0.843998 -0.004594
vn -0.496010 -0.842710 0.209318
vn -0.153960 -0.985939 0.064967
vn -0.155942 -0.985550 -0.066124
vn -0.497960 -0.841098 -0.211164
vn -0.536327 -0.843998 -0.004594
vn -0.165306 -0.986241 -0.001416
vn -0.116903 -0.986133 -0.117797
vn -0.378306 -0.843531 -0.381235
vn -0.497960 -0.841098 -0.211164
vn -0.155942 -0.985550 -0.066124
vn -0.065638 -0.985467 -0.156670
vn -0.209178 -0.840758 -0.499370
vn -0.378306 -0.843531 -0.381235
vn -0.116903 -0.986133 -0.117797
vn -0.019496 -0.983695 -0.178785
vn -0.059768 -0.834095 -0.548373
vn -0.209178 -0.840758 -0.499370
vn -0.065638 -0.985467 -0.156670
vn 0.018949 -0.983599 -0.179372
vn 0.058038 -0.833759 -0.549070
vn -0.059768 -0.834095 -0.548373
vn -0.019496 -0.983695 -0.178785
vn 0.018949 -0.983599 -0.179372
vn 0.064827 -0.985553 -0.156472
vn 0.207053 -0.841101 -0.499678
vn 0.058038 -0.833759 -0.549070
vn 0.116791 -0.986095 -0.118219
vn 0.377661 -0.843364 -0.382243
vn 0.207053 -0.841101 -0.499678
vn 0.064827 -0.985553 -0.156472
vn 0.154190 -0.986070 -0.062383
vn 0.498283 -0.843254 -0.201585
vn 0.377661 -0.843364 -0.382243
vn 0.116791 -0.986095 -0.118219
vn 0.168778 -0.985654 0.000853
vn 0.540229 -0.841514 0.002729
vn 0.498283 -0.843254 -0.201585
vn 0.154190 -0.986070 -0.062383
vn 0.269301 -0.697600 -0.663951
vn -0.000464 -0.698353 -0.715753
vn -0.000464 -0.698353 -0.715753
vn 0.269302 -0.697601 -0.663949
vn 0.500741 -0.698633 -0.511048
vn 0.269301 -0.697600 -0.663951
vn 0.269302 -0.697601 -0.663949
vn 0.500743 -0.698630 -0.511051
vn 0.662331 -0.698947 -0.269797
vn 0.500741 -0.698633 -0.511048
vn 0.500743 -0.698630 -0.511051
vn 0.662333 -0.698945 -0.269798
vn 0.718269 -0.692665 -0.065619
vn 0.718268 -0.692665 -0.065619
vn 0.662331 -0.698947 -0.269797
vn 0.662333 -0.698945 -0.269798
vn 0.722634 -0.691229 -0.001368
vn 0.722634 -0.691229 -0.001368
vn 0.718268 -0.692665 -0.065619
vn 0.718269 -0.692665 -0.065619
vn 0.718545 -0.692653 0.062644
vn 0.722634 -0.691229 -0.001368
vn 0.722634 -0.691229 -0.001368
vn 0.718545 -0.692653 0.062643
vn 0.660211 -0.699697 0.273029
vn 0.718545 -0.692653 0.062644
vn 0.718545 -0.692653 0.062643
vn 0.660213 -0.699695 0.273030
vn 0.504247 -0.697231 0.509513
vn 0.504247 -0.697231 0.509513
vn 0.660211 -0.699697 0.273029
vn 0.660213 -0.699695 0.273030
vn 0.268853 -0.699396 0.662241
vn 0.504247 -0.697231 0.509513
vn 0.504247 -0.697231 0.509513
vn 0.268854 -0.699394 0.662243
vn 0.001233 -0.696556 0.717501
vn 0.001233 -0.696556 0.717501
vn 0.268853 -0.699396 0.662241
vn 0.268854 -0.699394 0.662243
vn -0.265626 -0.699292 0.663652
vn 0.001233 -0.696556 0.717501
vn 0.001233 -0.696556 0.717501
vn -0.265623 -0.699295 0.663650
vn -0.510164 -0.698640 0.501632
vn -0.265626 -0.699292 0.663652
vn -0.265623 -0.699295 0.663650
vn -0.510164 -0.698639 0.501634
vn -0.663773 -0.697717 0.269439
vn -0.510164 -0.698640 0.501632
vn -0.510164 -0.698639 0.501634
vn -0.663772 -0.697717 0.269439
vn -0.717463 -0.692970 0.070987
vn -0.717463 -0.692971 0.070987
vn -0.663773 -0.697717 0.269439
vn -0.663772 -0.697717 0.269439
vn -0.722621 -0.691244 0.000590
vn -0.722621 -0.691244 0.000590
vn -0.717463 -0.692971 0.070987
vn -0.717463 -0.692970 0.070987
vn -0.718300 -0.692724 -0.064633
vn -0.722621 -0.691244 0.000590
vn -0.722621 -0.691244 0.000590
vn -0.718301 -0.692724 -0.064632
vn -0.662544 -0.698911 -0.269369
vn -0.718300 -0.692724 -0.064633
vn -0.718301 -0.692724 -0.064632
vn -0.662544 -0.698910 -0.269369
vn -0.501614 -0.698615 -0.510216
vn -0.662544 -0.698911 -0.269369
vn -0.662544 -0.698910 -0.269369
vn -0.501614 -0.698614 -0.510217
vn -0.270404 -0.697634 -0.663467
vn -0.501614 -0.698615 -0.510216
vn -0.501614 -0.698614 -0.510217
vn -0.270404 -0.697634 -0.663467
vn -0.000464 -0.698353 -0.715753
vn -0.270404 -0.697634 -0.663467
vn -0.270404 -0.697634 -0.663467
vn -0.000464 -0.698353 -0.715753
vn 0.661155 -0.698547 0.273689
vn 0.716544 -0.697532 0.003620
vn 0.716544 -0.697532 0.003620
vn 0.661157 -0.698545 0.273690
vn 0.510660 -0.697386 0.502871
vn 0.661155 -0.698547 0.273689
vn 0.661157 -0.698545 0.273690
vn 0.510661 -0.697384 0.502872
vn 0.283455 -0.698581 0.656991
vn 0.510660 -0.697386 0.502871
vn 0.510661 -0.697384 0.502872
vn 0.283455 -0.698582 0.656991
vn 0.073463 -0.693183 0.717008
vn 0.073464 -0.693182 0.717009
vn 0.283455 -0.698581 0.656991
vn 0.283455 -0.698582 0.656991
vn -0.070346 -0.692904 0.717590
vn 0.073464 -0.693182 0.717009
vn 0.073463 -0.693183 0.717008
vn -0.070346 -0.692904 0.717590
vn -0.275244 -0.698545 0.660511
vn -0.070346 -0.692904 0.717590
vn -0.070346 -0.692904 0.717590
vn -0.275244 -0.698546 0.660511
vn -0.506218 -0.697683 0.506934
vn -0.275244 -0.698545 0.660511
vn -0.275244 -0.698546 0.660511
vn -0.506220 -0.697681 0.506935
vn -0.659468 -0.698320 0.278300
vn -0.506218 -0.697683 0.506934
vn -0.506220 -0.697681 0.506935
vn -0.659466 -0.698322 0.278299
vn -0.714892 -0.699208 -0.006123
vn -0.659468 -0.698320 0.278300
vn -0.659466 -0.698322 0.278299
vn -0.714893 -0.699207 -0.006124
vn -0.659935 -0.697257 -0.279854
vn -0.659932 -0.697261 -0.279853
vn -0.714892 -0.699208 -0.006123
vn -0.714893 -0.699207 -0.006124
vn -0.503790 -0.698883 -0.507698
vn -0.659932 -0.697261 -0.279853
vn -0.659935 -0.697257 -0.279854
vn -0.503790 -0.698884 -0.507697
vn -0.277025 -0.697040 -0.661356
vn -0.277025 -0.697043 -0.661354
vn -0.503790 -0.698883 -0.507698
vn -0.503790 -0.698884 -0.507697
vn -0.078068 -0.693378 -0.716333
vn -0.078068 -0.693376 -0.716335
vn -0.277025 -0.697043 -0.661354
vn -0.277025 -0.697040 -0.661356
vn 0.075766 -0.693227 -0.716726
vn -0.078068 -0.693376 -0.716335
vn -0.078068 -0.693378 -0.716333
vn 0.075766 -0.693227 -0.716726
vn 0.274409 -0.697263 -0.662212
vn 0.075766 -0.693227 -0.716726
vn 0.075766 -0.693227 -0.716726
vn 0.274410 -0.697261 -0.662214
vn 0.502772 -0.698768 -0.508865
vn 0.274409 -0.697263 -0.662212
vn 0.274410 -0.697261 -0.662214
vn 0.502771 -0.698770 -0.508863
vn 0.663204 -0.698694 -0.268303
vn 0.502772 -0.698768 -0.508865
vn 0.502771 -0.698770 -0.508863
vn 0.663203 -0.698695 -0.268302
vn 0.716544 -0.697532 0.003620
vn 0.663204 -0.698694 -0.268303
vn 0.663203 -0.698695 -0.268302
vn 0.716544 -0.697532 0.003620
vn 0.214574 -0.821041 -0.529009
vn 0.078192 -0.978131 -0.192734
vn -0.000118 -0.977957 -0.208805
vn -0.000365 -0.820899 -0.571073
vn 0.399728 -0.820850 -0.407950
vn 0.146361 -0.977891 -0.149356
vn 0.078192 -0.978131 -0.192734
vn 0.214574 -0.821041 -0.529009
vn 0.529006 -0.820804 -0.215484
vn 0.193956 -0.977824 -0.079000
vn 0.146361 -0.977891 -0.149356
vn 0.399728 -0.820850 -0.407950
vn 0.564577 -0.823767 -0.051578
vn 0.198468 -0.979940 -0.018130
vn 0.193956 -0.977824 -0.079000
vn 0.529006 -0.820804 -0.215484
vn 0.560188 -0.828365 -0.001060
vn 0.189666 -0.981849 -0.000359
vn 0.198468 -0.979940 -0.018130
vn 0.564577 -0.823767 -0.051578
vn 0.564768 -0.823780 0.049237
vn 0.198510 -0.979946 0.017305
vn 0.189666 -0.981849 -0.000359
vn 0.560188 -0.828365 -0.001060
vn 0.564768 -0.823780 0.049237
vn 0.527970 -0.820717 0.218339
vn 0.194187 -0.977673 0.080299
vn 0.198510 -0.979946 0.017305
vn 0.401483 -0.821124 0.405669
vn 0.146021 -0.978220 0.147527
vn 0.194187 -0.977673 0.080299
vn 0.527970 -0.820717 0.218339
vn 0.214898 -0.820751 0.529326
vn 0.078948 -0.977736 0.194422
vn 0.146021 -0.978220 0.147527
vn 0.401483 -0.821124 0.405669
vn 0.000986 -0.821319 0.570469
vn 0.000373 -0.978402 0.206711
vn 0.078948 -0.977736 0.194422
vn 0.214898 -0.820751 0.529326
vn 0.000986 -0.821319 0.570469
vn -0.212265 -0.820776 0.530349
vn -0.077916 -0.977761 0.194713
vn 0.000373 -0.978402 0.206711
vn -0.407233 -0.820864 0.400429
vn -0.149072 -0.977899 0.146597
vn -0.077916 -0.977761 0.194713
vn -0.212265 -0.820776 0.530349
vn -0.528966 -0.821030 0.214721
vn -0.192805 -0.978110 0.078271
vn -0.149072 -0.977899 0.146597
vn -0.407233 -0.820864 0.400429
vn -0.564637 -0.823446 0.055867
vn -0.199124 -0.979776 0.019703
vn -0.192805 -0.978110 0.078271
vn -0.528966 -0.821030 0.214721
vn -0.560162 -0.828383 0.000458
vn -0.189621 -0.981857 0.000155
vn -0.199124 -0.979776 0.019703
vn -0.564637 -0.823446 0.055867
vn -0.560162 -0.828383 0.000458
vn -0.564700 -0.823731 -0.050812
vn -0.198583 -0.979921 -0.017870
vn -0.189621 -0.981857 0.000155
vn -0.564700 -0.823731 -0.050812
vn -0.529122 -0.820823 -0.215126
vn -0.193924 -0.977843 -0.078850
vn -0.198583 -0.979921 -0.017870
vn -0.400393 -0.820865 -0.407266
vn -0.146552 -0.977904 -0.149084
vn -0.193924 -0.977843 -0.078850
vn -0.529122 -0.820823 -0.215126
vn -0.215451 -0.821044 -0.528647
vn -0.078493 -0.978126 -0.192634
vn -0.146552 -0.977904 -0.149084
vn -0.400393 -0.820865 -0.407266
vn -0.000365 -0.820899 -0.571073
vn -0.000118 -0.977957 -0.208805
vn -0.078493 -0.978126 -0.192634
vn -0.215451 -0.821044 -0.528647
vn 0.527682 -0.820875 0.218439
vn 0.193091 -0.977919 0.079936
vn 0.207885 -0.978153 0.001050
vn 0.570825 -0.821067 0.002884
vn 0.406692 -0.821102 0.400492
vn 0.147998 -0.978189 0.145752
vn 0.193091 -0.977919 0.079936
vn 0.527682 -0.820875 0.218439
vn 0.226245 -0.820866 0.524398
vn 0.082797 -0.977909 0.191933
vn 0.147998 -0.978189 0.145752
vn 0.406692 -0.821102 0.400492
vn 0.057861 -0.823218 0.564770
vn 0.020444 -0.979654 0.199649
vn 0.082797 -0.977909 0.191933
vn 0.226245 -0.820866 0.524398
vn -0.055352 -0.823506 0.564601
vn -0.019519 -0.979806 0.198994
vn 0.020444 -0.979654 0.199649
vn 0.057861 -0.823218 0.564770
vn -0.055352 -0.823506 0.564601
vn -0.219686 -0.820866 0.527179
vn -0.080404 -0.977915 0.192921
vn -0.019519 -0.979806 0.198994
vn -0.403398 -0.821025 0.403965
vn -0.147043 -0.978110 0.147239
vn -0.080404 -0.977915 0.192921
vn -0.219686 -0.820866 0.527179
vn -0.526142 -0.820899 0.222033
vn -0.192362 -0.977961 0.081172
vn -0.147043 -0.978110 0.147239
vn -0.403398 -0.821025 0.403965
vn -0.571231 -0.820774 -0.004893
vn -0.209666 -0.977771 -0.001796
vn -0.192362 -0.977961 0.081172
vn -0.526142 -0.820899 0.222033
vn -0.525462 -0.821120 -0.222827
vn -0.191136 -0.978212 -0.081048
vn -0.209666 -0.977771 -0.001796
vn -0.571231 -0.820774 -0.004893
vn -0.402332 -0.820817 -0.405448
vn -0.147468 -0.977840 -0.148600
vn -0.191136 -0.978212 -0.081048
vn -0.525462 -0.821120 -0.222827
vn -0.220485 -0.821175 -0.526363
vn -0.080113 -0.978271 -0.191229
vn -0.147468 -0.977840 -0.148600
vn -0.402332 -0.820817 -0.405448
vn -0.061541 -0.823030 -0.564655
vn -0.021809 -0.979552 -0.200005
vn -0.080113 -0.978271 -0.191229
vn -0.220485 -0.821175 -0.526363
vn 0.059686 -0.823169 -0.564651
vn 0.021099 -0.979630 -0.199702
vn -0.021809 -0.979552 -0.200005
vn -0.061541 -0.823030 -0.564655
vn 0.059686 -0.823169 -0.564651
vn 0.218489 -0.821125 -0.527272
vn 0.079457 -0.978217 -0.191777
vn 0.021099 -0.979630 -0.199702
vn 0.401430 -0.820838 -0.406299
vn 0.147038 -0.977870 -0.148832
vn 0.079457 -0.978217 -0.191777
vn 0.218489 -0.821125 -0.527272
vn 0.529457 -0.820850 -0.214196
vn 0.193871 -0.977886 -0.078436
vn 0.147038 -0.977870 -0.148832
vn 0.401430 -0.820838 -0.406299
vn 0.570825 -0.821067 0.002884
vn 0.207885 -0.978153 0.001050
vn 0.193871 -0.977886 -0.078436
vn 0.529457 -0.820850 -0.214196
vn 0.078192 -0.978131 -0.192734
vn 0.000022 -1.000000 0.000003
vn 0.000023 -1.000000 0.000000
vn -0.000118 -0.977957 -0.208805
vn 0.146361 -0.977891 -0.149356
vn 0.000026 -1.000000 -0.000003
vn 0.000022 -1.000000 0.000003
vn 0.078192 -0.978131 -0.192734
vn 0.193956 -0.977824 -0.079000
vn 0.000025 -1.000000 -0.000001
vn 0.000026 -1.000000 -0.000003
vn 0.146361 -0.977891 -0.149356
vn 0.198468 -0.979940 -0.018130
vn 0.000023 -1.000000 -0.000000
vn 0.000025 -1.000000 -0.000001
vn 0.193956 -0.977824 -0.079000
vn 0.189666 -0.981849 -0.000359
vn 0.000023 -1.000000 -0.000000
vn 0.000023 -1.000000 -0.000000
vn 0.198468 -0.979940 -0.018130
vn 0.198510 -0.979946 0.017305
vn 0.000021 -1.000000 0.000000
vn 0.000023 -1.000000 -0.000000
vn 0.189666 -0.981849 -0.000359
vn 0.198510 -0.979946 0.017305
vn 0.194187 -0.977673 0.080299
vn 0.000024 -1.000000 0.000001
vn 0.000021 -1.000000 0.000000
vn 0.146021 -0.978220 0.147527
vn 0.000021 -1.000000 -0.000001
vn 0.000024 -1.000000 0.000001
vn 0.194187 -0.977673 0.080299
vn 0.078948 -0.977736 0.194422
vn 0.000021 -1.000000 -0.000004
vn 0.000021 -1.000000 -0.000001
vn 0.146021 -0.978220 0.147527
vn 0.000373 -0.978402 0.206711
vn 0.000023 -1.000000 0.000000
vn 0.000021 -1.000000 -0.000004
vn 0.078948 -0.977736 0.194422
vn -0.077916 -0.977761 0.194713
vn 0.000021 -1.000000 0.000005
vn 0.000023 -1.000000 0.000000
vn 0.000373 -0.978402 0.206711
vn -0.149072 -0.977899 0.146597
vn 0.000021 -1.000000 0.000002
vn 0.000021 -1.000000 0.000005
vn -0.077916 -0.977761 0.194713
vn -0.192805 -0.978110 0.078271
vn 0.000024 -1.000000 -0.000001
vn 0.000021 -1.000000 0.000002
vn -0.149072 -0.977899 0.146597
vn -0.199124 -0.979776 0.019703
vn 0.000023 -1.000000 -0.000000
vn 0.000024 -1.000000 -0.000001
vn -0.192805 -0.978110 0.078271
vn -0.189621 -0.981857 0.000155
vn 0.000023 -1.000000 -0.000000
vn 0.000023 -1.000000 -0.000000
vn -0.199124 -0.979776 0.019703
vn -0.198583 -0.979921 -0.017870
vn 0.000023 -1.000000 0.000000
vn 0.000023 -1.000000 -0.000000
vn -0.189621 -0.981857 0.000155
vn -0.198583 -0.979921 -0.017870
vn -0.193924 -0.977843 -0.078850
vn 0.000024 -1.000000 0.000000
vn 0.000023 -1.000000 0.000000
vn -0.146552 -0.977904 -0.149084
vn 0.000021 -1.000000 -0.000002
vn 0.000024 -1.000000 0.000000
vn -0.193924 -0.977843 -0.078850
vn -0.078493 -0.978126 -0.192634
vn 0.000021 -1.000000 -0.000004
vn 0.000021 -1.000000 -0.000002
vn -0.146552 -0.977904 -0.149084
vn -0.000118 -0.977957 -0.208805
vn 0.000023 -1.000000 0.000000
vn 0.000021 -1.000000 -0.000004
vn -0.078493 -0.978126 -0.192634
vn 0.193091 -0.977919 0.079936
vn -0.000020 -1.000000 -0.000002
vn -0.000013 -1.000000 0.000000
vn 0.207885 -0.978153 0.001050
vn 0.147998 -0.978189 0.145752
vn -0.000015 -1.000000 -0.000000
vn -0.000020 -1.000000 -0.000002
vn 0.193091 -0.977919 0.079936
vn 0.082797 -0.977909 0.191933
vn -0.000017 -1.000000 -0.000003
vn -0.000015 -1.000000 -0.000000
vn 0.147998 -0.978189 0.145752
vn 0.020444 -0.979654 0.199649
vn -0.000015 -1.000000 0.000001
vn -0.000017 -1.000000 -0.000003
vn 0.082797 -0.977909 0.191933
vn -0.019519 -0.979806 0.198994
vn -0.000015 -1.000000 0.000001
vn -0.000015 -1.000000 0.000001
vn 0.020444 -0.979654 0.199649
vn -0.019519 -0.979806 0.198994
vn -0.080404 -0.977915 0.192921
vn -0.000014 -1.000000 -0.000003
vn -0.000015 -1.000000 0.000001
vn -0.147043 -0.978110 0.147239
vn -0.000014 -1.000000 -0.000001
vn -0.000014 -1.000000 -0.000003
vn -0.080404 -0.977915 0.192921
vn -0.192362 -0.977961 0.081172
vn -0.000014 -1.000000 -0.000001
vn -0.000014 -1.000000 -0.000001
vn -0.147043 -0.978110 0.147239
vn -0.209666 -0.977771 -0.001796
vn -0.000020 -1.000000 0.000000
vn -0.000014 -1.000000 -0.000001
vn -0.192362 -0.977961 0.081172
vn -0.191136 -0.978212 -0.081048
vn -0.000020 -1.000000 -0.000002
vn -0.000020 -1.000000 0.000000
vn -0.209666 -0.977771 -0.001796
vn -0.147468 -0.977840 -0.148600
vn -0.000016 -1.000000 -0.000000
vn -0.000020 -1.000000 -0.000002
vn -0.191136 -0.978212 -0.081048
vn -0.080113 -0.978271 -0.191229
vn -0.000014 -1.000000 0.000003
vn -0.000016 -1.000000 -0.000000
vn -0.147468 -0.977840 -0.148600
vn -0.021809 -0.979552 -0.200005
vn -0.000016 -1.000000 -0.000005
vn -0.000014 -1.000000 0.000003
vn -0.080113 -0.978271 -0.191229
vn 0.021099 -0.979630 -0.199702
vn -0.000015 -1.000000 -0.000003
vn -0.000016 -1.000000 -0.000005
vn -0.021809 -0.979552 -0.200005
vn 0.021099 -0.979630 -0.199702
vn 0.079457 -0.978217 -0.191777
vn -0.000014 -1.000000 -0.000003
vn -0.000015 -1.000000 -0.000003
vn 0.147038 -0.977870 -0.148832
vn -0.000015 -1.000000 -0.000000
vn -0.000014 -1.000000 -0.000003
vn 0.079457 -0.978217 -0.191777
vn 0.193871 -0.977886 -0.078436
vn -0.000014 -1.000000 -0.000001
vn -0.000015 -1.000000 -0.000000
vn 0.147038 -0.977870 -0.148832
vn 0.207885 -0.978153 0.001050
vn -0.000013 -1.000000 0.000000
vn -0.000014 -1.000000 -0.000001
vn 0.193871 -0.977886 -0.078436
vn 0.214574 -0.821041 -0.529009
vn -0.000365 -0.820899 -0.571073
vn -0.000464 -0.698353 -0.715753
vn 0.269301 -0.697600 -0.663951
vn -0.000341 -0.842756 -0.538296
vn 0.202997 -0.841624 -0.500461
vn 0.269302 -0.697601 -0.663949
vn -0.000464 -0.698353 -0.715753
vn 0.399728 -0.820850 -0.407950
vn 0.214574 -0.821041 -0.529009
vn 0.269301 -0.697600 -0.663951
vn 0.500741 -0.698633 -0.511048
vn 0.202997 -0.841624 -0.500461
vn 0.376289 -0.843166 -0.384027
vn 0.500743 -0.698630 -0.511051
vn 0.269302 -0.697601 -0.663949
vn 0.529006 -0.820804 -0.215484
vn 0.399728 -0.820850 -0.407950
vn 0.500741 -0.698633 -0.511048
vn 0.662331 -0.698947 -0.269797
vn 0.376289 -0.843166 -0.384027
vn 0.497266 -0.843622 -0.202556
vn 0.662333 -0.698945 -0.269798
vn 0.500743 -0.698630 -0.511051
vn 0.718268 -0.692665 -0.065619
vn 0.564577 -0.823767 -0.051578
vn 0.529006 -0.820804 -0.215484
vn 0.662331 -0.698947 -0.269797
vn 0.662333 -0.698945 -0.269798
vn 0.497266 -0.843622 -0.202556
vn 0.551845 -0.832422 -0.050414
vn 0.718269 -0.692665 -0.065619
vn 0.560188 -0.828365 -0.001060
vn 0.564577 -0.823767 -0.051578
vn 0.718268 -0.692665 -0.065619
vn 0.722634 -0.691229 -0.001368
vn 0.551845 -0.832422 -0.050414
vn 0.563683 -0.825990 -0.001067
vn 0.722634 -0.691229 -0.001368
vn 0.718269 -0.692665 -0.065619
vn 0.564768 -0.823780 0.049237
vn 0.560188 -0.828365 -0.001060
vn 0.722634 -0.691229 -0.001368
vn 0.718545 -0.692653 0.062644
vn 0.563683 -0.825990 -0.001067
vn 0.552095 -0.832391 0.048132
vn 0.718545 -0.692653 0.062643
vn 0.722634 -0.691229 -0.001368
vn 0.527970 -0.820717 0.218339
vn 0.564768 -0.823780 0.049237
vn 0.718545 -0.692653 0.062644
vn 0.660211 -0.699697 0.273029
vn 0.552095 -0.832391 0.048132
vn 0.494631 -0.844689 0.204551
vn 0.660213 -0.699695 0.273030
vn 0.718545 -0.692653 0.062643
vn 0.401483 -0.821124 0.405669
vn 0.527970 -0.820717 0.218339
vn 0.660211 -0.699697 0.273029
vn 0.504247 -0.697231 0.509513
vn 0.494631 -0.844689 0.204551
vn 0.380523 -0.841053 0.384490
vn 0.504247 -0.697231 0.509513
vn 0.660213 -0.699695 0.273030
vn 0.214898 -0.820751 0.529326
vn 0.401483 -0.821124 0.405669
vn 0.504247 -0.697231 0.509513
vn 0.268853 -0.699396 0.662241
vn 0.380523 -0.841053 0.384490
vn 0.201600 -0.844264 0.496564
vn 0.268854 -0.699394 0.662243
vn 0.504247 -0.697231 0.509513
vn 0.000986 -0.821319 0.570469
vn 0.214898 -0.820751 0.529326
vn 0.268853 -0.699396 0.662241
vn 0.001233 -0.696556 0.717501
vn 0.201600 -0.844264 0.496564
vn 0.000940 -0.839978 0.542619
vn 0.001233 -0.696556 0.717501
vn 0.268854 -0.699394 0.662243
vn -0.212265 -0.820776 0.530349
vn 0.000986 -0.821319 0.570469
vn 0.001233 -0.696556 0.717501
vn -0.265626 -0.699292 0.663652
vn 0.000940 -0.839978 0.542619
vn -0.199226 -0.844114 0.497776
vn -0.265623 -0.699295 0.663650
vn 0.001233 -0.696556 0.717501
vn -0.407233 -0.820864 0.400429
vn -0.212265 -0.820776 0.530349
vn -0.265626 -0.699292 0.663652
vn -0.510164 -0.698640 0.501632
vn -0.199226 -0.844114 0.497776
vn -0.383360 -0.843172 0.376957
vn -0.510164 -0.698639 0.501634
vn -0.265623 -0.699295 0.663650
vn -0.528966 -0.821030 0.214721
vn -0.407233 -0.820864 0.400429
vn -0.510164 -0.698640 0.501632
vn -0.663773 -0.697717 0.269439
vn -0.383360 -0.843172 0.376957
vn -0.500158 -0.841797 0.203027
vn -0.663772 -0.697717 0.269439
vn -0.510164 -0.698639 0.501634
vn -0.717463 -0.692971 0.070987
vn -0.564637 -0.823446 0.055867
vn -0.528966 -0.821030 0.214721
vn -0.663773 -0.697717 0.269439
vn -0.663772 -0.697717 0.269439
vn -0.500158 -0.841797 0.203027
vn -0.550355 -0.833153 0.054453
vn -0.717463 -0.692970 0.070987
vn -0.560162 -0.828383 0.000458
vn -0.564637 -0.823446 0.055867
vn -0.717463 -0.692971 0.070987
vn -0.722621 -0.691244 0.000590
vn -0.550355 -0.833153 0.054453
vn -0.563660 -0.826007 0.000461
vn -0.722621 -0.691244 0.000590
vn -0.717463 -0.692970 0.070987
vn -0.564700 -0.823731 -0.050812
vn -0.560162 -0.828383 0.000458
vn -0.722621 -0.691244 0.000590
vn -0.718300 -0.692724 -0.064633
vn -0.563660 -0.826007 0.000461
vn -0.551724 -0.832548 -0.049645
vn -0.718301 -0.692724 -0.064632
vn -0.722621 -0.691244 0.000590
vn -0.529122 -0.820823 -0.215126
vn -0.564700 -0.823731 -0.050812
vn -0.718300 -0.692724 -0.064633
vn -0.662544 -0.698911 -0.269369
vn -0.551724 -0.832548 -0.049645
vn -0.497478 -0.843567 -0.202261
vn -0.662544 -0.698910 -0.269369
vn -0.718301 -0.692724 -0.064632
vn -0.400393 -0.820865 -0.407266
vn -0.529122 -0.820823 -0.215126
vn -0.662544 -0.698911 -0.269369
vn -0.501614 -0.698615 -0.510216
vn -0.497478 -0.843567 -0.202261
vn -0.376957 -0.843140 -0.383431
vn -0.501614 -0.698614 -0.510217
vn -0.662544 -0.698910 -0.269369
vn -0.215451 -0.821044 -0.528647
vn -0.400393 -0.820865 -0.407266
vn -0.501614 -0.698615 -0.510216
vn -0.270404 -0.697634 -0.663467
vn -0.376957 -0.843140 -0.383431
vn -0.203797 -0.841672 -0.500056
vn -0.270404 -0.697634 -0.663467
vn -0.501614 -0.698614 -0.510217
vn -0.000365 -0.820899 -0.571073
vn -0.215451 -0.821044 -0.528647
vn -0.270404 -0.697634 -0.663467
vn -0.000464 -0.698353 -0.715753
vn -0.203797 -0.841672 -0.500056
vn -0.000341 -0.842756 -0.538296
vn -0.000464 -0.698353 -0.715753
vn -0.270404 -0.697634 -0.663467
vn 0.527682 -0.820875 0.218439
vn 0.570825 -0.821067 0.002884
vn 0.716544 -0.697532 0.003620
vn 0.661155 -0.698547 0.273689
vn 0.540229 -0.841514 0.002729
vn 0.496959 -0.843036 0.205722
vn 0.661157 -0.698545 0.273690
vn 0.716544 -0.697532 0.003620
vn 0.406692 -0.821102 0.400492
vn 0.527682 -0.820875 0.218439
vn 0.661155 -0.698547 0.273689
vn 0.510660 -0.697386 0.502871
vn 0.496959 -0.843036 0.205722
vn 0.385177 -0.841287 0.379308
vn 0.510661 -0.697384 0.502872
vn 0.661157 -0.698545 0.273690
vn 0.226245 -0.820866 0.524398
vn 0.406692 -0.821102 0.400492
vn 0.510660 -0.697386 0.502871
vn 0.283455 -0.698581 0.656991
vn 0.385177 -0.841287 0.379308
vn 0.213032 -0.843090 0.493778
vn 0.283455 -0.698582 0.656991
vn 0.510661 -0.697384 0.502872
vn 0.073464 -0.693182 0.717009
vn 0.057861 -0.823218 0.564770
vn 0.226245 -0.820866 0.524398
vn 0.283455 -0.698581 0.656991
vn 0.283455 -0.698582 0.656991
vn 0.213032 -0.843090 0.493778
vn 0.056287 -0.833654 0.549411
vn 0.073463 -0.693183 0.717008
vn -0.055352 -0.823506 0.564601
vn 0.057861 -0.823218 0.564770
vn 0.073464 -0.693182 0.717009
vn -0.070346 -0.692904 0.717590
vn 0.056287 -0.833654 0.549411
vn -0.053983 -0.833002 0.550630
vn -0.070346 -0.692904 0.717590
vn 0.073463 -0.693183 0.717008
vn -0.219686 -0.820866 0.527179
vn -0.055352 -0.823506 0.564601
vn -0.070346 -0.692904 0.717590
vn -0.275244 -0.698545 0.660511
vn -0.053983 -0.833002 0.550630
vn -0.206890 -0.843042 0.496465
vn -0.275244 -0.698546 0.660511
vn -0.070346 -0.692904 0.717590
vn -0.403398 -0.821025 0.403965
vn -0.219686 -0.820866 0.527179
vn -0.275244 -0.698545 0.660511
vn -0.506218 -0.697683 0.506934
vn -0.206890 -0.843042 0.496465
vn -0.381479 -0.841748 0.382013
vn -0.506220 -0.697681 0.506935
vn -0.275244 -0.698546 0.660511
vn -0.526142 -0.820899 0.222033
vn -0.403398 -0.821025 0.403965
vn -0.506218 -0.697683 0.506934
vn -0.659468 -0.698320 0.278300
vn -0.381479 -0.841748 0.382013
vn -0.496010 -0.842710 0.209318
vn -0.659466 -0.698322 0.278299
vn -0.506220 -0.697681 0.506935
vn -0.571231 -0.820774 -0.004893
vn -0.526142 -0.820899 0.222033
vn -0.659468 -0.698320 0.278300
vn -0.714892 -0.699208 -0.006123
vn -0.496010 -0.842710 0.209318
vn -0.536327 -0.843998 -0.004594
vn -0.714893 -0.699207 -0.006124
vn -0.659466 -0.698322 0.278299
vn -0.525462 -0.821120 -0.222827
vn -0.571231 -0.820774 -0.004893
vn -0.714892 -0.699208 -0.006123
vn -0.659932 -0.697261 -0.279853
vn -0.536327 -0.843998 -0.004594
vn -0.497960 -0.841098 -0.211164
vn -0.659935 -0.697257 -0.279854
vn -0.714893 -0.699207 -0.006124
vn -0.402332 -0.820817 -0.405448
vn -0.525462 -0.821120 -0.222827
vn -0.659932 -0.697261 -0.279853
vn -0.503790 -0.698883 -0.507698
vn -0.497960 -0.841098 -0.211164
vn -0.378306 -0.843531 -0.381235
vn -0.503790 -0.698884 -0.507697
vn -0.659935 -0.697257 -0.279854
vn -0.220485 -0.821175 -0.526363
vn -0.402332 -0.820817 -0.405448
vn -0.503790 -0.698883 -0.507698
vn -0.277025 -0.697043 -0.661354
vn -0.378306 -0.843531 -0.381235
vn -0.209178 -0.840758 -0.499370
vn -0.277025 -0.697040 -0.661356
vn -0.503790 -0.698884 -0.507697
vn -0.061541 -0.823030 -0.564655
vn -0.220485 -0.821175 -0.526363
vn -0.277025 -0.697043 -0.661354
vn -0.078068 -0.693376 -0.716335
vn -0.209178 -0.840758 -0.499370
vn -0.059768 -0.834095 -0.548373
vn -0.078068 -0.693378 -0.716333
vn -0.277025 -0.697040 -0.661356
vn 0.059686 -0.823169 -0.564651
vn -0.061541 -0.823030 -0.564655
vn -0.078068 -0.693376 -0.716335
vn 0.075766 -0.693227 -0.716726
vn -0.059768 -0.834095 -0.548373
vn 0.058038 -0.833759 -0.549070
vn 0.075766 -0.693227 -0.716726
vn -0.078068 -0.693378 -0.716333
vn 0.218489 -0.821125 -0.527272
vn 0.059686 -0.823169 -0.564651
vn 0.075766 -0.693227 -0.716726
vn 0.274409 -0.697263 -0.662212
vn 0.058038 -0.833759 -0.549070
vn 0.207053 -0.841101 -0.499678
vn 0.274410 -0.697261 -0.662214
vn 0.075766 -0.693227 -0.716726
vn 0.401430 -0.820838 -0.406299
vn 0.218489 -0.821125 -0.527272
vn 0.274409 -0.697263 -0.662212
vn 0.502772 -0.698768 -0.508865
vn 0.207053 -0.841101 -0.499678
vn 0.377661 -0.843364 -0.382243
vn 0.502771 -0.698770 -0.508863
vn 0.274410 -0.697261 -0.662214
vn 0.529457 -0.820850 -0.214196
vn 0.401430 -0.820838 -0.406299
vn 0.502772 -0.698768 -0.508865
vn 0.663204 -0.698694 -0.268303
vn 0.377661 -0.843364 -0.382243
vn 0.498283 -0.843254 -0.201585
vn 0.663203 -0.698695 -0.268302
vn 0.502771 -0.698770 -0.508863
vn 0.570825 -0.821067 0.002884
vn 0.529457 -0.820850 -0.214196
vn 0.663204 -0.698694 -0.268303
vn 0.716544 -0.697532 0.003620
vn 0.498283 -0.843254 -0.201585
vn 0.540229 -0.841514 0.002729
vn 0.716544 -0.697532 0.003620
vn 0.663203 -0.698695 -0.268302
vn 0.923880 -0.000000 0.382683
vn 0.923880 -0.000000 0.382683
vn 1.000000 -0.000000 -0.000000
vn 1.000000 0.000000 -0.000000
vn 0.707107 -0.000000 0.707107
vn 0.707107 -0.000000 0.707107
vn 0.923880 -0.000000 0.382683
vn 0.923880 -0.000000 0.382683
vn 0.382683 -0.000000 0.923880
vn 0.382683 -0.000000 0.923880
vn 0.707107 -0.000000 0.707107
vn 0.707107 -0.000000 0.707107
vn 0.000000 -0.000000 1.000000
vn -0.000000 -0.000000 1.000000
vn 0.382683 -0.000000 0.923880
vn 0.382683 -0.000000 0.923880
vn -0.382683 -0.000000 0.923880
vn -0.382683 -0.000000 0.923880
vn -0.000000 -0.000000 1.000000
vn 0.000000 -0.000000 1.000000
vn -0.707107 -0.000000 0.707107
vn -0.707107 -0.000000 0.707107
vn -0.382683 -0.000000 0.923880
vn -0.382683 -0.000000 0.923880
vn -0.923880 -0.000000 0.382683
vn -0.923880 -0.000000 0.382683
vn -0.707107 -0.000000 0.707107
vn -0.707107 -0.000000 0.707107
vn -1.000000 -0.000000 0.000000
vn -1.000000 0.000000 -0.000000
vn -0.923880 -0.000000 0.382683
vn -0.923880 -0.000000 0.382683
vn -0.923880 0.000000 -0.382683
vn -0.923880 0.000000 -0.382683
vn -1.000000 0.000000 -0.000000
vn -1.000000 -0.000000 0.000000
vn -0.707107 0.000000 -0.707107
vn -0.707107 0.000000 -0.707107
vn -0.923880 0.000000 -0.382683
vn -0.923880 0.000000 -0.382683
vn -0.382684 0.000000 -0.923879
vn -0.382684 0.000000 -0.923879
vn -0.707107 0.000000 -0.707107
vn -0.707107 0.000000 -0.707107
vn -0.000000 0.000000 -1.000000
vn 0.000000 0.000000 -1.000000
vn -0.382684 0.000000 -0.923879
vn -0.382684 0.000000 -0.923879
vn 0.382684 0.000000 -0.923880
vn 0.382684 0.000000 -0.923879
vn 0.000000 0.000000 -1.000000
vn -0.000000 0.000000 -1.000000
vn 0.707107 0.000000 -0.707106
vn 0.707107 0.000000 -0.707107
vn 0.382684 0.000000 -0.923879
vn 0.382684 0.000000 -0.923880
vn 0.923880 0.000000 -0.382683
vn 0.923880 0.000000 -0.382683
vn 0.707107 0.000000 -0.707107
vn 0.707107 0.000000 -0.707106
vn 1.000000 0.000000 -0.000000
vn 1.000000 -0.000000 -0.000000
vn 0.923880 0.000000 -0.382683
vn 0.923880 0.000000 -0.382683
vn 0.000000 -1.000000 -0.000000
vn 0.000000 -1.000000 -0.000000
vn 0.000000 -1.000000 -0.000000
vn -0.000000 -1.000000 -0.000000
vn 0.000000 -1.000000 -0.000000
vn 0.000000 -1.000000 -0.000000
vn 0.000000 -1.000000 -0.000000
vn 0.000000 -1.000000 -0.000000
vn 0.000000 -1.000000 -0.000000
vn 0.000000 -1.000000 -0.000000
vn 0.000000 -1.000000 -0.000000
vn 0.000000 -1.000000 -0.000000
vn 0.000000 -1.000000 -0.000000
vn 0.000001 -1.000000 0.000000
vn 0.000001 -1.000000 -0.000000
vn 0.000001 -1.000000 0.000000
vn 0.000002 -1.000000 0.000001
vn 0.000001 -1.000000 -0.000000
vn 0.000001 -1.000000 -0.000000
vn 0.000000 -1.000000 -0.000000
vn -0.000000 -1.000000 -0.000001
vn -0.000000 -1.000000 -0.000000
vn -0.000000 -1.000000 -0.000001
vn -0.000002 -1.000000 0.000001
vn -0.000000 -1.000000 -0.000000
vn 0.000000 -1.000000 -0.000000
vn 0.000001 -1.000000 -0.000000
vn -0.000000 -1.000000 -0.000000
vn 0.000000 -1.000000 -0.000000
vn 0.000000 -1.000000 -0.000000
vn 0.000000 -1.000000 -0.000000
vn -0.000000 -1.000000 -0.000000
vn 0.689401 -0.665719 0.285559
vn 0.000000 -1.000000 -0.000000
vn 0.000000 -1.000000 -0.000000
vn 0.746203 -0.665719 -0.000000
vn 0.527645 -0.665719 0.527645
vn 0.000000 -1.000000 -0.000000
vn 0.000000 -1.000000 -0.000000
vn 0.689401 -0.665719 0.285559
vn 0.285559 -0.665719 0.689401
vn 0.000000 -1.000000 -0.000000
vn 0.000000 -1.000000 -0.000000
vn 0.527645 -0.665719 0.527645
vn 0.000000 -0.665719 0.746203
vn 0.000000 -1.000000 -0.000000
vn 0.000000 -1.000000 -0.000000
vn 0.285559 -0.665719 0.689401
vn -0.285559 -0.665719 0.689401
vn 0.000000 -1.000000 -0.000000
vn 0.000000 -1.000000 -0.000000
vn 0.000000 -0.665719 0.746203
vn -0.527645 -0.665719 0.527645
vn 0.000000 -1.000000 -0.000000
vn 0.000000 -1.000000 -0.000000
vn -0.285559 -0.665719 0.689401
vn -0.689401 -0.665719 0.285559
vn 0.000000 -1.000000 -0.000000
vn 0.000000 -1.000000 -0.000000
vn -0.527645 -0.665719 0.527645
vn -0.746203 -0.665719 -0.000000
vn 0.000000 -1.000000 -0.000000
vn 0.000000 -1.000000 -0.000000
vn -0.689401 -0.665719 0.285559
vn -0.689401 -0.665719 -0.285559
vn 0.000001 -1.000000 0.000000
vn 0.000000 -1.000000 -0.000000
vn -0.746203 -0.665719 -0.000000
vn -0.527645 -0.665719 -0.527645
vn 0.000002 -1.000000 0.000001
vn 0.000001 -1.000000 0.000000
vn -0.689401 -0.665719 -0.285559
vn -0.285559 -0.665719 -0.689402
vn 0.000001 -1.000000 -0.000000
vn 0.000002 -1.000000 0.000001
vn -0.527645 -0.665719 -0.527645
vn 0.000000 -0.665719 -0.746203
vn 0.000000 -1.000000 -0.000000
vn 0.000001 -1.000000 -0.000000
vn -0.285559 -0.665719 -0.689402
vn 0.285559 -0.665719 -0.689402
vn -0.000000 -1.000000 -0.000001
vn 0.000000 -1.000000 -0.000000
vn 0.000000 -0.665719 -0.746203
vn 0.527645 -0.665719 -0.527645
vn -0.000002 -1.000000 0.000001
vn -0.000000 -1.000000 -0.000001
vn 0.285559 -0.665719 -0.689402
vn 0.689401 -0.665719 -0.285559
vn -0.000000 -1.000000 -0.000000
vn -0.000002 -1.000000 0.000001
vn 0.527645 -0.665719 -0.527645
vn 0.746203 -0.665719 -0.000000
vn 0.000000 -1.000000 -0.000000
vn -0.000000 -1.000000 -0.000000
vn 0.689401 -0.665719 -0.285559
vn 0.689401 -0.665719 0.285559
vn 0.746203 -0.665719 -0.000000
vn 1.000000 -0.000000 -0.000000
vn 0.923880 -0.000000 0.382683
vn 0.527645 -0.665719 0.527645
vn 0.689401 -0.665719 0.285559
vn 0.923880 -0.000000 0.382683
vn 0.707107 -0.000000 0.707107
vn 0.285559 -0.665719 0.689401
vn 0.527645 -0.665719 0.527645
vn 0.707107 -0.000000 0.707107
vn 0.382683 -0.000000 0.923880
vn 0.000000 -0.665719 0.746203
vn 0.285559 -0.665719 0.689401
vn 0.382683 -0.000000 0.923880
vn -0.000000 -0.000000 1.000000
vn -0.285559 -0.665719 0.689401
vn 0.000000 -0.665719 0.746203
vn -0.000000 -0.000000 1.000000
vn -0.382683 -0.000000 0.923880
vn -0.527645 -0.665719 0.527645
vn -0.285559 -0.665719 0.689401
vn -0.382683 -0.000000 0.923880
vn -0.707107 -0.000000 0.707107
vn -0.689401 -0.665719 0.285559
vn -0.527645 -0.665719 0.527645
vn -0.707107 -0.000000 0.707107
vn -0.923880 -0.000000 0.382683
vn -0.746203 -0.665719 -0.000000
vn -0.689401 -0.665719 0.285559
vn -0.923880 -0.000000 0.382683
vn -1.000000 0.000000 -0.000000
vn -0.689401 -0.665719 -0.285559
vn -0.746203 -0.665719 -0.000000
vn -1.000000 0.000000 -0.000000
vn -0.923880 0.000000 -0.382683
vn -0.527645 -0.665719 -0.527645
vn -0.689401 -0.665719 -0.285559
vn -0.923880 0.000000 -0.382683
vn -0.707107 0.000000 -0.707107
vn -0.285559 -0.665719 -0.689402
vn -0.527645 -0.665719 -0.527645
vn -0.707107 0.000000 -0.707107
vn -0.382684 0.000000 -0.923879
vn 0.000000 -0.665719 -0.746203
vn -0.285559 -0.665719 -0.689402
vn -0.382684 0.000000 -0.923879
vn 0.000000 0.000000 -1.000000
vn 0.285559 -0.665719 -0.689402
vn 0.000000 -0.665719 -0.746203
vn 0.000000 0.000000 -1.000000
vn 0.382684 0.000000 -0.923879
vn 0.527645 -0.665719 -0.527645
vn 0.285559 -0.665719 -0.689402
vn 0.382684 0.000000 -0.923879
vn 0.707107 0.000000 -0.707107
vn 0.689401 -0.665719 -0.285559
vn 0.527645 -0.665719 -0.527645
vn 0.707107 0.000000 -0.707107
vn 0.923880 0.000000 -0.382683
vn 0.746203 -0.665719 -0.000000
vn 0.689401 -0.665719 -0.285559
vn 0.923880 0.000000 -0.382683
vn 1.000000 -0.000000 -0.000000
vn -0.057653 -0.694363 -0.717311
vn -0.096884 -0.029521 -0.994858
vn 0.000000 0.000000 -1.000000
vn 0.000000 -0.731193 -0.682170
vn -0.057656 -0.694362 0.717312
vn 0.000000 -0.731194 0.682170
vn 0.000000 -0.000000 1.000000
vn -0.096745 -0.029473 0.994873
vn -0.057653 -0.694363 -0.717311
vn 0.000000 -0.731193 -0.682170
vn 0.000000 -0.731194 0.682170
vn -0.307501 -0.694597 -0.650368
vn -0.583941 -0.740196 -0.333351
vn -0.307501 -0.694597 -0.650368
vn 0.000000 -0.731194 0.682170
vn -0.615830 -0.785427 -0.062112
vn 0.000000 -0.731194 0.682170
vn -0.057656 -0.694362 0.717312
vn -0.307503 -0.694591 0.650373
vn -0.583944 -0.740190 0.333359
vn 0.000000 -0.731194 0.682170
vn -0.583944 -0.740190 0.333359
vn -0.615832 -0.785425 0.062113
vn -0.615830 -0.785427 -0.062112
vn -0.097167 0.995268 0.000219
vn -0.098768 0.990270 0.098036
vn 0.000000 0.995133 0.098537
vn 0.000000 1.000000 0.000001
vn -0.994319 -0.105732 0.012297
vn -0.989122 -0.144072 -0.029683
vn -0.993185 0.031823 0.112121
vn -0.994488 0.091439 0.051302
vn -0.994319 -0.105732 0.012297
vn -0.994488 0.091439 0.051302
vn -0.995278 0.096649 0.008928
vn -0.995030 0.099455 0.004964
vn 0.000000 0.098537 0.995133
vn -0.098852 0.098055 0.990259
vn -0.106375 -0.017006 0.994181
vn 0.000000 0.000000 1.000000
vn -0.970696 -0.220258 -0.096097
vn -0.952235 -0.289928 -0.095871
vn -0.952219 -0.289926 0.096031
vn -0.984528 -0.155869 0.080060
vn 0.000000 1.000000 0.000001
vn 0.000000 1.000000 0.000001
vn -0.097997 0.995187 0.000000
vn -0.097167 0.995268 0.000219
vn -0.106265 -0.973897 -0.200578
vn -0.098006 -0.995186 -0.000000
vn 0.000000 -1.000000 -0.000000
vn -0.001082 -0.973942 -0.226794
vn -0.994319 -0.105732 0.012297
vn -0.995030 0.099455 0.004964
vn -0.995117 0.098699 -0.000000
vn -0.995100 -0.098876 0.000000
vn 0.000000 0.471857 0.881675
vn -0.096193 0.471590 0.876556
vn -0.098852 0.098055 0.990259
vn 0.000000 0.098537 0.995133
vn 0.000000 0.881675 0.471858
vn -0.101165 0.877156 0.469428
vn -0.096193 0.471590 0.876556
vn 0.000000 0.471857 0.881675
vn 0.000000 0.995133 0.098537
vn -0.098768 0.990270 0.098036
vn -0.101165 0.877156 0.469428
vn 0.000000 0.881675 0.471858
vn -0.001082 -0.973942 -0.226794
vn -0.002314 -0.705073 -0.709131
vn -0.102077 -0.736080 -0.669154
vn -0.106265 -0.973897 -0.200578
vn -0.002314 -0.705073 -0.709131
vn -0.001095 -0.220826 -0.975313
vn -0.103461 -0.263645 -0.959055
vn -0.102077 -0.736080 -0.669154
vn -0.989122 -0.144072 -0.029683
vn -0.970696 -0.220258 -0.096097
vn -0.984528 -0.155869 0.080060
vn -0.996903 0.000208 0.078635
vn -0.989122 -0.144072 -0.029683
vn -0.996903 0.000208 0.078635
vn -0.993185 0.031823 0.112121
vn -0.307501 -0.694597 -0.650368
vn -0.459626 -0.140033 -0.877004
vn -0.096884 -0.029521 -0.994858
vn -0.057653 -0.694363 -0.717311
vn -0.470882 0.084767 0.878114
vn -0.491751 -0.071455 0.867799
vn -0.106375 -0.017006 0.994181
vn -0.098852 0.098055 0.990259
vn -0.097167 0.995268 0.000219
vn -0.467733 0.883868 0.001533
vn -0.470358 0.878181 0.086953
vn -0.098768 0.990270 0.098036
vn -0.459180 -0.139878 0.877261
vn -0.096745 -0.029473 0.994873
vn -0.106375 -0.017006 0.994181
vn -0.491751 -0.071455 0.867799
vn -0.995030 0.099455 0.004964
vn -0.879731 0.475455 0.003961
vn -0.881036 0.473049 0.000000
vn -0.995117 0.098699 -0.000000
vn -0.106265 -0.973897 -0.200578
vn -0.501211 -0.854278 -0.137830
vn -0.470077 -0.882625 0.000000
vn -0.098006 -0.995186 -0.000000
vn -0.466373 0.779861 0.417509
vn -0.101165 0.877156 0.469428
vn -0.098768 0.990270 0.098036
vn -0.470358 0.878181 0.086953
vn -0.470882 0.084767 0.878114
vn -0.098852 0.098055 0.990259
vn -0.096193 0.471590 0.876556
vn -0.450596 0.417859 0.788896
vn -0.450596 0.417859 0.788896
vn -0.096193 0.471590 0.876556
vn -0.101165 0.877156 0.469428
vn -0.466373 0.779861 0.417509
vn -0.890245 -0.397658 -0.222106
vn -0.989122 -0.144072 -0.029683
vn -0.994319 -0.105732 0.012297
vn -0.897561 -0.439902 -0.029496
vn -0.866702 -0.289894 -0.405943
vn -0.970696 -0.220258 -0.096097
vn -0.989122 -0.144072 -0.029683
vn -0.890245 -0.397658 -0.222106
vn -0.583941 -0.740196 -0.333351
vn -0.847772 -0.258211 -0.463259
vn -0.459626 -0.140033 -0.877004
vn -0.307501 -0.694597 -0.650368
vn -0.615830 -0.785427 -0.062112
vn -0.952235 -0.289928 -0.095871
vn -0.847772 -0.258211 -0.463259
vn -0.583941 -0.740196 -0.333351
vn -0.883703 0.039868 0.466347
vn -0.886233 -0.128017 0.445199
vn -0.491751 -0.071455 0.867799
vn -0.470882 0.084767 0.878114
vn -0.996903 0.000208 0.078635
vn -0.984528 -0.155869 0.080060
vn -0.886233 -0.128017 0.445199
vn -0.883703 0.039868 0.466347
vn -0.467733 0.883868 0.001533
vn -0.879731 0.475455 0.003961
vn -0.881568 0.469764 0.046483
vn -0.470358 0.878181 0.086953
vn -0.879731 0.475455 0.003961
vn -0.995030 0.099455 0.004964
vn -0.995278 0.096649 0.008928
vn -0.881568 0.469764 0.046483
vn -0.847530 -0.258131 0.463748
vn -0.459180 -0.139878 0.877261
vn -0.491751 -0.071455 0.867799
vn -0.886233 -0.128017 0.445199
vn -0.952219 -0.289926 0.096031
vn -0.847530 -0.258131 0.463748
vn -0.886233 -0.128017 0.445199
vn -0.984528 -0.155869 0.080060
vn -0.879731 0.475455 0.003961
vn -0.467733 0.883868 0.001533
vn -0.470316 0.882498 0.000000
vn -0.881036 0.473049 0.000000
vn -0.467733 0.883868 0.001533
vn -0.097167 0.995268 0.000219
vn -0.097997 0.995187 0.000000
vn -0.470316 0.882498 0.000000
vn -0.880800 -0.473488 -0.000000
vn -0.470077 -0.882625 0.000000
vn -0.501211 -0.854278 -0.137830
vn -0.897561 -0.439902 -0.029496
vn -0.897561 -0.439902 -0.029496
vn -0.994319 -0.105732 0.012297
vn -0.995100 -0.098876 0.000000
vn -0.880800 -0.473488 -0.000000
vn -0.871782 0.431561 0.231843
vn -0.466373 0.779861 0.417509
vn -0.470358 0.878181 0.086953
vn -0.881568 0.469764 0.046483
vn -0.994488 0.091439 0.051302
vn -0.871782 0.431561 0.231843
vn -0.881568 0.469764 0.046483
vn -0.995278 0.096649 0.008928
vn -0.883703 0.039868 0.466347
vn -0.470882 0.084767 0.878114
vn -0.450596 0.417859 0.788896
vn -0.858110 0.215597 0.466010
vn -0.996903 0.000208 0.078635
vn -0.883703 0.039868 0.466347
vn -0.858110 0.215597 0.466010
vn -0.993185 0.031823 0.112121
vn -0.858110 0.215597 0.466010
vn -0.450596 0.417859 0.788896
vn -0.466373 0.779861 0.417509
vn -0.871782 0.431561 0.231843
vn -0.993185 0.031823 0.112121
vn -0.858110 0.215597 0.466010
vn -0.871782 0.431561 0.231843
vn -0.994488 0.091439 0.051302
vn -0.492095 -0.688592 -0.532619
vn -0.890245 -0.397658 -0.222106
vn -0.897561 -0.439902 -0.029496
vn -0.501211 -0.854278 -0.137830
vn -0.102077 -0.736080 -0.669154
vn -0.492095 -0.688592 -0.532619
vn -0.501211 -0.854278 -0.137830
vn -0.106265 -0.973897 -0.200578
vn -0.482562 -0.323561 -0.813905
vn -0.866702 -0.289894 -0.405943
vn -0.890245 -0.397658 -0.222106
vn -0.492095 -0.688592 -0.532619
vn -0.103461 -0.263645 -0.959055
vn -0.482562 -0.323561 -0.813905
vn -0.492095 -0.688592 -0.532619
vn -0.102077 -0.736080 -0.669154
vn -0.057653 -0.694364 0.717311
vn 0.000000 -0.731194 0.682170
vn -0.000000 -0.000000 1.000000
vn -0.096876 -0.029529 0.994858
vn -0.057656 -0.694362 -0.717312
vn -0.096740 -0.029471 -0.994873
vn 0.000000 0.000000 -1.000000
vn 0.000000 -0.731193 -0.682170
vn -0.057656 -0.694362 -0.717312
vn 0.000000 -0.731193 -0.682170
vn 0.000000 -0.731194 0.682170
vn -0.307503 -0.694591 -0.650373
vn -0.583926 -0.740200 -0.333368
vn -0.307503 -0.694591 -0.650373
vn 0.000000 -0.731194 0.682170
vn -0.615819 -0.785437 -0.062096
vn -0.615831 -0.785427 0.062111
vn -0.615819 -0.785437 -0.062096
vn 0.000000 -0.731194 0.682170
vn -0.583940 -0.740195 0.333354
vn 0.000000 -0.731194 0.682170
vn -0.057653 -0.694364 0.717311
vn -0.307498 -0.694597 0.650369
vn -0.583940 -0.740195 0.333354
vn 0.000000 0.995133 -0.098538
vn -0.098768 0.990269 -0.098037
vn -0.097170 0.995268 -0.000218
vn 0.000000 1.000000 -0.000000
vn -0.995509 0.082763 -0.045968
vn -0.993835 0.031193 -0.106391
vn -0.992062 -0.121239 0.033388
vn -0.996554 0.082572 -0.007919
vn -0.995651 0.092709 -0.009149
vn -0.996554 0.082572 -0.007919
vn -0.992062 -0.121239 0.033388
vn -0.994995 -0.095536 -0.029302
vn -0.106375 -0.017004 -0.994181
vn -0.098853 0.098055 -0.990259
vn 0.000000 0.098538 -0.995133
vn 0.000000 0.000000 -1.000000
vn -0.970520 -0.220949 0.096298
vn -0.984528 -0.155859 -0.080081
vn -0.952226 -0.289907 -0.096015
vn -0.952231 -0.289943 0.095855
vn -0.097997 0.995187 0.000000
vn 0.000000 1.000000 0.000001
vn 0.000000 1.000000 -0.000000
vn -0.097170 0.995268 -0.000218
vn 0.000000 -1.000000 -0.000000
vn -0.098006 -0.995186 -0.000000
vn -0.105956 -0.971606 0.211552
vn -0.001068 -0.971703 0.236202
vn -0.994995 -0.095536 -0.029302
vn -0.995100 -0.098876 0.000000
vn -0.995117 0.098699 -0.000000
vn -0.995651 0.092709 -0.009149
vn -0.098853 0.098055 -0.990259
vn -0.096194 0.471591 -0.876555
vn 0.000000 0.471858 -0.881675
vn 0.000000 0.098538 -0.995133
vn -0.096194 0.471591 -0.876555
vn -0.101165 0.877156 -0.469428
vn 0.000000 0.881675 -0.471858
vn 0.000000 0.471858 -0.881675
vn -0.101165 0.877156 -0.469428
vn -0.098768 0.990269 -0.098037
vn 0.000000 0.995133 -0.098538
vn 0.000000 0.881675 -0.471858
vn -0.001068 -0.971703 0.236202
vn -0.105956 -0.971606 0.211552
vn -0.102585 -0.722968 0.683224
vn -0.002262 -0.691518 0.722355
vn -0.002262 -0.691518 0.722355
vn -0.102585 -0.722968 0.683224
vn -0.102933 -0.255251 0.961380
vn -0.001051 -0.212037 0.977261
vn -0.992062 -0.121239 0.033388
vn -0.993835 0.031193 -0.106391
vn -0.996908 0.000213 -0.078576
vn -0.984528 -0.155859 -0.080081
vn -0.992062 -0.121239 0.033388
vn -0.984528 -0.155859 -0.080081
vn -0.970520 -0.220949 0.096298
vn -0.096876 -0.029529 0.994858
vn -0.459619 -0.140071 0.877001
vn -0.307498 -0.694597 0.650369
vn -0.057653 -0.694364 0.717311
vn -0.106375 -0.017004 -0.994181
vn -0.491751 -0.071454 -0.867799
vn -0.470882 0.084767 -0.878114
vn -0.098853 0.098055 -0.990259
vn -0.097170 0.995268 -0.000218
vn -0.098768 0.990269 -0.098037
vn -0.470360 0.878180 -0.086953
vn -0.467734 0.883868 -0.001533
vn -0.459176 -0.139876 -0.877264
vn -0.491751 -0.071454 -0.867799
vn -0.106375 -0.017004 -0.994181
vn -0.096740 -0.029471 -0.994873
vn -0.995651 0.092709 -0.009149
vn -0.995117 0.098699 -0.000000
vn -0.881036 0.473049 0.000000
vn -0.879730 0.475457 -0.003961
vn -0.105956 -0.971606 0.211552
vn -0.098006 -0.995186 -0.000000
vn -0.470077 -0.882625 0.000000
vn -0.501723 -0.852168 0.148606
vn -0.466373 0.779861 -0.417509
vn -0.470360 0.878180 -0.086953
vn -0.098768 0.990269 -0.098037
vn -0.101165 0.877156 -0.469428
vn -0.470882 0.084767 -0.878114
vn -0.450596 0.417858 -0.788896
vn -0.096194 0.471591 -0.876555
vn -0.098853 0.098055 -0.990259
vn -0.450596 0.417858 -0.788896
vn -0.466373 0.779861 -0.417509
vn -0.101165 0.877156 -0.469428
vn -0.096194 0.471591 -0.876555
vn -0.890792 -0.394382 0.225728
vn -0.898526 -0.437530 0.034913
vn -0.994995 -0.095536 -0.029302
vn -0.992062 -0.121239 0.033388
vn -0.866380 -0.289052 0.407228
vn -0.890792 -0.394382 0.225728
vn -0.992062 -0.121239 0.033388
vn -0.970520 -0.220949 0.096298
vn -0.459619 -0.140071 0.877001
vn -0.847772 -0.258262 0.463232
vn -0.583940 -0.740195 0.333354
vn -0.307498 -0.694597 0.650369
vn -0.847772 -0.258262 0.463232
vn -0.952231 -0.289943 0.095855
vn -0.615831 -0.785427 0.062111
vn -0.583940 -0.740195 0.333354
vn -0.491751 -0.071454 -0.867799
vn -0.886234 -0.128016 -0.445198
vn -0.883703 0.039868 -0.466347
vn -0.470882 0.084767 -0.878114
vn -0.886234 -0.128016 -0.445198
vn -0.984528 -0.155859 -0.080081
vn -0.996908 0.000213 -0.078576
vn -0.883703 0.039868 -0.466347
vn -0.467734 0.883868 -0.001533
vn -0.470360 0.878180 -0.086953
vn -0.881568 0.469762 -0.046482
vn -0.879730 0.475457 -0.003961
vn -0.879730 0.475457 -0.003961
vn -0.881568 0.469762 -0.046482
vn -0.996554 0.082572 -0.007919
vn -0.995651 0.092709 -0.009149
vn -0.847532 -0.258112 -0.463755
vn -0.886234 -0.128016 -0.445198
vn -0.491751 -0.071454 -0.867799
vn -0.459176 -0.139876 -0.877264
vn -0.952226 -0.289907 -0.096015
vn -0.984528 -0.155859 -0.080081
vn -0.886234 -0.128016 -0.445198
vn -0.847532 -0.258112 -0.463755
vn -0.879730 0.475457 -0.003961
vn -0.881036 0.473049 0.000000
vn -0.470316 0.882498 0.000000
vn -0.467734 0.883868 -0.001533
vn -0.467734 0.883868 -0.001533
vn -0.470316 0.882498 0.000000
vn -0.097997 0.995187 0.000000
vn -0.097170 0.995268 -0.000218
vn -0.880800 -0.473488 -0.000000
vn -0.898526 -0.437530 0.034913
vn -0.501723 -0.852168 0.148606
vn -0.470077 -0.882625 0.000000
vn -0.898526 -0.437530 0.034913
vn -0.880800 -0.473488 -0.000000
vn -0.995100 -0.098876 0.000000
vn -0.994995 -0.095536 -0.029302
vn -0.871782 0.431560 -0.231843
vn -0.881568 0.469762 -0.046482
vn -0.470360 0.878180 -0.086953
vn -0.466373 0.779861 -0.417509
vn -0.995509 0.082763 -0.045968
vn -0.996554 0.082572 -0.007919
vn -0.881568 0.469762 -0.046482
vn -0.871782 0.431560 -0.231843
vn -0.883703 0.039868 -0.466347
vn -0.858109 0.215598 -0.466011
vn -0.450596 0.417858 -0.788896
vn -0.470882 0.084767 -0.878114
vn -0.996908 0.000213 -0.078576
vn -0.993835 0.031193 -0.106391
vn -0.858109 0.215598 -0.466011
vn -0.883703 0.039868 -0.466347
vn -0.858109 0.215598 -0.466011
vn -0.871782 0.431560 -0.231843
vn -0.466373 0.779861 -0.417509
vn -0.450596 0.417858 -0.788896
vn -0.993835 0.031193 -0.106391
vn -0.995509 0.082763 -0.045968
vn -0.871782 0.431560 -0.231843
vn -0.858109 0.215598 -0.466011
vn -0.493748 -0.678914 0.543405
vn -0.501723 -0.852168 0.148606
vn -0.898526 -0.437530 0.034913
vn -0.890792 -0.394382 0.225728
vn -0.102585 -0.722968 0.683224
vn -0.105956 -0.971606 0.211552
vn -0.501723 -0.852168 0.148606
vn -0.493748 -0.678914 0.543405
vn -0.481632 -0.318296 0.816528
vn -0.493748 -0.678914 0.543405
vn -0.890792 -0.394382 0.225728
vn -0.866380 -0.289052 0.407228
vn -0.102933 -0.255251 0.961380
vn -0.102585 -0.722968 0.683224
vn -0.493748 -0.678914 0.543405
vn -0.481632 -0.318296 0.816528
vn -0.096884 -0.029521 -0.994858
vn -0.103461 -0.263645 -0.959055
vn -0.001095 -0.220826 -0.975313
vn 0.000000 0.000000 -1.000000
vn 0.000000 0.000000 1.000000
vn -0.106375 -0.017006 0.994181
vn -0.096745 -0.029473 0.994873
vn 0.000000 -0.000000 1.000000
vn -0.952235 -0.289928 -0.095871
vn -0.615830 -0.785427 -0.062112
vn -0.615832 -0.785425 0.062113
vn -0.952219 -0.289926 0.096031
vn -0.103461 -0.263645 -0.959055
vn -0.096884 -0.029521 -0.994858
vn -0.459626 -0.140033 -0.877004
vn -0.482562 -0.323561 -0.813905
vn -0.307503 -0.694591 0.650373
vn -0.057656 -0.694362 0.717312
vn -0.096745 -0.029473 0.994873
vn -0.459180 -0.139878 0.877261
vn -0.482562 -0.323561 -0.813905
vn -0.459626 -0.140033 -0.877004
vn -0.847772 -0.258211 -0.463259
vn -0.866702 -0.289894 -0.405943
vn -0.866702 -0.289894 -0.405943
vn -0.847772 -0.258211 -0.463259
vn -0.952235 -0.289928 -0.095871
vn -0.970696 -0.220258 -0.096097
vn -0.583944 -0.740190 0.333359
vn -0.307503 -0.694591 0.650373
vn -0.459180 -0.139878 0.877261
vn -0.847530 -0.258131 0.463748
vn -0.615832 -0.785425 0.062113
vn -0.583944 -0.740190 0.333359
vn -0.847530 -0.258131 0.463748
vn -0.952219 -0.289926 0.096031
vn -0.001051 -0.212037 0.977261
vn -0.102933 -0.255251 0.961380
vn -0.096876 -0.029529 0.994858
vn -0.000000 -0.000000 1.000000
vn -0.096740 -0.029471 -0.994873
vn -0.106375 -0.017004 -0.994181
vn 0.000000 0.000000 -1.000000
vn 0.000000 0.000000 -1.000000
vn -0.615819 -0.785437 -0.062096
vn -0.615831 -0.785427 0.062111
vn -0.952231 -0.289943 0.095855
vn -0.952226 -0.289907 -0.096015
vn -0.481632 -0.318296 0.816528
vn -0.459619 -0.140071 0.877001
vn -0.096876 -0.029529 0.994858
vn -0.102933 -0.255251 0.961380
vn -0.096740 -0.029471 -0.994873
vn -0.057656 -0.694362 -0.717312
vn -0.307503 -0.694591 -0.650373
vn -0.459176 -0.139876 -0.877264
vn -0.866380 -0.289052 0.407228
vn -0.847772 -0.258262 0.463232
vn -0.459619 -0.140071 0.877001
vn -0.481632 -0.318296 0.816528
vn -0.970520 -0.220949 0.096298
vn -0.952231 -0.289943 0.095855
vn -0.847772 -0.258262 0.463232
vn -0.866380 -0.289052 0.407228
vn -0.459176 -0.139876 -0.877264
vn -0.307503 -0.694591 -0.650373
vn -0.583926 -0.740200 -0.333368
vn -0.847532 -0.258112 -0.463755
vn -0.583926 -0.740200 -0.333368
vn -0.615819 -0.785437 -0.062096
vn -0.952226 -0.289907 -0.096015
vn -0.847532 -0.258112 -0.463755
vn -0.057653 -0.694363 -0.717311
vn -0.096884 -0.029521 -0.994858
vn 0.000000 0.000000 -1.000000
vn 0.000000 -0.731193 -0.682170
vn -0.057656 -0.694362 0.717312
vn 0.000000 -0.731194 0.682170
vn 0.000000 -0.000000 1.000000
vn -0.096745 -0.029473 0.994873
vn -0.057653 -0.694363 -0.717311
vn 0.000000 -0.731193 -0.682170
vn 0.000000 -0.731194 0.682170
vn -0.307501 -0.694597 -0.650368
vn -0.583941 -0.740196 -0.333351
vn -0.307501 -0.694597 -0.650368
vn 0.000000 -0.731194 0.682170
vn -0.615830 -0.785427 -0.062112
vn 0.000000 -0.731194 0.682170
vn -0.057656 -0.694362 0.717312
vn -0.307503 -0.694591 0.650373
vn -0.583944 -0.740190 0.333359
vn 0.000000 -0.731194 0.682170
vn -0.583944 -0.740190 0.333359
vn -0.615832 -0.785425 0.062113
vn -0.615830 -0.785427 -0.062112
vn -0.097167 0.995268 0.000219
vn -0.098768 0.990270 0.098036
vn 0.000000 0.995133 0.098537
vn 0.000000 1.000000 0.000001
vn -0.994319 -0.105732 0.012297
vn -0.989122 -0.144072 -0.029683
vn -0.993185 0.031823 0.112121
vn -0.994488 0.091439 0.051302
vn -0.994319 -0.105732 0.012297
vn -0.994488 0.091439 0.051302
vn -0.995278 0.096649 0.008928
vn -0.995030 0.099455 0.004964
vn 0.000000 0.098537 0.995133
vn -0.098852 0.098055 0.990259
vn -0.106375 -0.017006 0.994181
vn 0.000000 0.000000 1.000000
vn -0.970696 -0.220258 -0.096097
vn -0.952235 -0.289928 -0.095871
vn -0.952219 -0.289926 0.096031
vn -0.984528 -0.155869 0.080060
vn 0.000000 1.000000 0.000001
vn 0.000000 1.000000 0.000001
vn -0.097997 0.995187 0.000000
vn -0.097167 0.995268 0.000219
vn -0.106265 -0.973897 -0.200578
vn -0.098006 -0.995186 -0.000000
vn 0.000000 -1.000000 -0.000000
vn -0.001082 -0.973942 -0.226794
vn -0.994319 -0.105732 0.012297
vn -0.995030 0.099455 0.004964
vn -0.995117 0.098699 -0.000000
vn -0.995100 -0.098876 0.000000
vn 0.000000 0.471857 0.881675
vn -0.096193 0.471590 0.876556
vn -0.098852 0.098055 0.990259
vn 0.000000 0.098537 0.995133
vn 0.000000 0.881675 0.471858
vn -0.101165 0.877156 0.469428
vn -0.096193 0.471590 0.876556
vn 0.000000 0.471857 0.881675
vn 0.000000 0.995133 0.098537
vn -0.098768 0.990270 0.098036
vn -0.101165 0.877156 0.469428
vn 0.000000 0.881675 0.471858
vn -0.001082 -0.973942 -0.226794
vn -0.002314 -0.705073 -0.709131
vn -0.102077 -0.736080 -0.669154
vn -0.106265 -0.973897 -0.200578
vn -0.002314 -0.705073 -0.709131
vn -0.001095 -0.220826 -0.975313
vn -0.103461 -0.263645 -0.959055
vn -0.102077 -0.736080 -0.669154
vn -0.989122 -0.144072 -0.029683
vn -0.970696 -0.220258 -0.096097
vn -0.984528 -0.155869 0.080060
vn -0.996903 0.000208 0.078635
vn -0.989122 -0.144072 -0.029683
vn -0.996903 0.000208 0.078635
vn -0.993185 0.031823 0.112121
vn -0.307501 -0.694597 -0.650368
vn -0.459626 -0.140033 -0.877004
vn -0.096884 -0.029521 -0.994858
vn -0.057653 -0.694363 -0.717311
vn -0.470882 0.084767 0.878114
vn -0.491751 -0.071455 0.867799
vn -0.106375 -0.017006 0.994181
vn -0.098852 0.098055 0.990259
vn -0.097167 0.995268 0.000219
vn -0.467733 0.883868 0.001533
vn -0.470358 0.878181 0.086953
vn -0.098768 0.990270 0.098036
vn -0.459180 -0.139878 0.877261
vn -0.096745 -0.029473 0.994873
vn -0.106375 -0.017006 0.994181
vn -0.491751 -0.071455 0.867799
vn -0.995030 0.099455 0.004964
vn -0.879731 0.475455 0.003961
vn -0.881036 0.473049 0.000000
vn -0.995117 0.098699 -0.000000
vn -0.106265 -0.973897 -0.200578
vn -0.501211 -0.854278 -0.137830
vn -0.470077 -0.882625 0.000000
vn -0.098006 -0.995186 -0.000000
vn -0.466373 0.779861 0.417509
vn -0.101165 0.877156 0.469428
vn -0.098768 0.990270 0.098036
vn -0.470358 0.878181 0.086953
vn -0.470882 0.084767 0.878114
vn -0.098852 0.098055 0.990259
vn -0.096193 0.471590 0.876556
vn -0.450596 0.417859 0.788896
vn -0.450596 0.417859 0.788896
vn -0.096193 0.471590 0.876556
vn -0.101165 0.877156 0.469428
vn -0.466373 0.779861 0.417509
vn -0.890245 -0.397658 -0.222106
vn -0.989122 -0.144072 -0.029683
vn -0.994319 -0.105732 0.012297
vn -0.897561 -0.439902 -0.029496
vn -0.866702 -0.289894 -0.405943
vn -0.970696 -0.220258 -0.096097
vn -0.989122 -0.144072 -0.029683
vn -0.890245 -0.397658 -0.222106
vn -0.583941 -0.740196 -0.333351
vn -0.847772 -0.258211 -0.463259
vn -0.459626 -0.140033 -0.877004
vn -0.307501 -0.694597 -0.650368
vn -0.615830 -0.785427 -0.062112
vn -0.952235 -0.289928 -0.095871
vn -0.847772 -0.258211 -0.463259
vn -0.583941 -0.740196 -0.333351
vn -0.883703 0.039868 0.466347
vn -0.886233 -0.128017 0.445199
vn -0.491751 -0.071455 0.867799
vn -0.470882 0.084767 0.878114
vn -0.996903 0.000208 0.078635
vn -0.984528 -0.155869 0.080060
vn -0.886233 -0.128017 0.445199
vn -0.883703 0.039868 0.466347
vn -0.467733 0.883868 0.001533
vn -0.879731 0.475455 0.003961
vn -0.881568 0.469764 0.046483
vn -0.470358 0.878181 0.086953
vn -0.879731 0.475455 0.003961
vn -0.995030 0.099455 0.004964
vn -0.995278 0.096649 0.008928
vn -0.881568 0.469764 0.046483
vn -0.847530 -0.258131 0.463748
vn -0.459180 -0.139878 0.877261
vn -0.491751 -0.071455 0.867799
vn -0.886233 -0.128017 0.445199
vn -0.952219 -0.289926 0.096031
vn -0.847530 -0.258131 0.463748
vn -0.886233 -0.128017 0.445199
vn -0.984528 -0.155869 0.080060
vn -0.879731 0.475455 0.003961
vn -0.467733 0.883868 0.001533
vn -0.470316 0.882498 0.000000
vn -0.881036 0.473049 0.000000
vn -0.467733 0.883868 0.001533
vn -0.097167 0.995268 0.000219
vn -0.097997 0.995187 0.000000
vn -0.470316 0.882498 0.000000
vn -0.880800 -0.473488 -0.000000
vn -0.470077 -0.882625 0.000000
vn -0.501211 -0.854278 -0.137830
vn -0.897561 -0.439902 -0.029496
vn -0.897561 -0.439902 -0.029496
vn -0.994319 -0.105732 0.012297
vn -0.995100 -0.098876 0.000000
vn -0.880800 -0.473488 -0.000000
vn -0.871782 0.431561 0.231843
vn -0.466373 0.779861 0.417509
vn -0.470358 0.878181 0.086953
vn -0.881568 0.469764 0.046483
vn -0.994488 0.091439 0.051302
vn -0.871782 0.431561 0.231843
vn -0.881568 0.469764 0.046483
vn -0.995278 0.096649 0.008928
vn -0.883703 0.039868 0.466347
vn -0.470882 0.084767 0.878114
vn -0.450596 0.417859 0.788896
vn -0.858110 0.215597 0.466010
vn -0.996903 0.000208 0.078635
vn -0.883703 0.039868 0.466347
vn -0.858110 0.215597 0.466010
vn -0.993185 0.031823 0.112121
vn -0.858110 0.215597 0.466010
vn -0.450596 0.417859 0.788896
vn -0.466373 0.779861 0.417509
vn -0.871782 0.431561 0.231843
vn -0.993185 0.031823 0.112121
vn -0.858110 0.215597 0.466010
vn -0.871782 0.431561 0.231843
vn -0.994488 0.091439 0.051302
vn -0.492095 -0.688592 -0.532619
vn -0.890245 -0.397658 -0.222106
vn -0.897561 -0.439902 -0.029496
vn -0.501211 -0.854278 -0.137830
vn -0.102077 -0.736080 -0.669154
vn -0.492095 -0.688592 -0.532619
vn -0.501211 -0.854278 -0.137830
vn -0.106265 -0.973897 -0.200578
vn -0.482562 -0.323561 -0.813905
vn -0.866702 -0.289894 -0.405943
vn -0.890245 -0.397658 -0.222106
vn -0.492095 -0.688592 -0.532619
vn -0.103461 -0.263645 -0.959055
vn -0.482562 -0.323561 -0.813905
vn -0.492095 -0.688592 -0.532619
vn -0.102077 -0.736080 -0.669154
vn -0.057653 -0.694364 0.717311
vn 0.000000 -0.731194 0.682170
vn -0.000000 -0.000000 1.000000
vn -0.096876 -0.029529 0.994858
vn -0.057656 -0.694362 -0.717312
vn -0.096740 -0.029471 -0.994873
vn 0.000000 0.000000 -1.000000
vn 0.000000 -0.731193 -0.682170
vn -0.057656 -0.694362 -0.717312
vn 0.000000 -0.731193 -0.682170
vn 0.000000 -0.731194 0.682170
vn -0.307503 -0.694591 -0.650373
vn -0.583926 -0.740200 -0.333368
vn -0.307503 -0.694591 -0.650373
vn 0.000000 -0.731194 0.682170
vn -0.615819 -0.785437 -0.062096
vn -0.615831 -0.785427 0.062111
vn -0.615819 -0.785437 -0.062096
vn 0.000000 -0.731194 0.682170
vn -0.583940 -0.740195 0.333354
vn 0.000000 -0.731194 0.682170
vn -0.057653 -0.694364 0.717311
vn -0.307498 -0.694597 0.650369
vn -0.583940 -0.740195 0.333354
vn 0.000000 0.995133 -0.098538
vn -0.098768 0.990269 -0.098037
vn -0.097170 0.995268 -0.000218
vn 0.000000 1.000000 -0.000000
vn -0.995509 0.082763 -0.045968
vn -0.993835 0.031193 -0.106391
vn -0.992062 -0.121239 0.033388
vn -0.996554 0.082572 -0.007919
vn -0.995651 0.092709 -0.009149
vn -0.996554 0.082572 -0.007919
vn -0.992062 -0.121239 0.033388
vn -0.994995 -0.095536 -0.029302
vn -0.106375 -0.017004 -0.994181
vn -0.098853 0.098055 -0.990259
vn 0.000000 0.098538 -0.995133
vn 0.000000 0.000000 -1.000000
vn -0.970520 -0.220949 0.096298
vn -0.984528 -0.155859 -0.080081
vn -0.952226 -0.289907 -0.096015
vn -0.952231 -0.289943 0.095855
vn -0.097997 0.995187 0.000000
vn 0.000000 1.000000 0.000001
vn 0.000000 1.000000 -0.000000
vn -0.097170 0.995268 -0.000218
vn 0.000000 -1.000000 -0.000000
vn -0.098006 -0.995186 -0.000000
vn -0.105956 -0.971606 0.211552
vn -0.001068 -0.971703 0.236202
vn -0.994995 -0.095536 -0.029302
vn -0.995100 -0.098876 0.000000
vn -0.995117 0.098699 -0.000000
vn -0.995651 0.092709 -0.009149
vn -0.098853 0.098055 -0.990259
vn -0.096194 0.471591 -0.876555
vn 0.000000 0.471858 -0.881675
vn 0.000000 0.098538 -0.995133
vn -0.096194 0.471591 -0.876555
vn -0.101165 0.877156 -0.469428
vn 0.000000 0.881675 -0.471858
vn 0.000000 0.471858 -0.881675
vn -0.101165 0.877156 -0.469428
vn -0.098768 0.990269 -0.098037
vn 0.000000 0.995133 -0.098538
vn 0.000000 0.881675 -0.471858
vn -0.001068 -0.971703 0.236202
vn -0.105956 -0.971606 0.211552
vn -0.102585 -0.722968 0.683224
vn -0.002262 -0.691518 0.722355
vn -0.002262 -0.691518 0.722355
vn -0.102585 -0.722968 0.683224
vn -0.102933 -0.255251 0.961380
vn -0.001051 -0.212037 0.977261
vn -0.992062 -0.121239 0.033388
vn -0.993835 0.031193 -0.106391
vn -0.996908 0.000213 -0.078576
vn -0.984528 -0.155859 -0.080081
vn -0.992062 -0.121239 0.033388
vn -0.984528 -0.155859 -0.080081
vn -0.970520 -0.220949 0.096298
vn -0.096876 -0.029529 0.994858
vn -0.459619 -0.140071 0.877001
vn -0.307498 -0.694597 0.650369
vn -0.057653 -0.694364 0.717311
vn -0.106375 -0.017004 -0.994181
vn -0.491751 -0.071454 -0.867799
vn -0.470882 0.084767 -0.878114
vn -0.098853 0.098055 -0.990259
vn -0.097170 0.995268 -0.000218
vn -0.098768 0.990269 -0.098037
vn -0.470360 0.878180 -0.086953
vn -0.467734 0.883868 -0.001533
vn -0.459176 -0.139876 -0.877264
vn -0.491751 -0.071454 -0.867799
vn -0.106375 -0.017004 -0.994181
vn -0.096740 -0.029471 -0.994873
vn -0.995651 0.092709 -0.009149
vn -0.995117 0.098699 -0.000000
vn -0.881036 0.473049 0.000000
vn -0.879730 0.475457 -0.003961
vn -0.105956 -0.971606 0.211552
vn -0.098006 -0.995186 -0.000000
vn -0.470077 -0.882625 0.000000
vn -0.501723 -0.852168 0.148606
vn -0.466373 0.779861 -0.417509
vn -0.470360 0.878180 -0.086953
vn -0.098768 0.990269 -0.098037
vn -0.101165 0.877156 -0.469428
vn -0.470882 0.084767 -0.878114
vn -0.450596 0.417858 -0.788896
vn -0.096194 0.471591 -0.876555
vn -0.098853 0.098055 -0.990259
vn -0.450596 0.417858 -0.788896
vn -0.466373 0.779861 -0.417509
vn -0.101165 0.877156 -0.469428
vn -0.096194 0.471591 -0.876555
vn -0.890792 -0.394382 0.225728
vn -0.898526 -0.437530 0.034913
vn -0.994995 -0.095536 -0.029302
vn -0.992062 -0.121239 0.033388
vn -0.866380 -0.289052 0.407228
vn -0.890792 -0.394382 0.225728
vn -0.992062 -0.121239 0.033388
vn -0.970520 -0.220949 0.096298
vn -0.459619 -0.140071 0.877001
vn -0.847772 -0.258262 0.463232
vn -0.583940 -0.740195 0.333354
vn -0.307498 -0.694597 0.650369
vn -0.847772 -0.258262 0.463232
vn -0.952231 -0.289943 0.095855
vn -0.615831 -0.785427 0.062111
vn -0.583940 -0.740195 0.333354
vn -0.491751 -0.071454 -0.867799
vn -0.886234 -0.128016 -0.445198
vn -0.883703 0.039868 -0.466347
vn -0.470882 0.084767 -0.878114
vn -0.886234 -0.128016 -0.445198
vn -0.984528 -0.155859 -0.080081
vn -0.996908 0.000213 -0.078576
vn -0.883703 0.039868 -0.466347
vn -0.467734 0.883868 -0.001533
vn -0.470360 0.878180 -0.086953
vn -0.881568 0.469762 -0.046482
vn -0.879730 0.475457 -0.003961
vn -0.879730 0.475457 -0.003961
vn -0.881568 0.469762 -0.046482
vn -0.996554 0.082572 -0.007919
vn -0.995651 0.092709 -0.009149
vn -0.847532 -0.258112 -0.463755
vn -0.886234 -0.128016 -0.445198
vn -0.491751 -0.071454 -0.867799
vn -0.459176 -0.139876 -0.877264
vn -0.952226 -0.289907 -0.096015
vn -0.984528 -0.155859 -0.080081
vn -0.886234 -0.128016 -0.445198
vn -0.847532 -0.258112 -0.463755
vn -0.879730 0.475457 -0.003961
vn -0.881036 0.473049 0.000000
vn -0.470316 0.882498 0.000000
vn -0.467734 0.883868 -0.001533
vn -0.467734 0.883868 -0.001533
vn -0.470316 0.882498 0.000000
vn -0.097997 0.995187 0.000000
vn -0.097170 0.995268 -0.000218
vn -0.880800 -0.473488 -0.000000
vn -0.898526 -0.437530 0.034913
vn -0.501723 -0.852168 0.148606
vn -0.470077 -0.882625 0.000000
vn -0.898526 -0.437530 0.034913
vn -0.880800 -0.473488 -0.000000
vn -0.995100 -0.098876 0.000000
vn -0.994995 -0.095536 -0.029302
vn -0.871782 0.431560 -0.231843
vn -0.881568 0.469762 -0.046482
vn -0.470360 0.878180 -0.086953
vn -0.466373 0.779861 -0.417509
vn -0.995509 0.082763 -0.045968
vn -0.996554 0.082572 -0.007919
vn -0.881568 0.469762 -0.046482
vn -0.871782 0.431560 -0.231843
vn -0.883703 0.039868 -0.466347
vn -0.858109 0.215598 -0.466011
vn -0.450596 0.417858 -0.788896
vn -0.470882 0.084767 -0.878114
vn -0.996908 0.000213 -0.078576
vn -0.993835 0.031193 -0.106391
vn -0.858109 0.215598 -0.466011
vn -0.883703 0.039868 -0.466347
vn -0.858109 0.215598 -0.466011
vn -0.871782 0.431560 -0.231843
vn -0.466373 0.779861 -0.417509
vn -0.450596 0.417858 -0.788896
vn -0.993835 0.031193 -0.106391
vn -0.995509 0.082763 -0.045968
vn -0.871782 0.431560 -0.231843
vn -0.858109 0.215598 -0.466011
vn -0.493748 -0.678914 0.543405
vn -0.501723 -0.852168 0.148606
vn -0.898526 -0.437530 0.034913
vn -0.890792 -0.394382 0.225728
vn -0.102585 -0.722968 0.683224
vn -0.105956 -0.971606 0.211552
vn -0.501723 -0.852168 0.148606
vn -0.493748 -0.678914 0.543405
vn -0.481632 -0.318296 0.816528
vn -0.493748 -0.678914 0.543405
vn -0.890792 -0.394382 0.225728
vn -0.866380 -0.289052 0.407228
vn -0.102933 -0.255251 0.961380
vn -0.102585 -0.722968 0.683224
vn -0.493748 -0.678914 0.543405
vn -0.481632 -0.318296 0.816528
vn -0.096884 -0.029521 -0.994858
vn -0.103461 -0.263645 -0.959055
vn -0.001095 -0.220826 -0.975313
vn 0.000000 0.000000 -1.000000
vn 0.000000 0.000000 1.000000
vn -0.106375 -0.017006 0.994181
vn -0.096745 -0.029473 0.994873
vn 0.000000 -0.000000 1.000000
vn -0.952235 -0.289928 -0.095871
vn -0.615830 -0.785427 -0.062112
vn -0.615832 -0.785425 0.062113
vn -0.952219 -0.289926 0.096031
vn -0.103461 -0.263645 -0.959055
vn -0.096884 -0.029521 -0.994858
vn -0.459626 -0.140033 -0.877004
vn -0.482562 -0.323561 -0.813905
vn -0.307503 -0.694591 0.650373
vn -0.057656 -0.694362 0.717312
vn -0.096745 -0.029473 0.994873
vn -0.459180 -0.139878 0.877261
vn -0.482562 -0.323561 -0.813905
vn -0.459626 -0.140033 -0.877004
vn -0.847772 -0.258211 -0.463259
vn -0.866702 -0.289894 -0.405943
vn -0.866702 -0.289894 -0.405943
vn -0.847772 -0.258211 -0.463259
vn -0.952235 -0.289928 -0.095871
vn -0.970696 -0.220258 -0.096097
vn -0.583944 -0.740190 0.333359
vn -0.307503 -0.694591 0.650373
vn -0.459180 -0.139878 0.877261
vn -0.847530 -0.258131 0.463748
vn -0.615832 -0.785425 0.062113
vn -0.583944 -0.740190 0.333359
vn -0.847530 -0.258131 0.463748
vn -0.952219 -0.289926 0.096031
vn -0.001051 -0.212037 0.977261
vn -0.102933 -0.255251 0.961380
vn -0.096876 -0.029529 0.994858
vn -0.000000 -0.000000 1.000000
vn -0.096740 -0.029471 -0.994873
vn -0.106375 -0.017004 -0.994181
vn 0.000000 0.000000 -1.000000
vn 0.000000 0.000000 -1.000000
vn -0.615819 -0.785437 -0.062096
vn -0.615831 -0.785427 0.062111
vn -0.952231 -0.289943 0.095855
vn -0.952226 -0.289907 -0.096015
vn -0.481632 -0.318296 0.816528
vn -0.459619 -0.140071 0.877001
vn -0.096876 -0.029529 0.994858
vn -0.102933 -0.255251 0.961380
vn -0.096740 -0.029471 -0.994873
vn -0.057656 -0.694362 -0.717312
vn -0.307503 -0.694591 -0.650373
vn -0.459176 -0.139876 -0.877264
vn -0.866380 -0.289052 0.407228
vn -0.847772 -0.258262 0.463232
vn -0.459619 -0.140071 0.877001
vn -0.481632 -0.318296 0.816528
vn -0.970520 -0.220949 0.096298
vn -0.952231 -0.289943 0.095855
vn -0.847772 -0.258262 0.463232
vn -0.866380 -0.289052 0.407228
vn -0.459176 -0.139876 -0.877264
vn -0.307503 -0.694591 -0.650373
vn -0.583926 -0.740200 -0.333368
vn -0.847532 -0.258112 -0.463755
vn -0.583926 -0.740200 -0.333368
vn -0.615819 -0.785437 -0.062096
vn -0.952226 -0.289907 -0.096015
vn -0.847532 -0.258112 -0.463755
vn 0.000000 0.000000 -1.000000
vn 0.000000 0.000000 -1.000000
vn -0.016037 -0.148503 -0.988782
vn -0.000007 -0.160178 -0.987088
vn -0.016037 -0.148503 0.988782
vn 0.000000 0.000000 1.000000
vn 0.000000 0.000000 1.000000
vn -0.000007 -0.160178 0.987088
vn 0.000000 -1.000000 -0.000000
vn 0.000000 -1.000000 -0.000000
vn 0.000000 -1.000000 -0.000000
vn 0.000000 -1.000000 -0.000000
vn 0.649243 -0.760581 -0.000000
vn 0.495965 -0.868342 -0.000000
vn 0.495965 -0.868342 -0.000003
vn 0.649240 -0.760584 -0.000000
vn 0.047900 0.998852 -0.000000
vn 0.340050 0.940407 -0.000000
vn 0.340050 0.940407 -0.000000
vn 0.047900 0.998852 -0.000000
vn 0.000000 0.000000 -1.000000
vn 0.000000 0.000000 -1.000000
vn 0.000000 0.000000 -1.000000
vn 0.000000 0.000000 -1.000000
vn 0.171587 -0.019929 0.984967
vn 0.201038 0.197777 0.959410
vn 0.000000 0.000000 1.000000
vn 0.000000 0.000000 1.000000
vn 0.882301 0.470686 0.000000
vn 0.994176 -0.107764 0.000000
vn 0.994177 -0.107763 -0.000000
vn 0.882301 0.470686 -0.000000
vn 0.000000 0.000000 -1.000000
vn 0.169330 -0.222868 -0.960030
vn 0.193232 -0.326308 -0.925302
vn 0.011499 -0.381458 -0.924315
vn 0.193232 -0.326308 -0.925302
vn 0.115685 -0.376608 -0.919121
vn 0.011499 -0.381458 -0.924315
vn 0.000000 0.000000 -1.000000
vn 0.011499 -0.381458 -0.924315
vn -0.016037 -0.148503 -0.988782
vn -0.016037 -0.148503 0.988782
vn 0.012394 -0.382113 0.924032
vn 0.113861 -0.377161 0.919122
vn 0.193614 -0.325275 0.925586
vn -0.016037 -0.148503 0.988782
vn 0.193614 -0.325275 0.925586
vn 0.168850 -0.223070 0.960067
vn 0.000000 0.000000 1.000000
vn 0.072185 -0.997391 -0.000000
vn 0.000000 -1.000000 -0.000000
vn 0.000000 -1.000000 -0.000000
vn 0.072185 -0.997391 -0.000000
vn 0.000000 1.000000 -0.000000
vn 0.047900 0.998852 -0.000000
vn 0.047900 0.998852 -0.000000
vn 0.000000 1.000000 -0.000000
vn 0.037965 0.165854 -0.985419
vn 0.201029 0.197786 -0.959410
vn 0.000000 0.000000 -1.000000
vn 0.007887 0.164758 -0.986302
vn -0.000046 0.160154 0.987092
vn 0.000000 0.000000 1.000000
vn 0.000000 0.000000 1.000000
vn 0.007887 0.164760 0.986302
vn -0.000046 0.160154 -0.987092
vn 0.007887 0.164758 -0.986302
vn 0.000000 0.000000 -1.000000
vn 0.000000 0.000000 -1.000000
vn 0.037965 0.165854 0.985419
vn 0.007887 0.164760 0.986302
vn 0.000000 0.000000 1.000000
vn 0.201038 0.197777 0.959410
vn 0.340050 0.940407 -0.000000
vn 0.882301 0.470686 0.000000
vn 0.882301 0.470686 -0.000000
vn 0.340050 0.940407 -0.000000
vn 0.171665 -0.020039 -0.984952
vn 0.000000 0.000000 -1.000000
vn 0.000000 0.000000 -1.000000
vn 0.201029 0.197786 -0.959410
vn 0.000000 0.000000 1.000000
vn 0.000000 0.000000 1.000000
vn 0.000000 0.000000 1.000000
vn 0.000000 0.000000 1.000000
vn 0.291310 -0.956629 -0.000000
vn 0.072185 -0.997391 -0.000000
vn 0.072185 -0.997391 -0.000000
vn 0.291311 -0.956629 -0.000001
vn 0.495965 -0.868342 -0.000000
vn 0.291310 -0.956629 -0.000000
vn 0.291311 -0.956629 -0.000001
vn 0.495965 -0.868342 -0.000003
vn 0.000000 0.000000 -1.000000
vn 0.000000 0.000000 -1.000000
vn 0.000000 0.000000 -1.000000
vn 0.000000 0.000000 -1.000000
vn 0.168850 -0.223070 0.960067
vn 0.183767 -0.116488 0.976043
vn 0.000000 0.000000 1.000000
vn 0.000000 0.000000 1.000000
vn 0.884160 -0.467184 -0.000000
vn 0.649243 -0.760581 -0.000000
vn 0.649240 -0.760584 -0.000000
vn 0.884159 -0.467186 -0.000000
vn 0.000000 0.000000 -1.000000
vn 0.185083 -0.118933 -0.975499
vn 0.169330 -0.222868 -0.960030
vn 0.000000 0.000000 -1.000000
vn 0.000000 0.000000 1.000000
vn 0.000000 0.000000 1.000000
vn 0.000000 0.000000 1.000000
vn 0.000000 0.000000 1.000000
vn 0.000000 0.000000 -1.000000
vn 0.000000 0.000000 -1.000000
vn 0.000000 0.000000 -1.000000
vn 0.000000 0.000000 -1.000000
vn 0.183767 -0.116488 0.976043
vn 0.171587 -0.019929 0.984967
vn 0.000000 0.000000 1.000000
vn 0.000000 0.000000 1.000000
vn 0.994176 -0.107764 0.000000
vn 0.884160 -0.467184 -0.000000
vn 0.884159 -0.467186 -0.000000
vn 0.994177 -0.107763 -0.000000
vn 0.000000 0.000000 -1.000000
vn 0.171665 -0.020039 -0.984952
vn 0.185083 -0.118933 -0.975499
vn 0.000000 0.000000 -1.000000
vn 0.000000 0.000000 1.000000
vn 0.000000 0.000000 1.000000
vn 0.000000 0.000000 1.000000
vn 0.000000 0.000000 1.000000
vn -0.000085 0.707114 -0.707100
vn 0.034201 0.712980 -0.700350
vn 0.007887 0.164758 -0.986302
vn -0.000046 0.160154 -0.987092
vn 0.201029 0.197786 -0.959410
vn 0.037965 0.165854 -0.985419
vn 0.226540 0.700958 -0.676268
vn 0.681371 0.386505 -0.621569
vn -0.022158 -0.714680 -0.699101
vn -0.016037 -0.148503 -0.988782
vn 0.011499 -0.381458 -0.924315
vn 0.038141 -0.893633 -0.447175
vn -0.000007 -0.160178 0.987088
vn -0.000022 -0.707103 0.707111
vn -0.034201 -0.708449 0.704933
vn -0.016037 -0.148503 0.988782
vn 0.448630 -0.771492 0.451144
vn 0.527068 -0.609231 0.592484
vn 0.168850 -0.223070 0.960067
vn 0.193614 -0.325275 0.925586
vn 0.037965 0.165854 0.985419
vn 0.226540 0.700957 0.676268
vn 0.034184 0.712985 0.700345
vn 0.007887 0.164760 0.986302
vn 0.169330 -0.222868 -0.960030
vn 0.527258 -0.607129 -0.594469
vn 0.447828 -0.771718 -0.451554
vn 0.193232 -0.326308 -0.925302
vn 0.681377 0.386485 0.621574
vn 0.201038 0.197777 0.959410
vn 0.171587 -0.019929 0.984967
vn 0.719959 -0.078035 0.689616
vn 0.034201 0.712980 -0.700350
vn 0.226540 0.700958 -0.676268
vn 0.037965 0.165854 -0.985419
vn 0.007887 0.164758 -0.986302
vn -0.022158 -0.714680 -0.699101
vn -0.000007 -0.707109 -0.707104
vn -0.000007 -0.160178 -0.987088
vn -0.016037 -0.148503 -0.988782
vn 0.012394 -0.382113 0.924032
vn -0.016037 -0.148503 0.988782
vn -0.034201 -0.708449 0.704933
vn 0.051558 -0.888867 0.455254
vn 0.007887 0.164760 0.986302
vn 0.034184 0.712985 0.700345
vn -0.000051 0.707129 0.707085
vn -0.000046 0.160154 0.987092
vn 0.719956 -0.078203 -0.689600
vn 0.171665 -0.020039 -0.984952
vn 0.201029 0.197786 -0.959410
vn 0.681371 0.386505 -0.621569
vn 0.226540 0.700957 0.676268
vn 0.037965 0.165854 0.985419
vn 0.201038 0.197777 0.959410
vn 0.681377 0.386485 0.621574
vn 0.261741 -0.856895 -0.444097
vn 0.290940 -0.954858 -0.059997
vn 0.060406 -0.995827 -0.068415
vn 0.038141 -0.893633 -0.447175
vn 0.260280 -0.857341 0.444096
vn 0.290639 -0.954950 0.059998
vn 0.496252 -0.866059 0.060632
vn 0.448630 -0.771492 0.451144
vn 0.447828 -0.771718 -0.451554
vn 0.496119 -0.866122 -0.060819
vn 0.290940 -0.954858 -0.059997
vn 0.261741 -0.856895 -0.444097
vn 0.051558 -0.888867 0.455254
vn 0.072055 -0.995595 0.059984
vn 0.290639 -0.954950 0.059998
vn 0.260280 -0.857341 0.444096
vn 0.673819 -0.359013 -0.645815
vn 0.185083 -0.118933 -0.975499
vn 0.171665 -0.020039 -0.984952
vn 0.719956 -0.078203 -0.689600
vn 0.674107 -0.357759 0.646210
vn 0.880970 -0.452162 0.139437
vn 0.981943 -0.105095 0.157301
vn 0.719959 -0.078035 0.689616
vn 0.527258 -0.607129 -0.594469
vn 0.169330 -0.222868 -0.960030
vn 0.185083 -0.118933 -0.975499
vn 0.673819 -0.359013 -0.645815
vn 0.527068 -0.609231 0.592484
vn 0.652459 -0.750801 0.102935
vn 0.880970 -0.452162 0.139437
vn 0.674107 -0.357759 0.646210
vn -0.000031 0.987091 -0.160159
vn 0.047312 0.986077 -0.159415
vn 0.034201 0.712980 -0.700350
vn -0.000085 0.707114 -0.707100
vn 0.329035 0.931488 -0.155129
vn 0.882561 0.449362 -0.138418
vn 0.681371 0.386505 -0.621569
vn 0.226540 0.700958 -0.676268
vn 0.060406 -0.995827 -0.068415
vn -0.000007 -0.987100 -0.160106
vn -0.022158 -0.714680 -0.699101
vn 0.038141 -0.893633 -0.447175
vn -0.000013 -0.987089 0.160172
vn -0.011208 -0.988318 0.151993
vn -0.034201 -0.708449 0.704933
vn -0.000022 -0.707103 0.707111
vn 0.496252 -0.866059 0.060632
vn 0.652459 -0.750801 0.102935
vn 0.527068 -0.609231 0.592484
vn 0.448630 -0.771492 0.451144
vn 0.226540 0.700957 0.676268
vn 0.329035 0.931488 0.155130
vn 0.047297 0.986076 0.159430
vn 0.034184 0.712985 0.700345
vn 0.527258 -0.607129 -0.594469
vn 0.652916 -0.750265 -0.103942
vn 0.496119 -0.866122 -0.060819
vn 0.447828 -0.771718 -0.451554
vn 0.882564 0.449353 0.138429
vn 0.681377 0.386485 0.621574
vn 0.719959 -0.078035 0.689616
vn 0.981943 -0.105095 0.157301
vn 0.047312 0.986077 -0.159415
vn 0.329035 0.931488 -0.155129
vn 0.226540 0.700958 -0.676268
vn 0.034201 0.712980 -0.700350
vn -0.000007 -0.987100 -0.160106
vn 0.000000 -0.987088 -0.160181
vn -0.000007 -0.707109 -0.707104
vn -0.022158 -0.714680 -0.699101
vn -0.011208 -0.988318 0.151993
vn 0.072055 -0.995595 0.059984
vn 0.051558 -0.888867 0.455254
vn -0.034201 -0.708449 0.704933
vn 0.047297 0.986076 0.159430
vn 0.000000 0.987088 0.160181
vn -0.000051 0.707129 0.707085
vn 0.034184 0.712985 0.700345
vn 0.981926 -0.105165 -0.157358
vn 0.719956 -0.078203 -0.689600
vn 0.681371 0.386505 -0.621569
vn 0.882561 0.449362 -0.138418
vn 0.681377 0.386485 0.621574
vn 0.882564 0.449353 0.138429
vn 0.329035 0.931488 0.155130
vn 0.226540 0.700957 0.676268
vn 0.115685 -0.376608 -0.919121
vn 0.261741 -0.856895 -0.444097
vn 0.038141 -0.893633 -0.447175
vn 0.011499 -0.381458 -0.924315
vn 0.113861 -0.377161 0.919122
vn 0.260280 -0.857341 0.444096
vn 0.448630 -0.771492 0.451144
vn 0.193614 -0.325275 0.925586
vn 0.193232 -0.326308 -0.925302
vn 0.447828 -0.771718 -0.451554
vn 0.261741 -0.856895 -0.444097
vn 0.115685 -0.376608 -0.919121
vn 0.012394 -0.382113 0.924032
vn 0.051558 -0.888867 0.455254
vn 0.260280 -0.857341 0.444096
vn 0.113861 -0.377161 0.919122
vn 0.880673 -0.452549 -0.140054
vn 0.673819 -0.359013 -0.645815
vn 0.719956 -0.078203 -0.689600
vn 0.981926 -0.105165 -0.157358
vn 0.183767 -0.116488 0.976043
vn 0.674107 -0.357759 0.646210
vn 0.719959 -0.078035 0.689616
vn 0.171587 -0.019929 0.984967
vn 0.652916 -0.750265 -0.103942
vn 0.527258 -0.607129 -0.594469
vn 0.673819 -0.359013 -0.645815
vn 0.880673 -0.452549 -0.140054
vn 0.168850 -0.223070 0.960067
vn 0.527068 -0.609231 0.592484
vn 0.674107 -0.357759 0.646210
vn 0.183767 -0.116488 0.976043
vn -0.011208 -0.988318 0.151993
vn -0.000013 -0.987089 0.160172
vn 0.000000 -1.000000 -0.000000
vn 0.000000 -1.000000 -0.000000
vn 0.000000 -0.987088 -0.160181
vn -0.000007 -0.987100 -0.160106
vn 0.000000 -1.000000 -0.000000
vn 0.000000 -1.000000 -0.000000
vn 0.652459 -0.750801 0.102935
vn 0.496252 -0.866059 0.060632
vn 0.495965 -0.868342 -0.000000
vn 0.649243 -0.760581 -0.000000
vn 0.496119 -0.866122 -0.060819
vn 0.652916 -0.750265 -0.103942
vn 0.649240 -0.760584 -0.000000
vn 0.495965 -0.868342 -0.000003
vn 0.047297 0.986076 0.159430
vn 0.329035 0.931488 0.155130
vn 0.340050 0.940407 -0.000000
vn 0.047900 0.998852 -0.000000
vn 0.329035 0.931488 -0.155129
vn 0.047312 0.986077 -0.159415
vn 0.047900 0.998852 -0.000000
vn 0.340050 0.940407 -0.000000
vn 0.882564 0.449353 0.138429
vn 0.981943 -0.105095 0.157301
vn 0.994176 -0.107764 0.000000
vn 0.882301 0.470686 0.000000
vn 0.981926 -0.105165 -0.157358
vn 0.882561 0.449362 -0.138418
vn 0.882301 0.470686 -0.000000
vn 0.994177 -0.107763 -0.000000
vn 0.072055 -0.995595 0.059984
vn -0.011208 -0.988318 0.151993
vn 0.000000 -1.000000 -0.000000
vn 0.072185 -0.997391 -0.000000
vn -0.000007 -0.987100 -0.160106
vn 0.060406 -0.995827 -0.068415
vn 0.072185 -0.997391 -0.000000
vn 0.000000 -1.000000 -0.000000
vn 0.000000 0.987088 0.160181
vn 0.047297 0.986076 0.159430
vn 0.047900 0.998852 -0.000000
vn 0.000000 1.000000 -0.000000
vn 0.047312 0.986077 -0.159415
vn -0.000031 0.987091 -0.160159
vn 0.000000 1.000000 -0.000000
vn 0.047900 0.998852 -0.000000
vn 0.329035 0.931488 0.155130
vn 0.882564 0.449353 0.138429
vn 0.882301 0.470686 0.000000
vn 0.340050 0.940407 -0.000000
vn 0.882561 0.449362 -0.138418
vn 0.329035 0.931488 -0.155129
vn 0.340050 0.940407 -0.000000
vn 0.882301 0.470686 -0.000000
vn 0.072055 -0.995595 0.059984
vn 0.072185 -0.997391 -0.000000
vn 0.291310 -0.956629 -0.000000
vn 0.290639 -0.954950 0.059998
vn 0.290940 -0.954858 -0.059997
vn 0.291311 -0.956629 -0.000001
vn 0.072185 -0.997391 -0.000000
vn 0.060406 -0.995827 -0.068415
vn 0.290639 -0.954950 0.059998
vn 0.291310 -0.956629 -0.000000
vn 0.495965 -0.868342 -0.000000
vn 0.496252 -0.866059 0.060632
vn 0.496119 -0.866122 -0.060819
vn 0.495965 -0.868342 -0.000003
vn 0.291311 -0.956629 -0.000001
vn 0.290940 -0.954858 -0.059997
vn 0.652459 -0.750801 0.102935
vn 0.649243 -0.760581 -0.000000
vn 0.884160 -0.467184 -0.000000
vn 0.880970 -0.452162 0.139437
vn 0.880673 -0.452549 -0.140054
vn 0.884159 -0.467186 -0.000000
vn 0.649240 -0.760584 -0.000000
vn 0.652916 -0.750265 -0.103942
vn 0.880970 -0.452162 0.139437
vn 0.884160 -0.467184 -0.000000
vn 0.994176 -0.107764 0.000000
vn 0.981943 -0.105095 0.157301
vn 0.981926 -0.105165 -0.157358
vn 0.994177 -0.107763 -0.000000
vn 0.884159 -0.467186 -0.000000
vn 0.880673 -0.452549 -0.140054
vn 0.000000 0.000000 -1.000000
vn 0.000000 0.000000 -1.000000
vn -0.016037 -0.148502 -0.988782
vn -0.000007 -0.160177 -0.987088
vn -0.016037 -0.148501 0.988782
vn 0.000000 0.000000 1.000000
vn 0.000000 0.000000 1.000000
vn -0.000007 -0.160176 0.987088
vn 0.000000 -1.000000 -0.000000
vn 0.000000 -1.000000 -0.000000
vn 0.000000 -1.000000 -0.000000
vn 0.000000 -1.000000 -0.000000
vn 0.649243 -0.760581 -0.000000
vn 0.495965 -0.868342 -0.000000
vn 0.495965 -0.868342 -0.000003
vn 0.649240 -0.760584 -0.000000
vn 0.047900 0.998852 -0.000000
vn 0.340050 0.940407 -0.000000
vn 0.340050 0.940407 -0.000000
vn 0.047900 0.998852 -0.000000
vn 0.000000 0.000000 -1.000000
vn 0.000000 0.000000 -1.000000
vn 0.000000 0.000000 -1.000000
vn 0.000000 0.000000 -1.000000
vn 0.171584 -0.019929 0.984968
vn 0.201036 0.197775 0.959411
vn 0.000000 0.000000 1.000000
vn 0.000000 0.000000 1.000000
vn 0.882301 0.470686 0.000000
vn 0.994176 -0.107764 0.000000
vn 0.994177 -0.107763 -0.000000
vn 0.882301 0.470686 -0.000000
vn 0.000000 0.000000 -1.000000
vn 0.169330 -0.222867 -0.960030
vn 0.193231 -0.326307 -0.925303
vn 0.011499 -0.381456 -0.924316
vn 0.193231 -0.326307 -0.925303
vn 0.115685 -0.376607 -0.919122
vn 0.011499 -0.381456 -0.924316
vn 0.000000 0.000000 -1.000000
vn 0.011499 -0.381456 -0.924316
vn -0.016037 -0.148502 -0.988782
vn -0.016037 -0.148501 0.988782
vn 0.012394 -0.382110 0.924034
vn 0.113860 -0.377158 0.919124
vn 0.193612 -0.325272 0.925588
vn -0.016037 -0.148501 0.988782
vn 0.193612 -0.325272 0.925588
vn 0.168848 -0.223068 0.960068
vn 0.000000 0.000000 1.000000
vn 0.072185 -0.997391 -0.000000
vn 0.000000 -1.000000 -0.000000
vn 0.000000 -1.000000 -0.000000
vn 0.072185 -0.997391 -0.000000
vn 0.000000 1.000000 -0.000000
vn 0.047900 0.998852 -0.000000
vn 0.047900 0.998852 -0.000000
vn 0.000000 1.000000 -0.000000
vn 0.037965 0.165854 -0.985419
vn 0.201029 0.197786 -0.959410
vn 0.000000 0.000000 -1.000000
vn 0.007887 0.164758 -0.986302
vn -0.000046 0.160152 0.987092
vn 0.000000 0.000000 1.000000
vn 0.000000 0.000000 1.000000
vn 0.007887 0.164758 0.986303
vn -0.000046 0.160154 -0.987092
vn 0.007887 0.164758 -0.986302
vn 0.000000 0.000000 -1.000000
vn 0.000000 0.000000 -1.000000
vn 0.037964 0.165851 0.985420
vn 0.007887 0.164758 0.986303
vn 0.000000 0.000000 1.000000
vn 0.201036 0.197775 0.959411
vn 0.340050 0.940407 -0.000000
vn 0.882301 0.470686 0.000000
vn 0.882301 0.470686 -0.000000
vn 0.340050 0.940407 -0.000000
vn 0.171665 -0.020039 -0.984952
vn 0.000000 0.000000 -1.000000
vn 0.000000 0.000000 -1.000000
vn 0.201029 0.197786 -0.959410
vn 0.000000 0.000000 1.000000
vn 0.000000 0.000000 1.000000
vn 0.000000 0.000000 1.000000
vn 0.000000 0.000000 1.000000
vn 0.291310 -0.956629 -0.000000
vn 0.072185 -0.997391 -0.000000
vn 0.072185 -0.997391 -0.000000
vn 0.291311 -0.956629 -0.000001
vn 0.495965 -0.868342 -0.000000
vn 0.291310 -0.956629 -0.000000
vn 0.291311 -0.956629 -0.000001
vn 0.495965 -0.868342 -0.000003
vn 0.000000 0.000000 -1.000000
vn 0.000000 0.000000 -1.000000
vn 0.000000 0.000000 -1.000000
vn 0.000000 0.000000 -1.000000
vn 0.168848 -0.223068 0.960068
vn 0.183764 -0.116486 0.976044
vn 0.000000 0.000000 1.000000
vn 0.000000 0.000000 1.000000
vn 0.884160 -0.467184 -0.000000
vn 0.649243 -0.760581 -0.000000
vn 0.649240 -0.760584 -0.000000
vn 0.884159 -0.467186 -0.000000
vn 0.000000 0.000000 -1.000000
vn 0.185083 -0.118933 -0.975499
vn 0.169330 -0.222867 -0.960030
vn 0.000000 0.000000 -1.000000
vn 0.000000 0.000000 1.000000
vn 0.000000 0.000000 1.000000
vn 0.000000 0.000000 1.000000
vn 0.000000 0.000000 1.000000
vn 0.000000 0.000000 -1.000000
vn 0.000000 0.000000 -1.000000
vn 0.000000 0.000000 -1.000000
vn 0.000000 0.000000 -1.000000
vn 0.183764 -0.116486 0.976044
vn 0.171584 -0.019929 0.984968
vn 0.000000 0.000000 1.000000
vn 0.000000 0.000000 1.000000
vn 0.994176 -0.107764 0.000000
vn 0.884160 -0.467184 -0.000000
vn 0.884159 -0.467186 -0.000000
vn 0.994177 -0.107763 -0.000000
vn 0.000000 0.000000 -1.000000
vn 0.171665 -0.020039 -0.984952
vn 0.185083 -0.118933 -0.975499
vn 0.000000 0.000000 -1.000000
vn 0.000000 0.000000 1.000000
vn 0.000000 0.000000 1.000000
vn 0.000000 0.000000 1.000000
vn 0.000000 0.000000 1.000000
vn -0.000085 0.707114 -0.707100
vn 0.034201 0.712980 -0.700350
vn 0.007887 0.164758 -0.986302
vn -0.000046 0.160154 -0.987092
vn 0.201029 0.197786 -0.959410
vn 0.037965 0.165854 -0.985419
vn 0.226540 0.700957 -0.676268
vn 0.681371 0.386505 -0.621569
vn -0.022158 -0.714680 -0.699101
vn -0.016037 -0.148502 -0.988782
vn 0.011499 -0.381456 -0.924316
vn 0.038141 -0.893632 -0.447176
vn -0.000007 -0.160176 0.987088
vn -0.000022 -0.707101 0.707112
vn -0.034201 -0.708447 0.704934
vn -0.016037 -0.148501 0.988782
vn 0.448630 -0.771491 0.451147
vn 0.527067 -0.609230 0.592486
vn 0.168848 -0.223068 0.960068
vn 0.193612 -0.325272 0.925588
vn 0.037964 0.165851 0.985420
vn 0.226539 0.700956 0.676270
vn 0.034184 0.712984 0.700347
vn 0.007887 0.164758 0.986303
vn 0.169330 -0.222867 -0.960030
vn 0.527258 -0.607129 -0.594469
vn 0.447828 -0.771718 -0.451555
vn 0.193231 -0.326307 -0.925303
vn 0.681376 0.386485 0.621576
vn 0.201036 0.197775 0.959411
vn 0.171584 -0.019929 0.984968
vn 0.719957 -0.078035 0.689618
vn 0.034201 0.712980 -0.700350
vn 0.226540 0.700957 -0.676268
vn 0.037965 0.165854 -0.985419
vn 0.007887 0.164758 -0.986302
vn -0.022158 -0.714680 -0.699101
vn -0.000007 -0.707109 -0.707104
vn -0.000007 -0.160177 -0.987088
vn -0.016037 -0.148502 -0.988782
vn 0.012394 -0.382110 0.924034
vn -0.016037 -0.148501 0.988782
vn -0.034201 -0.708447 0.704934
vn 0.051558 -0.888866 0.455257
vn 0.007887 0.164758 0.986303
vn 0.034184 0.712984 0.700347
vn -0.000051 0.707127 0.707087
vn -0.000046 0.160152 0.987092
vn 0.719955 -0.078204 -0.689600
vn 0.171665 -0.020039 -0.984952
vn 0.201029 0.197786 -0.959410
vn 0.681371 0.386505 -0.621569
vn 0.226539 0.700956 0.676270
vn 0.037964 0.165851 0.985420
vn 0.201036 0.197775 0.959411
vn 0.681376 0.386485 0.621576
vn 0.261740 -0.856895 -0.444099
vn 0.290940 -0.954858 -0.059997
vn 0.060406 -0.995827 -0.068415
vn 0.038141 -0.893632 -0.447176
vn 0.260279 -0.857339 0.444099
vn 0.290639 -0.954950 0.059998
vn 0.496252 -0.866059 0.060632
vn 0.448630 -0.771491 0.451147
vn 0.447828 -0.771718 -0.451555
vn 0.496119 -0.866122 -0.060818
vn 0.290940 -0.954858 -0.059997
vn 0.261740 -0.856895 -0.444099
vn 0.051558 -0.888866 0.455257
vn 0.072055 -0.995595 0.059984
vn 0.290639 -0.954950 0.059998
vn 0.260279 -0.857339 0.444099
vn 0.673819 -0.359013 -0.645815
vn 0.185083 -0.118933 -0.975499
vn 0.171665 -0.020039 -0.984952
vn 0.719955 -0.078204 -0.689600
vn 0.674106 -0.357758 0.646212
vn 0.880970 -0.452162 0.139437
vn 0.981943 -0.105095 0.157301
vn 0.719957 -0.078035 0.689618
vn 0.527258 -0.607129 -0.594469
vn 0.169330 -0.222867 -0.960030
vn 0.185083 -0.118933 -0.975499
vn 0.673819 -0.359013 -0.645815
vn 0.527067 -0.609230 0.592486
vn 0.652459 -0.750801 0.102935
vn 0.880970 -0.452162 0.139437
vn 0.674106 -0.357758 0.646212
vn -0.000031 0.987091 -0.160159
vn 0.047312 0.986077 -0.159415
vn 0.034201 0.712980 -0.700350
vn -0.000085 0.707114 -0.707100
vn 0.329035 0.931488 -0.155130
vn 0.882561 0.449362 -0.138418
vn 0.681371 0.386505 -0.621569
vn 0.226540 0.700957 -0.676268
vn 0.060406 -0.995827 -0.068415
vn -0.000007 -0.987100 -0.160105
vn -0.022158 -0.714680 -0.699101
vn 0.038141 -0.893632 -0.447176
vn -0.000013 -0.987089 0.160172
vn -0.011208 -0.988318 0.151993
vn -0.034201 -0.708447 0.704934
vn -0.000022 -0.707101 0.707112
vn 0.496252 -0.866059 0.060632
vn 0.652459 -0.750801 0.102935
vn 0.527067 -0.609230 0.592486
vn 0.448630 -0.771491 0.451147
vn 0.226539 0.700956 0.676270
vn 0.329035 0.931488 0.155130
vn 0.047297 0.986076 0.159430
vn 0.034184 0.712984 0.700347
vn 0.527258 -0.607129 -0.594469
vn 0.652916 -0.750265 -0.103942
vn 0.496119 -0.866122 -0.060818
vn 0.447828 -0.771718 -0.451555
vn 0.882564 0.449353 0.138429
vn 0.681376 0.386485 0.621576
vn 0.719957 -0.078035 0.689618
vn 0.981943 -0.105095 0.157301
vn 0.047312 0.986077 -0.159415
vn 0.329035 0.931488 -0.155130
vn 0.226540 0.700957 -0.676268
vn 0.034201 0.712980 -0.700350
vn -0.000007 -0.987100 -0.160105
vn 0.000000 -0.987088 -0.160180
vn -0.000007 -0.707109 -0.707104
vn -0.022158 -0.714680 -0.699101
vn -0.011208 -0.988318 0.151993
vn 0.072055 -0.995595 0.059984
vn 0.051558 -0.888866 0.455257
vn -0.034201 -0.708447 0.704934
vn 0.047297 0.986076 0.159430
vn 0.000000 0.987088 0.160181
vn -0.000051 0.707127 0.707087
vn 0.034184 0.712984 0.700347
vn 0.981926 -0.105166 -0.157358
vn 0.719955 -0.078204 -0.689600
vn 0.681371 0.386505 -0.621569
vn 0.882561 0.449362 -0.138418
vn 0.681376 0.386485 0.621576
vn 0.882564 0.449353 0.138429
vn 0.329035 0.931488 0.155130
vn 0.226539 0.700956 0.676270
vn 0.115685 -0.376607 -0.919122
vn 0.261740 -0.856895 -0.444099
vn 0.038141 -0.893632 -0.447176
vn 0.011499 -0.381456 -0.924316
vn 0.113860 -0.377158 0.919124
vn 0.260279 -0.857339 0.444099
vn 0.448630 -0.771491 0.451147
vn 0.193612 -0.325272 0.925588
vn 0.193231 -0.326307 -0.925303
vn 0.447828 -0.771718 -0.451555
vn 0.261740 -0.856895 -0.444099
vn 0.115685 -0.376607 -0.919122
vn 0.012394 -0.382110 0.924034
vn 0.051558 -0.888866 0.455257
vn 0.260279 -0.857339 0.444099
vn 0.113860 -0.377158 0.919124
vn 0.880672 -0.452549 -0.140054
vn 0.673819 -0.359013 -0.645815
vn 0.719955 -0.078204 -0.689600
vn 0.981926 -0.105166 -0.157358
vn 0.183764 -0.116486 0.976044
vn 0.674106 -0.357758 0.646212
vn 0.719957 -0.078035 0.689618
vn 0.171584 -0.019929 0.984968
vn 0.652916 -0.750265 -0.103942
vn 0.527258 -0.607129 -0.594469
vn 0.673819 -0.359013 -0.645815
vn 0.880672 -0.452549 -0.140054
vn 0.168848 -0.223068 0.960068
vn 0.527067 -0.609230 0.592486
vn 0.674106 -0.357758 0.646212
vn 0.183764 -0.116486 0.976044
vn -0.011208 -0.988318 0.151993
vn -0.000013 -0.987089 0.160172
vn 0.000000 -1.000000 -0.000000
vn 0.000000 -1.000000 -0.000000
vn 0.000000 -0.987088 -0.160180
vn -0.000007 -0.987100 -0.160105
vn 0.000000 -1.000000 -0.000000
vn 0.000000 -1.000000 -0.000000
vn 0.652459 -0.750801 0.102935
vn 0.496252 -0.866059 0.060632
vn 0.495965 -0.868342 -0.000000
vn 0.649243 -0.760581 -0.000000
vn 0.496119 -0.866122 -0.060818
vn 0.652916 -0.750265 -0.103942
vn 0.649240 -0.760584 -0.000000
vn 0.495965 -0.868342 -0.000003
vn 0.047297 0.986076 0.159430
vn 0.329035 0.931488 0.155130
vn 0.340050 0.940407 -0.000000
vn 0.047900 0.998852 -0.000000
vn 0.329035 0.931488 -0.155130
vn 0.047312 0.986077 -0.159415
vn 0.047900 0.998852 -0.000000
vn 0.340050 0.940407 -0.000000
vn 0.882564 0.449353 0.138429
vn 0.981943 -0.105095 0.157301
vn 0.994176 -0.107764 0.000000
vn 0.882301 0.470686 0.000000
vn 0.981926 -0.105166 -0.157358
vn 0.882561 0.449362 -0.138418
vn 0.882301 0.470686 -0.000000
vn 0.994177 -0.107763 -0.000000
vn 0.072055 -0.995595 0.059984
vn -0.011208 -0.988318 0.151993
vn 0.000000 -1.000000 -0.000000
vn 0.072185 -0.997391 -0.000000
vn -0.000007 -0.987100 -0.160105
vn 0.060406 -0.995827 -0.068415
vn 0.072185 -0.997391 -0.000000
vn 0.000000 -1.000000 -0.000000
vn 0.000000 0.987088 0.160181
vn 0.047297 0.986076 0.159430
vn 0.047900 0.998852 -0.000000
vn 0.000000 1.000000 -0.000000
vn 0.047312 0.986077 -0.159415
vn -0.000031 0.987091 -0.160159
vn 0.000000 1.000000 -0.000000
vn 0.047900 0.998852 -0.000000
vn 0.329035 0.931488 0.155130
vn 0.882564 0.449353 0.138429
vn 0.882301 0.470686 0.000000
vn 0.340050 0.940407 -0.000000
vn 0.882561 0.449362 -0.138418
vn 0.329035 0.931488 -0.155130
vn 0.340050 0.940407 -0.000000
vn 0.882301 0.470686 -0.000000
vn 0.072055 -0.995595 0.059984
vn 0.072185 -0.997391 -0.000000
vn 0.291310 -0.956629 -0.000000
vn 0.290639 -0.954950 0.059998
vn 0.290940 -0.954858 -0.059997
vn 0.291311 -0.956629 -0.000001
vn 0.072185 -0.997391 -0.000000
vn 0.060406 -0.995827 -0.068415
vn 0.290639 -0.954950 0.059998
vn 0.291310 -0.956629 -0.000000
vn 0.495965 -0.868342 -0.000000
vn 0.496252 -0.866059 0.060632
vn 0.496119 -0.866122 -0.060818
vn 0.495965 -0.868342 -0.000003
vn 0.291311 -0.956629 -0.000001
vn 0.290940 -0.954858 -0.059997
vn 0.652459 -0.750801 0.102935
vn 0.649243 -0.760581 -0.000000
vn 0.884160 -0.467184 -0.000000
vn 0.880970 -0.452162 0.139437
vn 0.880672 -0.452549 -0.140054
vn 0.884159 -0.467186 -0.000000
vn 0.649240 -0.760584 -0.000000
vn 0.652916 -0.750265 -0.103942
vn 0.880970 -0.452162 0.139437
vn 0.884160 -0.467184 -0.000000
vn 0.994176 -0.107764 0.000000
vn 0.981943 -0.105095 0.157301
vn 0.981926 -0.105166 -0.157358
vn 0.994177 -0.107763 -0.000000
vn 0.884159 -0.467186 -0.000000
vn 0.880672 -0.452549 -0.140054
vn 0.000000 -1.000000 -0.000000
vn 0.000000 -1.000000 -0.000000
vn 0.000000 -1.000000 -0.000000
vn 0.000000 -1.000000 -0.000000
vn 0.000000 -1.000000 -0.000000
vn 0.000000 -1.000000 -0.000000
vn 0.000000 -1.000000 -0.000000
vn 0.000000 -1.000000 -0.000000
vn 0.000000 -1.000000 -0.000000
vn 0.000000 -1.000000 -0.000000
vn 0.000000 -1.000000 -0.000000
vn 0.000000 -1.000000 -0.000000
vn 0.000000 -1.000000 -0.000000
vn 0.000000 -1.000000 -0.000000
vn 0.000000 -1.000000 -0.000000
vn 0.000000 -1.000000 -0.000000
vn 0.000000 -1.000000 -0.000000
vn 0.000000 -1.000000 -0.000000
vn 0.000000 -1.000000 -0.000000
vn 0.000000 -1.000000 -0.000000
vn 0.000000 -1.000000 -0.000000
vn 0.000000 -1.000000 -0.000000
vn 0.000000 -1.000000 -0.000000
vn 0.000000 -1.000000 -0.000000
vn 0.000000 -1.000000 -0.000000
vn 0.000000 -1.000000 -0.000000
vn 0.000000 -1.000000 -0.000000
vn 0.000000 -1.000000 -0.000000
vn 0.000000 -1.000000 -0.000000
vn 0.000000 -1.000000 -0.000000
vn 0.000000 -1.000000 -0.000000
vn 0.000000 -1.000000 -0.000000
vn 0.000000 -1.000000 -0.000000
vn 0.000000 -1.000000 -0.000000
vn 0.000000 -1.000000 -0.000000
vn 0.000000 -1.000000 -0.000000
vn 0.000000 -1.000000 -0.000000
vn 0.000000 -1.000000 -0.000000
vn 0.000000 -1.000000 -0.000000
vn 0.000000 -1.000000 -0.000000
vn 0.069974 -0.132500 0.988710
vn 0.073495 -0.063304 0.995284
vn -0.073399 -0.063135 0.995302
vn -0.070063 -0.132424 0.988714
vn 0.987922 -0.138271 -0.069942
vn 0.994953 -0.069187 -0.072679
vn 0.994869 -0.069927 0.073114
vn 0.987787 -0.139144 0.070114
vn -0.070155 -0.122828 -0.989945
vn -0.073475 -0.053313 -0.995871
vn 0.073572 -0.053482 -0.995855
vn 0.070264 -0.123077 -0.989907
vn -0.988106 -0.136905 0.070025
vn -0.995020 -0.067730 0.073135
vn -0.995102 -0.066990 -0.072699
vn -0.988202 -0.136199 -0.070048
vn -0.073399 -0.063135 0.995302
vn -0.338293 -0.076652 0.937914
vn -0.330683 -0.144714 0.932581
vn -0.070063 -0.132424 0.988714
vn -0.331101 -0.135739 -0.933781
vn -0.338916 -0.067429 -0.938397
vn -0.073475 -0.053313 -0.995871
vn -0.070155 -0.122828 -0.989945
vn -0.338293 -0.076652 0.937914
vn -0.704845 -0.086288 0.704093
vn -0.698645 -0.153960 0.698707
vn -0.330683 -0.144714 0.932581
vn -0.937964 -0.079617 0.337468
vn -0.932159 -0.147631 0.330581
vn -0.698645 -0.153960 0.698707
vn -0.704845 -0.086288 0.704093
vn -0.995020 -0.067730 0.073135
vn -0.988106 -0.136905 0.070025
vn -0.932159 -0.147631 0.330581
vn -0.937964 -0.079617 0.337468
vn -0.699311 -0.147264 -0.699484
vn -0.705998 -0.079373 -0.703752
vn -0.338916 -0.067429 -0.938397
vn -0.331101 -0.135739 -0.933781
vn -0.932577 -0.144440 -0.330814
vn -0.938599 -0.076268 -0.336476
vn -0.705998 -0.079373 -0.703752
vn -0.699311 -0.147264 -0.699484
vn -0.932577 -0.144440 -0.330814
vn -0.988202 -0.136199 -0.070048
vn -0.995102 -0.066990 -0.072699
vn -0.938599 -0.076268 -0.336476
vn 0.330586 -0.145377 0.932512
vn 0.338514 -0.077409 0.937772
vn 0.073495 -0.063304 0.995284
vn 0.069974 -0.132500 0.988710
vn 0.932321 -0.146397 -0.330675
vn 0.938480 -0.078336 -0.336332
vn 0.994953 -0.069187 -0.072679
vn 0.987922 -0.138271 -0.069942
vn 0.698538 -0.155581 0.698455
vn 0.704916 -0.087842 0.703830
vn 0.338514 -0.077409 0.937772
vn 0.330586 -0.145377 0.932512
vn 0.931877 -0.149858 0.330374
vn 0.937839 -0.081682 0.337321
vn 0.704916 -0.087842 0.703830
vn 0.698538 -0.155581 0.698455
vn 0.931877 -0.149858 0.330374
vn 0.987787 -0.139144 0.070114
vn 0.994869 -0.069927 0.073114
vn 0.937839 -0.081682 0.337321
vn 0.699044 -0.148886 -0.699407
vn 0.706076 -0.080933 -0.703496
vn 0.938480 -0.078336 -0.336332
vn 0.932321 -0.146397 -0.330675
vn 0.699044 -0.148886 -0.699407
vn 0.330945 -0.136668 -0.933701
vn 0.339139 -0.068189 -0.938262
vn 0.706076 -0.080933 -0.703496
vn 0.330945 -0.136668 -0.933701
vn 0.070264 -0.123077 -0.989907
vn 0.073572 -0.053482 -0.995855
vn 0.339139 -0.068189 -0.938262
vn -0.072777 -0.997337 -0.004780
vn 0.000000 -1.000000 -0.000000
vn 0.000000 -1.000000 -0.000000
vn -0.072734 -0.997340 0.004772
vn -0.072777 -0.997337 -0.004780
vn -0.074384 -0.996894 -0.025869
vn 0.000000 -1.000000 -0.000000
vn 0.000000 -1.000000 -0.000000
vn 0.000000 -1.000000 -0.000000
vn -0.074384 -0.996894 -0.025869
vn -0.057359 -0.996717 -0.057149
vn 0.000000 -1.000000 -0.000000
vn 0.000000 -1.000000 -0.000000
vn -0.057359 -0.996717 -0.057149
vn -0.025692 -0.996893 -0.074454
vn 0.000000 -1.000000 -0.000000
vn -0.004782 -0.997326 -0.072920
vn 0.000000 -1.000000 -0.000000
vn 0.000000 -1.000000 -0.000000
vn -0.025692 -0.996893 -0.074454
vn 0.004595 -0.997330 -0.072881
vn 0.000000 -1.000000 -0.000000
vn 0.000000 -1.000000 -0.000000
vn -0.004782 -0.997326 -0.072920
vn 0.000000 -1.000000 -0.000000
vn 0.000000 -1.000000 -0.000000
vn 0.004595 -0.997330 -0.072881
vn 0.024742 -0.996865 -0.075157
vn 0.000000 -1.000000 -0.000000
vn 0.000000 -1.000000 -0.000000
vn 0.024742 -0.996865 -0.075157
vn 0.057218 -0.996677 -0.057968
vn 0.000000 -1.000000 -0.000000
vn 0.000000 -1.000000 -0.000000
vn 0.057218 -0.996677 -0.057968
vn 0.074477 -0.996921 -0.024520
vn 0.000000 -1.000000 -0.000000
vn 0.000000 -1.000000 -0.000000
vn 0.074477 -0.996921 -0.024520
vn 0.072497 -0.997360 -0.004264
vn 0.072671 -0.997345 0.004585
vn 0.000000 -1.000000 -0.000000
vn 0.000000 -1.000000 -0.000000
vn 0.072497 -0.997360 -0.004264
vn 0.000000 -1.000000 -0.000000
vn 0.000000 -1.000000 -0.000000
vn 0.072671 -0.997345 0.004585
vn 0.074961 -0.996880 0.024699
vn 0.000000 -1.000000 -0.000000
vn 0.000000 -1.000000 -0.000000
vn 0.074961 -0.996880 0.024699
vn 0.057848 -0.996688 0.057158
vn 0.000000 -1.000000 -0.000000
vn 0.000000 -1.000000 -0.000000
vn 0.057848 -0.996688 0.057158
vn 0.024482 -0.996923 0.074459
vn 0.000000 -1.000000 -0.000000
vn 0.000000 -1.000000 -0.000000
vn 0.024482 -0.996923 0.074459
vn 0.004258 -0.997358 0.072517
vn -0.004773 -0.997336 0.072783
vn 0.000000 -1.000000 -0.000000
vn 0.000000 -1.000000 -0.000000
vn 0.004258 -0.997358 0.072517
vn -0.004773 -0.997336 0.072783
vn -0.025830 -0.996897 0.074354
vn 0.000000 -1.000000 -0.000000
vn 0.000000 -1.000000 -0.000000
vn 0.000000 -1.000000 -0.000000
vn -0.025830 -0.996897 0.074354
vn -0.057042 -0.996726 0.057298
vn 0.000000 -1.000000 -0.000000
vn 0.000000 -1.000000 -0.000000
vn -0.057042 -0.996726 0.057298
vn -0.074284 -0.996907 0.025650
vn 0.000000 -1.000000 -0.000000
vn -0.072734 -0.997340 0.004772
vn 0.000000 -1.000000 -0.000000
vn 0.000000 -1.000000 -0.000000
vn -0.074284 -0.996907 0.025650
vn -0.331470 -0.943203 0.022246
vn -0.331690 -0.943124 -0.022317
vn -0.072777 -0.997337 -0.004780
vn -0.072734 -0.997340 0.004772
vn -0.022347 -0.942480 -0.333516
vn 0.022139 -0.942478 -0.333535
vn 0.004595 -0.997330 -0.072881
vn -0.004782 -0.997326 -0.072920
vn 0.331260 -0.943303 -0.021148
vn 0.331223 -0.943295 0.022034
vn 0.072671 -0.997345 0.004585
vn 0.072497 -0.997360 -0.004264
vn 0.021093 -0.943068 0.331929
vn -0.022256 -0.942989 0.332078
vn -0.004773 -0.997336 0.072783
vn 0.004258 -0.997358 0.072517
vn -0.074284 -0.996907 0.025650
vn -0.325069 -0.938885 0.113244
vn -0.331470 -0.943203 0.022246
vn -0.072734 -0.997340 0.004772
vn -0.025692 -0.996893 -0.074454
vn -0.113662 -0.938207 -0.326876
vn -0.022347 -0.942480 -0.333516
vn -0.004782 -0.997326 -0.072920
vn -0.022256 -0.942989 0.332078
vn -0.113677 -0.938698 0.325458
vn -0.025830 -0.996897 0.074354
vn -0.004773 -0.997336 0.072783
vn -0.025830 -0.996897 0.074354
vn -0.113677 -0.938698 0.325458
vn -0.245846 -0.937419 0.246586
vn -0.057042 -0.996726 0.057298
vn -0.057042 -0.996726 0.057298
vn -0.245846 -0.937419 0.246586
vn -0.325069 -0.938885 0.113244
vn -0.074284 -0.996907 0.025650
vn -0.331690 -0.943124 -0.022317
vn -0.325507 -0.938639 -0.114029
vn -0.074384 -0.996894 -0.025869
vn -0.072777 -0.997337 -0.004780
vn -0.074384 -0.996894 -0.025869
vn -0.325507 -0.938639 -0.114029
vn -0.247102 -0.937007 -0.246895
vn -0.057359 -0.996717 -0.057149
vn -0.057359 -0.996717 -0.057149
vn -0.247102 -0.937007 -0.246895
vn -0.113662 -0.938207 -0.326876
vn -0.025692 -0.996893 -0.074454
vn 0.021093 -0.943068 0.331929
vn 0.004258 -0.997358 0.072517
vn 0.024482 -0.996923 0.074459
vn 0.111398 -0.938807 0.325932
vn 0.331260 -0.943303 -0.021148
vn 0.072497 -0.997360 -0.004264
vn 0.074477 -0.996921 -0.024520
vn 0.325769 -0.938824 -0.111729
vn 0.325843 -0.938840 0.111382
vn 0.074961 -0.996880 0.024699
vn 0.072671 -0.997345 0.004585
vn 0.331223 -0.943295 0.022034
vn 0.246721 -0.937453 0.245582
vn 0.057848 -0.996688 0.057158
vn 0.074961 -0.996880 0.024699
vn 0.325843 -0.938840 0.111382
vn 0.111398 -0.938807 0.325932
vn 0.024482 -0.996923 0.074459
vn 0.057848 -0.996688 0.057158
vn 0.246721 -0.937453 0.245582
vn 0.111794 -0.938088 -0.327860
vn 0.024742 -0.996865 -0.075157
vn 0.004595 -0.997330 -0.072881
vn 0.022139 -0.942478 -0.333535
vn 0.246034 -0.937040 -0.247838
vn 0.057218 -0.996677 -0.057968
vn 0.024742 -0.996865 -0.075157
vn 0.111794 -0.938088 -0.327860
vn 0.325769 -0.938824 -0.111729
vn 0.074477 -0.996921 -0.024520
vn 0.057218 -0.996677 -0.057968
vn 0.246034 -0.937040 -0.247838
vn -0.686283 -0.725810 0.047072
vn -0.686659 -0.725445 -0.047213
vn -0.331690 -0.943124 -0.022317
vn -0.331470 -0.943203 0.022246
vn -0.920493 -0.385407 0.064456
vn -0.920757 -0.384760 -0.064552
vn -0.686659 -0.725445 -0.047213
vn -0.686283 -0.725810 0.047072
vn -0.988106 -0.136905 0.070025
vn -0.988202 -0.136199 -0.070048
vn -0.920757 -0.384760 -0.064552
vn -0.920493 -0.385407 0.064456
vn -0.047350 -0.720871 -0.691450
vn 0.047423 -0.720909 -0.691405
vn 0.022139 -0.942478 -0.333535
vn -0.022347 -0.942480 -0.333516
vn -0.064738 -0.374206 -0.925083
vn 0.064968 -0.374434 -0.924975
vn 0.047423 -0.720909 -0.691405
vn -0.047350 -0.720871 -0.691450
vn -0.070155 -0.122828 -0.989945
vn 0.070264 -0.123077 -0.989907
vn 0.064968 -0.374434 -0.924975
vn -0.064738 -0.374206 -0.925083
vn 0.686058 -0.726085 -0.046094
vn 0.685531 -0.726516 0.047125
vn 0.331223 -0.943295 0.022034
vn 0.331260 -0.943303 -0.021148
vn 0.920165 -0.386262 -0.064019
vn 0.919724 -0.387204 0.064655
vn 0.685531 -0.726516 0.047125
vn 0.686058 -0.726085 -0.046094
vn 0.987922 -0.138271 -0.069942
vn 0.987787 -0.139144 0.070114
vn 0.919724 -0.387204 0.064655
vn 0.920165 -0.386262 -0.064019
vn 0.046016 -0.724243 0.688007
vn -0.047118 -0.724280 0.687894
vn -0.022256 -0.942989 0.332078
vn 0.021093 -0.943068 0.331929
vn 0.064014 -0.381813 0.922020
vn -0.064520 -0.381875 0.921959
vn -0.047118 -0.724280 0.687894
vn 0.046016 -0.724243 0.688007
vn 0.069974 -0.132500 0.988710
vn -0.070063 -0.132424 0.988714
vn -0.064520 -0.381875 0.921959
vn 0.064014 -0.381813 0.922020
vn -0.325069 -0.938885 0.113244
vn -0.653992 -0.720860 0.229469
vn -0.686283 -0.725810 0.047072
vn -0.331470 -0.943203 0.022246
vn -0.653992 -0.720860 0.229469
vn -0.868562 -0.389185 0.306816
vn -0.920493 -0.385407 0.064456
vn -0.686283 -0.725810 0.047072
vn -0.868562 -0.389185 0.306816
vn -0.932159 -0.147631 0.330581
vn -0.988106 -0.136905 0.070025
vn -0.920493 -0.385407 0.064456
vn -0.113662 -0.938207 -0.326876
vn -0.230552 -0.716581 -0.658299
vn -0.047350 -0.720871 -0.691450
vn -0.022347 -0.942480 -0.333516
vn -0.230552 -0.716581 -0.658299
vn -0.307876 -0.379776 -0.872343
vn -0.064738 -0.374206 -0.925083
vn -0.047350 -0.720871 -0.691450
vn -0.307876 -0.379776 -0.872343
vn -0.331101 -0.135739 -0.933781
vn -0.070155 -0.122828 -0.989945
vn -0.064738 -0.374206 -0.925083
vn -0.047118 -0.724280 0.687894
vn -0.229998 -0.719857 0.654910
vn -0.113677 -0.938698 0.325458
vn -0.022256 -0.942989 0.332078
vn -0.064520 -0.381875 0.921959
vn -0.307129 -0.387046 0.869406
vn -0.229998 -0.719857 0.654910
vn -0.047118 -0.724280 0.687894
vn -0.070063 -0.132424 0.988714
vn -0.330683 -0.144714 0.932581
vn -0.307129 -0.387046 0.869406
vn -0.064520 -0.381875 0.921959
vn -0.490113 -0.720185 0.491042
vn -0.245846 -0.937419 0.246586
vn -0.113677 -0.938698 0.325458
vn -0.229998 -0.719857 0.654910
vn -0.229998 -0.719857 0.654910
vn -0.307129 -0.387046 0.869406
vn -0.650053 -0.392775 0.650507
vn -0.490113 -0.720185 0.491042
vn -0.330683 -0.144714 0.932581
vn -0.698645 -0.153960 0.698707
vn -0.650053 -0.392775 0.650507
vn -0.307129 -0.387046 0.869406
vn -0.653992 -0.720860 0.229469
vn -0.325069 -0.938885 0.113244
vn -0.245846 -0.937419 0.246586
vn -0.490113 -0.720185 0.491042
vn -0.490113 -0.720185 0.491042
vn -0.650053 -0.392775 0.650507
vn -0.868562 -0.389185 0.306816
vn -0.653992 -0.720860 0.229469
vn -0.650053 -0.392775 0.650507
vn -0.698645 -0.153960 0.698707
vn -0.932159 -0.147631 0.330581
vn -0.868562 -0.389185 0.306816
vn -0.686659 -0.725445 -0.047213
vn -0.654896 -0.719651 -0.230682
vn -0.325507 -0.938639 -0.114029
vn -0.331690 -0.943124 -0.022317
vn -0.920757 -0.384760 -0.064552
vn -0.869371 -0.386753 -0.307598
vn -0.654896 -0.719651 -0.230682
vn -0.686659 -0.725445 -0.047213
vn -0.988202 -0.136199 -0.070048
vn -0.932577 -0.144440 -0.330814
vn -0.869371 -0.386753 -0.307598
vn -0.920757 -0.384760 -0.064552
vn -0.492295 -0.717733 -0.492448
vn -0.247102 -0.937007 -0.246895
vn -0.325507 -0.938639 -0.114029
vn -0.654896 -0.719651 -0.230682
vn -0.654896 -0.719651 -0.230682
vn -0.869371 -0.386753 -0.307598
vn -0.651710 -0.387479 -0.652023
vn -0.492295 -0.717733 -0.492448
vn -0.932577 -0.144440 -0.330814
vn -0.699311 -0.147264 -0.699484
vn -0.651710 -0.387479 -0.652023
vn -0.869371 -0.386753 -0.307598
vn -0.230552 -0.716581 -0.658299
vn -0.113662 -0.938207 -0.326876
vn -0.247102 -0.937007 -0.246895
vn -0.492295 -0.717733 -0.492448
vn -0.492295 -0.717733 -0.492448
vn -0.651710 -0.387479 -0.652023
vn -0.307876 -0.379776 -0.872343
vn -0.230552 -0.716581 -0.658299
vn -0.651710 -0.387479 -0.652023
vn -0.699311 -0.147264 -0.699484
vn -0.331101 -0.135739 -0.933781
vn -0.307876 -0.379776 -0.872343
vn 0.046016 -0.724243 0.688007
vn 0.021093 -0.943068 0.331929
vn 0.111398 -0.938807 0.325932
vn 0.228133 -0.720075 0.655322
vn 0.064014 -0.381813 0.922020
vn 0.046016 -0.724243 0.688007
vn 0.228133 -0.720075 0.655322
vn 0.306385 -0.387385 0.869518
vn 0.069974 -0.132500 0.988710
vn 0.064014 -0.381813 0.922020
vn 0.306385 -0.387385 0.869518
vn 0.330586 -0.145377 0.932512
vn 0.686058 -0.726085 -0.046094
vn 0.331260 -0.943303 -0.021148
vn 0.325769 -0.938824 -0.111729
vn 0.654808 -0.720346 -0.228752
vn 0.920165 -0.386262 -0.064019
vn 0.686058 -0.726085 -0.046094
vn 0.654808 -0.720346 -0.228752
vn 0.869048 -0.388119 -0.306789
vn 0.987922 -0.138271 -0.069942
vn 0.920165 -0.386262 -0.064019
vn 0.869048 -0.388119 -0.306789
vn 0.932321 -0.146397 -0.330675
vn 0.653810 -0.721593 0.227677
vn 0.325843 -0.938840 0.111382
vn 0.331223 -0.943295 0.022034
vn 0.685531 -0.726516 0.047125
vn 0.868016 -0.391105 0.305916
vn 0.653810 -0.721593 0.227677
vn 0.685531 -0.726516 0.047125
vn 0.919724 -0.387204 0.064655
vn 0.931877 -0.149858 0.330374
vn 0.868016 -0.391105 0.305916
vn 0.919724 -0.387204 0.064655
vn 0.987787 -0.139144 0.070114
vn 0.490483 -0.720896 0.489628
vn 0.246721 -0.937453 0.245582
vn 0.325843 -0.938840 0.111382
vn 0.653810 -0.721593 0.227677
vn 0.650072 -0.394101 0.649686
vn 0.490483 -0.720896 0.489628
vn 0.653810 -0.721593 0.227677
vn 0.868016 -0.391105 0.305916
vn 0.698538 -0.155581 0.698455
vn 0.650072 -0.394101 0.649686
vn 0.868016 -0.391105 0.305916
vn 0.931877 -0.149858 0.330374
vn 0.228133 -0.720075 0.655322
vn 0.111398 -0.938807 0.325932
vn 0.246721 -0.937453 0.245582
vn 0.490483 -0.720896 0.489628
vn 0.306385 -0.387385 0.869518
vn 0.228133 -0.720075 0.655322
vn 0.490483 -0.720896 0.489628
vn 0.650072 -0.394101 0.649686
vn 0.330586 -0.145377 0.932512
vn 0.306385 -0.387385 0.869518
vn 0.650072 -0.394101 0.649686
vn 0.698538 -0.155581 0.698455
vn 0.228786 -0.716867 -0.658603
vn 0.111794 -0.938088 -0.327860
vn 0.022139 -0.942478 -0.333535
vn 0.047423 -0.720909 -0.691405
vn 0.307040 -0.380682 -0.872243
vn 0.228786 -0.716867 -0.658603
vn 0.047423 -0.720909 -0.691405
vn 0.064968 -0.374434 -0.924975
vn 0.330945 -0.136668 -0.933701
vn 0.307040 -0.380682 -0.872243
vn 0.064968 -0.374434 -0.924975
vn 0.070264 -0.123077 -0.989907
vn 0.490764 -0.718432 -0.492956
vn 0.246034 -0.937040 -0.247838
vn 0.111794 -0.938088 -0.327860
vn 0.228786 -0.716867 -0.658603
vn 0.650805 -0.388792 -0.652145
vn 0.490764 -0.718432 -0.492956
vn 0.228786 -0.716867 -0.658603
vn 0.307040 -0.380682 -0.872243
vn 0.699044 -0.148886 -0.699407
vn 0.650805 -0.388792 -0.652145
vn 0.307040 -0.380682 -0.872243
vn 0.330945 -0.136668 -0.933701
vn 0.654808 -0.720346 -0.228752
vn 0.325769 -0.938824 -0.111729
vn 0.246034 -0.937040 -0.247838
vn 0.490764 -0.718432 -0.492956
vn 0.869048 -0.388119 -0.306789
vn 0.654808 -0.720346 -0.228752
vn 0.490764 -0.718432 -0.492956
vn 0.650805 -0.388792 -0.652145
vn 0.932321 -0.146397 -0.330675
vn 0.869048 -0.388119 -0.306789
vn 0.650805 -0.388792 -0.652145
vn 0.699044 -0.148886 -0.699407
vn 0.000000 0.000000 1.000000
vn 0.000000 -0.707107 0.707107
vn 0.577350 -0.577350 0.577350
vn 0.707107 0.000000 0.707107
vn 0.000000 0.912370 0.409366
vn 0.000000 0.673494 0.739192
vn 0.668184 0.501077 0.549956
vn 0.659923 0.685494 0.307570
vn 1.000000 0.000000 -0.000000
vn 1.000000 0.000000 -0.000000
vn 1.000000 0.000000 -0.000000
vn 1.000000 0.000000 -0.000000
vn 0.000000 0.367797 0.929906
vn -0.000000 0.098930 0.995094
vn 0.685503 0.072028 0.724498
vn 0.669250 0.273287 0.690955
vn 1.000000 -0.000000 -0.000013
vn 1.000000 -0.000001 -0.000000
vn 1.000000 -0.000000 -0.000000
vn 1.000000 0.000000 -0.000014
vn 0.000000 0.995227 0.097584
vn 0.000000 0.912370 0.409366
vn 0.659923 0.685494 0.307570
vn 0.685788 0.724328 0.071022
vn 1.000000 0.000000 -0.000000
vn 1.000000 -0.000000 0.000008
vn 1.000000 -0.000020 0.000007
vn 1.000000 -0.000021 -0.000000
vn 1.000000 0.000000 -0.000000
vn 1.000000 -0.000000 0.000000
vn 1.000000 0.000000 -0.000000
vn 1.000000 0.000000 -0.000000
vn 0.000000 0.673494 0.739192
vn 0.000000 0.367797 0.929906
vn 0.669250 0.273287 0.690955
vn 0.668184 0.501077 0.549956
vn 1.000000 -0.000001 -0.000000
vn 1.000000 0.000000 -0.000000
vn 1.000000 0.000000 -0.000000
vn 1.000000 -0.000000 -0.000000
vn -0.000000 0.098930 0.995094
vn 0.000000 0.000000 1.000000
vn 0.000000 0.000000 1.000000
vn -0.000000 0.098930 0.995094
vn -0.000000 0.673494 0.739192
vn 0.000000 0.673494 0.739192
vn 0.000000 0.912370 0.409366
vn -0.000000 0.912370 0.409366
vn -0.000000 0.098930 0.995094
vn -0.000000 0.098930 0.995094
vn -0.000000 0.367797 0.929906
vn -0.000000 0.367797 0.929906
vn 0.000000 0.912370 0.409366
vn 0.000001 0.980955 0.194236
vn 0.000001 0.980954 0.194241
vn -0.000000 0.912370 0.409366
vn -0.000000 0.367797 0.929906
vn -0.000000 0.367797 0.929906
vn 0.000000 0.673494 0.739192
vn -0.000000 0.673494 0.739192
vn 0.000000 1.000000 -0.000000
vn 0.000000 0.995227 0.097584
vn 0.685788 0.724328 0.071022
vn 0.707107 0.707107 0.000000
vn 1.000000 0.000000 -0.000000
vn 1.000000 0.000000 -0.000000
vn 1.000000 0.000000 -0.000000
vn 1.000000 0.000000 -0.000000
vn 1.000000 -0.000000 0.000008
vn 1.000000 -0.000001 0.000008
vn 0.904531 -0.301511 0.301520
vn 1.000000 -0.000020 0.000007
vn 1.000000 -0.000000 0.000000
vn 1.000000 0.000000 -0.000000
vn 1.000000 0.000000 -0.000000
vn 1.000000 -0.000001 -0.000000
vn 1.000000 -0.000020 0.000007
vn 0.991526 -0.129804 0.005242
vn 0.991584 -0.129468 -0.000000
vn 1.000000 -0.000021 -0.000000
vn 0.716742 -0.050084 0.695537
vn 0.991526 -0.129804 0.005242
vn 1.000000 -0.000020 0.000007
vn 0.904531 -0.301511 0.301520
vn 0.991526 -0.129804 0.005242
vn 0.727385 -0.686229 -0.000000
vn 0.727385 -0.686229 -0.000000
vn 0.991584 -0.129468 -0.000000
vn 0.991526 -0.129804 0.005242
vn 0.716742 -0.050084 0.695537
vn 0.591632 -0.522981 0.613565
vn 0.727385 -0.686229 -0.000000
vn 0.158249 -0.987399 0.000000
vn 0.727385 -0.686229 0.000000
vn 0.727385 -0.686229 -0.000000
vn 0.158249 -0.987399 -0.000000
vn 0.158249 -0.987399 -0.000000
vn 0.158249 -0.987399 -0.000000
vn 0.727385 -0.686229 -0.000000
vn 0.727385 -0.686229 -0.000000
vn 0.117024 -0.730177 0.673162
vn 0.158249 -0.987399 -0.000000
vn 0.727385 -0.686229 -0.000000
vn 0.591632 -0.522981 0.613565
vn 0.000000 -1.000000 -0.000000
vn 0.000000 -1.000000 -0.000000
vn 0.000000 -1.000000 -0.000000
vn 0.000000 -1.000000 -0.000000
vn 0.707104 -0.707110 -0.000010
vn 0.707110 -0.707104 -0.000010
vn 0.000000 -1.000000 -0.000000
vn 0.000000 -1.000000 -0.000000
vn 0.000000 0.000000 1.000000
vn 0.000000 0.000000 1.000000
vn 0.000000 -0.707107 0.707107
vn 0.000000 -0.707107 0.707107
vn 0.000000 0.000000 1.000000
vn 0.000000 -0.707107 0.707107
vn 0.000000 -0.707107 0.707107
vn 0.000000 0.000000 1.000000
vn -0.000000 0.098930 0.995094
vn 0.000000 0.000000 1.000000
vn 0.000000 0.000000 1.000000
vn -0.000000 0.098930 0.995094
vn 0.000000 0.912370 0.409366
vn 0.000000 0.673494 0.739192
vn 0.000000 0.673494 0.739192
vn 0.000000 0.912370 0.409366
vn -0.000000 0.367797 0.929906
vn -0.000000 0.098930 0.995094
vn -0.000000 0.098930 0.995094
vn 0.000000 0.367797 0.929906
vn 0.000001 0.980955 0.194236
vn 0.000000 0.912370 0.409366
vn 0.000000 0.912370 0.409366
vn 0.000000 0.995227 0.097584
vn 0.000000 0.995227 0.097583
vn 0.000001 0.980955 0.194236
vn 0.000000 0.995227 0.097584
vn 0.000000 0.673494 0.739192
vn -0.000000 0.367797 0.929906
vn 0.000000 0.367797 0.929906
vn 0.000000 0.673494 0.739192
vn 0.000000 -1.000000 -0.000000
vn 0.000000 -1.000000 -0.000000
vn 0.000000 -1.000000 -0.000000
vn 0.000000 -1.000000 -0.000000
vn -0.345911 0.000000 0.938267
vn -0.260184 -0.658967 0.705739
vn -0.043883 -0.693648 0.718976
vn -0.060922 0.000000 0.998143
vn -0.017633 0.678839 0.734076
vn -0.041779 0.905985 0.421243
vn -0.155547 0.911440 0.380898
vn -0.224016 0.665402 0.712080
vn -0.057319 0.095219 0.993805
vn -0.036485 0.359285 0.932515
vn -0.313138 0.326770 0.891721
vn -0.344325 0.086824 0.934827
vn -0.124929 0.982317 0.139449
vn -0.252838 0.922582 0.291402
vn -0.155547 0.911440 0.380898
vn -0.034307 0.980570 0.193147
vn -0.034307 0.980570 0.193147
vn -0.155547 0.911440 0.380898
vn -0.041779 0.905985 0.421243
vn -0.036485 0.359285 0.932515
vn -0.017633 0.678839 0.734076
vn -0.224016 0.665402 0.712080
vn -0.313138 0.326770 0.891721
vn 0.000000 -1.000000 -0.000000
vn 0.000000 -1.000000 -0.000000
vn 0.000000 -1.000000 -0.000000
vn 0.000000 -1.000000 -0.000000
vn -0.256194 0.000008 0.966625
vn -0.193889 -0.653691 0.731502
vn 0.000065 -0.707128 0.707086
vn 0.000093 0.000000 1.000000
vn -0.913548 0.085595 0.397622
vn -0.915198 0.000000 0.403005
vn -0.695461 0.000000 0.718563
vn -0.692246 0.080906 0.717112
vn -0.368175 0.914333 0.168648
vn -0.706214 0.653060 0.273450
vn -0.520472 0.648797 0.555132
vn -0.252838 0.922582 0.291402
vn -0.878143 0.307806 0.366225
vn -0.913548 0.085595 0.397622
vn -0.692246 0.080906 0.717112
vn -0.657835 0.303725 0.689205
vn -0.178558 0.983090 0.040639
vn -0.417487 0.907290 0.050298
vn -0.368175 0.914333 0.168648
vn -0.124929 0.982317 0.139449
vn -0.368175 0.914333 0.168648
vn -0.252838 0.922582 0.291402
vn -0.124929 0.982317 0.139449
vn -0.706214 0.653060 0.273450
vn -0.878143 0.307806 0.366225
vn -0.657835 0.303725 0.689205
vn -0.520472 0.648797 0.555132
vn 0.000000 -1.000000 -0.000000
vn 0.000000 -1.000000 -0.000000
vn 0.000000 -1.000000 -0.000000
vn 0.000000 -1.000000 -0.000000
vn -0.947964 -0.000002 0.318378
vn -0.682734 0.000000 0.730667
vn -0.441326 -0.762991 0.472310
vn -0.604443 -0.770349 0.203006
vn -0.692246 0.080906 0.717112
vn -0.695461 0.000000 0.718563
vn -0.345911 0.000000 0.938267
vn -0.344325 0.086824 0.934827
vn -0.252838 0.922582 0.291402
vn -0.520472 0.648797 0.555132
vn -0.224016 0.665402 0.712080
vn -0.155547 0.911440 0.380898
vn -0.313138 0.326770 0.891721
vn -0.657835 0.303725 0.689205
vn -0.692246 0.080906 0.717112
vn -0.344325 0.086824 0.934827
vn -0.224016 0.665402 0.712080
vn -0.520472 0.648797 0.555132
vn -0.657835 0.303725 0.689205
vn -0.313138 0.326770 0.891721
vn 0.000000 -1.000000 -0.000000
vn 0.000000 -1.000000 -0.000000
vn 0.000000 -1.000000 -0.000000
vn 0.000000 -1.000000 -0.000000
vn -0.682734 0.000000 0.730667
vn -0.256199 0.000000 0.966624
vn -0.163584 -0.769618 0.617194
vn -0.441326 -0.762991 0.472310
vn -0.989673 0.097758 0.104832
vn -0.994365 0.000000 0.106012
vn -0.915198 0.000000 0.403005
vn -0.913548 0.085595 0.397622
vn -0.368175 0.914333 0.168648
vn -0.417487 0.907290 0.050298
vn -0.737105 0.674541 0.040869
vn -0.706214 0.653060 0.273450
vn -0.932830 0.351638 0.078602
vn -0.989673 0.097758 0.104832
vn -0.913548 0.085595 0.397622
vn -0.878143 0.307806 0.366225
vn -0.706214 0.653060 0.273450
vn -0.737105 0.674541 0.040869
vn -0.932830 0.351638 0.078602
vn -0.878143 0.307806 0.366225
vn 0.000000 -1.000000 -0.000000
vn 0.000000 -1.000000 -0.000000
vn 0.000000 -1.000000 -0.000000
vn 0.000000 -1.000000 -0.000000
vn -0.999521 -0.000014 0.030934
vn -0.947964 -0.000002 0.318378
vn -0.604443 -0.770349 0.203006
vn -0.699671 -0.714137 0.021655
vn -0.932830 0.351638 0.078602
vn -0.929906 0.367797 -0.000000
vn -0.995094 0.098930 -0.000000
vn -0.989673 0.097758 0.104832
vn -1.000000 -0.000013 -0.000000
vn -0.707107 -0.707107 -0.000000
vn -0.713594 -0.700212 0.022080
vn -0.999522 -0.000011 0.030929
vn 0.685503 0.072028 0.724498
vn -0.000000 0.098930 0.995094
vn 0.000000 0.000000 1.000000
vn 0.707107 0.000000 0.707107
vn 1.000000 -0.000000 -0.000013
vn 1.000000 0.000000 -0.000014
vn 0.707110 -0.707104 -0.000010
vn 0.707104 -0.707110 -0.000010
vn 1.000000 0.000000 -0.000000
vn 1.000000 -0.000000 0.000000
vn 1.000000 -0.000000 0.000008
vn 1.000000 0.000000 -0.000000
vn 0.000000 -0.707107 0.707107
vn 0.000000 0.000000 1.000000
vn -0.060922 0.000000 0.998143
vn -0.043883 -0.693648 0.718976
vn 1.000000 -0.000000 0.000000
vn 1.000000 -0.000001 -0.000000
vn 1.000000 -0.000001 0.000008
vn 1.000000 -0.000000 0.000008
vn 0.000000 -0.707107 0.707107
vn 0.000000 -0.707107 0.707107
vn 0.000000 0.000000 1.000000
vn 0.000000 0.000000 1.000000
vn -0.057319 0.095219 0.993805
vn -0.344325 0.086824 0.934827
vn -0.345911 0.000000 0.938267
vn -0.060922 0.000000 0.998143
vn -0.517511 -0.668040 0.534702
vn -0.695461 0.000000 0.718563
vn -0.915198 0.000000 0.403005
vn -0.683883 -0.664541 0.301146
vn -0.260184 -0.658967 0.705739
vn -0.345911 0.000000 0.938267
vn -0.695461 0.000000 0.718563
vn -0.517511 -0.668040 0.534702
vn -0.683883 -0.664541 0.301146
vn -0.915198 0.000000 0.403005
vn -0.994365 0.000000 0.106012
vn -0.725366 -0.684006 0.077333
vn 1.000000 0.000000 -0.000000
vn 1.000000 0.000000 -0.000000
vn 1.000000 0.000000 -0.000000
vn 1.000000 0.000000 -0.000000
vn 1.000000 0.000000 -0.000000
vn 1.000000 0.000000 -0.000000
vn 1.000000 0.000000 -0.000000
vn 1.000000 0.000000 -0.000000
vn 1.000000 0.000000 -0.000000
vn 1.000000 0.000000 -0.000000
vn 1.000000 0.000000 -0.000000
vn 1.000000 0.000000 -0.000000
vn 1.000000 0.000000 -0.000000
vn 1.000000 0.000000 -0.000000
vn 1.000000 0.000000 -0.000000
vn 1.000000 0.000000 -0.000000
vn 0.659923 0.685494 0.307570
vn 1.000000 0.000000 -0.000000
vn 1.000000 0.000000 -0.000000
vn 0.685788 0.724328 0.071022
vn 1.000000 -0.000001 0.000008
vn 1.000000 -0.000001 -0.000000
vn 1.000000 -0.000001 -0.000000
vn 1.000000 -0.000000 -0.000013
vn 0.685503 0.072028 0.724498
vn 0.707107 0.000000 0.707107
vn 1.000000 0.000000 -0.000014
vn 1.000000 -0.000000 -0.000000
vn 1.000000 0.000000 -0.000000
vn 1.000000 0.000000 -0.000000
vn 1.000000 -0.000001 -0.000000
vn 1.000000 -0.000001 -0.000000
vn 0.685503 0.072028 0.724498
vn 1.000000 -0.000000 -0.000000
vn 1.000000 0.000000 -0.000000
vn 0.669250 0.273287 0.690955
vn 0.000000 -0.707107 0.707107
vn 0.000000 -1.000000 -0.000000
vn 0.000000 -1.000000 -0.000000
vn 0.000065 -0.707086 0.707128
vn 0.000000 -0.707107 0.707107
vn 0.000000 -1.000000 -0.000000
vn 0.000000 -1.000000 -0.000000
vn 0.000000 -0.707107 0.707107
vn 0.904531 -0.301511 0.301520
vn 0.707104 -0.707110 -0.000010
vn 0.000000 -1.000000 -0.000000
vn 0.000000 -0.707107 0.707107
vn 0.000000 -0.707107 0.707107
vn 0.000000 -1.000000 -0.000000
vn 0.707110 -0.707104 -0.000010
vn 0.577350 -0.577350 0.577350
vn 0.000000 -0.707107 0.707107
vn 0.000000 -0.707107 0.707107
vn 0.000000 -1.000000 -0.000000
vn 0.000000 -1.000000 -0.000000
vn 0.000000 -0.707107 0.707107
vn 0.000000 -0.707107 0.707107
vn 0.000000 -1.000000 -0.000000
vn 0.000000 -1.000000 -0.000000
vn -0.260184 -0.658967 0.705739
vn 0.000000 -1.000000 -0.000000
vn 0.000000 -1.000000 -0.000000
vn -0.043883 -0.693648 0.718976
vn 0.000065 -0.707086 0.707128
vn 0.000000 -1.000000 -0.000000
vn 0.000000 -1.000000 -0.000000
vn -0.163584 -0.769618 0.617194
vn -0.441326 -0.762991 0.472310
vn 0.000000 -1.000000 -0.000000
vn 0.000000 -1.000000 -0.000000
vn -0.604443 -0.770349 0.203006
vn -0.683883 -0.664541 0.301146
vn 0.000000 -1.000000 -0.000000
vn 0.000000 -1.000000 -0.000000
vn -0.517511 -0.668040 0.534702
vn -0.163584 -0.769618 0.617194
vn 0.000000 -1.000000 -0.000000
vn 0.000000 -1.000000 -0.000000
vn -0.441326 -0.762991 0.472310
vn -0.517511 -0.668040 0.534702
vn 0.000000 -1.000000 -0.000000
vn 0.000000 -1.000000 -0.000000
vn -0.260184 -0.658967 0.705739
vn -0.604443 -0.770349 0.203006
vn 0.000000 -1.000000 -0.000000
vn 0.000000 -1.000000 -0.000000
vn -0.699671 -0.714137 0.021655
vn -0.725366 -0.684006 0.077333
vn 0.000000 -1.000000 -0.000000
vn 0.000000 -1.000000 -0.000000
vn -0.683883 -0.664541 0.301146
vn -0.707107 -0.707107 -0.000000
vn 0.000000 -1.000000 -0.000000
vn 0.000000 -1.000000 -0.000000
vn -0.725366 -0.684006 0.077333
vn 1.000000 -0.000001 0.000008
vn 1.000000 -0.000000 -0.000013
vn 0.707104 -0.707110 -0.000010
vn 0.904531 -0.301511 0.301520
vn 0.577350 -0.577350 0.577350
vn 0.707110 -0.707104 -0.000010
vn 1.000000 0.000000 -0.000014
vn 0.707107 0.000000 0.707107
vn 1.000000 0.000000 -0.000000
vn 1.000000 0.000000 -0.000000
vn 1.000000 0.000000 -0.000000
vn 1.000000 0.000000 -0.000000
vn 0.668184 0.501077 0.549956
vn 1.000000 0.000000 -0.000000
vn 1.000000 0.000000 -0.000000
vn 0.659923 0.685494 0.307570
vn 1.000000 0.000000 -0.000000
vn 1.000000 0.000000 -0.000000
vn 1.000000 0.000000 -0.000000
vn 1.000000 0.000000 -0.000000
vn 0.669250 0.273287 0.690955
vn 1.000000 0.000000 -0.000000
vn 1.000000 0.000000 -0.000000
vn 0.668184 0.501077 0.549956
vn 0.000000 -0.707107 0.707107
vn 0.000000 0.000000 1.000000
vn 0.000093 0.000000 1.000000
vn 0.000065 -0.707128 0.707086
vn 0.000093 0.000000 1.000000
vn -0.256199 0.000000 0.966624
vn -0.256194 0.000008 0.966625
vn 0.000093 0.000000 1.000000
vn -0.513755 -0.658609 0.549809
vn -0.682731 0.000011 0.730669
vn -0.947966 -0.000002 0.318372
vn -0.717816 -0.653167 0.241068
vn -0.193889 -0.653691 0.731502
vn -0.256194 0.000008 0.966625
vn -0.682731 0.000011 0.730669
vn -0.513755 -0.658609 0.549809
vn -0.717816 -0.653167 0.241068
vn -0.947966 -0.000002 0.318372
vn -0.999522 -0.000011 0.030929
vn -0.713594 -0.700212 0.022080
vn 0.716742 -0.050084 0.695537
vn 0.000000 0.000000 1.000000
vn 0.000000 0.000000 1.000000
vn 0.591632 -0.522981 0.613565
vn 0.000000 0.000000 1.000000
vn -0.000001 -0.707107 0.707107
vn 0.117024 -0.730177 0.673162
vn 0.000000 0.000000 1.000000
vn 0.117024 -0.730177 0.673162
vn 0.591632 -0.522981 0.613565
vn 0.000000 0.000000 1.000000
vn 0.000000 0.000000 1.000000
vn 0.000000 -0.707107 0.707107
vn 0.000000 0.000000 1.000000
vn 0.716742 -0.050084 0.695537
vn 0.904531 -0.301511 0.301520
vn 0.000000 0.000000 1.000000
vn 0.000000 0.000000 1.000000
vn 0.000093 0.000000 1.000000
vn 0.000093 0.000000 1.000000
vn -0.947966 -0.000002 0.318372
vn -0.682731 0.000011 0.730669
vn -0.682734 0.000000 0.730667
vn -0.947964 -0.000002 0.318378
vn -0.682731 0.000011 0.730669
vn -0.256194 0.000008 0.966625
vn -0.256199 0.000000 0.966624
vn -0.682734 0.000000 0.730667
vn -0.999522 -0.000011 0.030929
vn -0.947966 -0.000002 0.318372
vn -0.947964 -0.000002 0.318378
vn -0.999521 -0.000014 0.030934
vn -0.163584 -0.769618 0.617194
vn -0.256199 0.000000 0.966624
vn 0.000093 0.000000 1.000000
vn 0.000065 -0.707086 0.707128
vn 0.000000 0.000000 1.000000
vn 0.000000 0.000000 1.000000
vn 0.000000 0.000000 1.000000
vn 0.000000 0.000000 1.000000
vn 0.000000 0.000000 1.000000
vn 0.000000 0.000000 1.000000
vn 0.000000 0.000000 1.000000
vn 1.000000 0.000000 0.000000
vn 1.000000 0.000000 0.000000
vn 1.000000 0.000000 -0.000000
vn 1.000000 0.000000 -0.000000
vn 1.000000 0.000000 0.000000
vn 1.000000 0.000000 0.000000
vn 1.000000 0.000000 -0.000000
vn 1.000000 0.000000 -0.000000
vn 0.991584 -0.129468 0.000000
vn 1.000000 -0.000021 0.000000
vn 1.000000 -0.000021 -0.000000
vn 0.991584 -0.129468 -0.000000
vn 0.727385 -0.686229 0.000000
vn 0.991584 -0.129468 0.000000
vn 0.991584 -0.129468 -0.000000
vn 0.727385 -0.686229 -0.000000
vn 0.000000 0.995227 0.097584
vn 0.000000 1.000000 -0.000000
vn 0.000000 1.000000 -0.000000
vn 0.000000 0.995227 0.097583
vn 1.000000 0.000000 -0.000000
vn 1.000000 0.000000 0.000000
vn 1.000000 0.000000 0.000000
vn 1.000000 0.000000 -0.000000
vn 1.000000 0.000000 0.000000
vn 0.707107 0.707107 0.000000
vn 0.685788 0.724328 0.071022
vn 1.000000 0.000000 -0.000000
vn 0.000000 0.000000 -1.000000
vn 0.707107 0.000000 -0.707107
vn 0.577350 -0.577350 -0.577350
vn 0.000000 -0.707107 -0.707107
vn 0.000000 0.912369 -0.409368
vn 0.659923 0.685493 -0.307572
vn 0.668184 0.501076 -0.549957
vn 0.000000 0.673493 -0.739194
vn 1.000000 0.000000 -0.000000
vn 1.000000 0.000000 -0.000000
vn 1.000000 0.000000 -0.000000
vn 1.000000 0.000000 -0.000000
vn 0.000000 0.367802 -0.929904
vn 0.669251 0.273290 -0.690952
vn 0.685502 0.072032 -0.724499
vn -0.000000 0.098936 -0.995094
vn 1.000000 -0.000000 0.000000
vn 1.000000 -0.000001 -0.000000
vn 1.000000 -0.000000 0.000013
vn 1.000000 0.000000 0.000014
vn 0.000000 0.995227 -0.097585
vn 0.685788 0.724328 -0.071022
vn 0.659923 0.685493 -0.307572
vn 0.000000 0.912369 -0.409368
vn 1.000000 0.000000 -0.000000
vn 1.000000 -0.000021 -0.000000
vn 1.000000 -0.000020 -0.000007
vn 1.000000 -0.000000 -0.000008
vn 1.000000 0.000000 -0.000000
vn 1.000000 0.000000 -0.000000
vn 1.000000 0.000000 -0.000000
vn 1.000000 -0.000000 -0.000000
vn 0.000000 0.673493 -0.739194
vn 0.668184 0.501076 -0.549957
vn 0.669251 0.273290 -0.690952
vn 0.000000 0.367802 -0.929904
vn 1.000000 0.000000 -0.000000
vn 1.000000 0.000000 -0.000000
vn 1.000000 -0.000001 -0.000000
vn 1.000000 -0.000000 0.000000
vn 0.000000 0.000000 -1.000000
vn 0.000000 0.000000 -1.000000
vn 0.000000 0.098935 -0.995094
vn -0.000000 0.098935 -0.995094
vn 0.000000 0.673493 -0.739194
vn 0.000000 0.673493 -0.739194
vn 0.000000 0.912369 -0.409369
vn 0.000000 0.912369 -0.409369
vn -0.000000 0.098935 -0.995094
vn 0.000000 0.098935 -0.995094
vn 0.000000 0.367802 -0.929904
vn -0.000000 0.367802 -0.929904
vn 0.000000 0.912369 -0.409369
vn 0.000000 0.912369 -0.409369
vn 0.000006 0.980954 -0.194238
vn 0.000005 0.980955 -0.194236
vn 0.000000 0.367802 -0.929904
vn 0.000000 0.673493 -0.739194
vn 0.000000 0.673493 -0.739194
vn -0.000000 0.367802 -0.929904
vn 1.000000 0.000000 -0.000000
vn 1.000000 0.000000 -0.000000
vn 1.000000 0.000000 -0.000000
vn 1.000000 0.000000 -0.000000
vn 1.000000 -0.000000 -0.000008
vn 1.000000 -0.000020 -0.000007
vn 0.904531 -0.301511 -0.301520
vn 1.000000 -0.000001 -0.000008
vn 1.000000 0.000000 -0.000000
vn 1.000000 0.000000 -0.000000
vn 1.000000 -0.000000 -0.000000
vn 1.000000 -0.000001 -0.000000
vn 0.991582 -0.129484 -0.000000
vn 0.991524 -0.129820 -0.005242
vn 1.000000 -0.000020 -0.000007
vn 1.000000 -0.000021 -0.000000
vn 0.716743 -0.050090 -0.695536
vn 0.904531 -0.301511 -0.301520
vn 1.000000 -0.000020 -0.000007
vn 0.991524 -0.129820 -0.005242
vn 0.727374 -0.686241 -0.000000
vn 0.727374 -0.686241 -0.000000
vn 0.991524 -0.129820 -0.005242
vn 0.991582 -0.129484 -0.000000
vn 0.991524 -0.129820 -0.005242
vn 0.727374 -0.686241 -0.000000
vn 0.591625 -0.522987 -0.613568
vn 0.716743 -0.050090 -0.695536
vn 0.727374 -0.686241 -0.000000
vn 0.158249 -0.987399 -0.000000
vn 0.158249 -0.987399 -0.000000
vn 0.727374 -0.686241 -0.000000
vn 0.727374 -0.686241 -0.000000
vn 0.158249 -0.987399 -0.000000
vn 0.117024 -0.730176 -0.673163
vn 0.591625 -0.522987 -0.613568
vn 0.000000 -1.000000 0.000000
vn 0.000000 -1.000000 -0.000000
vn 0.000000 -1.000000 -0.000000
vn 0.000000 -1.000000 0.000000
vn 0.707104 -0.707110 0.000010
vn 0.000000 -1.000000 -0.000000
vn 0.000000 -1.000000 -0.000000
vn 0.707110 -0.707104 0.000010
vn 0.000000 -0.000000 -1.000000
vn 0.000000 -0.707107 -0.707107
vn 0.000000 -0.707107 -0.707107
vn 0.000000 0.000000 -1.000000
vn 0.000000 0.000000 -1.000000
vn 0.000000 0.000000 -1.000000
vn 0.000000 -0.707107 -0.707107
vn 0.000000 -0.707107 -0.707107
vn 0.000000 0.000000 -1.000000
vn 0.000000 0.000000 -1.000000
vn -0.000000 0.098935 -0.995094
vn -0.000000 0.098936 -0.995094
vn 0.000000 0.673493 -0.739194
vn 0.000000 0.673493 -0.739194
vn 0.000000 0.912369 -0.409369
vn 0.000000 0.912369 -0.409368
vn -0.000000 0.098936 -0.995094
vn -0.000000 0.098935 -0.995094
vn -0.000000 0.367802 -0.929904
vn 0.000000 0.367802 -0.929904
vn 0.000000 0.995227 -0.097585
vn 0.000000 0.995227 -0.097585
vn 0.000000 0.912369 -0.409368
vn 0.000000 0.912369 -0.409369
vn 0.000005 0.980955 -0.194236
vn 0.000000 0.995227 -0.097585
vn 0.000000 0.912369 -0.409369
vn 0.000000 0.367802 -0.929904
vn -0.000000 0.367802 -0.929904
vn 0.000000 0.673493 -0.739194
vn 0.000000 0.673493 -0.739194
vn 0.000000 -1.000000 -0.000000
vn 0.000000 -1.000000 -0.000000
vn 0.000000 -1.000000 -0.000000
vn 0.000000 -1.000000 -0.000000
vn -0.345908 0.000000 -0.938268
vn -0.060922 0.000000 -0.998143
vn -0.043883 -0.693648 -0.718976
vn -0.260183 -0.658967 -0.705739
vn -0.017633 0.678839 -0.734076
vn -0.224015 0.665401 -0.712081
vn -0.155544 0.911440 -0.380898
vn -0.041779 0.905985 -0.421243
vn -0.057319 0.095219 -0.993805
vn -0.344323 0.086824 -0.934828
vn -0.313137 0.326771 -0.891721
vn -0.036485 0.359285 -0.932515
vn -0.034302 0.980570 -0.193146
vn -0.041779 0.905985 -0.421243
vn -0.155544 0.911440 -0.380898
vn -0.124929 0.982317 -0.139449
vn -0.124929 0.982317 -0.139449
vn -0.155544 0.911440 -0.380898
vn -0.252838 0.922582 -0.291402
vn -0.036485 0.359285 -0.932515
vn -0.313137 0.326771 -0.891721
vn -0.224015 0.665401 -0.712081
vn -0.017633 0.678839 -0.734076
vn 0.000000 -1.000000 -0.000000
vn 0.000000 -1.000000 -0.000000
vn 0.000000 -1.000000 -0.000000
vn 0.000000 -1.000000 -0.000000
vn -0.256200 -0.000002 -0.966624
vn 0.000093 -0.000013 -1.000000
vn 0.000065 -0.707128 -0.707086
vn -0.193891 -0.653690 -0.731502
vn -0.695461 0.000000 -0.718564
vn -0.915198 0.000000 -0.403004
vn -0.913549 0.085595 -0.397621
vn -0.692245 0.080907 -0.717112
vn -0.520473 0.648795 -0.555134
vn -0.706214 0.653060 -0.273449
vn -0.368176 0.914333 -0.168647
vn -0.252838 0.922582 -0.291402
vn -0.692245 0.080907 -0.717112
vn -0.913549 0.085595 -0.397621
vn -0.878143 0.307807 -0.366224
vn -0.657836 0.303725 -0.689205
vn -0.124929 0.982317 -0.139449
vn -0.252838 0.922582 -0.291402
vn -0.368176 0.914333 -0.168647
vn -0.178558 0.983090 -0.040639
vn -0.368176 0.914333 -0.168647
vn -0.417487 0.907290 -0.050298
vn -0.178558 0.983090 -0.040639
vn -0.657836 0.303725 -0.689205
vn -0.878143 0.307807 -0.366224
vn -0.706214 0.653060 -0.273449
vn -0.520473 0.648795 -0.555134
vn 0.000000 -1.000000 -0.000000
vn 0.000000 -1.000000 -0.000000
vn 0.000000 -1.000000 -0.000000
vn 0.000000 -1.000000 -0.000000
vn -0.947964 0.000006 -0.318378
vn -0.604444 -0.770348 -0.203005
vn -0.441324 -0.762992 -0.472309
vn -0.682729 -0.000009 -0.730671
vn -0.345908 0.000000 -0.938268
vn -0.695461 0.000000 -0.718564
vn -0.692245 0.080907 -0.717112
vn -0.344323 0.086824 -0.934828
vn -0.224015 0.665401 -0.712081
vn -0.520473 0.648795 -0.555134
vn -0.252838 0.922582 -0.291402
vn -0.155544 0.911440 -0.380898
vn -0.313137 0.326771 -0.891721
vn -0.344323 0.086824 -0.934828
vn -0.692245 0.080907 -0.717112
vn -0.657836 0.303725 -0.689205
vn -0.224015 0.665401 -0.712081
vn -0.313137 0.326771 -0.891721
vn -0.657836 0.303725 -0.689205
vn -0.520473 0.648795 -0.555134
vn 0.000000 -1.000000 -0.000000
vn 0.000000 -1.000000 -0.000000
vn 0.000000 -1.000000 -0.000000
vn 0.000000 -1.000000 -0.000000
vn -0.682729 -0.000009 -0.730671
vn -0.441324 -0.762992 -0.472309
vn -0.163582 -0.769617 -0.617195
vn -0.256195 -0.000011 -0.966625
vn -0.915198 0.000000 -0.403004
vn -0.994365 0.000000 -0.106012
vn -0.989673 0.097758 -0.104832
vn -0.913549 0.085595 -0.397621
vn -0.368176 0.914333 -0.168647
vn -0.706214 0.653060 -0.273449
vn -0.737105 0.674541 -0.040869
vn -0.417487 0.907290 -0.050298
vn -0.913549 0.085595 -0.397621
vn -0.989673 0.097758 -0.104832
vn -0.932830 0.351638 -0.078602
vn -0.878143 0.307807 -0.366224
vn -0.706214 0.653060 -0.273449
vn -0.878143 0.307807 -0.366224
vn -0.932830 0.351638 -0.078602
vn -0.737105 0.674541 -0.040869
vn 0.000000 -1.000000 -0.000000
vn 0.000000 -1.000000 -0.000000
vn 0.000000 -1.000000 -0.000000
vn 0.000000 -1.000000 -0.000000
vn -0.999521 -0.000001 -0.030935
vn -0.699672 -0.714136 -0.021654
vn -0.604444 -0.770348 -0.203005
vn -0.947964 0.000006 -0.318378
vn -1.000000 0.000000 -0.000000
vn -0.994365 0.000000 -0.106012
vn -0.725366 -0.684006 -0.077333
vn -0.707107 -0.707107 -0.000000
vn -0.404436 0.914566 -0.000000
vn -0.417487 0.907290 -0.050298
vn -0.737105 0.674541 -0.040869
vn -0.739191 0.673496 -0.000000
vn -0.417487 0.907290 -0.050298
vn -0.404436 0.914566 -0.000000
vn -0.183639 0.982994 -0.000000
vn -0.178558 0.983090 -0.040639
vn -0.739191 0.673496 -0.000000
vn -0.737105 0.674541 -0.040869
vn -0.932830 0.351638 -0.078602
vn -0.929906 0.367797 -0.000000
vn 0.000000 -1.000000 -0.000000
vn 0.000000 -1.000000 -0.000000
vn 0.000000 -1.000000 -0.000000
vn 0.000000 -1.000000 -0.000000
vn 0.000000 0.000000 -1.000000
vn -0.000000 0.098936 -0.995094
vn 0.685502 0.072032 -0.724499
vn 0.707107 0.000000 -0.707107
vn 1.000000 -0.000000 0.000013
vn 0.707104 -0.707110 0.000010
vn 0.707110 -0.707104 0.000010
vn 1.000000 0.000000 0.000014
vn 1.000000 -0.000000 -0.000008
vn 1.000000 -0.000000 -0.000000
vn 1.000000 0.000000 -0.000000
vn 1.000000 0.000000 -0.000000
vn 0.000000 -0.707107 -0.707107
vn -0.043883 -0.693648 -0.718976
vn -0.060922 0.000000 -0.998143
vn 0.000000 0.000000 -1.000000
vn 1.000000 -0.000001 -0.000008
vn 1.000000 -0.000001 -0.000000
vn 1.000000 -0.000000 -0.000000
vn 1.000000 -0.000000 -0.000008
vn 0.000000 0.000000 -1.000000
vn 0.000000 -0.707107 -0.707107
vn 0.000000 -0.707107 -0.707107
vn 0.000000 0.000000 -1.000000
vn -0.345908 0.000000 -0.938268
vn -0.344323 0.086824 -0.934828
vn -0.057319 0.095219 -0.993805
vn -0.060922 0.000000 -0.998143
vn -0.517511 -0.668039 -0.534702
vn -0.683883 -0.664541 -0.301145
vn -0.915198 0.000000 -0.403004
vn -0.695461 0.000000 -0.718564
vn -0.260183 -0.658967 -0.705739
vn -0.517511 -0.668039 -0.534702
vn -0.695461 0.000000 -0.718564
vn -0.345908 0.000000 -0.938268
vn -0.683883 -0.664541 -0.301145
vn -0.725366 -0.684006 -0.077333
vn -0.994365 0.000000 -0.106012
vn -0.915198 0.000000 -0.403004
vn -1.000000 0.000000 -0.000000
vn -0.995094 0.098930 -0.000000
vn -0.989673 0.097758 -0.104832
vn -0.994365 0.000000 -0.106012
vn 1.000000 0.000000 -0.000000
vn 1.000000 0.000000 -0.000000
vn 1.000000 0.000000 -0.000000
vn 1.000000 0.000000 -0.000000
vn 1.000000 0.000000 -0.000000
vn 1.000000 0.000000 -0.000000
vn 1.000000 0.000000 -0.000000
vn 1.000000 0.000000 -0.000000
vn 1.000000 0.000000 -0.000000
vn 1.000000 0.000000 -0.000000
vn 1.000000 0.000000 -0.000000
vn 1.000000 0.000000 -0.000000
vn 1.000000 0.000000 -0.000000
vn 1.000000 0.000000 -0.000000
vn 1.000000 0.000000 -0.000000
vn 1.000000 0.000000 -0.000000
vn 0.659923 0.685493 -0.307572
vn 0.685788 0.724328 -0.071022
vn 1.000000 0.000000 -0.000000
vn 1.000000 0.000000 -0.000000
vn 1.000000 -0.000001 -0.000000
vn 1.000000 -0.000001 -0.000000
vn 1.000000 -0.000001 -0.000008
vn 1.000000 -0.000000 0.000013
vn 1.000000 0.000000 0.000014
vn 0.707107 0.000000 -0.707107
vn 0.685502 0.072032 -0.724499
vn 1.000000 -0.000000 0.000000
vn 1.000000 0.000000 -0.000000
vn 1.000000 -0.000001 -0.000000
vn 1.000000 -0.000001 -0.000000
vn 1.000000 0.000000 -0.000000
vn 0.685502 0.072032 -0.724499
vn 0.669251 0.273290 -0.690952
vn 1.000000 0.000000 -0.000000
vn 1.000000 -0.000000 0.000000
vn 1.000000 0.000000 0.000000
vn 1.000000 0.000000 -0.000000
vn 1.000000 0.000000 -0.000000
vn 1.000000 0.000000 0.000000
vn 0.000000 -0.707107 -0.707107
vn 0.000065 -0.707086 -0.707128
vn 0.000000 -1.000000 -0.000000
vn 0.000000 -1.000000 0.000000
vn 0.000000 -0.707107 -0.707107
vn 0.000000 -0.707107 -0.707107
vn 0.000000 -1.000000 -0.000000
vn 0.000000 -1.000000 0.000000
vn 0.904531 -0.301511 -0.301520
vn 0.000000 -0.707107 -0.707107
vn 0.000000 -1.000000 -0.000000
vn 0.707104 -0.707110 0.000010
vn 0.000000 -0.707107 -0.707107
vn 0.577350 -0.577350 -0.577350
vn 0.707110 -0.707104 0.000010
vn 0.000000 -1.000000 -0.000000
vn 0.000000 -1.000000 -0.000000
vn 0.000000 -0.707107 -0.707107
vn 0.000000 -0.707107 -0.707107
vn 0.000000 -1.000000 -0.000000
vn 0.000000 -1.000000 -0.000000
vn 0.000000 -0.707107 -0.707107
vn 0.000000 -0.707107 -0.707107
vn 0.000000 -1.000000 -0.000000
vn -0.260183 -0.658967 -0.705739
vn -0.043883 -0.693648 -0.718976
vn 0.000000 -1.000000 -0.000000
vn 0.000000 -1.000000 -0.000000
vn 0.000065 -0.707086 -0.707128
vn -0.163582 -0.769617 -0.617195
vn 0.000000 -1.000000 -0.000000
vn 0.000000 -1.000000 -0.000000
vn -0.441324 -0.762992 -0.472309
vn -0.604444 -0.770348 -0.203005
vn 0.000000 -1.000000 -0.000000
vn 0.000000 -1.000000 -0.000000
vn -0.683883 -0.664541 -0.301145
vn -0.517511 -0.668039 -0.534702
vn 0.000000 -1.000000 -0.000000
vn 0.000000 -1.000000 -0.000000
vn -0.163582 -0.769617 -0.617195
vn -0.441324 -0.762992 -0.472309
vn 0.000000 -1.000000 -0.000000
vn 0.000000 -1.000000 -0.000000
vn -0.517511 -0.668039 -0.534702
vn -0.260183 -0.658967 -0.705739
vn 0.000000 -1.000000 -0.000000
vn 0.000000 -1.000000 -0.000000
vn -0.604444 -0.770348 -0.203005
vn -0.699672 -0.714136 -0.021654
vn 0.000000 -1.000000 -0.000000
vn 0.000000 -1.000000 -0.000000
vn -0.725366 -0.684006 -0.077333
vn -0.683883 -0.664541 -0.301145
vn 0.000000 -1.000000 -0.000000
vn 0.000000 -1.000000 -0.000000
vn 1.000000 -0.000001 -0.000008
vn 0.904531 -0.301511 -0.301520
vn 0.707104 -0.707110 0.000010
vn 1.000000 -0.000000 0.000013
vn 0.577350 -0.577350 -0.577350
vn 0.707107 0.000000 -0.707107
vn 1.000000 0.000000 0.000014
vn 0.707110 -0.707104 0.000010
vn 1.000000 0.000000 -0.000000
vn 1.000000 0.000000 -0.000000
vn 1.000000 0.000000 -0.000000
vn 1.000000 0.000000 -0.000000
vn 0.668184 0.501076 -0.549957
vn 0.659923 0.685493 -0.307572
vn 1.000000 0.000000 -0.000000
vn 1.000000 0.000000 -0.000000
vn 1.000000 0.000000 -0.000000
vn 1.000000 0.000000 -0.000000
vn 1.000000 0.000000 -0.000000
vn 1.000000 0.000000 -0.000000
vn 0.669251 0.273290 -0.690952
vn 0.668184 0.501076 -0.549957
vn 1.000000 0.000000 -0.000000
vn 1.000000 0.000000 -0.000000
vn 0.000000 -0.707107 -0.707107
vn 0.000065 -0.707128 -0.707086
vn 0.000093 -0.000013 -1.000000
vn 0.000000 -0.000013 -1.000000
vn -0.256200 -0.000002 -0.966624
vn -0.256195 -0.000011 -0.966625
vn 0.000093 -0.000013 -1.000000
vn 0.000093 -0.000013 -1.000000
vn -0.513757 -0.658601 -0.549817
vn -0.717814 -0.653171 -0.241061
vn -0.947966 0.000001 -0.318371
vn -0.682733 0.000012 -0.730668
vn -0.193891 -0.653690 -0.731502
vn -0.513757 -0.658601 -0.549817
vn -0.682733 0.000012 -0.730668
vn -0.256200 -0.000002 -0.966624
vn -0.717814 -0.653171 -0.241061
vn -0.713594 -0.700212 -0.022080
vn -0.999522 0.000001 -0.030929
vn -0.947966 0.000001 -0.318371
vn -1.000000 -0.000000 -0.000000
vn -0.999521 -0.000001 -0.030935
vn -0.999522 0.000001 -0.030929
vn -1.000000 -0.000000 -0.000000
vn 0.716743 -0.050090 -0.695536
vn 0.591625 -0.522987 -0.613568
vn 0.000000 0.000000 -1.000000
vn 0.000000 0.000000 -1.000000
vn 0.117024 -0.730176 -0.673163
vn -0.000001 -0.707106 -0.707107
vn 0.000000 0.000000 -1.000000
vn 0.000000 0.000000 -1.000000
vn 0.117024 -0.730176 -0.673163
vn 0.000000 0.000000 -1.000000
vn 0.000000 0.000000 -1.000000
vn 0.591625 -0.522987 -0.613568
vn 0.000000 -0.707107 -0.707107
vn 0.904531 -0.301511 -0.301520
vn 0.716743 -0.050090 -0.695536
vn 0.000000 0.000000 -1.000000
vn 0.000000 -0.000013 -1.000000
vn 0.000093 -0.000013 -1.000000
vn 0.000093 -0.000013 -1.000000
vn 0.000000 -0.000013 -1.000000
vn -0.682729 -0.000009 -0.730671
vn -0.682733 0.000012 -0.730668
vn -0.947966 0.000001 -0.318371
vn -0.947964 0.000006 -0.318378
vn -0.256195 -0.000011 -0.966625
vn -0.256200 -0.000002 -0.966624
vn -0.682733 0.000012 -0.730668
vn -0.682729 -0.000009 -0.730671
vn -0.947964 0.000006 -0.318378
vn -0.947966 0.000001 -0.318371
vn -0.999522 0.000001 -0.030929
vn -0.999521 -0.000001 -0.030935
vn -0.163582 -0.769617 -0.617195
vn 0.000065 -0.707086 -0.707128
vn 0.000093 -0.000013 -1.000000
vn -0.256195 -0.000011 -0.966625
vn -0.707107 -0.707107 -0.000000
vn -0.699672 -0.714136 -0.021654
vn -0.999521 -0.000001 -0.030935
vn -1.000000 -0.000000 -0.000000
vn 0.000000 0.000000 -1.000000
vn 0.000000 0.000000 -1.000000
vn 0.000000 0.000000 -1.000000
vn 0.000000 0.000000 -1.000000
vn 0.000000 0.000000 -1.000000
vn 0.000000 0.000000 -1.000000
vn 0.000000 0.000000 -1.000000
vn 1.000000 -0.000021 0.000000
vn 1.000000 0.000000 0.000000
vn 1.000000 0.000000 -0.000000
vn 1.000000 -0.000021 -0.000000
vn 1.000000 0.000000 0.000000
vn 1.000000 0.000000 0.000000
vn 1.000000 0.000000 -0.000000
vn 1.000000 0.000000 -0.000000
vn 0.000000 -1.000000 -0.000000
vn -0.707107 -0.707107 -0.000000
vn -0.699671 -0.714137 0.021655
vn 0.000000 -1.000000 -0.000000
vn -0.000001 -1.000000 -0.000000
vn -0.000001 -1.000000 0.000001
vn -0.000001 -1.000000 0.000001
vn -0.000001 -1.000000 -0.000000
vn 0.000000 -1.000000 -0.000000
vn 0.000000 -1.000000 -0.000000
vn 0.000000 -1.000000 -0.000000
vn 0.000000 -1.000000 -0.000000
vn 0.000000 -1.000000 -0.000000
vn 0.000000 -1.000000 -0.000000
vn -0.000000 -1.000000 0.000000
vn 0.000000 -1.000000 -0.000000
vn -0.000000 -1.000000 0.000000
vn 0.000000 -1.000000 -0.000000
vn -0.000000 -1.000000 0.000000
vn -0.000000 -1.000000 -0.000000
vn 0.000000 -1.000000 -0.000000
vn 0.000000 -1.000000 -0.000000
vn 0.000000 -1.000000 -0.000000
vn 0.000000 -1.000000 -0.000000
vn 0.000000 -1.000000 -0.000000
vn 0.000000 -1.000000 -0.000000
vn 0.000000 -1.000000 -0.000000
vn -0.000000 -1.000000 -0.000000
vn -0.000000 -1.000000 -0.000000
vn 0.000000 -1.000000 -0.000000
vn -0.000000 -1.000000 -0.000000
vn -0.000000 -1.000000 -0.000000
vn -0.000001 -1.000000 -0.000001
vn -0.000001 -1.000000 -0.000001
vn -0.000001 -1.000000 -0.000000
vn -0.000001 -1.000000 -0.000000
vn -0.000000 -1.000000 -0.000001
vn -0.000001 -1.000000 -0.000001
vn -0.000001 -1.000000 -0.000000
vn -0.000000 -1.000000 -0.000000
vn -0.000000 -1.000000 -0.000000
vn -0.000000 -1.000000 -0.000001
vn -0.000000 -1.000000 -0.000000
vn -0.000000 -1.000000 -0.000000
vn -0.000000 -1.000000 -0.000000
vn -0.000000 -1.000000 -0.000000
vn -0.000000 -1.000000 0.000000
vn -0.000000 -1.000000 0.000000
vn -0.000000 -1.000000 -0.000000
vn -0.000001 -1.000000 0.000000
vn -0.000001 -1.000000 0.000001
vn -0.000001 -1.000000 -0.000000
vn -0.000001 -1.000000 0.000001
vn -0.000001 -1.000000 0.000000
vn -0.000001 -1.000000 -0.000000
vn -0.000001 -1.000000 -0.000000
vn 0.158249 -0.987399 -0.000000
vn 0.158249 -0.987399 -0.000000
vn -0.000001 -1.000000 0.000001
vn -0.000001 -1.000000 -0.000000
vn 0.158249 -0.987399 -0.000000
vn 0.117024 -0.730177 0.673162
vn -0.000001 -1.000000 0.000001
vn -0.000001 -1.000000 0.000001
vn 0.117024 -0.730177 0.673162
vn -0.000001 -0.707107 0.707107
vn -0.000000 -1.000000 0.000000
vn -0.000001 -1.000000 0.000001
vn -0.000001 -0.707107 0.707107
vn 0.000000 -0.707107 0.707107
vn 0.000000 -1.000000 -0.000000
vn 0.000000 -1.000000 -0.000000
vn 0.000065 -0.707128 0.707086
vn -0.193889 -0.653691 0.731502
vn 0.000000 -1.000000 -0.000000
vn 0.000000 -1.000000 -0.000000
vn -0.193889 -0.653691 0.731502
vn -0.513755 -0.658609 0.549809
vn 0.000000 -1.000000 -0.000000
vn 0.000000 -1.000000 -0.000000
vn -0.513755 -0.658609 0.549809
vn -0.717816 -0.653167 0.241068
vn -0.000000 -1.000000 0.000000
vn 0.000000 -1.000000 -0.000000
vn -0.717816 -0.653167 0.241068
vn -0.713594 -0.700212 0.022080
vn -0.000000 -1.000000 -0.000000
vn -0.000000 -1.000000 0.000000
vn -0.713594 -0.700212 0.022080
vn -0.707107 -0.707107 -0.000000
vn 0.000000 -1.000000 -0.000000
vn 0.000000 -1.000000 -0.000000
vn -0.713594 -0.700212 -0.022080
vn -0.717814 -0.653171 -0.241061
vn 0.000000 -1.000000 -0.000000
vn 0.000000 -1.000000 -0.000000
vn -0.717814 -0.653171 -0.241061
vn -0.513757 -0.658601 -0.549817
vn 0.000000 -1.000000 -0.000000
vn 0.000000 -1.000000 -0.000000
vn -0.513757 -0.658601 -0.549817
vn -0.193891 -0.653690 -0.731502
vn 0.000000 -1.000000 -0.000000
vn 0.000000 -1.000000 -0.000000
vn -0.193891 -0.653690 -0.731502
vn 0.000065 -0.707128 -0.707086
vn -0.000000 -1.000000 -0.000000
vn 0.000000 -1.000000 -0.000000
vn 0.000065 -0.707128 -0.707086
vn 0.000000 -0.707107 -0.707107
vn -0.000001 -1.000000 -0.000001
vn -0.000001 -1.000000 -0.000001
vn -0.000001 -0.707106 -0.707107
vn 0.117024 -0.730176 -0.673163
vn -0.000001 -1.000000 -0.000000
vn -0.000001 -1.000000 -0.000001
vn 0.117024 -0.730176 -0.673163
vn 0.158249 -0.987399 -0.000000
vn -0.000001 -1.000000 -0.000000
vn -0.000001 -1.000000 -0.000000
vn 0.158249 -0.987399 -0.000000
vn 0.158249 -0.987399 -0.000000
vn -0.000000 -1.000000 -0.000000
vn -0.000001 -1.000000 -0.000000
vn 0.158249 -0.987399 -0.000000
vn 0.158249 -0.987399 0.000000
vn -0.000017 -0.000001 -1.000000
vn 0.707107 -0.000003 -0.707107
vn 0.223428 0.950767 -0.214760
vn -0.000010 0.773194 -0.634170
vn -1.000000 0.000002 -0.000000
vn -0.707117 0.000002 -0.707097
vn -0.313938 0.929831 -0.191980
vn -0.707107 0.707107 -0.000000
vn -0.000038 0.000000 1.000000
vn -0.707123 0.000000 0.707091
vn -0.313943 0.929830 0.191981
vn -0.000024 0.772735 0.634729
vn 1.000000 0.000000 0.000000
vn 0.707087 0.000000 0.707126
vn 0.223412 0.950772 0.214757
vn 0.638891 0.769297 0.000000
vn -0.707106 0.000005 -0.707107
vn -0.000016 0.000002 -1.000000
vn -0.000029 0.000001 -1.000000
vn -0.707117 0.000002 -0.707097
vn -0.707123 0.000000 0.707091
vn -1.000000 0.000000 -0.000000
vn -1.000000 0.000000 -0.000000
vn -0.707123 0.000000 0.707091
vn 0.707087 0.000000 0.707126
vn -0.000043 0.000000 1.000000
vn -0.000043 0.000000 1.000000
vn 0.707087 0.000000 0.707126
vn 0.707088 -0.000003 -0.707125
vn 1.000000 -0.000005 0.000000
vn 1.000000 -0.000002 0.000000
vn 0.707107 -0.000003 -0.707107
vn -0.060922 0.000000 -0.998143
vn -0.057319 0.095219 -0.993805
vn 0.000000 0.098935 -0.995094
vn 0.000000 0.000000 -1.000000
vn -0.041779 0.905985 -0.421243
vn 0.000002 0.912076 -0.410021
vn 0.000000 0.673494 -0.739193
vn -0.017633 0.678839 -0.734076
vn -0.036485 0.359285 -0.932515
vn 0.000000 0.367803 -0.929904
vn 0.000000 0.098935 -0.995094
vn -0.057319 0.095219 -0.993805
vn 0.000002 0.912076 -0.410021
vn -0.041779 0.905985 -0.421243
vn -0.034302 0.980570 -0.193146
vn 0.000008 0.980675 -0.195644
vn -0.017633 0.678839 -0.734076
vn 0.000000 0.673494 -0.739193
vn 0.000000 0.367803 -0.929904
vn -0.036485 0.359285 -0.932515
vn 0.000000 -1.000000 0.000000
vn 0.000000 -1.000000 0.000000
vn 0.000000 -1.000000 0.000000
vn 0.000000 -1.000000 0.000000
vn 0.000065 -0.707086 -0.707128
vn 0.000000 -0.707107 -0.707107
vn 0.000000 -0.000013 -1.000000
vn 0.000093 -0.000013 -1.000000
vn 0.000000 0.000000 -1.000000
vn 0.000000 -0.707107 -0.707107
vn 0.000000 -0.707107 -0.707107
vn 0.000000 0.000000 -1.000000
vn 0.000000 -1.000000 0.000000
vn 0.000000 -0.707107 -0.707107
vn 0.000000 -0.707107 -0.707107
vn 0.000000 -1.000000 0.000000
vn -0.043883 -0.693648 -0.718976
vn 0.000000 -0.707107 -0.707107
vn 0.000000 -1.000000 0.000000
vn 0.000000 -1.000000 -0.000000
vn 0.000000 -0.000000 -1.000000
vn 0.000000 -0.707107 -0.707107
vn 0.000000 -0.707107 -0.707107
vn 0.000000 -0.000013 -1.000000
vn 0.000000 -0.000000 -1.000000
vn 0.000000 -0.000000 -1.000000
vn 0.000000 -0.000013 -1.000000
vn 0.000000 -0.000013 -1.000000
vn 0.000000 -0.707107 -0.707107
vn -0.000000 -1.000000 -0.000001
vn -0.000000 -1.000000 -0.000000
vn 0.000000 -0.707107 -0.707107
vn 0.707087 0.000000 0.707126
vn -0.000043 0.000000 1.000000
vn -0.000028 0.773187 0.634179
vn 0.223412 0.950772 0.214757
vn -0.000038 0.000000 1.000000
vn -0.000038 0.000000 1.000000
vn -0.000043 0.000000 1.000000
vn -0.000043 0.000000 1.000000
vn -0.057319 0.095219 0.993805
vn -0.060922 0.000000 0.998143
vn 0.000000 0.000000 1.000000
vn 0.000000 0.098935 0.995094
vn -0.017633 0.678839 0.734076
vn -0.000000 0.673494 0.739193
vn 0.000001 0.912076 0.410021
vn -0.041779 0.905985 0.421243
vn -0.057319 0.095219 0.993805
vn 0.000000 0.098935 0.995094
vn -0.000000 0.367803 0.929904
vn -0.036485 0.359285 0.932515
vn 0.000001 0.912076 0.410021
vn 0.000003 0.980675 0.195645
vn -0.034307 0.980570 0.193147
vn -0.041779 0.905985 0.421243
vn -0.036485 0.359285 0.932515
vn -0.000000 0.367803 0.929904
vn -0.000000 0.673494 0.739193
vn -0.017633 0.678839 0.734076
vn 0.000000 -1.000000 -0.000000
vn 0.000000 -1.000000 -0.000000
vn 0.000000 -1.000000 -0.000000
vn 0.000000 -1.000000 -0.000000
vn 0.000093 0.000000 1.000000
vn 0.000000 0.000000 1.000000
vn 0.000000 -0.707107 0.707107
vn 0.000065 -0.707086 0.707128
vn 0.000000 -0.707107 0.707107
vn 0.000000 0.000000 1.000000
vn 0.000000 0.000000 1.000000
vn 0.000000 -0.707107 0.707107
vn 0.000000 -0.707107 0.707107
vn 0.000000 -1.000000 -0.000000
vn 0.000000 -1.000000 -0.000000
vn 0.000000 -0.707107 0.707107
vn 0.000000 -1.000000 -0.000000
vn 0.000000 -1.000000 -0.000000
vn 0.000000 -0.707107 0.707107
vn -0.043883 -0.693648 0.718976
vn 0.000000 -0.707107 0.707107
vn 0.000000 0.000000 1.000000
vn 0.000000 0.000000 1.000000
vn 0.000000 -0.707107 0.707107
vn 0.000000 0.000000 1.000000
vn 0.000000 0.000000 1.000000
vn 0.000000 0.000000 1.000000
vn 0.000000 0.000000 1.000000
vn 0.000000 -1.000000 -0.000000
vn 0.000000 -1.000000 -0.000000
vn 0.000000 -0.707107 0.707107
vn 0.000065 -0.707128 0.707086
vn -0.000020 0.772736 -0.634728
vn -0.000029 0.000001 -1.000000
vn -0.000017 -0.000001 -1.000000
vn -0.000010 0.773194 -0.634170
vn 0.707088 -0.000003 -0.707125
vn 0.707107 -0.000003 -0.707107
vn -0.000017 -0.000001 -1.000000
vn -0.000043 0.000000 -1.000000
vn -0.989673 0.097758 -0.104832
vn -0.995094 0.098930 -0.000000
vn -0.929906 0.367797 -0.000000
vn -0.932830 0.351638 -0.078602
vn -0.713594 -0.700212 -0.022080
vn -0.707107 -0.707107 -0.000000
vn -1.000000 -0.000000 -0.000000
vn -0.999522 0.000001 -0.030929
vn 0.000000 -1.000000 -0.000000
vn 0.000000 -1.000000 -0.000000
vn -0.707107 -0.707107 -0.000000
vn -0.725366 -0.684006 -0.077333
vn -0.707107 -0.707107 -0.000000
vn -1.000000 0.000000 -0.000000
vn -1.000000 0.000000 -0.000000
vn -0.707107 -0.707107 -0.000000
vn -0.739191 0.673496 -0.000000
vn -0.404436 0.914566 -0.000000
vn -0.404436 0.914566 -0.000000
vn -0.739191 0.673496 -0.000000
vn -0.183639 0.982994 -0.000000
vn -0.404436 0.914566 -0.000000
vn -0.404436 0.914566 -0.000000
vn -0.183639 0.982994 -0.000000
vn -0.929906 0.367797 -0.000000
vn -0.739191 0.673496 -0.000000
vn -0.739191 0.673496 -0.000000
vn -0.929906 0.367797 -0.000000
vn 0.000000 -1.000000 -0.000000
vn 0.000000 -1.000000 -0.000000
vn 0.000000 -1.000000 -0.000000
vn 0.000000 -1.000000 -0.000000
vn -1.000000 0.000000 -0.000000
vn -0.995094 0.098930 -0.000000
vn -0.995094 0.098930 -0.000000
vn -1.000000 0.000000 -0.000000
vn -1.000000 -0.000013 -0.000000
vn -1.000000 -0.000013 -0.000000
vn -1.000000 -0.000000 -0.000000
vn -1.000000 -0.000000 -0.000000
vn -1.000000 -0.000013 -0.000000
vn -0.707107 -0.707107 -0.000000
vn -0.707107 -0.707107 -0.000000
vn -1.000000 -0.000000 -0.000000
vn -0.699672 -0.714136 -0.021654
vn -0.707107 -0.707107 -0.000000
vn 0.000000 -1.000000 -0.000000
vn 0.000000 -1.000000 -0.000000
vn 0.000000 -1.000000 -0.000000
vn -0.000000 -1.000000 -0.000000
vn -0.707107 -0.707107 -0.000000
vn -0.713594 -0.700212 -0.022080
vn 0.638891 0.769297 0.000000
vn 1.000000 -0.000002 0.000000
vn 1.000000 0.000000 0.000000
vn 0.638891 0.769297 0.000000
vn 0.707087 0.000000 0.707126
vn 0.707087 0.000000 0.707126
vn 1.000000 0.000000 0.000000
vn 1.000000 -0.000000 0.000000
vn -0.929906 0.367797 -0.000000
vn -0.995094 0.098930 -0.000000
vn -0.995094 0.098930 -0.000000
vn -0.929906 0.367797 -0.000000
vn -1.000000 -0.000000 -0.000000
vn -0.707107 -0.707107 -0.000000
vn -0.707107 -0.707107 -0.000000
vn -1.000000 -0.000013 -0.000000
vn -0.707107 -0.707107 -0.000000
vn 0.000000 -1.000000 -0.000000
vn 0.000000 -1.000000 -0.000000
vn -0.707107 -0.707107 -0.000000
vn 0.000000 -1.000000 -0.000000
vn -0.707107 -0.707107 -0.000000
vn -0.707107 -0.707107 -0.000000
vn 0.000000 -1.000000 -0.000000
vn -0.707107 -0.707107 -0.000000
vn -0.000000 -1.000000 -0.000000
vn -0.000000 -1.000000 -0.000000
vn -0.707107 -0.707107 -0.000000
vn 1.000000 -0.000000 0.000000
vn 1.000000 0.000000 0.000000
vn 1.000000 -0.000002 0.000000
vn 1.000000 -0.000005 0.000000
vn -0.994365 0.000000 0.106012
vn -1.000000 0.000000 -0.000000
vn -0.707107 -0.707107 -0.000000
vn -0.725366 -0.684006 0.077333
vn -0.737105 0.674541 0.040869
vn -0.417487 0.907290 0.050298
vn -0.404436 0.914566 -0.000000
vn -0.739191 0.673496 -0.000000
vn -0.183639 0.982994 -0.000000
vn -0.404436 0.914566 -0.000000
vn -0.417487 0.907290 0.050298
vn -0.178558 0.983090 0.040639
vn -0.737105 0.674541 0.040869
vn -0.739191 0.673496 -0.000000
vn -0.929906 0.367797 -0.000000
vn -0.932830 0.351638 0.078602
vn 0.000000 -1.000000 -0.000000
vn 0.000000 -1.000000 -0.000000
vn 0.000000 -1.000000 -0.000000
vn 0.000000 -1.000000 -0.000000
vn -0.994365 0.000000 0.106012
vn -0.989673 0.097758 0.104832
vn -0.995094 0.098930 -0.000000
vn -1.000000 0.000000 -0.000000
vn -0.999521 -0.000014 0.030934
vn -1.000000 -0.000013 -0.000000
vn -1.000000 -0.000013 -0.000000
vn -0.999522 -0.000011 0.030929
vn -0.699671 -0.714137 0.021655
vn -0.707107 -0.707107 -0.000000
vn -1.000000 -0.000013 -0.000000
vn -0.999521 -0.000014 0.030934
vn 0.707107 -0.000003 -0.707107
vn 1.000000 -0.000002 0.000000
vn 0.638891 0.769297 0.000000
vn 0.223428 0.950767 -0.214760
vn 0.000000 0.098935 0.995094
vn 0.000000 0.000000 1.000000
vn 0.000000 0.000000 1.000000
vn -0.000000 0.098930 0.995094
vn 0.000001 0.912076 0.410021
vn -0.000000 0.673494 0.739193
vn -0.000000 0.673494 0.739192
vn -0.000000 0.912370 0.409366
vn -0.000000 0.367803 0.929904
vn 0.000000 0.098935 0.995094
vn -0.000000 0.098930 0.995094
vn -0.000000 0.367797 0.929906
vn 0.000001 0.912076 0.410021
vn -0.000000 0.912370 0.409366
vn 0.000001 0.980954 0.194241
vn 0.000003 0.980675 0.195645
vn -0.000000 0.673494 0.739193
vn -0.000000 0.367803 0.929904
vn -0.000000 0.367797 0.929906
vn -0.000000 0.673494 0.739192
vn 0.000000 -0.707107 0.707107
vn 0.000000 0.000000 1.000000
vn 0.000000 0.000000 1.000000
vn 0.000000 -0.707107 0.707107
vn 0.000000 -0.707107 0.707107
vn 0.000000 -1.000000 -0.000000
vn 0.000000 -1.000000 -0.000000
vn 0.000000 -0.707107 0.707107
vn 0.000000 -0.707107 0.707107
vn 0.000000 -1.000000 -0.000000
vn -0.000000 -1.000000 0.000000
vn 0.000000 -0.707107 0.707107
vn -0.000043 0.000000 -1.000000
vn -0.000017 -0.000001 -1.000000
vn -0.000029 0.000001 -1.000000
vn -0.000016 0.000002 -1.000000
vn 0.000000 -1.000000 -0.000000
vn 0.000000 -1.000000 -0.000000
vn 0.000000 -1.000000 -0.000000
vn 0.000000 -1.000000 -0.000000
vn 0.000000 0.000000 1.000000
vn 0.000000 0.000000 1.000000
vn 0.000000 -0.707107 0.707107
vn 0.000000 -0.707107 0.707107
vn 0.000000 -1.000000 -0.000000
vn 0.000000 -1.000000 -0.000000
vn 0.000000 -0.707107 0.707107
vn 0.000000 -0.707107 0.707107
vn 0.000000 0.000000 1.000000
vn 0.000000 0.000000 1.000000
vn 0.000000 -0.707107 0.707107
vn -0.000001 -0.707107 0.707107
vn 0.000000 0.000000 1.000000
vn 0.000000 0.000000 1.000000
vn 0.000000 0.000000 1.000000
vn 0.000000 0.000000 1.000000
vn -0.707117 0.000002 -0.707097
vn -0.000029 0.000001 -1.000000
vn -0.000020 0.772736 -0.634728
vn -0.313938 0.929831 -0.191980
vn 0.000000 0.000000 -1.000000
vn 0.000000 0.098935 -0.995094
vn 0.000000 0.098935 -0.995094
vn 0.000000 0.000000 -1.000000
vn 0.000000 0.673494 -0.739193
vn 0.000002 0.912076 -0.410021
vn 0.000000 0.912369 -0.409369
vn 0.000000 0.673493 -0.739194
vn 0.000000 0.098935 -0.995094
vn 0.000000 0.367803 -0.929904
vn 0.000000 0.367802 -0.929904
vn 0.000000 0.098935 -0.995094
vn 0.000006 0.980954 -0.194238
vn 0.000000 0.912369 -0.409369
vn 0.000002 0.912076 -0.410021
vn 0.000008 0.980675 -0.195644
vn 0.000000 0.367803 -0.929904
vn 0.000000 0.673494 -0.739193
vn 0.000000 0.673493 -0.739194
vn 0.000000 0.367802 -0.929904
vn 0.000000 -0.000013 -1.000000
vn 0.000000 -0.707107 -0.707107
vn 0.000000 -0.707107 -0.707107
vn 0.000000 -0.000000 -1.000000
vn 0.000000 -1.000000 0.000000
vn 0.000000 -0.707107 -0.707107
vn 0.000000 -0.707107 -0.707107
vn 0.000000 -1.000000 0.000000
vn -0.000028 0.773187 0.634179
vn -0.000043 0.000000 1.000000
vn -0.000038 0.000000 1.000000
vn -0.000024 0.772735 0.634729
vn 0.000000 -1.000000 -0.000000
vn 0.000000 -1.000000 0.000000
vn 0.000000 -1.000000 0.000000
vn 0.000000 -1.000000 -0.000000
vn 0.000000 -0.707107 -0.707107
vn 0.000000 -0.707107 -0.707107
vn 0.000000 0.000000 -1.000000
vn 0.000000 0.000000 -1.000000
vn 0.000000 -0.707107 -0.707107
vn 0.000000 -0.707107 -0.707107
vn 0.000000 -1.000000 0.000000
vn 0.000000 -1.000000 -0.000000
vn -0.000001 -0.707106 -0.707107
vn 0.000000 -0.707107 -0.707107
vn 0.000000 -0.000000 -1.000000
vn 0.000000 0.000000 -1.000000
vn 0.000000 0.000000 -1.000000
vn 0.000000 -0.000000 -1.000000
vn 0.000000 -0.000000 -1.000000
vn 0.000000 0.000000 -1.000000
vn -0.000001 -1.000000 -0.000001
vn -0.000000 -1.000000 -0.000001
vn 0.000000 -0.707107 -0.707107
vn -0.000001 -0.707106 -0.707107
vn -0.707123 0.000000 0.707091
vn -0.707123 0.000000 0.707091
vn -0.000038 0.000000 1.000000
vn -0.000038 0.000000 1.000000
vn 0.000000 0.995227 -0.097585
vn 0.000000 1.000000 -0.000000
vn 0.707107 0.707107 0.000000
vn 0.685788 0.724328 -0.071022
vn 0.727374 -0.686241 -0.000000
vn 0.727375 -0.686241 0.000000
vn 0.158249 -0.987399 0.000000
vn 0.158249 -0.987399 -0.000000
vn 1.000000 0.000000 -0.000000
vn 1.000000 0.000000 0.000000
vn 1.000000 0.000000 0.000000
vn 1.000000 0.000000 -0.000000
vn 1.000000 0.000000 -0.000000
vn 1.000000 0.000000 0.000000
vn 1.000000 0.000000 0.000000
vn 1.000000 0.000000 -0.000000
vn 1.000000 -0.000021 -0.000000
vn 1.000000 -0.000021 0.000000
vn 0.991582 -0.129484 0.000000
vn 0.991582 -0.129484 -0.000000
vn 0.991582 -0.129484 -0.000000
vn 0.991582 -0.129484 0.000000
vn 0.727375 -0.686241 0.000000
vn 0.727374 -0.686241 -0.000000
vn 0.000000 1.000000 -0.000000
vn 0.000000 1.000000 -0.000000
vn 0.000000 0.995227 -0.097585
vn 0.000000 0.995227 -0.097585
vn 1.000000 0.000000 -0.000000
vn 1.000000 0.000000 -0.000000
vn 1.000000 0.000000 0.000000
vn 1.000000 0.000000 0.000000
vn 0.685788 0.724328 -0.071022
vn 0.707107 0.707107 0.000000
vn 1.000000 0.000000 0.000000
vn 1.000000 0.000000 -0.000000
vn 1.000000 0.000000 0.000000
vn 1.000000 0.000000 0.000000
vn 1.000000 0.000000 0.000000
vn 1.000000 0.000000 0.000000
vn 1.000000 0.000000 -0.000000
vn 1.000000 0.000000 0.000000
vn 1.000000 -0.000021 0.000000
vn 1.000000 -0.000021 -0.000000
vn 1.000000 0.000000 -0.000000
vn 1.000000 0.000000 0.000000
vn 1.000000 0.000000 0.000000
vn 1.000000 0.000000 -0.000000
vn 0.158249 -0.987399 0.000000
vn -0.000001 -1.000000 0.000000
vn -0.000000 -1.000000 -0.000000
vn 0.158249 -0.987399 0.000000
vn -0.707123 0.000000 0.707091
vn -1.000000 0.000000 -0.000000
vn -0.707107 0.707107 -0.000000
vn -0.313943 0.929830 0.191981
vn -1.000000 0.000005 -0.000000
vn -1.000000 0.000002 -0.000000
vn -1.000000 0.000000 -0.000000
vn -1.000000 0.000000 -0.000000
vn 0.707107 0.707107 0.000000
vn 0.000000 1.000000 -0.000000
vn 0.000000 1.000000 -0.000000
vn 0.707107 0.707107 0.000000
vn 0.158249 -0.987399 0.000000
vn 0.727375 -0.686241 0.000000
vn 0.727385 -0.686229 0.000000
vn 0.158249 -0.987399 0.000000
vn 1.000000 0.000000 0.000000
vn 1.000000 0.000000 0.000000
vn 1.000000 0.000000 0.000000
vn 1.000000 0.000000 0.000000
vn 1.000000 0.000000 0.000000
vn 1.000000 0.000000 0.000000
vn 1.000000 0.000000 0.000000
vn 1.000000 0.000000 0.000000
vn 0.991582 -0.129484 0.000000
vn 1.000000 -0.000021 0.000000
vn 1.000000 -0.000021 0.000000
vn 0.991584 -0.129468 0.000000
vn 0.727375 -0.686241 0.000000
vn 0.991582 -0.129484 0.000000
vn 0.991584 -0.129468 0.000000
vn 0.727385 -0.686229 0.000000
vn 0.000000 1.000000 -0.000000
vn 0.000000 1.000000 -0.000000
vn 0.000000 1.000000 -0.000000
vn 0.000000 1.000000 -0.000000
vn 1.000000 0.000000 0.000000
vn 1.000000 0.000000 0.000000
vn 1.000000 0.000000 0.000000
vn 1.000000 0.000000 0.000000
vn 1.000000 0.000000 0.000000
vn 0.707107 0.707107 0.000000
vn 0.707107 0.707107 0.000000
vn 1.000000 0.000000 0.000000
vn 1.000000 -0.000021 0.000000
vn 1.000000 0.000000 0.000000
vn 1.000000 0.000000 0.000000
vn 1.000000 -0.000021 0.000000
vn 1.000000 0.000000 0.000000
vn 1.000000 0.000000 0.000000
vn 1.000000 0.000000 0.000000
vn 1.000000 0.000000 0.000000
vn -0.707107 0.707107 -0.000000
vn -1.000000 0.000000 -0.000000
vn -1.000000 0.000002 -0.000000
vn -0.707107 0.707107 -0.000000
vn 1.000000 0.000000 -0.000000
vn 1.000000 0.000000 0.000000
vn 1.000000 0.000000 0.000000
vn 1.000000 0.000000 -0.000000
vn -0.000001 -1.000000 -0.000000
vn -0.000001 -1.000000 0.000000
vn 0.158249 -0.987399 0.000000
vn 0.158249 -0.987399 -0.000000
vn -0.707106 0.000005 -0.707107
vn -0.707117 0.000002 -0.707097
vn -1.000000 0.000002 -0.000000
vn -1.000000 0.000005 -0.000000
vn -0.000020 0.772736 -0.634728
vn 0.000001 0.980954 0.194241
vn 0.000001 0.980955 0.194236
vn -0.313938 0.929831 -0.191980
vn 0.000000 0.995227 0.097583
vn -0.313938 0.929831 -0.191980
vn 0.000001 0.980955 0.194236
vn -0.034307 0.980570 0.193147
vn 0.223428 0.950767 -0.214760
vn -0.124929 0.982317 0.139449
vn -0.124929 0.982317 0.139449
vn 0.223428 0.950767 -0.214760
vn -0.178558 0.983090 0.040639
vn -0.313938 0.929831 -0.191980
vn 0.000000 0.995227 0.097583
vn 0.000000 1.000000 -0.000000
vn -0.707107 0.707107 -0.000000
vn -0.313943 0.929830 0.191981
vn 0.000005 0.980955 -0.194236
vn 0.000006 0.980954 -0.194238
vn -0.000024 0.772735 0.634729
vn 0.000005 0.980955 -0.194236
vn -0.313943 0.929830 0.191981
vn 0.000000 0.995227 -0.097585
vn -0.124929 0.982317 -0.139449
vn 0.223412 0.950772 0.214757
vn -0.034302 0.980570 -0.193146
vn -0.178558 0.983090 -0.040639
vn 0.223412 0.950772 0.214757
vn -0.124929 0.982317 -0.139449
vn 0.223412 0.950772 0.214757
vn -0.178558 0.983090 -0.040639
vn -0.183639 0.982994 -0.000000
vn 0.638891 0.769297 0.000000
vn -0.000028 0.773187 0.634179
vn 0.000008 0.980675 -0.195644
vn -0.034302 0.980570 -0.193146
vn 0.223412 0.950772 0.214757
vn 0.223428 0.950767 -0.214760
vn -0.034307 0.980570 0.193147
vn 0.000003 0.980675 0.195645
vn -0.000010 0.773194 -0.634170
vn 0.638891 0.769297 0.000000
vn 0.638891 0.769297 0.000000
vn -0.183639 0.982994 -0.000000
vn -0.183639 0.982994 -0.000000
vn 0.638891 0.769297 0.000000
vn -0.183639 0.982994 -0.000000
vn -0.178558 0.983090 0.040639
vn 0.223428 0.950767 -0.214760
vn -0.000020 0.772736 -0.634728
vn -0.000010 0.773194 -0.634170
vn 0.000003 0.980675 0.195645
vn 0.000001 0.980954 0.194241
vn -0.000028 0.773187 0.634179
vn -0.000024 0.772735 0.634729
vn 0.000006 0.980954 -0.194238
vn 0.000008 0.980675 -0.195644
vn -0.707107 0.707107 -0.000000
vn 0.000000 1.000000 -0.000000
vn 0.000000 0.995227 -0.097585
vn -0.313943 0.929830 0.191981
vn -0.707107 0.707107 -0.000000
vn -0.707107 0.707107 -0.000000
vn 0.000000 1.000000 -0.000000
vn 0.000000 1.000000 -0.000000
# 9146 vertex normals

vt 0.000000 0.000000 0.000000
vt 1.000000 0.000000 0.000000
vt 0.000000 1.000000 0.000000
vt 1.000000 1.000000 0.000000
vt -0.146950 -0.136821 0.000000
vt -0.072341 -0.136821 -0.000000
vt -0.066783 -0.135637 -0.000000
vt -0.062942 -0.132109 -0.000000
vt -0.061395 -0.126941 -0.000000
vt -0.059622 -0.028634 -0.000000
vt -0.057809 -0.022884 -0.000000
vt -0.052854 -0.019380 -0.000000
vt -0.046382 -0.018823 -0.000000
vt 0.033424 -0.018823 -0.000000
vt 0.036456 -0.018647 -0.000000
vt 0.039377 -0.017642 -0.000000
vt 0.041885 -0.015875 -0.000000
vt 0.072556 0.014474 -0.000000
vt 0.074124 0.016617 -0.000000
vt 0.075075 0.019003 -0.000000
vt 0.075429 0.021328 -0.000000
vt 0.078703 0.208745 -0.000000
vt 0.082578 0.223077 0.000000
vt 0.094327 0.234356 -0.000000
vt 0.110550 0.238224 -0.000000
vt -0.171217 -0.136821 -0.121998
vt -0.102288 -0.136821 -0.150550
vt -0.097152 -0.135637 -0.152677
vt -0.093604 -0.132110 -0.154147
vt -0.092174 -0.126941 -0.154739
vt -0.090537 -0.028634 -0.155417
vt -0.088861 -0.022884 -0.156111
vt -0.084284 -0.019380 -0.158007
vt -0.078305 -0.018823 -0.160484
vt -0.004573 -0.018823 -0.191024
vt -0.001772 -0.018647 -0.192185
vt 0.000926 -0.017642 -0.193303
vt 0.003244 -0.015875 -0.194262
vt 0.031580 0.014474 -0.206000
vt 0.033029 0.016617 -0.206600
vt 0.033908 0.019003 -0.206964
vt 0.034235 0.021328 -0.207099
vt 0.037259 0.208745 -0.208352
vt 0.040839 0.223077 -0.209835
vt 0.051694 0.234356 -0.214331
vt 0.066682 0.238224 -0.220539
vt -0.240324 -0.136821 -0.225424
vt -0.187567 -0.136821 -0.278180
vt -0.183637 -0.135637 -0.282110
vt -0.180921 -0.132110 -0.284826
vt -0.179827 -0.126941 -0.285920
vt -0.178574 -0.028634 -0.287174
vt -0.177291 -0.022884 -0.288456
vt -0.173788 -0.019380 -0.291959
vt -0.169212 -0.018823 -0.296536
vt -0.112780 -0.018823 -0.352967
vt -0.110636 -0.018647 -0.355111
vt -0.108571 -0.017642 -0.357176
vt -0.106797 -0.015875 -0.358950
vt -0.085110 0.014474 -0.380638
vt -0.084001 0.016617 -0.381747
vt -0.083328 0.019003 -0.382419
vt -0.083078 0.021328 -0.382670
vt -0.080763 0.208745 -0.384984
vt -0.078023 0.223077 -0.387725
vt -0.069715 0.234356 -0.396032
vt -0.058244 0.238224 -0.407503
vt -0.343749 -0.136821 -0.294530
vt -0.315197 -0.136821 -0.363460
vt -0.313070 -0.135637 -0.368595
vt -0.311601 -0.132110 -0.372143
vt -0.311008 -0.126941 -0.373573
vt -0.310330 -0.028634 -0.375210
vt -0.309636 -0.022884 -0.376886
vt -0.307740 -0.019380 -0.381463
vt -0.305263 -0.018823 -0.387443
vt -0.274723 -0.018823 -0.461174
vt -0.273562 -0.018647 -0.463975
vt -0.272445 -0.017642 -0.466674
vt -0.271485 -0.015875 -0.468991
vt -0.259748 0.014474 -0.497327
vt -0.259148 0.016617 -0.498776
vt -0.258783 0.019003 -0.499655
vt -0.258648 0.021328 -0.499982
vt -0.257395 0.208745 -0.503006
vt -0.255912 0.223077 -0.506587
vt -0.251416 0.234356 -0.517441
vt -0.245208 0.238224 -0.532429
vt -0.465747 -0.136821 -0.318797
vt -0.465747 -0.136821 -0.393406
vt -0.465747 -0.135637 -0.398964
vt -0.465747 -0.132110 -0.402805
vt -0.465747 -0.126941 -0.404352
vt -0.465747 -0.028634 -0.406125
vt -0.465747 -0.022884 -0.407939
vt -0.465747 -0.019380 -0.412893
vt -0.465747 -0.018823 -0.419365
vt -0.465747 -0.018823 -0.499171
vt -0.465747 -0.018647 -0.502203
vt -0.465747 -0.017642 -0.505124
vt -0.465747 -0.015875 -0.507632
vt -0.465747 0.014474 -0.538303
vt -0.465747 0.016617 -0.539871
vt -0.465747 0.019003 -0.540822
vt -0.465747 0.021328 -0.541177
vt -0.465747 0.208745 -0.544450
vt -0.465747 0.223077 -0.548325
vt -0.465747 0.234356 -0.560074
vt -0.465747 0.238224 -0.576297
vt -0.587746 -0.136821 -0.294530
vt -0.616297 -0.136821 -0.363460
vt -0.618424 -0.135637 -0.368595
vt -0.619894 -0.132110 -0.372143
vt -0.620486 -0.126941 -0.373573
vt -0.621165 -0.028634 -0.375210
vt -0.621859 -0.022884 -0.376886
vt -0.623755 -0.019380 -0.381463
vt -0.626231 -0.018823 -0.387442
vt -0.656772 -0.018823 -0.461174
vt -0.657932 -0.018647 -0.463975
vt -0.659050 -0.017642 -0.466673
vt -0.660010 -0.015875 -0.468991
vt -0.671747 0.014474 -0.497327
vt -0.672347 0.016617 -0.498776
vt -0.672711 0.019003 -0.499655
vt -0.672847 0.021328 -0.499982
vt -0.674099 0.208745 -0.503006
vt -0.675582 0.223077 -0.506587
vt -0.680078 0.234356 -0.517441
vt -0.686287 0.238224 -0.532429
vt -0.691171 -0.136821 -0.225423
vt -0.743927 -0.136821 -0.278180
vt -0.747858 -0.135637 -0.282110
vt -0.750573 -0.132110 -0.284826
vt -0.751668 -0.126941 -0.285920
vt -0.752921 -0.028634 -0.287173
vt -0.754203 -0.022884 -0.288456
vt -0.757707 -0.019380 -0.291959
vt -0.762283 -0.018823 -0.296536
vt -0.818714 -0.018823 -0.352967
vt -0.820859 -0.018647 -0.355111
vt -0.822924 -0.017642 -0.357176
vt -0.824697 -0.015875 -0.358950
vt -0.846385 0.014474 -0.380637
vt -0.847494 0.016617 -0.381746
vt -0.848167 0.019003 -0.382419
vt -0.848417 0.021328 -0.382670
vt -0.850731 0.208745 -0.384984
vt -0.853472 0.223077 -0.387725
vt -0.861779 0.234356 -0.396032
vt -0.873251 0.238224 -0.407503
vt -0.760277 -0.136821 -0.121998
vt -0.829207 -0.136821 -0.150550
vt -0.834342 -0.135637 -0.152677
vt -0.837891 -0.132110 -0.154147
vt -0.839320 -0.126941 -0.154739
vt -0.840958 -0.028634 -0.155417
vt -0.842633 -0.022884 -0.156111
vt -0.847211 -0.019380 -0.158007
vt -0.853190 -0.018823 -0.160484
vt -0.926921 -0.018823 -0.191024
vt -0.929723 -0.018647 -0.192185
vt -0.932421 -0.017642 -0.193302
vt -0.934738 -0.015875 -0.194262
vt -0.963074 0.014474 -0.205999
vt -0.964523 0.016617 -0.206600
vt -0.965402 0.019003 -0.206964
vt -0.965729 0.021328 -0.207099
vt -0.968753 0.208745 -0.208352
vt -0.972334 0.223077 -0.209835
vt -0.983188 0.234356 -0.214331
vt -0.998176 0.238224 -0.220539
vt -0.784544 -0.136821 0.000000
vt -0.859153 -0.136821 0.000000
vt -0.864712 -0.135637 0.000000
vt -0.868552 -0.132109 0.000000
vt -0.870100 -0.126941 0.000000
vt -0.871872 -0.028634 0.000000
vt -0.873686 -0.022884 0.000000
vt -0.878640 -0.019380 0.000000
vt -0.885112 -0.018823 0.000000
vt -0.964918 -0.018823 0.000000
vt -0.967951 -0.018647 0.000000
vt -0.970871 -0.017642 0.000000
vt -0.973379 -0.015875 0.000000
vt -1.004050 0.014474 0.000000
vt -1.005618 0.016617 0.000000
vt -1.006570 0.019003 0.000000
vt -1.006924 0.021328 0.000000
vt -1.010197 0.208745 0.000000
vt -1.014073 0.223077 0.000000
vt -1.025821 0.234356 0.000000
vt -1.042044 0.238224 0.000000
vt -0.760277 -0.136821 0.121998
vt -0.829207 -0.136821 0.150550
vt -0.834342 -0.135637 0.152677
vt -0.837890 -0.132109 0.154147
vt -0.839320 -0.126941 0.154739
vt -0.840957 -0.028634 0.155417
vt -0.842633 -0.022884 0.156112
vt -0.847210 -0.019380 0.158007
vt -0.853190 -0.018823 0.160484
vt -0.926921 -0.018823 0.191025
vt -0.929723 -0.018647 0.192185
vt -0.932421 -0.017642 0.193303
vt -0.934738 -0.015875 0.194263
vt -0.963074 0.014474 0.206000
vt -0.964523 0.016617 0.206600
vt -0.965402 0.019003 0.206964
vt -0.965729 0.021328 0.207099
vt -0.968753 0.208745 0.208352
vt -0.972334 0.223077 0.209835
vt -0.983188 0.234356 0.214331
vt -0.998176 0.238224 0.220539
vt -0.691171 -0.136821 0.225424
vt -0.743927 -0.136821 0.278180
vt -0.747857 -0.135637 0.282111
vt -0.750573 -0.132109 0.284826
vt -0.751667 -0.126941 0.285920
vt -0.752921 -0.028634 0.287174
vt -0.754203 -0.022884 0.288456
vt -0.757706 -0.019380 0.291959
vt -0.762283 -0.018823 0.296536
vt -0.818714 -0.018823 0.352967
vt -0.820859 -0.018647 0.355112
vt -0.822924 -0.017642 0.357177
vt -0.824697 -0.015875 0.358950
vt -0.846385 0.014474 0.380638
vt -0.847494 0.016617 0.381747
vt -0.848166 0.019003 0.382419
vt -0.848417 0.021328 0.382670
vt -0.850731 0.208745 0.384984
vt -0.853472 0.223077 0.387725
vt -0.861779 0.234356 0.396032
vt -0.873251 0.238224 0.407504
vt -0.587745 -0.136821 0.294530
vt -0.616297 -0.136821 0.363460
vt -0.618424 -0.135637 0.368595
vt -0.619894 -0.132109 0.372143
vt -0.620486 -0.126941 0.373573
vt -0.621164 -0.028634 0.375211
vt -0.621858 -0.022884 0.376886
vt -0.623754 -0.019380 0.381463
vt -0.626231 -0.018823 0.387443
vt -0.656771 -0.018823 0.461174
vt -0.657932 -0.018647 0.463976
vt -0.659049 -0.017642 0.466674
vt -0.660009 -0.015875 0.468991
vt -0.671746 0.014474 0.497327
vt -0.672347 0.016617 0.498776
vt -0.672711 0.019003 0.499655
vt -0.672846 0.021328 0.499982
vt -0.674099 0.208745 0.503006
vt -0.675582 0.223078 0.506587
vt -0.680078 0.234356 0.517441
vt -0.686286 0.238224 0.532429
vt -0.465747 -0.136821 0.318797
vt -0.465747 -0.136821 0.393406
vt -0.465747 -0.135637 0.398964
vt -0.465747 -0.132109 0.402805
vt -0.465747 -0.126941 0.404352
vt -0.465747 -0.028634 0.406125
vt -0.465747 -0.022884 0.407939
vt -0.465747 -0.019380 0.412893
vt -0.465747 -0.018823 0.419365
vt -0.465747 -0.018823 0.499171
vt -0.465747 -0.018647 0.502204
vt -0.465747 -0.017642 0.505124
vt -0.465747 -0.015875 0.507632
vt -0.465747 0.014474 0.538303
vt -0.465747 0.016617 0.539871
vt -0.465747 0.019003 0.540823
vt -0.465747 0.021328 0.541177
vt -0.465747 0.208745 0.544450
vt -0.465747 0.223078 0.548326
vt -0.465747 0.234356 0.560074
vt -0.465747 0.238224 0.576297
vt -0.343749 -0.136821 0.294530
vt -0.315197 -0.136821 0.363460
vt -0.313070 -0.135637 0.368595
vt -0.311600 -0.132109 0.372143
vt -0.311008 -0.126941 0.373573
vt -0.310330 -0.028634 0.375210
vt -0.309636 -0.022884 0.376886
vt -0.307740 -0.019380 0.381463
vt -0.305263 -0.018823 0.387443
vt -0.274723 -0.018823 0.461174
vt -0.273562 -0.018647 0.463975
vt -0.272445 -0.017642 0.466674
vt -0.271485 -0.015875 0.468991
vt -0.259748 0.014474 0.497327
vt -0.259147 0.016617 0.498776
vt -0.258783 0.019003 0.499655
vt -0.258648 0.021328 0.499982
vt -0.257395 0.208745 0.503006
vt -0.255912 0.223078 0.506587
vt -0.251416 0.234356 0.517441
vt -0.245208 0.238224 0.532429
vt -0.240324 -0.136821 0.225423
vt -0.187567 -0.136821 0.278180
vt -0.183637 -0.135637 0.282110
vt -0.180921 -0.132109 0.284826
vt -0.179827 -0.126941 0.285920
vt -0.178574 -0.028634 0.287173
vt -0.177291 -0.022884 0.288456
vt -0.173788 -0.019380 0.291959
vt -0.169211 -0.018823 0.296536
vt -0.112780 -0.018823 0.352967
vt -0.110636 -0.018647 0.355111
vt -0.108571 -0.017642 0.357176
vt -0.106797 -0.015875 0.358950
vt -0.085109 0.014474 0.380637
vt -0.084000 0.016617 0.381746
vt -0.083328 0.019003 0.382419
vt -0.083077 0.021328 0.382670
vt -0.080763 0.208745 0.384984
vt -0.078022 0.223077 0.387725
vt -0.069715 0.234356 0.396032
vt -0.058244 0.238224 0.407503
vt -0.171217 -0.136821 0.121998
vt -0.102287 -0.136821 0.150550
vt -0.097152 -0.135637 0.152677
vt -0.093604 -0.132109 0.154147
vt -0.092174 -0.126941 0.154739
vt -0.090537 -0.028634 0.155417
vt -0.088861 -0.022884 0.156111
vt -0.084284 -0.019380 0.158007
vt -0.078305 -0.018823 0.160484
vt -0.004573 -0.018823 0.191024
vt -0.001772 -0.018647 0.192185
vt 0.000926 -0.017642 0.193303
vt 0.003244 -0.015875 0.194262
vt 0.031580 0.014474 0.206000
vt 0.033029 0.016617 0.206600
vt 0.033908 0.019003 0.206964
vt 0.034235 0.021328 0.207099
vt 0.037259 0.208745 0.208352
vt 0.040840 0.223077 0.209835
vt 0.051694 0.234356 0.214331
vt 0.066682 0.238224 0.220539
vt -0.146950 0.244226 -0.000000
vt -0.171217 0.244226 -0.121998
vt -0.240324 0.244226 -0.225424
vt -0.343749 0.244226 -0.294530
vt -0.465747 0.244226 -0.318797
vt -0.587746 0.244226 -0.294530
vt -0.691171 0.244226 -0.225423
vt -0.760277 0.244226 -0.121998
vt -0.784544 0.244226 0.000000
vt -0.760277 0.244226 0.121998
vt -0.691171 0.244226 0.225424
vt -0.587745 0.244226 0.294530
vt -0.465747 0.244226 0.318797
vt -0.343749 0.244226 0.294530
vt -0.240324 0.244226 0.225423
vt -0.171217 0.244226 0.121998
vt -0.143966 -0.136821 0.000000
vt -0.168460 -0.136821 -0.123140
vt -0.238213 -0.136821 -0.227534
vt -0.342607 -0.136821 -0.297287
vt -0.465747 -0.136821 -0.321781
vt -0.588888 -0.136821 -0.297287
vt -0.693281 -0.136821 -0.227534
vt -0.763035 -0.136821 -0.123140
vt -0.787529 -0.136821 0.000000
vt -0.763034 -0.136821 0.123141
vt -0.693281 -0.136821 0.227534
vt -0.588888 -0.136821 0.297287
vt -0.465747 -0.136821 0.321781
vt -0.342607 -0.136821 0.297287
vt -0.238213 -0.136821 0.227534
vt -0.168460 -0.136821 0.123140
vt -0.146950 -0.133556 0.000000
vt -0.171217 -0.133556 -0.121998
vt -0.240324 -0.133556 -0.225424
vt -0.343749 -0.133556 -0.294530
vt -0.465747 -0.133556 -0.318797
vt -0.587746 -0.133556 -0.294530
vt -0.691171 -0.133556 -0.225423
vt -0.760277 -0.133556 -0.121998
vt -0.784544 -0.133556 0.000000
vt -0.760277 -0.133556 0.121998
vt -0.691171 -0.133556 0.225424
vt -0.587745 -0.133556 0.294530
vt -0.465747 -0.133556 0.318797
vt -0.343749 -0.133556 0.294530
vt -0.240324 -0.133556 0.225423
vt -0.171217 -0.133556 0.121998
vt -0.118668 -0.293828 2.365185
vt -0.081520 -0.290127 2.365185
vt -0.046156 -0.280541 2.365185
vt -0.013084 -0.265327 2.365185
vt 0.016397 -0.244139 2.365185
vt 0.042005 -0.218482 2.365185
vt 0.063147 -0.188949 2.365185
vt 0.135496 -0.063845 2.365185
vt 0.163799 -0.002347 2.365185
vt 0.182403 0.063900 2.365185
vt 0.190500 0.134108 2.365185
vt 0.194284 0.350300 2.365185
vt 0.196245 0.356034 2.365185
vt 0.200328 0.359275 2.365185
vt 0.204629 0.360104 2.365185
vt -0.119208 -0.245428 2.414376
vt -0.093750 -0.243878 2.414382
vt -0.063211 -0.235512 2.414553
vt -0.038256 -0.224708 2.414704
vt -0.020345 -0.211485 2.414994
vt 0.001077 -0.190518 2.415382
vt 0.019169 -0.164796 2.415838
vt 0.091821 -0.039073 2.418032
vt 0.117422 0.020204 2.419063
vt 0.132423 0.071622 2.419873
vt 0.139495 0.134222 2.421057
vt 0.144729 0.350531 2.424807
vt 0.144397 0.354653 2.425922
vt 0.144648 0.357738 2.428359
vt 0.144404 0.360080 2.434225
vt -0.119189 -0.278922 2.400082
vt -0.087391 -0.275659 2.400325
vt -0.048940 -0.265245 2.400585
vt -0.021687 -0.253256 2.400234
vt 0.003345 -0.236273 2.400285
vt 0.030249 -0.210891 2.399837
vt 0.049324 -0.181987 2.401812
vt 0.122785 -0.056693 2.403251
vt 0.148782 0.005479 2.404463
vt 0.168369 0.065562 2.402519
vt 0.177466 0.133492 2.404359
vt 0.182460 0.351125 2.406840
vt 0.182925 0.354706 2.407924
vt 0.185560 0.358542 2.410290
vt 0.189193 0.360104 2.414499
vt -0.119150 -0.263489 2.410320
vt -0.090371 -0.260987 2.410217
vt -0.055661 -0.251568 2.410489
vt -0.029354 -0.240088 2.410394
vt -0.007697 -0.225013 2.410762
vt 0.018157 -0.202889 2.410102
vt 0.035455 -0.174034 2.412245
vt 0.107694 -0.048314 2.414587
vt 0.134067 0.012957 2.415425
vt 0.151969 0.068722 2.415262
vt 0.158284 0.133779 2.417718
vt 0.165913 0.350370 2.419705
vt 0.166739 0.355327 2.420900
vt 0.168175 0.358825 2.424251
vt 0.170715 0.360104 2.428973
vt -0.118761 -0.289752 2.384086
vt -0.083861 -0.286146 2.384191
vt -0.046404 -0.276081 2.384346
vt -0.015755 -0.262152 2.384082
vt 0.011955 -0.242721 2.384073
vt 0.038481 -0.216828 2.383806
vt 0.059669 -0.187667 2.384470
vt 0.132568 -0.062428 2.385493
vt 0.159538 0.000053 2.386007
vt 0.178907 0.063599 2.384993
vt 0.187861 0.134204 2.386475
vt 0.192032 0.350452 2.388889
vt 0.193698 0.355544 2.388883
vt 0.196964 0.358844 2.390318
vt 0.201445 0.360103 2.391855
vt -2.495224 -0.290127 2.365185
vt -2.458076 -0.293828 2.365185
vt -2.530588 -0.280541 2.365185
vt -2.563660 -0.265327 2.365185
vt -2.593141 -0.244139 2.365185
vt -2.618749 -0.218482 2.365185
vt -2.639891 -0.188949 2.365185
vt -2.712240 -0.063845 2.365185
vt -2.740543 -0.002347 2.365185
vt -2.759148 0.063900 2.365185
vt -2.767244 0.134108 2.365185
vt -2.771029 0.350300 2.365185
vt -2.772990 0.356034 2.365185
vt -2.777072 0.359275 2.365185
vt -2.781373 0.360104 2.365185
vt -2.492883 -0.286146 2.384191
vt -2.457983 -0.289752 2.384086
vt -2.530340 -0.276081 2.384346
vt -2.560989 -0.262152 2.384082
vt -2.588699 -0.242721 2.384073
vt -2.615226 -0.216828 2.383806
vt -2.636413 -0.187667 2.384470
vt -2.709312 -0.062428 2.385493
vt -2.736282 0.000053 2.386007
vt -2.755651 0.063599 2.384993
vt -2.764606 0.134204 2.386475
vt -2.768776 0.350452 2.388889
vt -2.770442 0.355544 2.388883
vt -2.773708 0.358844 2.390318
vt -2.778189 0.360103 2.391855
vt -2.457555 -0.278922 2.400082
vt -2.457594 -0.263489 2.410320
vt -2.489353 -0.275659 2.400325
vt -2.486374 -0.260987 2.410217
vt -2.527804 -0.265245 2.400585
vt -2.521083 -0.251568 2.410489
vt -2.555058 -0.253256 2.400234
vt -2.547390 -0.240088 2.410394
vt -2.580090 -0.236273 2.400285
vt -2.569047 -0.225013 2.410762
vt -2.606993 -0.210891 2.399837
vt -2.594902 -0.202889 2.410102
vt -2.626069 -0.181987 2.401812
vt -2.612200 -0.174034 2.412245
vt -2.699529 -0.056693 2.403251
vt -2.684438 -0.048314 2.414587
vt -2.725526 0.005479 2.404463
vt -2.710812 0.012957 2.415425
vt -2.745113 0.065562 2.402519
vt -2.728713 0.068722 2.415262
vt -2.754210 0.133492 2.404359
vt -2.735029 0.133779 2.417718
vt -2.759204 0.351125 2.406840
vt -2.742658 0.350370 2.419705
vt -2.759669 0.354706 2.407924
vt -2.743483 0.355327 2.420900
vt -2.762304 0.358542 2.410290
vt -2.744919 0.358825 2.424251
vt -2.765937 0.360104 2.414499
vt -2.747460 0.360104 2.428973
vt -2.457536 -0.245428 2.414376
vt -2.482994 -0.243878 2.414382
vt -2.513533 -0.235512 2.414553
vt -2.538488 -0.224708 2.414704
vt -2.556400 -0.211485 2.414994
vt -2.577821 -0.190518 2.415382
vt -2.595914 -0.164796 2.415838
vt -2.668566 -0.039073 2.418032
vt -2.694166 0.020204 2.419063
vt -2.709167 0.071622 2.419873
vt -2.716239 0.134222 2.421057
vt -2.721473 0.350531 2.424807
vt -2.721142 0.354653 2.425922
vt -2.721393 0.357738 2.428359
vt -2.721148 0.360080 2.434225
vt -2.457232 -0.235430 2.414551
vt -0.119513 -0.235430 2.414551
vt -0.095393 -0.233961 2.414556
vt -0.066536 -0.226055 2.414719
vt -0.043277 -0.215986 2.414856
vt -0.026844 -0.203854 2.415128
vt -0.006575 -0.184015 2.415496
vt 0.010733 -0.159408 2.415932
vt 0.082871 -0.034575 2.418111
vt 0.107996 0.023598 2.419122
vt 0.122582 0.073598 2.419908
vt 0.129508 0.134905 2.421069
vt 0.134484 0.340533 2.424632
vt -2.711228 0.340533 2.424632
vt -2.706253 0.134905 2.421069
vt -2.699327 0.073598 2.419908
vt -2.684740 0.023598 2.419122
vt -2.659616 -0.034575 2.418111
vt -2.587478 -0.159408 2.415932
vt -2.570169 -0.184015 2.415496
vt -2.549901 -0.203854 2.415128
vt -2.533467 -0.215986 2.414856
vt -2.510209 -0.226055 2.414719
vt -2.481352 -0.233961 2.414556
vt -0.118666 -0.293893 -0.013761
vt -0.081515 -0.290157 -0.013761
vt -0.046147 -0.280567 -0.013761
vt -0.013074 -0.265345 -0.013761
vt 0.163799 -0.002347 -0.013761
vt 0.182403 0.063901 -0.013761
vt 0.190500 0.134108 -0.013761
vt 0.194284 0.350300 -0.013761
vt 0.200328 0.359275 -0.013761
vt -2.458079 -0.293893 -0.013761
vt -2.563671 -0.265345 -0.013761
vt -2.593143 -0.244142 -0.013761
vt -2.618749 -0.218482 -0.013761
vt -2.767244 0.134108 -0.013761
vt -2.771028 0.350300 -0.013761
vt -2.777072 0.359275 -0.013761
vt -0.118668 -0.293828 -2.392707
vt -0.081520 -0.290127 -2.392707
vt -0.083861 -0.286146 -2.411713
vt -0.118761 -0.289752 -2.411608
vt -0.046156 -0.280541 -2.392707
vt -0.046404 -0.276081 -2.411868
vt -0.013084 -0.265327 -2.392707
vt -0.015755 -0.262152 -2.411605
vt 0.016397 -0.244139 -2.392707
vt 0.011955 -0.242721 -2.411596
vt 0.042005 -0.218482 -2.392707
vt 0.038481 -0.216828 -2.411329
vt 0.063147 -0.188949 -2.392707
vt 0.059669 -0.187667 -2.411992
vt 0.135496 -0.063845 -2.392707
vt 0.132568 -0.062428 -2.413016
vt 0.163799 -0.002347 -2.392707
vt 0.159538 0.000053 -2.413530
vt 0.182403 0.063900 -2.392707
vt 0.178907 0.063599 -2.412516
vt 0.190500 0.134108 -2.392707
vt 0.187861 0.134204 -2.413998
vt 0.194284 0.350300 -2.392707
vt 0.192032 0.350452 -2.416412
vt 0.196245 0.356034 -2.392707
vt 0.193698 0.355544 -2.416405
vt 0.200328 0.359275 -2.392707
vt 0.196964 0.358844 -2.417841
vt 0.204629 0.360104 -2.392707
vt 0.201445 0.360103 -2.419378
vt -0.087391 -0.275659 -2.427847
vt -0.090371 -0.260987 -2.437739
vt -0.119150 -0.263489 -2.437842
vt -0.119189 -0.278922 -2.427604
vt -0.048940 -0.265245 -2.428107
vt -0.055661 -0.251568 -2.438011
vt -0.021687 -0.253256 -2.427757
vt -0.029354 -0.240088 -2.437917
vt 0.003345 -0.236273 -2.427808
vt -0.007697 -0.225013 -2.438284
vt 0.030249 -0.210891 -2.427360
vt 0.018157 -0.202889 -2.437625
vt 0.049324 -0.181987 -2.429334
vt 0.035455 -0.174034 -2.439767
vt 0.122785 -0.056693 -2.430774
vt 0.107694 -0.048314 -2.442109
vt 0.148782 0.005479 -2.431985
vt 0.134067 0.012957 -2.442948
vt 0.168369 0.065562 -2.430042
vt 0.151969 0.068722 -2.442785
vt 0.177466 0.133492 -2.431882
vt 0.158284 0.133779 -2.445240
vt 0.182460 0.351125 -2.434363
vt 0.165913 0.350370 -2.447228
vt 0.182925 0.354706 -2.435447
vt 0.166739 0.355327 -2.448422
vt 0.185560 0.358542 -2.437812
vt 0.168175 0.358825 -2.451774
vt 0.189193 0.360104 -2.442021
vt 0.170715 0.360104 -2.456496
vt -0.119208 -0.245428 -2.441898
vt -2.457536 -0.245428 -2.441898
vt -2.457594 -0.263489 -2.437842
vt -0.093750 -0.243878 -2.441905
vt -0.063211 -0.235512 -2.442076
vt -0.038256 -0.224708 -2.442226
vt -0.020345 -0.211485 -2.442517
vt 0.001077 -0.190518 -2.442904
vt 0.019169 -0.164796 -2.443360
vt 0.091821 -0.039073 -2.445555
vt 0.117422 0.020204 -2.446585
vt 0.132423 0.071622 -2.447396
vt 0.139495 0.134222 -2.448580
vt 0.144729 0.350531 -2.452329
vt 0.144397 0.354653 -2.453444
vt 0.144648 0.357738 -2.455882
vt 0.144404 0.360080 -2.461748
vt -2.457983 -0.289752 -2.411608
vt -2.458076 -0.293828 -2.392707
vt -2.492883 -0.286146 -2.411713
vt -2.495224 -0.290127 -2.392707
vt -2.530340 -0.276081 -2.411868
vt -2.530588 -0.280541 -2.392707
vt -2.560989 -0.262152 -2.411605
vt -2.563660 -0.265327 -2.392707
vt -2.588699 -0.242721 -2.411596
vt -2.593141 -0.244139 -2.392707
vt -2.615226 -0.216828 -2.411329
vt -2.618749 -0.218482 -2.392707
vt -2.636413 -0.187667 -2.411992
vt -2.639891 -0.188949 -2.392707
vt -2.709312 -0.062428 -2.413016
vt -2.712240 -0.063845 -2.392707
vt -2.736282 0.000053 -2.413530
vt -2.740543 -0.002347 -2.392707
vt -2.755651 0.063599 -2.412516
vt -2.759148 0.063900 -2.392707
vt -2.764606 0.134204 -2.413998
vt -2.767244 0.134108 -2.392707
vt -2.768776 0.350452 -2.416412
vt -2.771029 0.350300 -2.392707
vt -2.770442 0.355544 -2.416405
vt -2.772990 0.356034 -2.392707
vt -2.773708 0.358844 -2.417841
vt -2.777072 0.359275 -2.392707
vt -2.778189 0.360103 -2.419378
vt -2.781373 0.360104 -2.392707
vt -2.457555 -0.278922 -2.427604
vt -2.489353 -0.275659 -2.427847
vt -2.486374 -0.260987 -2.437739
vt -2.527804 -0.265245 -2.428107
vt -2.521083 -0.251568 -2.438011
vt -2.555058 -0.253256 -2.427757
vt -2.547390 -0.240088 -2.437917
vt -2.580090 -0.236273 -2.427808
vt -2.569047 -0.225013 -2.438284
vt -2.606993 -0.210891 -2.427360
vt -2.594902 -0.202889 -2.437625
vt -2.626069 -0.181987 -2.429334
vt -2.612200 -0.174034 -2.439767
vt -2.699529 -0.056693 -2.430774
vt -2.684438 -0.048314 -2.442109
vt -2.725526 0.005479 -2.431985
vt -2.710812 0.012957 -2.442948
vt -2.745113 0.065562 -2.430042
vt -2.728713 0.068722 -2.442785
vt -2.754210 0.133492 -2.431882
vt -2.735029 0.133779 -2.445240
vt -2.759204 0.351125 -2.434363
vt -2.742658 0.350370 -2.447228
vt -2.759669 0.354706 -2.435447
vt -2.743483 0.355327 -2.448422
vt -2.762304 0.358542 -2.437812
vt -2.744919 0.358825 -2.451774
vt -2.765937 0.360104 -2.442021
vt -2.747460 0.360104 -2.456496
vt -2.482994 -0.243878 -2.441905
vt -2.513533 -0.235512 -2.442076
vt -2.538488 -0.224708 -2.442226
vt -2.556400 -0.211485 -2.442517
vt -2.577821 -0.190518 -2.442904
vt -2.595914 -0.164796 -2.443360
vt -2.668566 -0.039073 -2.445555
vt -2.694166 0.020204 -2.446585
vt -2.709167 0.071622 -2.447396
vt -2.716239 0.134222 -2.448580
vt -2.721473 0.350531 -2.452329
vt -2.721142 0.354653 -2.453444
vt -2.721393 0.357738 -2.455882
vt -2.721148 0.360080 -2.461748
vt -0.119513 -0.235430 -2.442073
vt -0.095393 -0.233961 -2.442078
vt -0.066536 -0.226055 -2.442241
vt -0.043277 -0.215986 -2.442379
vt -0.026844 -0.203854 -2.442651
vt -0.006575 -0.184015 -2.443018
vt 0.010733 -0.159408 -2.443455
vt 0.082871 -0.034575 -2.445634
vt 0.107996 0.023598 -2.446645
vt 0.122582 0.073598 -2.447431
vt 0.129508 0.134905 -2.448592
vt 0.134484 0.340533 -2.452154
vt -2.711228 0.340533 -2.452154
vt -2.706253 0.134905 -2.448592
vt -2.699327 0.073598 -2.447431
vt -2.684740 0.023598 -2.446645
vt -2.659616 -0.034575 -2.445634
vt -2.587478 -0.159408 -2.443455
vt -2.570169 -0.184015 -2.443018
vt -2.549901 -0.203854 -2.442651
vt -2.533467 -0.215986 -2.442379
vt -2.510209 -0.226055 -2.442241
vt -2.481352 -0.233961 -2.442078
vt -2.457232 -0.235430 -2.442073
vt 0.016399 -0.244142 -0.013761
vt 0.042005 -0.218482 -0.013761
vt 0.063147 -0.188949 -0.013761
vt 0.135496 -0.063845 -0.013761
vt 0.200437 0.358069 -0.013761
vt 0.200328 0.359275 -0.013761
vt -2.495229 -0.290157 -0.013761
vt -2.530598 -0.280567 -0.013761
vt -2.639891 -0.188949 -0.013761
vt -2.712240 -0.063845 -0.013761
vt -2.740543 -0.002347 -0.013761
vt -2.759147 0.063901 -0.013761
vt -2.777072 0.359275 -0.013761
vt -2.777181 0.358069 -0.013761
vt -0.081518 -0.290142 -0.882256
vt -0.118667 -0.293860 -0.882256
vt -0.046152 -0.280554 -0.882256
vt -0.013079 -0.265336 -0.882256
vt 0.016398 -0.244141 -0.882256
vt 0.042005 -0.218482 -0.882256
vt 0.063147 -0.188949 -0.882256
vt 0.135496 -0.063845 -0.882256
vt 0.163799 -0.002347 -0.882256
vt 0.182403 0.063901 -0.882256
vt 0.190500 0.134108 -0.882256
vt 0.194284 0.350300 -0.882256
vt 0.198341 0.357052 -0.882256
vt 0.200328 0.359275 -0.882256
vt 0.202533 0.359086 -0.882256
vt -2.458077 -0.293860 -0.882256
vt -2.495226 -0.290142 -0.882256
vt -2.530593 -0.280554 -0.882256
vt -2.563665 -0.265336 -0.882256
vt -2.593142 -0.244141 -0.882256
vt -2.618749 -0.218482 -0.882256
vt -2.639891 -0.188949 -0.882256
vt -2.712240 -0.063845 -0.882256
vt -2.740543 -0.002347 -0.882256
vt -2.759147 0.063901 -0.882256
vt -2.767244 0.134108 -0.882256
vt -2.771028 0.350300 -0.882256
vt -2.775085 0.357052 -0.882256
vt -2.777072 0.359275 -0.882256
vt -2.779277 0.359086 -0.882256
vt -0.081519 -0.290135 -1.604760
vt -0.118667 -0.293844 -1.604759
vt -0.046154 -0.280547 -1.604760
vt -0.013082 -0.265331 -1.604760
vt 0.016397 -0.244140 -1.604760
vt 0.042005 -0.218482 -1.604760
vt 0.063147 -0.188949 -1.604760
vt 0.135496 -0.063845 -1.604760
vt 0.163799 -0.002347 -1.604760
vt 0.182403 0.063901 -1.604760
vt 0.190500 0.134108 -1.604760
vt 0.194284 0.350300 -1.604760
vt 0.197293 0.356543 -1.604760
vt 0.200328 0.359275 -1.604760
vt 0.203581 0.359595 -1.604760
vt -2.458077 -0.293844 -1.604760
vt -2.495225 -0.290135 -1.604760
vt -2.530591 -0.280547 -1.604760
vt -2.563663 -0.265331 -1.604760
vt -2.593142 -0.244140 -1.604760
vt -2.618749 -0.218482 -1.604760
vt -2.639891 -0.188949 -1.604760
vt -2.712240 -0.063845 -1.604760
vt -2.740543 -0.002347 -1.604760
vt -2.759148 0.063901 -1.604760
vt -2.767244 0.134108 -1.604760
vt -2.771029 0.350300 -1.604760
vt -2.774037 0.356543 -1.604760
vt -2.777072 0.359275 -1.604760
vt -2.780325 0.359595 -1.604760
vt -2.495226 -0.290142 0.698488
vt -2.458077 -0.293860 0.698488
vt -2.530593 -0.280554 0.698488
vt -2.563665 -0.265336 0.698488
vt -2.593143 -0.244141 0.698488
vt -2.618749 -0.218482 0.698488
vt -2.639891 -0.188949 0.698488
vt -2.712240 -0.063845 0.698488
vt -2.740543 -0.002347 0.698488
vt -2.759148 0.063900 0.698488
vt -2.767244 0.134108 0.698488
vt -2.771029 0.350300 0.698488
vt -2.775085 0.357052 0.698488
vt -2.777072 0.359275 0.698488
vt -2.779277 0.359086 0.698488
vt -0.118667 -0.293860 0.698488
vt -0.081518 -0.290142 0.698488
vt -0.046152 -0.280554 0.698488
vt -0.013079 -0.265336 0.698488
vt 0.016398 -0.244141 0.698488
vt 0.042005 -0.218482 0.698488
vt 0.063147 -0.188949 0.698488
vt 0.135496 -0.063845 0.698488
vt 0.163799 -0.002347 0.698488
vt 0.182403 0.063900 0.698488
vt 0.190500 0.134108 0.698488
vt 0.194284 0.350300 0.698488
vt 0.198341 0.357052 0.698488
vt 0.200328 0.359275 0.698488
vt 0.202533 0.359086 0.698488
vt -2.495225 -0.290135 1.782825
vt -2.458077 -0.293844 1.782825
vt -2.530591 -0.280547 1.782825
vt -2.563663 -0.265331 1.782825
vt -2.593142 -0.244140 1.782825
vt -2.618749 -0.218482 1.782825
vt -2.639891 -0.188949 1.782825
vt -2.712240 -0.063845 1.782825
vt -2.740543 -0.002347 1.782825
vt -2.759148 0.063900 1.782825
vt -2.767244 0.134108 1.782825
vt -2.771029 0.350300 1.782825
vt -2.774037 0.356543 1.782825
vt -2.777072 0.359275 1.782825
vt -2.780325 0.359595 1.782825
vt -0.118668 -0.293844 1.782825
vt -0.081519 -0.290135 1.782825
vt -0.046154 -0.280547 1.782825
vt -0.013082 -0.265331 1.782825
vt 0.016397 -0.244140 1.782825
vt 0.042005 -0.218482 1.782825
vt 0.063147 -0.188949 1.782825
vt 0.135496 -0.063845 1.782825
vt 0.163799 -0.002347 1.782825
vt 0.182403 0.063900 1.782825
vt 0.190500 0.134108 1.782825
vt 0.194284 0.350300 1.782825
vt 0.197293 0.356543 1.782825
vt 0.200328 0.359275 1.782825
vt 0.203580 0.359595 1.782825
vt -1.340173 -0.293828 2.365185
vt -1.340173 -0.245428 2.414376
vt -1.340173 -0.278922 2.400082
vt -1.340173 -0.263489 2.410320
vt -1.340173 -0.289752 2.384086
vt -1.340173 0.350531 2.424807
vt -1.340173 0.354653 2.425922
vt -1.340173 0.357738 2.428359
vt -1.340173 0.360080 2.434225
vt -1.340173 -0.235430 2.414551
vt -1.340173 0.340533 2.424632
vt -1.288372 -0.293893 -0.013761
vt -1.288372 -0.245428 -2.441898
vt -1.288372 -0.263489 -2.437842
vt -1.288372 -0.289752 -2.411608
vt -1.288372 -0.293828 -2.392707
vt -1.288372 -0.278922 -2.427604
vt -1.288372 0.350531 -2.452329
vt -1.288372 0.354653 -2.453444
vt -1.288372 0.357738 -2.455882
vt -1.288372 0.360080 -2.461748
vt -1.288372 0.340533 -2.452154
vt -1.288372 -0.235430 -2.442073
vt -1.288372 -0.293860 -0.882256
vt -1.288372 -0.293844 -1.604759
vt -1.340173 -0.293860 0.698488
vt -1.340173 -0.293844 1.782825
vt -2.458077 -0.293852 -1.248918
vt -2.495226 -0.290139 -1.248918
vt -2.530592 -0.280551 -1.248918
vt -2.563664 -0.265333 -1.248918
vt -2.593142 -0.244140 -1.248918
vt -2.618749 -0.218482 -1.248918
vt -2.639891 -0.188949 -1.248918
vt -2.712240 -0.063845 -1.248918
vt -2.740543 -0.002347 -1.248918
vt -2.759148 0.063901 -1.248918
vt -2.767244 0.134108 -1.248918
vt -2.771029 0.350300 -1.248918
vt -2.774561 0.356797 -1.248918
vt -2.777072 0.359275 -1.248918
vt -2.779801 0.359341 -1.248918
vt -0.081518 -0.290139 -1.248918
vt -0.118667 -0.293852 -1.248918
vt -0.046153 -0.280551 -1.248918
vt -0.013080 -0.265333 -1.248918
vt 0.016398 -0.244140 -1.248918
vt 0.042005 -0.218482 -1.248918
vt 0.063147 -0.188949 -1.248918
vt 0.135496 -0.063845 -1.248918
vt 0.163799 -0.002347 -1.248918
vt 0.182403 0.063901 -1.248918
vt 0.190500 0.134108 -1.248918
vt 0.194284 0.350300 -1.248918
vt 0.197817 0.356797 -1.248918
vt 0.200328 0.359275 -1.248918
vt 0.203057 0.359341 -1.248918
vt -1.288372 -0.243912 -1.248918
vt -0.867149 -0.293852 -1.248918
vt -0.888850 -0.293855 -1.140578
vt -0.950800 -0.293857 -1.044548
vt -1.043303 -0.293858 -0.982163
vt -1.143456 -0.293859 -0.963905
vt -1.288372 -0.293859 -0.963631
vt -1.537423 -0.293859 -0.963159
vt -1.637154 -0.293858 -0.980877
vt -1.730257 -0.293857 -1.045735
vt -1.794505 -0.293855 -1.140043
vt -1.813555 -0.293852 -1.248918
vt -1.794726 -0.293850 -1.358724
vt -1.731094 -0.293847 -1.453420
vt -1.635954 -0.293846 -1.515044
vt -1.540064 -0.293846 -1.534124
vt -1.288372 -0.293846 -1.534330
vt -1.145952 -0.293846 -1.534446
vt -1.044301 -0.293846 -1.515919
vt -0.950209 -0.293848 -1.452645
vt -0.889277 -0.293850 -1.358629
vt -1.340173 -0.293845 1.724590
vt -1.450612 -0.293845 1.703173
vt -1.543643 -0.293846 1.640424
vt -1.607223 -0.293848 1.549222
vt -1.628672 -0.293849 1.446507
vt -1.628035 -0.293855 1.055920
vt -1.608091 -0.293857 0.954292
vt -1.545272 -0.293858 0.861649
vt -1.451999 -0.293859 0.798208
vt -1.340173 -0.293859 0.775378
vt -1.229671 -0.293859 0.799917
vt -1.136161 -0.293858 0.861670
vt -1.075466 -0.293857 0.955143
vt -1.053264 -0.293855 1.055651
vt -1.053395 -0.293849 1.448666
vt -1.074274 -0.293848 1.546464
vt -1.136236 -0.293846 1.641999
vt -1.229898 -0.293845 1.704359
vt -0.897749 -0.293852 -1.248897
vt -0.917147 -0.293854 -1.152054
vt -0.972674 -0.293856 -1.065981
vt -1.054867 -0.293858 -1.010549
vt -1.146196 -0.293858 -0.993900
vt -1.288429 -0.293858 -0.993631
vt -1.534807 -0.293858 -0.993164
vt -1.625416 -0.293858 -1.009261
vt -1.708575 -0.293856 -1.067193
vt -1.766069 -0.293854 -1.151586
vt -1.783108 -0.293852 -1.248969
vt -1.766243 -0.293850 -1.347324
vt -1.709624 -0.293848 -1.431584
vt -1.624466 -0.293847 -1.486741
vt -1.537096 -0.293846 -1.504127
vt -1.288347 -0.293846 -1.504330
vt -1.148652 -0.293846 -1.504444
vt -1.055843 -0.293847 -1.487528
vt -0.972045 -0.293848 -1.431177
vt -0.917557 -0.293850 -1.347103
vt -1.340019 -0.293845 1.694061
vt -1.438902 -0.293846 1.674885
vt -1.522231 -0.293846 1.618680
vt -1.579109 -0.293848 1.537091
vt -1.598667 -0.293849 1.443432
vt -1.598039 -0.293855 1.058860
vt -1.579830 -0.293856 0.966069
vt -1.523659 -0.293858 0.883231
vt -1.440103 -0.293859 0.826398
vt -1.340436 -0.293859 0.806051
vt -1.241581 -0.293858 0.828003
vt -1.157914 -0.293858 0.883256
vt -1.103588 -0.293856 0.966922
vt -1.083265 -0.293855 1.058920
vt -1.083394 -0.293849 1.445495
vt -1.102457 -0.293848 1.534786
vt -1.158029 -0.293846 1.620467
vt -1.241385 -0.293846 1.675966
vt -0.907949 -0.289741 -1.248891
vt -0.926579 -0.289743 -1.155880
vt -0.979966 -0.289745 -1.073125
vt -1.058722 -0.289746 -1.020012
vt -1.147110 -0.289747 -1.003898
vt -1.288448 -0.289747 -1.003631
vt -1.533935 -0.289747 -1.003166
vt -1.621503 -0.289746 -1.018723
vt -1.701348 -0.289745 -1.074345
vt -1.756591 -0.289743 -1.155434
vt -1.772959 -0.289741 -1.248987
vt -1.756749 -0.289739 -1.343523
vt -1.702467 -0.289737 -1.424305
vt -1.620636 -0.289736 -1.477307
vt -1.536106 -0.289735 -1.494128
vt -1.288339 -0.289735 -1.494330
vt -1.149552 -0.289735 -1.494443
vt -1.059690 -0.289736 -1.478065
vt -0.979323 -0.289737 -1.424021
vt -0.926983 -0.289739 -1.343260
vt -1.339968 -0.289734 1.683885
vt -1.434999 -0.289735 1.665456
vt -1.515094 -0.289735 1.611432
vt -1.569737 -0.289737 1.533048
vt -1.588665 -0.289738 1.442407
vt -1.588041 -0.289744 1.059840
vt -1.570410 -0.289745 0.969994
vt -1.516455 -0.289746 0.890424
vt -1.436137 -0.289747 0.835794
vt -1.340524 -0.289748 0.816275
vt -1.245551 -0.289747 0.837365
vt -1.165165 -0.289746 0.890451
vt -1.112961 -0.289745 0.970848
vt -1.093265 -0.289744 1.060010
vt -1.093394 -0.289738 1.444437
vt -1.111851 -0.289737 1.530893
vt -1.165293 -0.289735 1.613290
vt -1.245214 -0.289735 1.666501
vt -0.948749 -0.247925 -1.248863
vt -0.964309 -0.247926 -1.171182
vt -1.009132 -0.247928 -1.101701
vt -1.074139 -0.247929 -1.057860
vt -1.150763 -0.247929 -1.043892
vt -1.288524 -0.247929 -1.043631
vt -1.530447 -0.247929 -1.043173
vt -1.605852 -0.247929 -1.056569
vt -1.672438 -0.247928 -1.102955
vt -1.718676 -0.247926 -1.170825
vt -1.732364 -0.247925 -1.249055
vt -1.718772 -0.247923 -1.328322
vt -1.673839 -0.247921 -1.395190
vt -1.605319 -0.247920 -1.439571
vt -1.532149 -0.247920 -1.454131
vt -1.288307 -0.247920 -1.454330
vt -1.153151 -0.247920 -1.454440
vt -1.075080 -0.247920 -1.440211
vt -1.008438 -0.247921 -1.395396
vt -0.964689 -0.247923 -1.327892
vt -1.339762 -0.247918 1.643179
vt -1.419386 -0.247919 1.627738
vt -1.486545 -0.247919 1.582440
vt -1.532252 -0.247920 1.516875
vt -1.548658 -0.247922 1.438307
vt -1.548047 -0.247927 1.063760
vt -1.532728 -0.247928 0.985696
vt -1.487638 -0.247929 0.919200
vt -1.420275 -0.247930 0.873381
vt -1.340874 -0.247930 0.857172
vt -1.261432 -0.247930 0.874812
vt -1.194170 -0.247929 0.919232
vt -1.150456 -0.247928 0.986554
vt -1.133266 -0.247927 1.064369
vt -1.133392 -0.247922 1.440208
vt -1.149428 -0.247920 1.515321
vt -1.194349 -0.247919 1.584581
vt -1.260529 -0.247919 1.628643
vt -0.958949 -0.243912 -1.248856
vt -0.973741 -0.243913 -1.175008
vt -1.016423 -0.243915 -1.108846
vt -1.077994 -0.243916 -1.067322
vt -1.151677 -0.243916 -1.053890
vt -1.288543 -0.243916 -1.053631
vt -1.529575 -0.243916 -1.053174
vt -1.601939 -0.243916 -1.066030
vt -1.665211 -0.243915 -1.110107
vt -1.709197 -0.243913 -1.174673
vt -1.722215 -0.243912 -1.249072
vt -1.709277 -0.243910 -1.324522
vt -1.666682 -0.243909 -1.387911
vt -1.601490 -0.243908 -1.430137
vt -1.531160 -0.243907 -1.444132
vt -1.288298 -0.243907 -1.444330
vt -1.154051 -0.243907 -1.444440
vt -1.078928 -0.243908 -1.430747
vt -1.015717 -0.243909 -1.388240
vt -0.974115 -0.243910 -1.324050
vt -1.339710 -0.243906 1.633003
vt -1.415482 -0.243906 1.618309
vt -1.479407 -0.243907 1.575192
vt -1.522880 -0.243908 1.512831
vt -1.538657 -0.243909 1.437282
vt -1.538049 -0.243915 1.064740
vt -1.523307 -0.243916 0.989622
vt -1.480434 -0.243917 0.926394
vt -1.416309 -0.243917 0.882778
vt -1.340962 -0.243918 0.867396
vt -1.265402 -0.243917 0.884174
vt -1.201421 -0.243917 0.926427
vt -1.159830 -0.243916 0.990480
vt -1.143267 -0.243915 1.065458
vt -1.143392 -0.243909 1.439151
vt -1.158823 -0.243908 1.511428
vt -1.201613 -0.243907 1.577403
vt -1.264358 -0.243906 1.619179
vt -0.964049 -0.243912 -1.248853
vt -0.978457 -0.243913 -1.176920
vt -1.020069 -0.243915 -1.112418
vt -1.079921 -0.243916 -1.072053
vt -1.152134 -0.243916 -1.058889
vt -1.288552 -0.243916 -1.058631
vt -1.529139 -0.243916 -1.058175
vt -1.599982 -0.243916 -1.070761
vt -1.661597 -0.243915 -1.113683
vt -1.704458 -0.243913 -1.176597
vt -1.717140 -0.243912 -1.249081
vt -1.704530 -0.243910 -1.322622
vt -1.663104 -0.243909 -1.384271
vt -1.599575 -0.243908 -1.425420
vt -1.530665 -0.243907 -1.439132
vt -1.288294 -0.243907 -1.439330
vt -1.154501 -0.243907 -1.439439
vt -1.080851 -0.243908 -1.426015
vt -1.019356 -0.243909 -1.384662
vt -0.978829 -0.243910 -1.322129
vt -1.339685 -0.243906 1.627915
vt -1.413531 -0.243906 1.613594
vt -1.475839 -0.243907 1.571568
vt -1.518195 -0.243908 1.510810
vt -1.533656 -0.243909 1.436770
vt -1.533049 -0.243915 1.065230
vt -1.518597 -0.243916 0.991584
vt -1.476832 -0.243917 0.929991
vt -1.414327 -0.243917 0.887476
vt -1.341006 -0.243917 0.872508
vt -1.267387 -0.243917 0.888855
vt -1.205047 -0.243917 0.930025
vt -1.164517 -0.243916 0.992443
vt -1.148267 -0.243915 1.066003
vt -1.148392 -0.243909 1.438623
vt -1.163520 -0.243908 1.509481
vt -1.205245 -0.243907 1.573815
vt -1.266272 -0.243906 1.614447
vt -0.913336 -0.284220 -1.248887
vt -0.943362 -0.253446 -1.248867
vt -0.931561 -0.284222 -1.157900
vt -0.959327 -0.253447 -1.169162
vt -0.983817 -0.284224 -1.076898
vt -1.005281 -0.253449 -1.097928
vt -1.060757 -0.284225 -1.025009
vt -1.072104 -0.253450 -1.052863
vt -1.147592 -0.284225 -1.009179
vt -1.150281 -0.253450 -1.038611
vt -1.288458 -0.284225 -1.008912
vt -1.288514 -0.253450 -1.038350
vt -1.533474 -0.284225 -1.008448
vt -1.530908 -0.253450 -1.037891
vt -1.619436 -0.284225 -1.023720
vt -1.607918 -0.253450 -1.051572
vt -1.697531 -0.284224 -1.078122
vt -1.676255 -0.253449 -1.099177
vt -1.751585 -0.284222 -1.157466
vt -1.723682 -0.253447 -1.168793
vt -1.767599 -0.284220 -1.248996
vt -1.737724 -0.253446 -1.249046
vt -1.751735 -0.284218 -1.341516
vt -1.723786 -0.253444 -1.330329
vt -1.698687 -0.284216 -1.420461
vt -1.677619 -0.253442 -1.399034
vt -1.618614 -0.284215 -1.472325
vt -1.607341 -0.253441 -1.444553
vt -1.535584 -0.284214 -1.488847
vt -1.532672 -0.253441 -1.459412
vt -1.288335 -0.284214 -1.489049
vt -1.288311 -0.253441 -1.459611
vt -1.150027 -0.284214 -1.489162
vt -1.152676 -0.253441 -1.459722
vt -1.061722 -0.284215 -1.473067
vt -1.073048 -0.253441 -1.445209
vt -0.983167 -0.284216 -1.420241
vt -1.004594 -0.253442 -1.399176
vt -0.931962 -0.284218 -1.341231
vt -0.959711 -0.253444 -1.329921
vt -1.339941 -0.284213 1.678510
vt -1.339789 -0.253440 1.648554
vt -1.432938 -0.284214 1.660476
vt -1.421447 -0.253440 1.632718
vt -1.511325 -0.284214 1.607604
vt -1.490314 -0.253440 1.586268
vt -1.564788 -0.284215 1.530913
vt -1.537201 -0.253441 1.519010
vt -1.583383 -0.284217 1.441866
vt -1.553941 -0.253443 1.438849
vt -1.582760 -0.284223 1.060358
vt -1.553328 -0.253448 1.063243
vt -1.565434 -0.284224 0.972067
vt -1.537703 -0.253450 0.983623
vt -1.512650 -0.284225 0.894224
vt -1.491443 -0.253451 0.915401
vt -1.434043 -0.284226 0.840757
vt -1.422369 -0.253451 0.868419
vt -1.340570 -0.284226 0.821675
vt -1.340828 -0.253452 0.851772
vt -1.247648 -0.284226 0.842309
vt -1.259335 -0.253451 0.869868
vt -1.168995 -0.284225 0.894251
vt -1.190340 -0.253451 0.915432
vt -1.117912 -0.284224 0.972922
vt -1.145506 -0.253450 0.984480
vt -1.098547 -0.284223 1.060585
vt -1.127985 -0.253448 1.063793
vt -1.098675 -0.284217 1.443879
vt -1.128111 -0.253443 1.440767
vt -1.116813 -0.284216 1.528837
vt -1.144467 -0.253442 1.517377
vt -1.169129 -0.284214 1.609499
vt -1.190513 -0.253440 1.588371
vt -1.247236 -0.284213 1.661503
vt -1.258507 -0.253440 1.633642
vt 0.750000 0.000000 1.000000
vt 0.812500 0.000000 1.000000
vt 0.875000 0.000000 1.000000
vt 0.937500 0.000000 1.000000
vt 0.000000 0.000000 1.000000
vt 0.062500 0.000000 1.000000
vt 0.125000 0.000000 1.000000
vt 0.187500 0.000000 1.000000
vt 0.250000 0.000000 1.000000
vt 0.312500 0.000000 1.000000
vt 0.375000 0.000000 1.000000
vt 0.437500 0.000000 1.000000
vt 0.500000 0.000000 1.000000
vt 0.562500 0.000000 1.000000
vt 0.625000 0.000000 1.000000
vt 0.687500 0.000000 1.000000
vt 0.750000 1.000000 1.000000
vt 0.812500 1.000000 1.000000
vt 0.875000 1.000000 1.000000
vt 0.937500 1.000000 1.000000
vt 0.000000 1.000000 1.000000
vt 0.062500 1.000000 1.000000
vt 0.125000 1.000000 1.000000
vt 0.187500 1.000000 1.000000
vt 0.250000 1.000000 1.000000
vt 0.312500 1.000000 1.000000
vt 0.375000 1.000000 1.000000
vt 0.437500 1.000000 1.000000
vt 0.500000 1.000000 1.000000
vt 0.562500 1.000000 1.000000
vt 0.625000 1.000000 1.000000
vt 0.687500 1.000000 1.000000
vt 1.000000 0.000000 1.000000
vt 1.000000 1.000000 1.000000
vt 0.500000 1.000000 0.250000
vt 0.308658 0.961940 0.250000
vt 0.146447 0.853553 0.250000
vt 0.038060 0.691342 0.250000
vt 0.000000 0.500000 0.250000
vt 0.038060 0.308658 0.250000
vt 0.146447 0.146447 0.250000
vt 0.308658 0.038060 0.250000
vt 0.500000 0.000000 0.250000
vt 0.691342 0.038060 0.250000
vt 0.853553 0.146447 0.250000
vt 0.961940 0.308658 0.250000
vt 1.000000 0.500000 0.250000
vt 0.961940 0.691342 0.250000
vt 0.853553 0.853554 0.250000
vt 0.691341 0.961940 0.250000
vt 0.812500 0.500000 1.000000
vt 0.750000 0.500000 1.000000
vt 0.875000 0.500000 1.000000
vt 0.937500 0.500000 1.000000
vt 1.000000 0.500000 1.000000
vt 0.000000 0.500000 1.000000
vt 0.062500 0.500000 1.000000
vt 0.125000 0.500000 1.000000
vt 0.187500 0.500000 1.000000
vt 0.250000 0.500000 1.000000
vt 0.312500 0.500000 1.000000
vt 0.375000 0.500000 1.000000
vt 0.437500 0.500000 1.000000
vt 0.500000 0.500000 1.000000
vt 0.562500 0.500000 1.000000
vt 0.625000 0.500000 1.000000
vt 0.687500 0.500000 1.000000
vt 0.628194 0.000000 0.000000
vt 0.000000 0.000000 0.000000
vt 0.371806 0.000000 0.000000
vt 1.000000 0.000000 0.000000
vt 0.128050 0.728125 0.000000
vt 1.000000 0.728125 0.000000
vt 0.371806 0.000000 0.000000
vt 1.000000 0.000000 0.000000
vt 0.000000 0.805577 0.000000
vt 1.000000 1.000000 0.000000
vt 0.000000 0.000000 0.000000
vt 0.871950 0.000000 0.000000
vt 0.000000 0.416732 0.000000
vt 0.871950 0.416732 0.000000
vt 0.073010 0.000000 0.000000
vt 1.000000 0.194423 0.000000
vt 0.001692 0.416215 0.000000
vt 1.000000 0.805577 0.000000
vt 0.868826 0.481339 0.000000
vt 0.515022 0.190849 0.000000
vt 0.000000 0.480702 0.000000
vt 1.000000 0.500000 0.000000
vt 0.128050 0.500000 0.000000
vt 0.503543 0.809151 0.000000
vt 0.272888 0.996065 0.000000
vt 0.000000 0.981437 0.000000
vt 0.871951 0.981437 0.000000
vt 0.871950 0.793202 0.000000
vt 0.168069 0.816630 0.000000
vt 0.871950 0.604967 0.000000
vt 0.031598 0.737012 0.000000
vt 0.000000 0.604967 0.000000
vt 0.000000 0.793202 0.000000
vt 0.336365 0.000000 0.000000
vt 0.871950 0.500000 0.000000
vt 0.000000 0.500000 0.000000
vt 0.407452 0.215773 0.000000
vt 0.870407 0.490670 0.000000
vt 0.000000 0.490351 0.000000
vt 0.000000 0.194423 0.000000
vt 0.371806 1.000000 0.000000
vt 1.006214 0.334027 0.000000
vt 0.523815 0.109744 0.000000
vt 0.476350 1.087402 0.000000
vt 0.703528 1.032136 0.000000
vt -0.094691 -0.035559 0.000000
vt -0.106978 0.352974 0.000000
vt 0.505139 0.893194 0.000000
vt 1.006248 0.665971 0.000000
vt 0.395333 0.044586 0.000000
vt 0.082871 0.338108 0.000000
vt -0.281059 0.448518 0.000000
vt -0.246865 0.790644 0.000000
vt -0.066667 0.956687 0.000000
vt 0.073175 1.011328 0.000000
vt 0.127604 0.837282 0.000000
vt 0.214567 1.002558 0.000000
vt 0.843998 0.510278 0.000000
vt 0.879985 0.490781 0.000000
vt 0.882131 0.491443 0.000000
vt 0.836346 0.472472 0.000000
vt 1.002071 0.240957 0.000000
vt 0.041312 0.086410 0.000000
vt 1.004143 0.287492 0.000000
vt 0.165247 0.021603 0.000000
vt 0.713078 0.014862 0.000000
vt -0.038790 -0.023706 0.000000
vt 0.554205 0.029724 0.000000
vt 0.017110 -0.011853 0.000000
vt 1.004166 0.712506 0.000000
vt 0.165247 0.978397 0.000000
vt 1.002083 0.759042 0.000000
vt 0.041312 0.913590 0.000000
vt -0.092559 0.426983 0.000000
vt -0.034531 0.395135 0.000000
vt -0.186809 0.437751 0.000000
vt -0.070755 0.374054 0.000000
vt 0.847173 0.475428 0.000000
vt 0.517953 0.163814 0.000000
vt 0.858000 0.478384 0.000000
vt 0.520884 0.136779 0.000000
vt 0.636867 0.957808 0.000000
vt 0.504607 0.865179 0.000000
vt 0.570205 0.883479 0.000000
vt 0.504075 0.837165 0.000000
vt 0.139746 1.006240 0.000000
vt 0.408530 1.056956 0.000000
vt 0.206317 1.001153 0.000000
vt 0.340709 1.026511 0.000000
vt 0.199068 0.940582 0.000000
vt 0.011578 0.910001 0.000000
vt 0.183568 0.878606 0.000000
vt 0.089823 0.863316 0.000000
vt 0.063600 0.770435 0.000000
vt -0.061223 0.754889 0.000000
vt 0.095602 0.803858 0.000000
vt -0.154044 0.772767 0.000000
vt 0.251867 0.112703 0.000000
vt 0.853316 0.506852 0.000000
vt 0.167369 0.225405 0.000000
vt 0.862633 0.503426 0.000000
vt 0.876792 0.490744 0.000000
vt 0.878223 0.491186 0.000000
vt 0.873599 0.490707 0.000000
vt 0.874315 0.490928 0.000000
vt 0.746453 0.660646 0.000000
vt 0.388175 0.738679 0.000000
vt 0.000000 0.738679 0.000000
vt 0.000000 0.500000 0.000000
vt 0.871950 0.500000 0.000000
vt 0.481003 0.684752 0.000000
vt 0.871950 0.738679 0.000000
vt 0.781745 0.396382 0.000000
vt 0.549388 0.741320 0.000000
vt 0.710656 0.741281 0.000000
vt 0.578363 0.586041 0.000000
vt 0.678643 0.489929 0.000000
vt 0.628194 0.000000 0.000000
vt 0.868826 0.481339 0.000000
vt 0.000000 0.480702 0.000000
vt 0.000000 0.000000 0.000000
vt 0.371806 0.000000 0.000000
vt 1.000000 0.000000 0.000000
vt 1.000000 0.500000 0.000000
vt 0.128050 0.500000 0.000000
vt 0.000000 0.194423 0.000000
vt 0.041312 0.086410 0.000000
vt 0.165247 0.021603 0.000000
vt 0.371806 0.000000 0.000000
vt 1.000000 0.000000 0.000000
vt 1.000000 1.000000 0.000000
vt 0.371806 1.000000 0.000000
vt 0.165247 0.978397 0.000000
vt 0.041312 0.913590 0.000000
vt 0.000000 0.805577 0.000000
vt 0.000000 0.000000 0.000000
vt 0.871950 0.000000 0.000000
vt 0.871950 0.416732 0.000000
vt 0.000000 0.416732 0.000000
vt 0.073010 0.000000 0.000000
vt 0.336365 0.000000 0.000000
vt 0.407452 0.215773 0.000000
vt 0.168069 0.816630 0.000000
vt 0.031598 0.737012 0.000000
vt 0.001692 0.416215 0.000000
vt 1.000000 0.728125 0.000000
vt 0.128050 0.728125 0.000000
vt 0.515022 0.190849 0.000000
vt 1.000000 0.194423 0.000000
vt 1.000000 0.805577 0.000000
vt 0.503543 0.809151 0.000000
vt 0.000000 0.738679 0.000000
vt 0.871950 0.738679 0.000000
vt 0.000000 0.500000 0.000000
vt 0.871950 0.500000 0.000000
vt 0.871950 0.500000 0.000000
vt 0.000000 0.500000 0.000000
vt 0.746453 0.660646 0.000000
vt 0.781745 0.396382 0.000000
vt 0.000000 0.981437 0.000000
vt 0.000000 0.793202 0.000000
vt 0.871950 0.793202 0.000000
vt 0.871951 0.981437 0.000000
vt 0.000000 0.604967 0.000000
vt 0.871950 0.604967 0.000000
vt 0.000000 0.490351 0.000000
vt 0.870407 0.490670 0.000000
vt 0.272888 0.996065 0.000000
vt 1.006214 0.334027 0.000000
vt 1.004143 0.287492 0.000000
vt 0.520884 0.136779 0.000000
vt 0.523815 0.109744 0.000000
vt 0.476350 1.087402 0.000000
vt 0.408530 1.056956 0.000000
vt 0.636867 0.957808 0.000000
vt 0.703528 1.032136 0.000000
vt -0.094691 -0.035559 0.000000
vt -0.038790 -0.023706 0.000000
vt -0.070755 0.374054 0.000000
vt -0.106978 0.352974 0.000000
vt 0.505139 0.893194 0.000000
vt 0.504607 0.865179 0.000000
vt 1.004166 0.712506 0.000000
vt 1.006248 0.665971 0.000000
vt 0.395333 0.044586 0.000000
vt 0.554205 0.029724 0.000000
vt 0.549388 0.741320 0.000000
vt 0.388175 0.738679 0.000000
vt 0.082871 0.338108 0.000000
vt 0.167369 0.225405 0.000000
vt 0.578363 0.586041 0.000000
vt 0.481003 0.684752 0.000000
vt -0.281059 0.448518 0.000000
vt -0.186809 0.437751 0.000000
vt -0.154044 0.772767 0.000000
vt -0.246865 0.790644 0.000000
vt -0.066667 0.956687 0.000000
vt 0.011578 0.910001 0.000000
vt 0.139746 1.006240 0.000000
vt 0.073175 1.011328 0.000000
vt 0.127604 0.837282 0.000000
vt 0.095602 0.803858 0.000000
vt 0.199068 0.940582 0.000000
vt 0.214567 1.002558 0.000000
vt 0.843998 0.510278 0.000000
vt 0.853316 0.506852 0.000000
vt 0.876792 0.490744 0.000000
vt 0.879985 0.490781 0.000000
vt 0.882131 0.491443 0.000000
vt 0.878223 0.491186 0.000000
vt 0.847173 0.475428 0.000000
vt 0.836346 0.472472 0.000000
vt 1.002071 0.240957 0.000000
vt 0.517953 0.163814 0.000000
vt 0.340709 1.026511 0.000000
vt 0.570205 0.883479 0.000000
vt 0.017110 -0.011853 0.000000
vt -0.034531 0.395135 0.000000
vt 0.504075 0.837165 0.000000
vt 1.002083 0.759042 0.000000
vt 0.713078 0.014862 0.000000
vt 0.710656 0.741281 0.000000
vt 0.251867 0.112703 0.000000
vt 0.678643 0.489929 0.000000
vt -0.092559 0.426983 0.000000
vt -0.061223 0.754889 0.000000
vt 0.089823 0.863316 0.000000
vt 0.206317 1.001153 0.000000
vt 0.063600 0.770435 0.000000
vt 0.183568 0.878606 0.000000
vt 0.862633 0.503426 0.000000
vt 0.873599 0.490707 0.000000
vt 0.874315 0.490928 0.000000
vt 0.858000 0.478384 0.000000
vt 0.748510 0.240670 0.000000
vt 0.765015 0.221886 0.000000
vt 1.000000 0.250000 0.000000
vt 0.000000 0.240351 0.000000
vt 0.249928 0.250000 0.000000
vt 0.755694 0.779582 0.000000
vt 0.757511 0.192636 0.000000
vt 0.751772 0.807364 0.000000
vt 0.762514 0.212136 0.000000
vt 0.760012 0.202386 0.000000
vt 0.754386 0.788843 0.000000
vt 0.753079 0.798104 0.000000
vt 0.748510 0.240670 0.000000
vt 0.765015 0.221886 0.000000
vt 0.000000 0.240351 0.000000
vt 1.000000 0.250000 0.000000
vt 0.249928 0.250000 0.000000
vt 0.755693 0.779582 0.000000
vt 0.757511 0.192636 0.000000
vt 0.751772 0.807364 0.000000
vt 0.762514 0.212136 0.000000
vt 0.754386 0.788843 0.000000
vt 0.760012 0.202386 0.000000
vt 0.753079 0.798104 0.000000
vt 0.628194 0.000000 0.000000
vt 0.000000 0.000000 0.000000
vt 0.371806 0.000000 0.000000
vt 1.000000 0.000000 0.000000
vt 0.128050 0.728125 0.000000
vt 1.000000 0.728125 0.000000
vt 0.371806 0.000000 0.000000
vt 1.000000 0.000000 0.000000
vt 0.000000 0.805577 0.000000
vt 1.000000 1.000000 0.000000
vt 0.000000 0.000000 0.000000
vt 0.871950 0.000000 0.000000
vt 0.000000 0.416732 0.000000
vt 0.871950 0.416732 0.000000
vt 0.073010 0.000000 0.000000
vt 1.000000 0.194423 0.000000
vt 0.001692 0.416215 0.000000
vt 1.000000 0.805577 0.000000
vt 0.868826 0.481339 0.000000
vt 0.515022 0.190849 0.000000
vt 0.000000 0.480702 0.000000
vt 1.000000 0.500000 0.000000
vt 0.128050 0.500000 0.000000
vt 0.503543 0.809151 0.000000
vt 0.272888 0.996065 0.000000
vt 0.000000 0.981437 0.000000
vt 0.871951 0.981437 0.000000
vt 0.871950 0.793202 0.000000
vt 0.168069 0.816630 0.000000
vt 0.871950 0.604967 0.000000
vt 0.031598 0.737012 0.000000
vt 0.000000 0.604967 0.000000
vt 0.000000 0.793202 0.000000
vt 0.336365 0.000000 0.000000
vt 0.871950 0.500000 0.000000
vt 0.000000 0.500000 0.000000
vt 0.407452 0.215773 0.000000
vt 0.870407 0.490670 0.000000
vt 0.000000 0.490351 0.000000
vt 0.000000 0.194423 0.000000
vt 0.371806 1.000000 0.000000
vt 1.006214 0.334027 0.000000
vt 0.523815 0.109744 0.000000
vt 0.476350 1.087402 0.000000
vt 0.703528 1.032136 0.000000
vt -0.094691 -0.035559 0.000000
vt -0.106978 0.352974 0.000000
vt 0.505139 0.893194 0.000000
vt 1.006248 0.665971 0.000000
vt 0.395333 0.044586 0.000000
vt 0.082871 0.338108 0.000000
vt -0.281059 0.448518 0.000000
vt -0.246865 0.790644 0.000000
vt -0.066667 0.956687 0.000000
vt 0.073175 1.011328 0.000000
vt 0.127604 0.837282 0.000000
vt 0.214567 1.002558 0.000000
vt 0.843998 0.510278 0.000000
vt 0.879985 0.490781 0.000000
vt 0.882131 0.491443 0.000000
vt 0.836346 0.472472 0.000000
vt 1.002071 0.240957 0.000000
vt 0.041312 0.086410 0.000000
vt 1.004143 0.287492 0.000000
vt 0.165247 0.021603 0.000000
vt 0.713078 0.014862 0.000000
vt -0.038790 -0.023706 0.000000
vt 0.554205 0.029724 0.000000
vt 0.017110 -0.011853 0.000000
vt 1.004166 0.712506 0.000000
vt 0.165247 0.978397 0.000000
vt 1.002083 0.759042 0.000000
vt 0.041312 0.913590 0.000000
vt -0.092559 0.426983 0.000000
vt -0.034531 0.395135 0.000000
vt -0.186809 0.437751 0.000000
vt -0.070755 0.374054 0.000000
vt 0.847173 0.475428 0.000000
vt 0.517953 0.163814 0.000000
vt 0.858000 0.478384 0.000000
vt 0.520884 0.136779 0.000000
vt 0.636867 0.957808 0.000000
vt 0.504607 0.865179 0.000000
vt 0.570205 0.883479 0.000000
vt 0.504075 0.837165 0.000000
vt 0.139746 1.006240 0.000000
vt 0.408530 1.056956 0.000000
vt 0.206317 1.001153 0.000000
vt 0.340709 1.026511 0.000000
vt 0.199068 0.940582 0.000000
vt 0.011578 0.910001 0.000000
vt 0.183568 0.878606 0.000000
vt 0.089823 0.863316 0.000000
vt 0.063600 0.770435 0.000000
vt -0.061223 0.754889 0.000000
vt 0.095602 0.803858 0.000000
vt -0.154044 0.772767 0.000000
vt 0.251867 0.112703 0.000000
vt 0.853316 0.506852 0.000000
vt 0.167369 0.225405 0.000000
vt 0.862633 0.503426 0.000000
vt 0.876792 0.490744 0.000000
vt 0.878223 0.491186 0.000000
vt 0.873599 0.490707 0.000000
vt 0.874315 0.490928 0.000000
vt 0.746453 0.660646 0.000000
vt 0.388175 0.738679 0.000000
vt 0.000000 0.738679 0.000000
vt 0.000000 0.500000 0.000000
vt 0.871950 0.500000 0.000000
vt 0.481003 0.684752 0.000000
vt 0.871950 0.738679 0.000000
vt 0.781745 0.396382 0.000000
vt 0.549388 0.741320 0.000000
vt 0.710656 0.741281 0.000000
vt 0.578363 0.586041 0.000000
vt 0.678643 0.489929 0.000000
vt 0.628194 0.000000 0.000000
vt 0.868826 0.481339 0.000000
vt 0.000000 0.480702 0.000000
vt 0.000000 0.000000 0.000000
vt 0.371806 0.000000 0.000000
vt 1.000000 0.000000 0.000000
vt 1.000000 0.500000 0.000000
vt 0.128050 0.500000 0.000000
vt 0.000000 0.194423 0.000000
vt 0.041312 0.086410 0.000000
vt 0.165247 0.021603 0.000000
vt 0.371806 0.000000 0.000000
vt 1.000000 0.000000 0.000000
vt 1.000000 1.000000 0.000000
vt 0.371806 1.000000 0.000000
vt 0.165247 0.978397 0.000000
vt 0.041312 0.913590 0.000000
vt 0.000000 0.805577 0.000000
vt 0.000000 0.000000 0.000000
vt 0.871950 0.000000 0.000000
vt 0.871950 0.416732 0.000000
vt 0.000000 0.416732 0.000000
vt 0.073010 0.000000 0.000000
vt 0.336365 0.000000 0.000000
vt 0.407452 0.215773 0.000000
vt 0.168069 0.816630 0.000000
vt 0.031598 0.737012 0.000000
vt 0.001692 0.416215 0.000000
vt 1.000000 0.728125 0.000000
vt 0.128050 0.728125 0.000000
vt 0.515022 0.190849 0.000000
vt 1.000000 0.194423 0.000000
vt 1.000000 0.805577 0.000000
vt 0.503543 0.809151 0.000000
vt 0.000000 0.738679 0.000000
vt 0.871950 0.738679 0.000000
vt 0.000000 0.500000 0.000000
vt 0.871950 0.500000 0.000000
vt 0.871950 0.500000 0.000000
vt 0.000000 0.500000 0.000000
vt 0.746453 0.660646 0.000000
vt 0.781745 0.396382 0.000000
vt 0.000000 0.981437 0.000000
vt 0.000000 0.793202 0.000000
vt 0.871950 0.793202 0.000000
vt 0.871951 0.981437 0.000000
vt 0.000000 0.604967 0.000000
vt 0.871950 0.604967 0.000000
vt 0.000000 0.490351 0.000000
vt 0.870407 0.490670 0.000000
vt 0.272888 0.996065 0.000000
vt 1.006214 0.334027 0.000000
vt 1.004143 0.287492 0.000000
vt 0.520884 0.136779 0.000000
vt 0.523815 0.109744 0.000000
vt 0.476350 1.087402 0.000000
vt 0.408530 1.056956 0.000000
vt 0.636867 0.957808 0.000000
vt 0.703528 1.032136 0.000000
vt -0.094691 -0.035559 0.000000
vt -0.038790 -0.023706 0.000000
vt -0.070755 0.374054 0.000000
vt -0.106978 0.352974 0.000000
vt 0.505139 0.893194 0.000000
vt 0.504607 0.865179 0.000000
vt 1.004166 0.712506 0.000000
vt 1.006248 0.665971 0.000000
vt 0.395333 0.044586 0.000000
vt 0.554205 0.029724 0.000000
vt 0.549388 0.741320 0.000000
vt 0.388175 0.738679 0.000000
vt 0.082871 0.338108 0.000000
vt 0.167369 0.225405 0.000000
vt 0.578363 0.586041 0.000000
vt 0.481003 0.684752 0.000000
vt -0.281059 0.448518 0.000000
vt -0.186809 0.437751 0.000000
vt -0.154044 0.772767 0.000000
vt -0.246865 0.790644 0.000000
vt -0.066667 0.956687 0.000000
vt 0.011578 0.910001 0.000000
vt 0.139746 1.006240 0.000000
vt 0.073175 1.011328 0.000000
vt 0.127604 0.837282 0.000000
vt 0.095602 0.803858 0.000000
vt 0.199068 0.940582 0.000000
vt 0.214567 1.002558 0.000000
vt 0.843998 0.510278 0.000000
vt 0.853316 0.506852 0.000000
vt 0.876792 0.490744 0.000000
vt 0.879985 0.490781 0.000000
vt 0.882131 0.491443 0.000000
vt 0.878223 0.491186 0.000000
vt 0.847173 0.475428 0.000000
vt 0.836346 0.472472 0.000000
vt 1.002071 0.240957 0.000000
vt 0.517953 0.163814 0.000000
vt 0.340709 1.026511 0.000000
vt 0.570205 0.883479 0.000000
vt 0.017110 -0.011853 0.000000
vt -0.034531 0.395135 0.000000
vt 0.504075 0.837165 0.000000
vt 1.002083 0.759042 0.000000
vt 0.713078 0.014862 0.000000
vt 0.710656 0.741281 0.000000
vt 0.251867 0.112703 0.000000
vt 0.678643 0.489929 0.000000
vt -0.092559 0.426983 0.000000
vt -0.061223 0.754889 0.000000
vt 0.089823 0.863316 0.000000
vt 0.206317 1.001153 0.000000
vt 0.063600 0.770435 0.000000
vt 0.183568 0.878606 0.000000
vt 0.862633 0.503426 0.000000
vt 0.873599 0.490707 0.000000
vt 0.874315 0.490928 0.000000
vt 0.858000 0.478384 0.000000
vt 0.748510 0.240670 0.000000
vt 0.765015 0.221886 0.000000
vt 1.000000 0.250000 0.000000
vt 0.000000 0.240351 0.000000
vt 0.249928 0.250000 0.000000
vt 0.755694 0.779582 0.000000
vt 0.757511 0.192636 0.000000
vt 0.751772 0.807364 0.000000
vt 0.762514 0.212136 0.000000
vt 0.760012 0.202386 0.000000
vt 0.754386 0.788843 0.000000
vt 0.753079 0.798104 0.000000
vt 0.748510 0.240670 0.000000
vt 0.765015 0.221886 0.000000
vt 0.000000 0.240351 0.000000
vt 1.000000 0.250000 0.000000
vt 0.249928 0.250000 0.000000
vt 0.755693 0.779582 0.000000
vt 0.757511 0.192636 0.000000
vt 0.751772 0.807364 0.000000
vt 0.762514 0.212136 0.000000
vt 0.754386 0.788843 0.000000
vt 0.760012 0.202386 0.000000
vt 0.753079 0.798104 0.000000
vt 1.000000 0.104021 0.000000
vt 0.058535 0.000447 0.000000
vt 1.000000 0.890466 0.000000
vt 0.002000 0.999000 0.000000
vt 0.000000 0.104021 0.000000
vt 0.999482 0.021601 0.000000
vt 0.000000 0.890466 0.000000
vt 0.998000 0.999000 0.000000
vt 0.000000 0.029532 0.000000
vt 0.941814 0.029532 0.000000
vt 0.000000 0.970468 0.000000
vt 0.941814 0.970468 0.000000
vt 0.021216 0.029532 0.000000
vt 1.000000 0.029532 0.000000
vt 0.021216 0.970468 0.000000
vt 1.000000 0.970468 0.000000
vt 0.000000 0.029532 0.000000
vt 1.000000 0.029532 0.000000
vt 0.000000 0.970468 0.000000
vt 1.000000 0.970468 0.000000
vt 1.000000 0.434987 0.000000
vt 0.050452 0.461652 0.000000
vt 0.464641 0.029532 0.000000
vt 0.949548 0.461652 0.000000
vt 0.464641 0.970468 0.000000
vt 0.000000 0.434987 0.000000
vt 0.500000 0.890612 0.000000
vt 0.500000 0.029532 0.000000
vt 0.500000 0.103964 0.000000
vt 0.500000 0.029532 0.000000
vt 0.500000 0.103964 0.000000
vt 0.500000 0.970468 0.000000
vt 0.500000 0.890612 0.000000
vt 0.500000 0.970468 0.000000
vt 0.500000 0.568368 0.000000
vt 0.500000 0.568368 0.000000
vt 0.048685 0.750000 0.000000
vt 0.750000 0.029532 0.000000
vt 0.000000 0.750000 0.000000
vt 1.000000 0.750000 0.000000
vt 0.951315 0.750000 0.000000
vt 0.750000 0.970468 0.000000
vt 0.500000 0.750000 0.000000
vt 0.500000 0.750000 0.000000
vt 0.000518 0.021601 0.000000
vt 0.941465 0.000447 0.000000
vt -0.135420 0.029532 0.000000
vt -0.135420 0.970468 0.000000
vt -0.057102 0.029532 0.000000
vt 0.015018 0.005732 0.000000
vt -0.057102 0.970468 0.000000
vt 0.984982 0.005732 0.000000
vt 1.000000 0.568458 0.000000
vt 0.048241 0.578095 0.000000
vt 0.579134 0.029532 0.000000
vt 0.951759 0.578095 0.000000
vt 0.579134 0.970468 0.000000
vt 0.000000 0.568458 0.000000
vt 0.500000 0.435023 0.000000
vt 0.500000 0.435023 0.000000
vt 1.000000 0.501723 0.000000
vt 0.048691 0.519921 0.000000
vt 0.521887 0.029532 0.000000
vt 0.521887 0.970468 0.000000
vt 0.951309 0.519921 0.000000
vt 0.000000 0.501723 0.000000
vt 0.500000 0.501695 0.000000
vt 0.500000 0.501695 0.000000
vt 1.000000 -1.156273 0.000000
vt 0.505523 -1.154738 0.000000
vt 1.022238 1.523097 0.000000
vt 0.847307 0.445053 0.000000
vt 1.145682 -5.370867 0.000000
vt 0.457431 -1.295271 0.000000
vt -0.000000 1.716660 0.000000
vt 0.503883 1.716208 0.000000
vt -0.170438 2.269752 0.000000
vt 0.414939 1.133510 0.000000
vt 0.016446 1.410703 0.000000
vt 0.497623 1.536659 0.000000
vt 0.414939 -0.133510 0.000000
vt -0.170438 -1.269751 0.000000
vt 0.578594 1.336323 0.000000
vt 0.753289 1.339066 0.000000
vt 0.497623 -0.536659 0.000000
vt 0.016446 -0.410703 0.000000
vt 0.503883 -0.716208 0.000000
vt -0.000000 -0.716659 0.000000
vt 0.457432 2.295271 0.000000
vt 1.145684 6.370867 0.000000
vt 0.505523 2.154738 0.000000
vt 1.000000 2.156273 0.000000
vt 0.753290 -0.339066 0.000000
vt 0.578595 -0.336323 0.000000
vt 0.847307 0.554947 0.000000
vt 1.022239 -0.523097 0.000000
vt 0.039560 -0.154288 0.000000
vt -0.004444 -0.148940 0.000000
vt 1.056283 -0.030146 0.000000
vt 1.041615 -0.046191 0.000000
vt -0.041615 -0.046191 0.000000
vt -0.056283 -0.030146 0.000000
vt 1.004444 -0.148940 0.000000
vt 0.960439 -0.154288 0.000000
vt 0.555617 -0.247212 0.000000
vt 0.497616 -0.249208 0.000000
vt 1.097145 0.580750 0.000000
vt 1.097053 0.523402 0.000000
vt 0.443155 -0.263750 0.000000
vt 0.382552 -0.272040 0.000000
vt 1.102885 0.523537 0.000000
vt 1.102540 0.466240 0.000000
vt -0.000000 -0.343564 0.000000
vt 0.049048 -0.076921 0.000000
vt 1.043748 -2.670668 0.000000
vt 1.000000 -0.563371 0.000000
vt 1.011119 0.776315 0.000000
vt 0.008223 -0.190586 0.000000
vt -0.000000 1.343564 0.000000
vt 1.027883 -0.004272 0.000000
vt -0.074611 1.620110 0.000000
vt 1.000000 1.563370 0.000000
vt 0.008223 1.190586 0.000000
vt 1.011119 0.223685 0.000000
vt 0.439790 -0.051989 0.000000
vt 0.423596 -0.121254 0.000000
vt 1.026044 0.463946 0.000000
vt 0.439790 1.051989 0.000000
vt 0.498812 -0.253564 0.000000
vt 0.502762 -0.562603 0.000000
vt 0.478716 -0.632869 0.000000
vt 0.501941 -0.343338 0.000000
vt 0.478716 1.632869 0.000000
vt 0.501941 1.343338 0.000000
vt 0.498811 1.253564 0.000000
vt 0.502762 1.562603 0.000000
vt 0.751645 -0.154767 0.000000
vt 0.798653 0.237293 0.000000
vt 0.751645 1.154767 0.000000
vt 0.798653 0.762707 0.000000
vt -0.027883 -0.004272 0.000000
vt -0.074611 -0.620109 0.000000
vt 0.950952 -0.076920 0.000000
vt 1.043749 3.670668 0.000000
vt -0.013299 -0.020229 0.000000
vt 0.005287 -0.071604 0.000000
vt 0.994713 -0.071604 0.000000
vt 1.013299 -0.020230 0.000000
vt 0.578865 -0.153395 0.000000
vt 0.567375 -0.108840 0.000000
vt 1.024452 0.579423 0.000000
vt 0.578864 1.153395 0.000000
vt 0.509752 -0.109838 0.000000
vt 0.482521 -0.117109 0.000000
vt 1.024181 0.521661 0.000000
vt 1.027097 0.521729 0.000000
vt 0.941814 0.064182 0.000000
vt 0.941814 0.935818 0.000000
vt -0.135420 0.064182 0.000000
vt -0.135420 0.935818 0.000000
vt 0.000000 0.935818 0.000000
vt 0.000000 0.064182 0.000000
vt 1.000000 0.064182 0.000000
vt 1.000000 0.935818 0.000000
vt 0.000000 0.064182 0.000000
vt 0.000000 0.935818 0.000000
vt 1.000000 0.064182 0.000000
vt 1.000000 0.935818 0.000000
vt 0.464641 0.064182 0.000000
vt 0.464641 0.935818 0.000000
vt 0.500000 0.064182 0.000000
vt 0.500000 0.935818 0.000000
vt 0.500000 0.064182 0.000000
vt 0.500000 0.935818 0.000000
vt 0.750000 0.064182 0.000000
vt 0.750000 0.935818 0.000000
vt 0.021216 0.064182 0.000000
vt 0.021216 0.935818 0.000000
vt -0.057102 0.064182 0.000000
vt -0.057102 0.935818 0.000000
vt 0.579134 0.064182 0.000000
vt 0.579134 0.935818 0.000000
vt 0.521887 0.064182 0.000000
vt 0.521887 0.935818 0.000000
vt 1.000000 0.104021 0.000000
vt 0.058535 0.000447 0.000000
vt 1.000000 0.890466 0.000000
vt 0.002000 0.999000 0.000000
vt 0.000000 0.104021 0.000000
vt 0.999482 0.021601 0.000000
vt 0.000000 0.890466 0.000000
vt 0.998000 0.999000 0.000000
vt 0.000000 0.029532 0.000000
vt 0.941814 0.029532 0.000000
vt 0.000000 0.970468 0.000000
vt 0.941814 0.970468 0.000000
vt 0.021216 0.029532 0.000000
vt 1.000000 0.029532 0.000000
vt 0.021216 0.970468 0.000000
vt 1.000000 0.970468 0.000000
vt 0.000000 0.029532 0.000000
vt 1.000000 0.029532 0.000000
vt 0.000000 0.970468 0.000000
vt 1.000000 0.970468 0.000000
vt 1.000000 0.434987 0.000000
vt 0.050452 0.461652 0.000000
vt 0.464641 0.029532 0.000000
vt 0.949548 0.461652 0.000000
vt 0.464641 0.970468 0.000000
vt 0.000000 0.434987 0.000000
vt 0.500000 0.890612 0.000000
vt 0.500000 0.029532 0.000000
vt 0.500000 0.103964 0.000000
vt 0.500000 0.029532 0.000000
vt 0.500000 0.103964 0.000000
vt 0.500000 0.970468 0.000000
vt 0.500000 0.890612 0.000000
vt 0.500000 0.970468 0.000000
vt 0.500000 0.568368 0.000000
vt 0.500000 0.568368 0.000000
vt 0.048685 0.750000 0.000000
vt 0.750000 0.029532 0.000000
vt 0.000000 0.750000 0.000000
vt 1.000000 0.750000 0.000000
vt 0.951315 0.750000 0.000000
vt 0.750000 0.970468 0.000000
vt 0.500000 0.750000 0.000000
vt 0.500000 0.750000 0.000000
vt 0.000518 0.021601 0.000000
vt 0.941465 0.000447 0.000000
vt -0.135420 0.029532 0.000000
vt -0.135420 0.970468 0.000000
vt -0.057102 0.029532 0.000000
vt 0.015018 0.005732 0.000000
vt -0.057102 0.970468 0.000000
vt 0.984982 0.005732 0.000000
vt 1.000000 0.568458 0.000000
vt 0.048241 0.578095 0.000000
vt 0.579134 0.029532 0.000000
vt 0.951759 0.578095 0.000000
vt 0.579134 0.970468 0.000000
vt 0.000000 0.568458 0.000000
vt 0.500000 0.435023 0.000000
vt 0.500000 0.435023 0.000000
vt 1.000000 0.501723 0.000000
vt 0.048691 0.519921 0.000000
vt 0.521887 0.029532 0.000000
vt 0.521887 0.970468 0.000000
vt 0.951309 0.519921 0.000000
vt 0.000000 0.501723 0.000000
vt 0.500000 0.501695 0.000000
vt 0.500000 0.501695 0.000000
vt 1.000000 -1.156273 0.000000
vt 0.505523 -1.154738 0.000000
vt 1.022238 1.523097 0.000000
vt 0.847307 0.445053 0.000000
vt 1.145682 -5.370867 0.000000
vt 0.457431 -1.295271 0.000000
vt -0.000000 1.716660 0.000000
vt 0.503883 1.716208 0.000000
vt -0.170438 2.269752 0.000000
vt 0.414939 1.133510 0.000000
vt 0.016446 1.410703 0.000000
vt 0.497623 1.536659 0.000000
vt 0.414939 -0.133510 0.000000
vt -0.170438 -1.269751 0.000000
vt 0.578594 1.336323 0.000000
vt 0.753289 1.339066 0.000000
vt 0.497623 -0.536659 0.000000
vt 0.016446 -0.410703 0.000000
vt 0.503883 -0.716208 0.000000
vt -0.000000 -0.716659 0.000000
vt 0.457432 2.295271 0.000000
vt 1.145684 6.370867 0.000000
vt 0.505523 2.154738 0.000000
vt 1.000000 2.156273 0.000000
vt 0.753290 -0.339066 0.000000
vt 0.578595 -0.336323 0.000000
vt 0.847307 0.554947 0.000000
vt 1.022239 -0.523097 0.000000
vt 0.039560 -0.154288 0.000000
vt -0.004444 -0.148940 0.000000
vt 1.056283 -0.030146 0.000000
vt 1.041615 -0.046191 0.000000
vt -0.041615 -0.046191 0.000000
vt -0.056283 -0.030146 0.000000
vt 1.004444 -0.148940 0.000000
vt 0.960439 -0.154288 0.000000
vt 0.555617 -0.247212 0.000000
vt 0.497616 -0.249208 0.000000
vt 1.097145 0.580750 0.000000
vt 1.097053 0.523402 0.000000
vt 0.443155 -0.263750 0.000000
vt 0.382552 -0.272040 0.000000
vt 1.102885 0.523537 0.000000
vt 1.102540 0.466240 0.000000
vt -0.000000 -0.343564 0.000000
vt 0.049048 -0.076921 0.000000
vt 1.043748 -2.670668 0.000000
vt 1.000000 -0.563371 0.000000
vt 1.011119 0.776315 0.000000
vt 0.008223 -0.190586 0.000000
vt -0.000000 1.343564 0.000000
vt 1.027883 -0.004272 0.000000
vt -0.074611 1.620110 0.000000
vt 1.000000 1.563370 0.000000
vt 0.008223 1.190586 0.000000
vt 1.011119 0.223685 0.000000
vt 0.439790 -0.051989 0.000000
vt 0.423596 -0.121254 0.000000
vt 1.026044 0.463946 0.000000
vt 0.439790 1.051989 0.000000
vt 0.498812 -0.253564 0.000000
vt 0.502762 -0.562603 0.000000
vt 0.478716 -0.632869 0.000000
vt 0.501941 -0.343338 0.000000
vt 0.478716 1.632869 0.000000
vt 0.501941 1.343338 0.000000
vt 0.498811 1.253564 0.000000
vt 0.502762 1.562603 0.000000
vt 0.751645 -0.154767 0.000000
vt 0.798653 0.237293 0.000000
vt 0.751645 1.154767 0.000000
vt 0.798653 0.762707 0.000000
vt -0.027883 -0.004272 0.000000
vt -0.074611 -0.620109 0.000000
vt 0.950952 -0.076920 0.000000
vt 1.043749 3.670668 0.000000
vt -0.013299 -0.020229 0.000000
vt 0.005287 -0.071604 0.000000
vt 0.994713 -0.071604 0.000000
vt 1.013299 -0.020230 0.000000
vt 0.578865 -0.153395 0.000000
vt 0.567375 -0.108840 0.000000
vt 1.024452 0.579423 0.000000
vt 0.578864 1.153395 0.000000
vt 0.509752 -0.109838 0.000000
vt 0.482521 -0.117109 0.000000
vt 1.024181 0.521661 0.000000
vt 1.027097 0.521729 0.000000
vt 0.941814 0.064182 0.000000
vt 0.941814 0.935818 0.000000
vt -0.135420 0.064182 0.000000
vt -0.135420 0.935818 0.000000
vt 0.000000 0.935818 0.000000
vt 0.000000 0.064182 0.000000
vt 1.000000 0.064182 0.000000
vt 1.000000 0.935818 0.000000
vt 0.000000 0.064182 0.000000
vt 0.000000 0.935818 0.000000
vt 1.000000 0.064182 0.000000
vt 1.000000 0.935818 0.000000
vt 0.464641 0.064182 0.000000
vt 0.464641 0.935818 0.000000
vt 0.500000 0.064182 0.000000
vt 0.500000 0.935818 0.000000
vt 0.500000 0.064182 0.000000
vt 0.500000 0.935818 0.000000
vt 0.750000 0.064182 0.000000
vt 0.750000 0.935818 0.000000
vt 0.021216 0.064182 0.000000
vt 0.021216 0.935818 0.000000
vt -0.057102 0.064182 0.000000
vt -0.057102 0.935818 0.000000
vt 0.579134 0.064182 0.000000
vt 0.579134 0.935818 0.000000
vt 0.521887 0.064182 0.000000
vt 0.521887 0.935818 0.000000
vt 0.103313 0.095149 0.000000
vt 0.367006 0.000000 0.000000
vt 0.100539 1.000000 0.000000
vt 0.949731 1.000000 0.000000
vt 0.022944 0.095136 0.000000
vt 0.977056 0.095186 0.000000
vt 0.022714 1.000000 0.000000
vt 0.977286 1.000000 0.000000
vt 0.051656 0.095186 0.000000
vt 0.896688 0.095200 0.000000
vt 0.050269 1.000000 0.000000
vt 0.899461 1.000000 0.000000
vt 0.045888 0.095200 0.000000
vt 0.983847 0.029784 0.000000
vt 0.045427 1.000000 0.000000
vt 0.954573 1.000000 0.000000
vt 1.964628 0.924783 0.000000
vt 1.977140 0.018860 0.000000
vt -0.975836 0.009224 0.000000
vt -0.963345 0.915261 0.000000
vt 1.721383 0.037932 0.000000
vt 1.465626 0.057005 0.000000
vt 1.072134 0.009532 0.000000
vt -0.209543 0.073706 0.000000
vt -0.464974 0.052212 0.000000
vt 0.338248 0.611876 0.000000
vt 1.207086 0.981196 0.000000
vt 1.459600 0.962392 0.000000
vt 1.712114 0.943587 0.000000
vt -0.711152 0.936446 0.000000
vt -0.458959 0.957631 0.000000
vt -0.206766 0.978815 0.000000
vt -0.154876 -0.014592 0.000000
vt -0.526570 0.959278 0.000000
vt -0.215579 0.079600 0.000000
vt -0.216386 0.984369 0.000000
vt -0.116559 0.084780 0.000000
vt -0.256062 0.074424 0.000000
vt -0.125211 -0.010379 0.000000
vt -0.015152 0.091290 0.000000
vt -0.081961 0.087393 0.000000
vt -0.051884 0.624667 0.000000
vt -0.389249 0.969458 0.000000
vt -0.251928 0.979639 0.000000
vt -0.114607 0.989819 0.000000
vt -0.149722 0.988277 0.000000
vt -0.083058 0.992184 0.000000
vt -0.016394 0.996092 0.000000
vt 1.000000 0.045937 0.000000
vt 1.000000 0.954063 0.000000
vt 0.993525 0.974161 0.000000
vt 0.974099 0.988516 0.000000
vt 0.941723 0.997129 0.000000
vt 0.896396 1.000000 0.000000
vt 0.051802 1.000000 0.000000
vt 0.029139 0.998564 0.000000
vt 0.012951 0.994258 0.000000
vt 0.003238 0.987080 0.000000
vt 0.000000 0.977032 0.000000
vt 0.000000 0.022968 0.000000
vt 0.003238 0.012920 0.000000
vt 0.012951 0.005742 0.000000
vt 0.029139 0.001436 0.000000
vt 0.051802 0.000000 0.000000
vt 0.896396 0.000000 0.000000
vt 0.941723 0.002871 0.000000
vt 0.974099 0.011484 0.000000
vt 0.993525 0.025839 0.000000
vt 0.617623 0.000000 0.000000
vt 1.276886 -0.026866 0.000000
vt 0.948344 0.095136 0.000000
vt -0.535068 0.053711 0.000000
vt 0.664517 0.618581 0.000000
vt -0.075775 0.627994 0.000000
vt 0.343559 0.633473 0.000000
vt 0.954112 0.095149 0.000000
vt 0.237592 0.618088 0.000000
vt 0.896396 0.648365 0.000000
vt 1.224985 -0.018963 0.000000
vt 1.155907 -0.006870 0.000000
vt 1.209869 0.076077 0.000000
vt 0.556872 0.612865 0.000000
vt 0.442260 0.607446 0.000000
vt -0.720405 0.030718 0.000000
vt 0.008076 0.014892 0.000000
vt 0.051802 0.648365 0.000000
vt -0.040306 0.004467 0.000000
vt -0.086585 -0.004044 0.000000
vt -0.395565 0.064067 0.000000
vt 0.013115 0.634811 0.000000
vt -0.022068 0.624094 0.000000
vt -0.148770 0.083497 0.000000
vt 1.802076 0.007429 0.000000
vt 0.231890 0.071362 0.000000
vt 1.627013 -0.004003 0.000000
vt 0.360468 0.047575 0.000000
vt 1.451949 -0.015434 0.000000
vt 0.489045 0.023787 0.000000
vt -0.249924 0.002484 0.000000
vt 0.512340 0.023784 0.000000
vt -0.344972 0.019560 0.000000
vt 0.657675 0.047568 0.000000
vt -0.440020 0.036635 0.000000
vt 0.803009 0.071352 0.000000
vt 0.200545 0.226045 0.000000
vt 0.355203 0.356890 0.000000
vt 0.509860 0.487736 0.000000
vt 0.818682 0.229758 0.000000
vt -0.180628 0.216699 0.000000
vt 0.660307 0.364329 0.000000
vt -0.145677 0.353797 0.000000
vt 0.501933 0.498901 0.000000
vt -0.110726 0.490896 0.000000
vt 0.976413 0.046125 0.000000
vt 0.968979 0.062466 0.000000
vt 0.961546 0.078808 0.000000
vt 0.896615 0.233491 0.000000
vt -0.672479 0.161440 0.000000
vt 0.896542 0.371783 0.000000
vt -0.369122 0.313656 0.000000
vt 0.896469 0.510074 0.000000
vt -0.065765 0.465872 0.000000
vt 1.597283 0.023708 0.000000
vt 1.473184 0.009485 0.000000
vt 1.349084 -0.004739 0.000000
vt 1.388196 0.041036 0.000000
vt 1.310766 0.025067 0.000000
vt 1.233337 0.009099 0.000000
vt 1.106568 0.026169 0.000000
vt 1.141001 0.042805 0.000000
vt 1.175435 0.059441 0.000000
vt -0.017939 0.208495 0.000000
vt 0.173665 0.343285 0.000000
vt 0.365269 0.478075 0.000000
vt -0.238165 0.191020 0.000000
vt -0.011357 0.329829 0.000000
vt 0.215452 0.468638 0.000000
vt 0.073585 0.466587 0.000000
vt -0.191079 0.321297 0.000000
vt -0.455742 0.176008 0.000000
vt 0.019227 0.075075 0.000000
vt 0.015510 0.055014 0.000000
vt 0.011793 0.034953 0.000000
vt 0.051693 0.233481 0.000000
vt 0.051729 0.371776 0.000000
vt 0.051766 0.510071 0.000000
vt -0.097496 0.064701 0.000000
vt -0.078433 0.044623 0.000000
vt -0.059369 0.024545 0.000000
vt -0.213693 0.054807 0.000000
vt -0.171323 0.035190 0.000000
vt -0.128954 0.015573 0.000000
vt -0.192799 0.008233 0.000000
vt -0.260388 0.026844 0.000000
vt -0.327976 0.045456 0.000000
vt -0.008086 0.227170 0.000000
vt -0.001019 0.363050 0.000000
vt 0.006048 0.498930 0.000000
vt -0.066988 0.221568 0.000000
vt -0.052015 0.355744 0.000000
vt -0.037041 0.489919 0.000000
vt -0.076105 0.489374 0.000000
vt -0.100327 0.354082 0.000000
vt -0.124548 0.218789 0.000000
vt 0.000000 0.000000 0.000000
vt 0.000000 1.000000 0.000000
vt 0.000000 0.000000 0.000000
vt 1.000000 0.000000 0.000000
vt 0.000000 1.000000 0.000000
vt 1.000000 1.000000 0.000000
vt 0.000000 0.000000 0.000000
vt 0.000000 1.000000 0.000000
vt 0.500000 1.000000 0.000000
vt 0.500000 0.000000 0.000000
vt 0.500000 0.000000 0.000000
vt 0.500000 1.000000 0.000000
vt 0.000000 0.500000 0.000000
vt 0.500000 0.000000 0.000000
vt 0.500000 1.000000 0.000000
vt 0.500000 0.500000 0.000000
vt 0.250000 0.000000 0.000000
vt 0.250000 1.000000 0.000000
vt 0.250000 1.000000 0.000000
vt 0.250000 0.000000 0.000000
vt 0.250000 0.500000 0.000000
vt 0.000000 0.750000 0.000000
vt 0.750000 0.000000 0.000000
vt 0.500000 0.750000 0.000000
vt 0.750000 1.000000 0.000000
vt 0.250000 0.750000 0.000000
vt 0.000000 0.500000 0.000000
vt 1.000000 0.500000 0.000000
vt 0.000000 0.500000 0.000000
vt 0.500000 0.500000 0.000000
vt 0.500000 0.500000 0.000000
vt 0.250000 0.500000 0.000000
vt 0.750000 0.500000 0.000000
vt 0.500000 1.000000 0.000000
vt 0.125000 0.000000 0.000000
vt 0.500000 0.875000 0.000000
vt 0.125000 0.500000 0.000000
vt 0.250000 0.875000 0.000000
vt 0.125000 0.750000 0.000000
vt 0.500000 0.000000 0.000000
vt 0.250000 0.000000 0.000000
vt 0.125000 0.000000 0.000000
vt 0.500000 0.000000 0.000000
vt 0.250000 0.000000 0.000000
vt 0.125000 0.000000 0.000000
vt 0.500000 0.000000 0.000000
vt 0.250000 0.000000 0.000000
vt 0.125000 0.000000 0.000000
vt 0.000000 1.000000 0.000000
vt 0.000000 0.500000 0.000000
vt 0.000000 0.000000 0.000000
vt 0.000000 1.000000 0.000000
vt 0.000000 0.500000 0.000000
vt 0.000000 0.500000 0.000000
vt 0.000000 0.500000 0.000000
vt 0.000000 0.500000 0.000000
vt 0.000000 0.500000 0.000000
vt 1.000000 0.250000 0.000000
vt 0.000000 0.250000 0.000000
vt 0.500000 0.250000 0.000000
vt 0.500000 1.000000 0.000000
vt 0.500000 0.250000 0.000000
vt 0.250000 0.250000 0.000000
vt 0.750000 0.250000 0.000000
vt 0.000000 0.250000 0.000000
vt 0.000000 0.500000 0.000000
vt 0.000000 0.250000 0.000000
vt 0.500000 1.000000 0.000000
vt 0.000000 1.000000 0.000000
vt 0.250000 1.000000 0.000000
vt 0.000000 1.000000 0.000000
vt 0.750000 1.000000 0.000000
vt 0.500000 1.000000 0.000000
vt 1.000000 1.000000 0.000000
vt 0.000000 1.000000 0.000000
vt 0.000000 1.000000 0.000000
vt 0.000000 1.000000 0.000000
vt 1.000000 1.000000 0.000000
vt 0.000000 1.000000 0.000000
vt 0.500000 1.000000 0.000000
vt 0.250000 1.000000 0.000000
vt 0.750000 1.000000 0.000000
vt 0.000000 1.000000 0.000000
vt 0.000000 1.000000 0.000000
vt 0.000000 1.000000 0.000000
vt 1.000000 1.000000 0.000000
vt 0.000000 1.000000 0.000000
vt 0.500000 1.000000 0.000000
vt 0.250000 1.000000 0.000000
vt 0.750000 1.000000 0.000000
vt 0.000000 1.000000 0.000000
vt 0.000000 1.000000 0.000000
vt 0.000000 1.000000 0.000000
vt 0.000000 1.000000 0.000000
vt 1.000000 1.000000 0.000000
vt 0.000000 1.000000 0.000000
vt 0.500000 1.000000 0.000000
vt 0.250000 1.000000 0.000000
vt 0.750000 1.000000 0.000000
vt 0.000000 1.000000 0.000000
vt 0.250000 1.000000 0.000000
vt 0.000000 0.250000 0.000000
vt 0.250000 0.000000 0.000000
vt 0.500000 0.250000 0.000000
vt 0.250000 0.250000 0.000000
vt 0.250000 0.500000 0.000000
vt 0.125000 0.250000 0.000000
vt 0.250000 0.250000 0.000000
vt 0.250000 1.000000 0.000000
vt 0.250000 1.000000 0.000000
vt 0.250000 1.000000 0.000000
vt 0.250000 1.000000 0.000000
vt 0.111987 0.895058 0.000000
vt 0.025900 0.000000 0.000000
vt 0.099100 0.000000 0.000000
vt 0.000000 0.000000 0.000000
vt 0.000000 0.000000 0.000000
vt 0.500000 0.974100 0.000000
vt 0.500000 0.900900 0.000000
vt 0.025900 0.500000 0.000000
vt 0.099100 0.500000 0.000000
vt 0.250000 0.974100 0.000000
vt 0.250000 0.900900 0.000000
vt 0.025900 0.750000 0.000000
vt 0.099100 0.750000 0.000000
vt 0.000000 1.000000 0.000000
vt 0.000000 1.000000 0.000000
vt 0.000000 0.500000 0.000000
vt 0.000000 0.500000 0.000000
vt 0.000000 0.250000 0.000000
vt 0.000000 0.250000 0.000000
vt 0.000000 1.000000 0.000000
vt 0.000000 1.000000 0.000000
vt 0.000000 1.000000 0.000000
vt 0.000000 1.000000 0.000000
vt 0.000000 1.000000 0.000000
vt 0.000000 1.000000 0.000000
vt 0.000000 1.000000 0.000000
vt 0.000000 1.000000 0.000000
vt 0.025900 0.250000 0.000000
vt 0.099100 0.250000 0.000000
vt 0.023204 0.978256 0.000000
vt 0.088783 0.916802 0.000000
vt 0.000000 1.000000 0.000000
vt 0.000000 0.500000 0.000000
vt 0.000000 1.000000 0.000000
vt 0.000000 1.000000 0.000000
vt 0.000000 1.000000 0.000000
vt 0.000000 1.000000 0.000000
vt 0.000000 0.500000 0.000000
vt 0.000000 0.500000 0.000000
vt 0.000000 0.500000 0.000000
vt 0.000000 1.000000 0.000000
vt 0.000000 1.000000 0.000000
vt 0.000000 1.000000 0.000000
vt 0.000000 1.000000 0.000000
vt 0.000000 1.000000 0.000000
vt 0.000000 0.500000 0.000000
vt 0.000000 0.000000 0.000000
vt 0.250000 0.000000 0.000000
vt 0.250000 0.250000 0.000000
vt 0.000000 0.250000 0.000000
vt 0.000000 0.000000 0.000000
vt 0.250000 0.000000 0.000000
vt 0.250000 0.250000 0.000000
vt 0.000000 0.250000 0.000000
vt 0.250000 0.974100 0.000000
vt 0.250000 0.900900 0.000000
vt 0.500000 0.900900 0.000000
vt 0.500000 0.974100 0.000000
vt 0.500000 0.000000 0.000000
vt 0.750000 0.000000 0.000000
vt 0.750000 0.250000 0.000000
vt 0.500000 0.250000 0.000000
vt 0.025900 0.250000 0.000000
vt 0.099100 0.250000 0.000000
vt 0.099100 0.500000 0.000000
vt 0.025900 0.500000 0.000000
vt 0.500000 0.000000 0.000000
vt 0.500000 0.250000 0.000000
vt 0.250000 0.000000 0.000000
vt 0.500000 0.000000 0.000000
vt 0.500000 0.250000 0.000000
vt 0.250000 0.250000 0.000000
vt 0.250000 0.750000 0.000000
vt 0.250000 0.500000 0.000000
vt 0.500000 0.500000 0.000000
vt 0.500000 0.750000 0.000000
vt 1.000000 0.000000 0.000000
vt 1.000000 0.250000 0.000000
vt 0.099100 0.750000 0.000000
vt 0.025900 0.750000 0.000000
vt 0.500000 0.500000 0.000000
vt 0.500000 1.000000 0.000000
vt 0.250000 1.000000 0.000000
vt 0.250000 0.500000 0.000000
vt 0.250000 0.500000 0.000000
vt 0.250000 1.000000 0.000000
vt 0.000000 1.000000 0.000000
vt 0.000000 0.500000 0.000000
vt 0.750000 0.500000 0.000000
vt 0.750000 1.000000 0.000000
vt 0.500000 0.500000 0.000000
vt 0.500000 1.000000 0.000000
vt 1.000000 0.500000 0.000000
vt 1.000000 1.000000 0.000000
vt 0.500000 1.000000 0.000000
vt 0.500000 1.000000 0.000000
vt 0.250000 0.875000 0.000000
vt 0.500000 0.875000 0.000000
vt 0.125000 0.000000 0.000000
vt 0.125000 0.250000 0.000000
vt 0.125000 0.500000 0.000000
vt 0.125000 0.750000 0.000000
vt 0.250000 0.000000 0.000000
vt 0.500000 0.000000 0.000000
vt 0.125000 0.000000 0.000000
vt 0.250000 0.000000 0.000000
vt 0.500000 0.000000 0.000000
vt 0.125000 0.000000 0.000000
vt 0.500000 0.000000 0.000000
vt 0.250000 0.000000 0.000000
vt 0.125000 0.000000 0.000000
vt 0.000000 1.000000 0.000000
vt 0.000000 1.000000 0.000000
vt 0.000000 0.500000 0.000000
vt 0.000000 0.500000 0.000000
vt 0.000000 0.250000 0.000000
vt 0.000000 0.250000 0.000000
vt 0.000000 0.000000 0.000000
vt 0.000000 0.000000 0.000000
vt 0.000000 0.500000 0.000000
vt 0.000000 1.000000 0.000000
vt 0.000000 1.000000 0.000000
vt 0.000000 0.500000 0.000000
vt 0.000000 0.500000 0.000000
vt 0.000000 0.500000 0.000000
vt 0.000000 1.000000 0.000000
vt 0.250000 1.000000 0.000000
vt 0.000000 1.000000 0.000000
vt 0.250000 1.000000 0.000000
vt 0.000000 1.000000 0.000000
vt 0.750000 1.000000 0.000000
vt 0.500000 1.000000 0.000000
vt 0.250000 1.000000 0.000000
vt 1.000000 1.000000 0.000000
vt 0.000000 1.000000 0.000000
vt 0.000000 1.000000 0.000000
vt 0.000000 1.000000 0.000000
vt 0.000000 1.000000 0.000000
vt 0.000000 1.000000 0.000000
vt 0.000000 1.000000 0.000000
vt 0.500000 1.000000 0.000000
vt 0.500000 1.000000 0.000000
vt 0.250000 1.000000 0.000000
vt 0.250000 1.000000 0.000000
vt 0.250000 1.000000 0.000000
vt 0.000000 1.000000 0.000000
vt 0.000000 1.000000 0.000000
vt 0.750000 1.000000 0.000000
vt 0.750000 1.000000 0.000000
vt 0.500000 1.000000 0.000000
vt 0.250000 1.000000 0.000000
vt 1.000000 1.000000 0.000000
vt 1.000000 1.000000 0.000000
vt 0.000000 1.000000 0.000000
vt 0.000000 1.000000 0.000000
vt 0.000000 1.000000 0.000000
vt 0.000000 1.000000 0.000000
vt 0.000000 1.000000 0.000000
vt 0.000000 1.000000 0.000000
vt 0.000000 1.000000 0.000000
vt 0.000000 1.000000 0.000000
vt 0.000000 1.000000 0.000000
vt 0.000000 1.000000 0.000000
vt 0.500000 1.000000 0.000000
vt 0.250000 1.000000 0.000000
vt 0.000000 1.000000 0.000000
vt 0.750000 1.000000 0.000000
vt 1.000000 1.000000 0.000000
vt 0.000000 1.000000 0.000000
vt 0.000000 1.000000 0.000000
vt 0.000000 1.000000 0.000000
vt 0.000000 1.000000 0.000000
vt 0.000000 1.000000 0.000000
vt 0.000000 1.000000 0.000000
vt 0.000000 1.000000 0.000000
vt 0.025900 0.000000 0.000000
vt 0.099100 0.000000 0.000000
vt 0.000000 0.500000 0.000000
vt 0.000000 1.000000 0.000000
vt 0.000000 1.000000 0.000000
vt 0.023204 0.978256 0.000000
vt 0.088783 0.916802 0.000000
vt 0.111987 0.895058 0.000000
vt 0.250000 1.000000 0.000000
vt 0.000000 0.500000 0.000000
vt 0.000000 0.250000 0.000000
vt 0.000000 0.750000 0.000000
vt 0.000000 0.250000 0.000000
vt 0.000000 0.000000 0.000000
vt 0.000000 0.000000 0.000000
vt 0.000000 1.000000 0.000000
vt 0.000000 0.500000 0.000000
vt 0.000000 0.500000 0.000000
vt 0.000000 1.000000 0.000000
vt 0.000000 1.000000 0.000000
vt 0.000000 1.000000 0.000000
vt 0.000000 1.000000 0.000000
vt 0.000000 0.500000 0.000000
vt 0.000000 0.500000 0.000000
vt 0.000000 0.500000 0.000000
vt 0.000000 0.500000 0.000000
vt 0.000000 0.500000 0.000000
vt 0.000000 0.500000 0.000000
vt 0.500000 1.000000 0.000000
vt 0.500000 0.000000 0.000000
vt 0.250000 0.000000 0.000000
vt 0.125000 0.000000 0.000000
vt 0.000000 0.500000 0.000000
vt 0.000000 1.000000 0.000000
vt 0.000000 1.000000 0.000000
vt 0.000000 1.000000 0.000000
vt 0.000000 1.000000 0.000000
vt 0.000000 1.000000 0.000000
vt 0.000000 1.000000 0.000000
vt 0.000000 1.000000 0.000000
vt 0.000000 1.000000 0.000000
vt 0.000000 1.000000 0.000000
vt 0.000000 1.000000 0.000000
vt 0.000000 0.500000 0.000000
vt 0.000000 0.500000 0.000000
vt 0.250000 0.000000 0.000000
vt 0.500000 0.000000 0.000000
vt 0.500000 0.500000 0.000000
vt 0.500000 1.000000 0.000000
vt 0.500000 1.000000 0.000000
vt 0.500000 1.000000 0.000000
vt 0.500000 1.000000 0.000000
vt 0.500000 0.500000 0.000000
vt 0.500000 1.000000 0.000000
vt 0.500000 1.000000 0.000000
vt 0.500000 1.000000 0.000000
vt 0.500000 1.000000 0.000000
vt 0.500000 0.500000 0.000000
vt 0.500000 1.000000 0.000000
vt 0.500000 1.000000 0.000000
vt 0.500000 0.500000 0.000000
vt 0.500000 1.000000 0.000000
vt 0.500000 1.000000 0.000000
vt 0.500000 0.750000 0.000000
vt 0.250000 0.750000 0.000000
vt 0.250000 0.750000 0.000000
vt 1.000000 0.750000 0.000000
vt 0.000000 0.750000 0.000000
vt 0.750000 0.750000 0.000000
vt 0.500000 0.750000 0.000000
vt 0.000000 0.750000 0.000000
vt 0.000000 0.750000 0.000000
vt 0.000000 0.750000 0.000000
vt 0.000000 0.750000 0.000000
vt 0.000000 0.750000 0.000000
vt 0.000000 0.750000 0.000000
vt 0.000000 0.750000 0.000000
vt 0.000000 0.750000 0.000000
vt 0.500000 0.750000 0.000000
vt 0.500000 0.750000 0.000000
vt 0.000000 0.750000 0.000000
vt 1.000000 0.750000 0.000000
vt 0.000000 0.750000 0.000000
vt 0.500000 0.750000 0.000000
vt 0.500000 0.750000 0.000000
vt 0.250000 0.750000 0.000000
vt 0.750000 0.750000 0.000000
vt 0.000000 0.750000 0.000000
vt 0.000000 0.750000 0.000000
vt 0.250000 0.750000 0.000000
vt 0.000000 0.750000 0.000000
vt 0.000000 0.750000 0.000000
vt 0.000000 0.750000 0.000000
vt 0.000000 0.750000 0.000000
vt 0.000000 0.750000 0.000000
vt 0.500000 0.750000 0.000000
vt 0.500000 0.750000 0.000000
vt 0.500000 1.000000 0.000000
vt 0.000000 1.000000 0.000000
vt 1.000000 1.000000 0.000000
vt 0.000000 1.000000 0.000000
vt 0.500000 1.000000 0.000000
vt 0.250000 1.000000 0.000000
vt 0.750000 1.000000 0.000000
vt 0.000000 1.000000 0.000000
vt 0.250000 1.000000 0.000000
vt 0.000000 1.000000 0.000000
vt 0.000000 1.000000 0.000000
vt 0.000000 1.000000 0.000000
vt 0.000000 1.000000 0.000000
vt 0.000000 1.000000 0.000000
vt 0.000000 1.000000 0.000000
vt 0.500000 1.000000 0.000000
vt 0.500000 1.000000 0.000000
vt 0.500000 1.000000 0.000000
vt 0.000000 1.000000 0.000000
vt 1.000000 1.000000 0.000000
vt 0.000000 1.000000 0.000000
vt 0.500000 1.000000 0.000000
vt 0.250000 1.000000 0.000000
vt 0.750000 1.000000 0.000000
vt 0.000000 1.000000 0.000000
vt 0.250000 1.000000 0.000000
vt 0.000000 1.000000 0.000000
vt 0.000000 1.000000 0.000000
vt 0.000000 1.000000 0.000000
vt 0.000000 1.000000 0.000000
vt 0.000000 1.000000 0.000000
vt 0.500000 1.000000 0.000000
vt 0.500000 1.000000 0.000000
vt 0.000000 1.000000 0.000000
vt 1.000000 0.625000 0.000000
vt 0.000000 0.625000 0.000000
vt 0.500000 0.625000 0.000000
vt 0.500000 0.625000 0.000000
vt 0.250000 0.625000 0.000000
vt 0.750000 0.625000 0.000000
vt 0.000000 0.625000 0.000000
vt 0.000000 0.625000 0.000000
vt 0.000000 0.625000 0.000000
vt 0.500000 0.625000 0.000000
vt 0.500000 0.625000 0.000000
vt 0.000000 0.625000 0.000000
vt 0.000000 0.625000 0.000000
vt 0.250000 0.625000 0.000000
vt 0.000000 0.625000 0.000000
vt 0.000000 0.625000 0.000000
vt 0.000000 0.625000 0.000000
vt 0.250000 0.625000 0.000000
vt 0.000000 0.625000 0.000000
vt 0.000000 0.625000 0.000000
vt 0.000000 0.625000 0.000000
vt 0.000000 0.625000 0.000000
vt 0.000000 0.625000 0.000000
vt 0.500000 0.625000 0.000000
vt 0.250000 0.625000 0.000000
vt 1.000000 0.625000 0.000000
vt 0.000000 0.625000 0.000000
vt 0.750000 0.625000 0.000000
vt 0.500000 0.625000 0.000000
vt 0.000000 0.625000 0.000000
vt 0.000000 0.625000 0.000000
vt 0.000000 0.625000 0.000000
vt 0.500000 0.625000 0.000000
vt 0.500000 0.625000 0.000000
vt 0.500000 0.000000 0.000000
vt 0.500000 0.000000 0.000000
vt 0.500000 0.000000 0.000000
vt 0.500000 0.000000 0.000000
vt 0.500000 0.900900 0.000000
vt 0.500000 1.000000 0.000000
vt 0.500000 0.500000 0.000000
vt 0.500000 0.750000 0.000000
vt 0.500000 1.000000 0.000000
vt 0.500000 0.875000 0.000000
vt 0.500000 1.000000 0.000000
vt 0.500000 0.250000 0.000000
vt 0.500000 0.974100 0.000000
vt 0.500000 0.000000 0.000000
vt 0.500000 1.000000 0.000000
vt 0.500000 1.000000 0.000000
vt 0.500000 0.000000 0.000000
vt 0.500000 0.000000 0.000000
vt 0.500000 0.000000 0.000000
vt 0.500000 0.900900 0.000000
vt 0.500000 0.000000 0.000000
vt 0.500000 1.000000 0.000000
vt 0.500000 0.500000 0.000000
vt 0.500000 0.750000 0.000000
vt 0.500000 1.000000 0.000000
vt 0.500000 0.875000 0.000000
vt 0.500000 1.000000 0.000000
vt 0.500000 0.250000 0.000000
vt 0.500000 0.974100 0.000000
vt 0.500000 0.000000 0.000000
vt 0.500000 1.000000 0.000000
vt 0.500000 1.000000 0.000000
vt 0.471544 1.000000 0.000000
vt 0.471544 0.500000 0.000000
vt 0.500000 0.471544 0.000000
vt 0.500000 1.000000 0.000000
vt 0.471544 1.000000 0.000000
vt 0.471544 1.000000 0.000000
vt 0.471544 1.000000 0.000000
vt 0.471544 1.000000 0.000000
vt 0.471544 0.500000 0.000000
vt 0.500000 0.471544 0.000000
vt 0.500000 1.000000 0.000000
vt 0.471544 1.000000 0.000000
vt 0.471544 1.000000 0.000000
vt 0.471544 1.000000 0.000000
vt 0.471544 0.750000 0.000000
vt 0.471544 0.750000 0.000000
vt 0.471544 1.000000 0.000000
vt 0.471544 1.000000 0.000000
vt 0.471544 0.625000 0.000000
vt 0.471544 0.625000 0.000000
vt 0.500000 1.000000 0.000000
vt 0.500000 1.000000 0.000000
# 2869 texture coords

g 99693
s 1
f 1/1/1 2/2/2 4/4/3 3/3/4 
f 26/26/5 358/358/6 357/357/7 5/5/8 
f 27/27/9 28/28/10 7/7/11 6/6/12 
f 28/28/13 29/29/14 8/8/15 7/7/16 
f 29/29/17 30/30/18 9/9/19 8/8/20 
f 30/30/21 31/31/22 10/10/23 9/9/24 
f 31/31/25 32/32/26 11/11/27 10/10/28 
f 32/32/29 33/33/30 12/12/31 11/11/32 
f 33/33/33 34/34/34 13/13/35 12/12/36 
f 34/34/37 35/35/38 14/14/39 13/13/40 
f 35/35/41 36/36/42 15/15/43 14/14/44 
f 36/36/45 37/37/46 16/16/47 15/15/48 
f 37/37/49 38/38/50 17/17/51 16/16/52 
f 38/38/53 39/39/54 18/18/55 17/17/56 
f 39/39/57 40/40/58 19/19/59 18/18/60 
f 40/40/61 41/41/62 20/20/63 19/19/64 
f 41/41/65 42/42/66 21/21/67 20/20/68 
f 42/42/69 43/43/70 22/22/71 21/21/72 
f 43/43/73 44/44/74 23/23/75 22/22/76 
f 44/44/77 45/45/78 24/24/79 23/23/80 
f 45/45/81 46/46/82 25/25/83 24/24/84 
f 47/47/85 359/359/86 358/358/87 26/26/88 
f 48/48/89 49/49/90 28/28/91 27/27/92 
f 49/49/93 50/50/94 29/29/95 28/28/96 
f 50/50/97 51/51/98 30/30/99 29/29/100 
f 51/51/101 52/52/102 31/31/103 30/30/104 
f 52/52/105 53/53/106 32/32/107 31/31/108 
f 53/53/109 54/54/110 33/33/111 32/32/112 
f 54/54/113 55/55/114 34/34/115 33/33/116 
f 55/55/117 56/56/118 35/35/119 34/34/120 
f 56/56/121 57/57/122 36/36/123 35/35/124 
f 57/57/125 58/58/126 37/37/127 36/36/128 
f 58/58/129 59/59/130 38/38/131 37/37/132 
f 59/59/133 60/60/134 39/39/135 38/38/136 
f 60/60/137 61/61/138 40/40/139 39/39/140 
f 61/61/141 62/62/142 41/41/143 40/40/144 
f 62/62/145 63/63/146 42/42/147 41/41/148 
f 63/63/149 64/64/150 43/43/151 42/42/152 
f 64/64/153 65/65/154 44/44/155 43/43/156 
f 65/65/157 66/66/158 45/45/159 44/44/160 
f 66/66/161 67/67/162 46/46/163 45/45/164 
f 68/68/165 360/360/166 359/359/167 47/47/168 
f 69/69/169 70/70/170 49/49/171 48/48/172 
f 70/70/173 71/71/174 50/50/175 49/49/176 
f 71/71/177 72/72/178 51/51/179 50/50/180 
f 72/72/181 73/73/182 52/52/183 51/51/184 
f 73/73/185 74/74/186 53/53/187 52/52/188 
f 74/74/189 75/75/190 54/54/191 53/53/192 
f 75/75/193 76/76/194 55/55/195 54/54/196 
f 76/76/197 77/77/198 56/56/199 55/55/200 
f 77/77/201 78/78/202 57/57/203 56/56/204 
f 78/78/205 79/79/206 58/58/207 57/57/208 
f 79/79/209 80/80/210 59/59/211 58/58/212 
f 80/80/213 81/81/214 60/60/215 59/59/216 
f 81/81/217 82/82/218 61/61/219 60/60/220 
f 82/82/221 83/83/222 62/62/223 61/61/224 
f 83/83/225 84/84/226 63/63/227 62/62/228 
f 84/84/229 85/85/230 64/64/231 63/63/232 
f 85/85/233 86/86/234 65/65/235 64/64/236 
f 86/86/237 87/87/238 66/66/239 65/65/240 
f 87/87/241 88/88/242 67/67/243 66/66/244 
f 89/89/245 361/361/246 360/360/247 68/68/248 
f 90/90/249 91/91/250 70/70/251 69/69/252 
f 91/91/253 92/92/254 71/71/255 70/70/256 
f 92/92/257 93/93/258 72/72/259 71/71/260 
f 93/93/261 94/94/262 73/73/263 72/72/264 
f 94/94/265 95/95/266 74/74/267 73/73/268 
f 95/95/269 96/96/270 75/75/271 74/74/272 
f 96/96/273 97/97/274 76/76/275 75/75/276 
f 97/97/277 98/98/278 77/77/279 76/76/280 
f 98/98/281 99/99/282 78/78/283 77/77/284 
f 99/99/285 100/100/286 79/79/287 78/78/288 
f 100/100/289 101/101/290 80/80/291 79/79/292 
f 101/101/293 102/102/294 81/81/295 80/80/296 
f 102/102/297 103/103/298 82/82/299 81/81/300 
f 103/103/301 104/104/302 83/83/303 82/82/304 
f 104/104/305 105/105/306 84/84/307 83/83/308 
f 105/105/309 106/106/310 85/85/311 84/84/312 
f 106/106/313 107/107/314 86/86/315 85/85/316 
f 107/107/317 108/108/318 87/87/319 86/86/320 
f 108/108/321 109/109/322 88/88/323 87/87/324 
f 110/110/325 362/362/326 361/361/327 89/89/328 
f 111/111/329 112/112/330 91/91/331 90/90/332 
f 112/112/333 113/113/334 92/92/335 91/91/336 
f 113/113/337 114/114/338 93/93/339 92/92/340 
f 114/114/341 115/115/342 94/94/343 93/93/344 
f 115/115/345 116/116/346 95/95/347 94/94/348 
f 116/116/349 117/117/350 96/96/351 95/95/352 
f 117/117/353 118/118/354 97/97/355 96/96/356 
f 118/118/357 119/119/358 98/98/359 97/97/360 
f 119/119/361 120/120/362 99/99/363 98/98/364 
f 120/120/365 121/121/366 100/100/367 99/99/368 
f 121/121/369 122/122/370 101/101/371 100/100/372 
f 122/122/373 123/123/374 102/102/375 101/101/376 
f 123/123/377 124/124/378 103/103/379 102/102/380 
f 124/124/381 125/125/382 104/104/383 103/103/384 
f 125/125/385 126/126/386 105/105/387 104/104/388 
f 126/126/389 127/127/390 106/106/391 105/105/392 
f 127/127/393 128/128/394 107/107/395 106/106/396 
f 128/128/397 129/129/398 108/108/399 107/107/400 
f 129/129/401 130/130/402 109/109/403 108/108/404 
f 131/131/405 363/363/406 362/362/407 110/110/408 
f 132/132/409 133/133/410 112/112/411 111/111/412 
f 133/133/413 134/134/414 113/113/415 112/112/416 
f 134/134/417 135/135/418 114/114/419 113/113/420 
f 135/135/421 136/136/422 115/115/423 114/114/424 
f 136/136/425 137/137/426 116/116/427 115/115/428 
f 137/137/429 138/138/430 117/117/431 116/116/432 
f 138/138/433 139/139/434 118/118/435 117/117/436 
f 139/139/437 140/140/438 119/119/439 118/118/440 
f 140/140/441 141/141/442 120/120/443 119/119/444 
f 141/141/445 142/142/446 121/121/447 120/120/448 
f 142/142/449 143/143/450 122/122/451 121/121/452 
f 143/143/453 144/144/454 123/123/455 122/122/456 
f 144/144/457 145/145/458 124/124/459 123/123/460 
f 145/145/461 146/146/462 125/125/463 124/124/464 
f 146/146/465 147/147/466 126/126/467 125/125/468 
f 147/147/469 148/148/470 127/127/471 126/126/472 
f 148/148/473 149/149/474 128/128/475 127/127/476 
f 149/149/477 150/150/478 129/129/479 128/128/480 
f 150/150/481 151/151/482 130/130/483 129/129/484 
f 152/152/485 364/364/486 363/363/487 131/131/488 
f 153/153/489 154/154/490 133/133/491 132/132/492 
f 154/154/493 155/155/494 134/134/495 133/133/496 
f 155/155/497 156/156/498 135/135/499 134/134/500 
f 156/156/501 157/157/502 136/136/503 135/135/504 
f 157/157/505 158/158/506 137/137/507 136/136/508 
f 158/158/509 159/159/510 138/138/511 137/137/512 
f 159/159/513 160/160/514 139/139/515 138/138/516 
f 160/160/517 161/161/518 140/140/519 139/139/520 
f 161/161/521 162/162/522 141/141/523 140/140/524 
f 162/162/525 163/163/526 142/142/527 141/141/528 
f 163/163/529 164/164/530 143/143/531 142/142/532 
f 164/164/533 165/165/534 144/144/535 143/143/536 
f 165/165/537 166/166/538 145/145/539 144/144/540 
f 166/166/541 167/167/542 146/146/543 145/145/544 
f 167/167/545 168/168/546 147/147/547 146/146/548 
f 168/168/549 169/169/550 148/148/551 147/147/552 
f 169/169/553 170/170/554 149/149/555 148/148/556 
f 170/170/557 171/171/558 150/150/559 149/149/560 
f 171/171/561 172/172/562 151/151/563 150/150/564 
f 173/173/565 365/365/566 364/364/567 152/152/568 
f 174/174/569 175/175/570 154/154/571 153/153/572 
f 175/175/573 176/176/574 155/155/575 154/154/576 
f 176/176/577 177/177/578 156/156/579 155/155/580 
f 177/177/581 178/178/582 157/157/583 156/156/584 
f 178/178/585 179/179/586 158/158/587 157/157/588 
f 179/179/589 180/180/590 159/159/591 158/158/592 
f 180/180/593 181/181/594 160/160/595 159/159/596 
f 181/181/597 182/182/598 161/161/599 160/160/600 
f 182/182/601 183/183/602 162/162/603 161/161/604 
f 183/183/605 184/184/606 163/163/607 162/162/608 
f 184/184/609 185/185/610 164/164/611 163/163/612 
f 185/185/613 186/186/614 165/165/615 164/164/616 
f 186/186/617 187/187/618 166/166/619 165/165/620 
f 187/187/621 188/188/622 167/167/623 166/166/624 
f 188/188/625 189/189/626 168/168/627 167/167/628 
f 189/189/629 190/190/630 169/169/631 168/168/632 
f 190/190/633 191/191/634 170/170/635 169/169/636 
f 191/191/637 192/192/638 171/171/639 170/170/640 
f 192/192/641 193/193/642 172/172/643 171/171/644 
f 194/194/645 366/366/646 365/365/647 173/173/648 
f 195/195/649 196/196/650 175/175/651 174/174/652 
f 196/196/653 197/197/654 176/176/655 175/175/656 
f 197/197/657 198/198/658 177/177/659 176/176/660 
f 198/198/661 199/199/662 178/178/663 177/177/664 
f 199/199/665 200/200/666 179/179/667 178/178/668 
f 200/200/669 201/201/670 180/180/671 179/179/672 
f 201/201/673 202/202/674 181/181/675 180/180/676 
f 202/202/677 203/203/678 182/182/679 181/181/680 
f 203/203/681 204/204/682 183/183/683 182/182/684 
f 204/204/685 205/205/686 184/184/687 183/183/688 
f 205/205/689 206/206/690 185/185/691 184/184/692 
f 206/206/693 207/207/694 186/186/695 185/185/696 
f 207/207/697 208/208/698 187/187/699 186/186/700 
f 208/208/701 209/209/702 188/188/703 187/187/704 
f 209/209/705 210/210/706 189/189/707 188/188/708 
f 210/210/709 211/211/710 190/190/711 189/189/712 
f 211/211/713 212/212/714 191/191/715 190/190/716 
f 212/212/717 213/213/718 192/192/719 191/191/720 
f 213/213/721 214/214/722 193/193/723 192/192/724 
f 215/215/725 367/367/726 366/366/727 194/194/728 
f 216/216/729 217/217/730 196/196/731 195/195/732 
f 217/217/733 218/218/734 197/197/735 196/196/736 
f 218/218/737 219/219/738 198/198/739 197/197/740 
f 219/219/741 220/220/742 199/199/743 198/198/744 
f 220/220/745 221/221/746 200/200/747 199/199/748 
f 221/221/749 222/222/750 201/201/751 200/200/752 
f 222/222/753 223/223/754 202/202/755 201/201/756 
f 223/223/757 224/224/758 203/203/759 202/202/760 
f 224/224/761 225/225/762 204/204/763 203/203/764 
f 225/225/765 226/226/766 205/205/767 204/204/768 
f 226/226/769 227/227/770 206/206/771 205/205/772 
f 227/227/773 228/228/774 207/207/775 206/206/776 
f 228/228/777 229/229/778 208/208/779 207/207/780 
f 229/229/781 230/230/782 209/209/783 208/208/784 
f 230/230/785 231/231/786 210/210/787 209/209/788 
f 231/231/789 232/232/790 211/211/791 210/210/792 
f 232/232/793 233/233/794 212/212/795 211/211/796 
f 233/233/797 234/234/798 213/213/799 212/212/800 
f 234/234/801 235/235/802 214/214/803 213/213/804 
f 236/236/805 368/368/806 367/367/807 215/215/808 
f 237/237/809 238/238/810 217/217/811 216/216/812 
f 238/238/813 239/239/814 218/218/815 217/217/816 
f 239/239/817 240/240/818 219/219/819 218/218/820 
f 240/240/821 241/241/822 220/220/823 219/219/824 
f 241/241/825 242/242/826 221/221/827 220/220/828 
f 242/242/829 243/243/830 222/222/831 221/221/832 
f 243/243/833 244/244/834 223/223/835 222/222/836 
f 244/244/837 245/245/838 224/224/839 223/223/840 
f 245/245/841 246/246/842 225/225/843 224/224/844 
f 246/246/845 247/247/846 226/226/847 225/225/848 
f 247/247/849 248/248/850 227/227/851 226/226/852 
f 248/248/853 249/249/854 228/228/855 227/227/856 
f 249/249/857 250/250/858 229/229/859 228/228/860 
f 250/250/861 251/251/862 230/230/863 229/229/864 
f 251/251/865 252/252/866 231/231/867 230/230/868 
f 252/252/869 253/253/870 232/232/871 231/231/872 
f 253/253/873 254/254/874 233/233/875 232/232/876 
f 254/254/877 255/255/878 234/234/879 233/233/880 
f 255/255/881 256/256/882 235/235/883 234/234/884 
f 257/257/885 369/369/886 368/368/887 236/236/888 
f 258/258/889 259/259/890 238/238/891 237/237/892 
f 259/259/893 260/260/894 239/239/895 238/238/896 
f 260/260/897 261/261/898 240/240/899 239/239/900 
f 261/261/901 262/262/902 241/241/903 240/240/904 
f 262/262/905 263/263/906 242/242/907 241/241/908 
f 263/263/909 264/264/910 243/243/911 242/242/912 
f 264/264/913 265/265/914 244/244/915 243/243/916 
f 265/265/917 266/266/918 245/245/919 244/244/920 
f 266/266/921 267/267/922 246/246/923 245/245/924 
f 267/267/925 268/268/926 247/247/927 246/246/928 
f 268/268/929 269/269/930 248/248/931 247/247/932 
f 269/269/933 270/270/934 249/249/935 248/248/936 
f 270/270/937 271/271/938 250/250/939 249/249/940 
f 271/271/941 272/272/942 251/251/943 250/250/944 
f 272/272/945 273/273/946 252/252/947 251/251/948 
f 273/273/949 274/274/950 253/253/951 252/252/952 
f 274/274/953 275/275/954 254/254/955 253/253/956 
f 275/275/957 276/276/958 255/255/959 254/254/960 
f 276/276/961 277/277/962 256/256/963 255/255/964 
f 278/278/965 370/370/966 369/369/967 257/257/968 
f 279/279/969 280/280/970 259/259/971 258/258/972 
f 280/280/973 281/281/974 260/260/975 259/259/976 
f 281/281/977 282/282/978 261/261/979 260/260/980 
f 282/282/981 283/283/982 262/262/983 261/261/984 
f 283/283/985 284/284/986 263/263/987 262/262/988 
f 284/284/989 285/285/990 264/264/991 263/263/992 
f 285/285/993 286/286/994 265/265/995 264/264/996 
f 286/286/997 287/287/998 266/266/999 265/265/1000 
f 287/287/1001 288/288/1002 267/267/1003 266/266/1004 
f 288/288/1005 289/289/1006 268/268/1007 267/267/1008 
f 289/289/1009 290/290/1010 269/269/1011 268/268/1012 
f 290/290/1013 291/291/1014 270/270/1015 269/269/1016 
f 291/291/1017 292/292/1018 271/271/1019 270/270/1020 
f 292/292/1021 293/293/1022 272/272/1023 271/271/1024 
f 293/293/1025 294/294/1026 273/273/1027 272/272/1028 
f 294/294/1029 295/295/1030 274/274/1031 273/273/1032 
f 295/295/1033 296/296/1034 275/275/1035 274/274/1036 
f 296/296/1037 297/297/1038 276/276/1039 275/275/1040 
f 297/297/1041 298/298/1042 277/277/1043 276/276/1044 
f 299/299/1045 371/371/1046 370/370/1047 278/278/1048 
f 300/300/1049 301/301/1050 280/280/1051 279/279/1052 
f 301/301/1053 302/302/1054 281/281/1055 280/280/1056 
f 302/302/1057 303/303/1058 282/282/1059 281/281/1060 
f 303/303/1061 304/304/1062 283/283/1063 282/282/1064 
f 304/304/1065 305/305/1066 284/284/1067 283/283/1068 
f 305/305/1069 306/306/1070 285/285/1071 284/284/1072 
f 306/306/1073 307/307/1074 286/286/1075 285/285/1076 
f 307/307/1077 308/308/1078 287/287/1079 286/286/1080 
f 308/308/1081 309/309/1082 288/288/1083 287/287/1084 
f 309/309/1085 310/310/1086 289/289/1087 288/288/1088 
f 310/310/1089 311/311/1090 290/290/1091 289/289/1092 
f 311/311/1093 312/312/1094 291/291/1095 290/290/1096 
f 312/312/1097 313/313/1098 292/292/1099 291/291/1100 
f 313/313/1101 314/314/1102 293/293/1103 292/292/1104 
f 314/314/1105 315/315/1106 294/294/1107 293/293/1108 
f 315/315/1109 316/316/1110 295/295/1111 294/294/1112 
f 316/316/1113 317/317/1114 296/296/1115 295/295/1116 
f 317/317/1117 318/318/1118 297/297/1119 296/296/1120 
f 318/318/1121 319/319/1122 298/298/1123 297/297/1124 
f 320/320/1125 372/372/1126 371/371/1127 299/299/1128 
f 321/321/1129 322/322/1130 301/301/1131 300/300/1132 
f 322/322/1133 323/323/1134 302/302/1135 301/301/1136 
f 323/323/1137 324/324/1138 303/303/1139 302/302/1140 
f 324/324/1141 325/325/1142 304/304/1143 303/303/1144 
f 325/325/1145 326/326/1146 305/305/1147 304/304/1148 
f 326/326/1149 327/327/1150 306/306/1151 305/305/1152 
f 327/327/1153 328/328/1154 307/307/1155 306/306/1156 
f 328/328/1157 329/329/1158 308/308/1159 307/307/1160 
f 329/329/1161 330/330/1162 309/309/1163 308/308/1164 
f 330/330/1165 331/331/1166 310/310/1167 309/309/1168 
f 331/331/1169 332/332/1170 311/311/1171 310/310/1172 
f 332/332/1173 333/333/1174 312/312/1175 311/311/1176 
f 333/333/1177 334/334/1178 313/313/1179 312/312/1180 
f 334/334/1181 335/335/1182 314/314/1183 313/313/1184 
f 335/335/1185 336/336/1186 315/315/1187 314/314/1188 
f 336/336/1189 337/337/1190 316/316/1191 315/315/1192 
f 337/337/1193 338/338/1194 317/317/1195 316/316/1196 
f 338/338/1197 339/339/1198 318/318/1199 317/317/1200 
f 339/339/1201 340/340/1202 319/319/1203 318/318/1204 
f 5/5/1205 357/357/1206 372/372/1207 320/320/1208 
f 6/6/1209 7/7/1210 322/322/1211 321/321/1212 
f 7/7/1213 8/8/1214 323/323/1215 322/322/1216 
f 8/8/1217 9/9/1218 324/324/1219 323/323/1220 
f 9/9/1221 10/10/1222 325/325/1223 324/324/1224 
f 10/10/1225 11/11/1226 326/326/1227 325/325/1228 
f 11/11/1229 12/12/1230 327/327/1231 326/326/1232 
f 12/12/1233 13/13/1234 328/328/1235 327/327/1236 
f 13/13/1237 14/14/1238 329/329/1239 328/328/1240 
f 14/14/1241 15/15/1242 330/330/1243 329/329/1244 
f 15/15/1245 16/16/1246 331/331/1247 330/330/1248 
f 16/16/1249 17/17/1250 332/332/1251 331/331/1252 
f 17/17/1253 18/18/1254 333/333/1255 332/332/1256 
f 18/18/1257 19/19/1258 334/334/1259 333/333/1260 
f 19/19/1261 20/20/1262 335/335/1263 334/334/1264 
f 20/20/1265 21/21/1266 336/336/1267 335/335/1268 
f 21/21/1269 22/22/1270 337/337/1271 336/336/1272 
f 22/22/1273 23/23/1274 338/338/1275 337/337/1276 
f 23/23/1277 24/24/1278 339/339/1279 338/338/1280 
f 24/24/1281 25/25/1282 340/340/1283 339/339/1284 
f 5/5/1285 373/373/1286 374/374/1287 26/26/1288 
f 26/26/1289 374/374/1290 375/375/1291 47/47/1292 
f 47/47/1293 375/375/1294 376/376/1295 68/68/1296 
f 68/68/1297 376/376/1298 377/377/1299 89/89/1300 
f 89/89/1301 377/377/1302 378/378/1303 110/110/1304 
f 110/110/1305 378/378/1306 379/379/1307 131/131/1308 
f 131/131/1309 379/379/1310 380/380/1311 152/152/1312 
f 152/152/1313 380/380/1314 381/381/1315 173/173/1316 
f 173/173/1317 381/381/1318 382/382/1319 194/194/1320 
f 194/194/1321 382/382/1322 383/383/1323 215/215/1324 
f 215/215/1325 383/383/1326 384/384/1327 236/236/1328 
f 236/236/1329 384/384/1330 385/385/1331 257/257/1332 
f 257/257/1333 385/385/1334 386/386/1335 278/278/1336 
f 278/278/1337 386/386/1338 387/387/1339 299/299/1340 
f 299/299/1341 387/387/1342 388/388/1343 320/320/1344 
f 320/320/1345 388/388/1346 373/373/1347 5/5/1348 
f 27/27/1349 6/6/1350 357/357/1351 358/358/1352 
f 48/48/1353 27/27/1354 358/358/1355 359/359/1356 
f 69/69/1357 48/48/1358 359/359/1359 360/360/1360 
f 90/90/1361 69/69/1362 360/360/1363 361/361/1364 
f 111/111/1365 90/90/1366 361/361/1367 362/362/1368 
f 132/132/1369 111/111/1370 362/362/1371 363/363/1372 
f 153/153/1373 132/132/1374 363/363/1375 364/364/1376 
f 174/174/1377 153/153/1378 364/364/1379 365/365/1380 
f 195/195/1381 174/174/1382 365/365/1383 366/366/1384 
f 216/216/1385 195/195/1386 366/366/1387 367/367/1388 
f 237/237/1389 216/216/1390 367/367/1391 368/368/1392 
f 258/258/1393 237/237/1394 368/368/1395 369/369/1396 
f 279/279/1397 258/258/1398 369/369/1399 370/370/1400 
f 300/300/1401 279/279/1402 370/370/1403 371/371/1404 
f 321/321/1405 300/300/1406 371/371/1407 372/372/1408 
f 6/6/1409 321/321/1410 372/372/1411 357/357/1412 
f 341/341/1413 342/342/1414 374/374/1415 373/373/1416 
f 342/342/1417 343/343/1418 375/375/1419 374/374/1420 
f 343/343/1421 344/344/1422 376/376/1423 375/375/1424 
f 344/344/1425 345/345/1426 377/377/1427 376/376/1428 
f 345/345/1429 346/346/1430 378/378/1431 377/377/1432 
f 346/346/1433 347/347/1434 379/379/1435 378/378/1436 
f 347/347/1437 348/348/1438 380/380/1439 379/379/1440 
f 348/348/1441 349/349/1442 381/381/1443 380/380/1444 
f 349/349/1445 350/350/1446 382/382/1447 381/381/1448 
f 350/350/1449 351/351/1450 383/383/1451 382/382/1452 
f 351/351/1453 352/352/1454 384/384/1455 383/383/1456 
f 352/352/1457 353/353/1458 385/385/1459 384/384/1460 
f 353/353/1461 354/354/1462 386/386/1463 385/385/1464 
f 354/354/1465 355/355/1466 387/387/1467 386/386/1468 
f 355/355/1469 356/356/1470 388/388/1471 387/387/1472 
f 356/356/1473 341/341/1474 373/373/1475 388/388/1476 
f 389/389/1477 390/390/1478 450/450/1479 449/449/1480 
f 391/391/1481 451/451/1482 450/450/1483 390/390/1484 
f 392/392/1485 452/452/1486 451/451/1487 391/391/1488 
f 392/392/1489 393/393/1490 453/453/1491 452/452/1492 
f 393/393/1493 394/394/1494 454/454/1495 453/453/1496 
f 394/394/1497 395/395/1498 455/455/1499 454/454/1500 
f 396/396/1501 456/456/1502 455/455/1503 395/395/1504 
f 397/397/1505 457/457/1506 456/456/1507 396/396/1508 
f 397/397/1509 398/398/1510 458/458/1511 457/457/1512 
f 398/398/1513 399/399/1514 459/459/1515 458/458/1516 
f 400/400/1517 460/460/1518 459/459/1519 399/399/1520 
f 400/400/1521 401/401/1522 461/461/1523 460/460/1524 
f 402/402/1525 462/462/1526 461/461/1527 401/401/1528 
f 403/403/1529 463/463/1530 462/462/1531 402/402/1532 
f 435/435/1533 434/434/1534 419/419/1535 420/420/1536 
f 436/436/1537 435/435/1538 420/420/1539 421/421/1540 
f 437/437/1541 436/436/1542 421/421/1543 422/422/1544 
f 438/438/1545 437/437/1546 422/422/1547 423/423/1548 
f 439/439/1549 438/438/1550 423/423/1551 424/424/1552 
f 425/425/1553 440/440/1554 439/439/1555 424/424/1556 
f 441/441/1557 440/440/1558 425/425/1559 426/426/1560 
f 427/427/1561 442/442/1562 441/441/1563 426/426/1564 
f 443/443/1565 442/442/1566 427/427/1567 428/428/1568 
f 444/444/1569 443/443/1570 428/428/1571 429/429/1572 
f 445/445/1573 444/444/1574 429/429/1575 430/430/1576 
f 431/431/1577 446/446/1578 445/445/1579 430/430/1580 
f 432/432/1581 447/447/1582 446/446/1583 431/431/1584 
f 433/433/1585 448/448/1586 447/447/1587 432/432/1588 
f 404/404/1589 888/888/1590 890/890/1591 434/434/1592 
f 405/405/1593 404/404/1594 434/434/1595 435/435/1596 
f 406/406/1597 405/405/1598 435/435/1599 436/436/1600 
f 407/407/1601 406/406/1602 436/436/1603 437/437/1604 
f 408/408/1605 407/407/1606 437/437/1607 438/438/1608 
f 409/409/1609 408/408/1610 438/438/1611 439/439/1612 
f 440/440/1613 410/410/1614 409/409/1615 439/439/1616 
f 411/411/1617 410/410/1618 440/440/1619 441/441/1620 
f 442/442/1621 412/412/1622 411/411/1623 441/441/1624 
f 413/413/1625 412/412/1626 442/442/1627 443/443/1628 
f 414/414/1629 413/413/1630 443/443/1631 444/444/1632 
f 415/415/1633 414/414/1634 444/444/1635 445/445/1636 
f 415/415/1637 445/445/1638 446/446/1639 416/416/1640 
f 416/416/1641 446/446/1642 447/447/1643 417/417/1644 
f 418/418/1645 417/417/1646 447/447/1647 448/448/1648 
f 420/420/1649 419/419/1650 449/449/1651 450/450/1652 
f 421/421/1653 420/420/1654 450/450/1655 451/451/1656 
f 422/422/1657 421/421/1658 451/451/1659 452/452/1660 
f 423/423/1661 422/422/1662 452/452/1663 453/453/1664 
f 424/424/1665 423/423/1666 453/453/1667 454/454/1668 
f 425/425/1669 424/424/1670 454/454/1671 455/455/1672 
f 426/426/1673 425/425/1674 455/455/1675 456/456/1676 
f 457/457/1677 427/427/1678 426/426/1679 456/456/1680 
f 428/428/1681 427/427/1682 457/457/1683 458/458/1684 
f 429/429/1685 428/428/1686 458/458/1687 459/459/1688 
f 430/430/1689 429/429/1690 459/459/1691 460/460/1692 
f 430/430/1693 460/460/1694 461/461/1695 431/431/1696 
f 462/462/1697 432/432/1698 431/431/1699 461/461/1700 
f 463/463/1701 433/433/1702 432/432/1703 462/462/1704 
f 449/449/1705 891/891/1706 887/887/1707 389/389/1708 
f 465/465/1709 480/480/1710 479/479/1711 464/464/1712 
f 479/479/1713 481/481/1714 466/466/1715 464/464/1716 
f 481/481/1717 482/482/1718 467/467/1719 466/466/1720 
f 467/467/1721 482/482/1722 483/483/1723 468/468/1724 
f 468/468/1725 483/483/1726 484/484/1727 469/469/1728 
f 469/469/1729 484/484/1730 485/485/1731 470/470/1732 
f 485/485/1733 486/486/1734 471/471/1735 470/470/1736 
f 486/486/1737 487/487/1738 472/472/1739 471/471/1740 
f 472/472/1741 487/487/1742 488/488/1743 473/473/1744 
f 473/473/1745 488/488/1746 489/489/1747 474/474/1748 
f 489/489/1749 490/490/1750 475/475/1751 474/474/1752 
f 475/475/1753 490/490/1754 491/491/1755 476/476/1756 
f 491/491/1757 492/492/1758 477/477/1759 476/476/1760 
f 492/492/1761 493/493/1762 478/478/1763 477/477/1764 
f 889/889/1765 890/890/1766 495/495/1767 494/494/1768 
f 494/494/1769 495/495/1770 497/497/1771 496/496/1772 
f 496/496/1773 497/497/1774 499/499/1775 498/498/1776 
f 498/498/1777 499/499/1778 501/501/1779 500/500/1780 
f 500/500/1781 501/501/1782 503/503/1783 502/502/1784 
f 502/502/1785 503/503/1786 505/505/1787 504/504/1788 
f 506/506/1789 504/504/1790 505/505/1791 507/507/1792 
f 506/506/1793 507/507/1794 509/509/1795 508/508/1796 
f 510/510/1797 508/508/1798 509/509/1799 511/511/1800 
f 510/510/1801 511/511/1802 513/513/1803 512/512/1804 
f 512/512/1805 513/513/1806 515/515/1807 514/514/1808 
f 514/514/1809 515/515/1810 517/517/1811 516/516/1812 
f 517/517/1813 519/519/1814 518/518/1815 516/516/1816 
f 520/520/1817 518/518/1818 519/519/1819 521/521/1820 
f 522/522/1821 520/520/1822 521/521/1823 523/523/1824 
f 495/495/1825 524/524/1826 525/525/1827 497/497/1828 
f 497/497/1829 525/525/1830 526/526/1831 499/499/1832 
f 499/499/1833 526/526/1834 527/527/1835 501/501/1836 
f 501/501/1837 527/527/1838 528/528/1839 503/503/1840 
f 503/503/1841 528/528/1842 529/529/1843 505/505/1844 
f 507/507/1845 505/505/1846 529/529/1847 530/530/1848 
f 507/507/1849 530/530/1850 531/531/1851 509/509/1852 
f 511/511/1853 509/509/1854 531/531/1855 532/532/1856 
f 511/511/1857 532/532/1858 533/533/1859 513/513/1860 
f 513/513/1861 533/533/1862 534/534/1863 515/515/1864 
f 515/515/1865 534/534/1866 535/535/1867 517/517/1868 
f 536/536/1869 519/519/1870 517/517/1871 535/535/1872 
f 537/537/1873 521/521/1874 519/519/1875 536/536/1876 
f 521/521/1877 537/537/1878 538/538/1879 523/523/1880 
f 891/891/1881 889/889/1882 494/494/1883 480/480/1884 
f 480/480/1885 494/494/1886 496/496/1887 479/479/1888 
f 479/479/1889 496/496/1890 498/498/1891 481/481/1892 
f 481/481/1893 498/498/1894 500/500/1895 482/482/1896 
f 482/482/1897 500/500/1898 502/502/1899 483/483/1900 
f 483/483/1901 502/502/1902 504/504/1903 484/484/1904 
f 484/484/1905 504/504/1906 506/506/1907 485/485/1908 
f 485/485/1909 506/506/1910 508/508/1911 486/486/1912 
f 487/487/1913 486/486/1914 508/508/1915 510/510/1916 
f 487/487/1917 510/510/1918 512/512/1919 488/488/1920 
f 488/488/1921 512/512/1922 514/514/1923 489/489/1924 
f 489/489/1925 514/514/1926 516/516/1927 490/490/1928 
f 518/518/1929 491/491/1930 490/490/1931 516/516/1932 
f 492/492/1933 491/491/1934 518/518/1935 520/520/1936 
f 493/493/1937 492/492/1938 520/520/1939 522/522/1940 
f 535/535/1941 892/892/1942 893/893/1943 536/536/1944 
f 536/536/1945 893/893/1946 894/894/1947 537/537/1948 
f 537/537/1949 894/894/1950 895/895/1951 538/538/1952 
f 540/540/1953 541/541/1954 542/542/1955 897/897/1956 
f 542/542/1957 543/543/1958 544/544/1959 546/546/1960 
f 544/544/1961 545/545/1962 546/546/1963 
f 546/546/1964 547/547/1965 548/548/1966 550/550/1967 
f 548/548/1968 549/549/1969 550/550/1970 
f 542/542/1971 546/546/1972 550/550/1973 897/897/1974 
f 550/550/1975 551/551/1976 897/897/1977 
f 540/540/1978 897/897/1979 896/896/1980 
f 888/888/1981 896/896/1982 539/539/1983 524/524/1984 
f 404/404/1985 405/405/1986 541/541/1987 540/540/1988 
f 406/406/1989 542/542/1990 541/541/1991 405/405/1992 
f 406/406/1993 407/407/1994 543/543/1995 542/542/1996 
f 408/408/1997 544/544/1998 543/543/1999 407/407/2000 
f 408/408/2001 409/409/2002 545/545/2003 544/544/2004 
f 410/410/2005 546/546/2006 545/545/2007 409/409/2008 
f 411/411/2009 547/547/2010 546/546/2011 410/410/2012 
f 412/412/2013 548/548/2014 547/547/2015 411/411/2016 
f 413/413/2017 549/549/2018 548/548/2019 412/412/2020 
f 414/414/2021 550/550/2022 549/549/2023 413/413/2024 
f 414/414/2025 415/415/2026 551/551/2027 550/550/2028 
f 892/892/2029 897/897/2030 551/551/2031 415/415/2032 
f 534/534/2033 553/553/2034 552/552/2035 535/535/2036 
f 534/534/2037 533/533/2038 554/554/2039 553/553/2040 
f 532/532/2041 555/555/2042 554/554/2043 533/533/2044 
f 531/531/2045 556/556/2046 555/555/2047 532/532/2048 
f 530/530/2049 557/557/2050 556/556/2051 531/531/2052 
f 530/530/2053 529/529/2054 558/558/2055 557/557/2056 
f 528/528/2057 559/559/2058 558/558/2059 529/529/2060 
f 528/528/2061 527/527/2062 560/560/2063 559/559/2064 
f 526/526/2065 561/561/2066 560/560/2067 527/527/2068 
f 526/526/2069 525/525/2070 562/562/2071 561/561/2072 
f 524/524/2073 539/539/2074 562/562/2075 525/525/2076 
f 843/843/2077 842/842/2078 563/563/2079 564/564/2080 
f 844/844/2081 843/843/2082 564/564/2083 565/565/2084 
f 845/845/2085 844/844/2086 565/565/2087 566/566/2088 
f 846/846/2089 845/845/2090 566/566/2091 753/753/2092 
f 847/847/2093 846/846/2094 753/753/2095 754/754/2096 
f 848/848/2097 847/847/2098 754/754/2099 755/755/2100 
f 849/849/2101 848/848/2102 755/755/2103 756/756/2104 
f 850/850/2105 849/849/2106 756/756/2107 567/567/2108 
f 851/851/2109 850/850/2110 567/567/2111 568/568/2112 
f 852/852/2113 851/851/2114 568/568/2115 569/569/2116 
f 853/853/2117 852/852/2118 569/569/2119 570/570/2120 
f 854/854/2121 853/853/2122 570/570/2123 757/757/2124 
f 855/855/2125 854/854/2126 757/757/2127 571/571/2128 
f 856/856/2129 855/855/2130 571/571/2131 757/757/2132 
f 842/842/2133 912/912/2134 898/898/2135 563/563/2136 
f 828/828/2137 827/827/2138 759/759/2139 572/572/2140 
f 827/827/2141 829/829/2142 760/760/2143 759/759/2144 
f 829/829/2145 830/830/2146 573/573/2147 760/760/2148 
f 830/830/2149 831/831/2150 574/574/2151 573/573/2152 
f 831/831/2153 832/832/2154 575/575/2155 574/574/2156 
f 832/832/2157 833/833/2158 761/761/2159 575/575/2160 
f 833/833/2161 834/834/2162 762/762/2163 761/761/2164 
f 834/834/2165 835/835/2166 763/763/2167 762/762/2168 
f 835/835/2169 836/836/2170 764/764/2171 763/763/2172 
f 836/836/2173 837/837/2174 576/576/2175 764/764/2176 
f 837/837/2177 838/838/2178 577/577/2179 576/576/2180 
f 838/838/2181 839/839/2182 766/766/2183 577/577/2184 
f 839/839/2185 840/840/2186 578/578/2187 766/766/2188 
f 840/840/2189 841/841/2190 766/766/2191 578/578/2192 
f 579/579/2193 582/582/2194 581/581/2195 580/580/2196 
f 581/581/2197 584/584/2198 583/583/2199 580/580/2200 
f 584/584/2201 586/586/2202 585/585/2203 583/583/2204 
f 585/585/2205 586/586/2206 588/588/2207 587/587/2208 
f 587/587/2209 588/588/2210 590/590/2211 589/589/2212 
f 589/589/2213 590/590/2214 592/592/2215 591/591/2216 
f 592/592/2217 594/594/2218 593/593/2219 591/591/2220 
f 594/594/2221 596/596/2222 595/595/2223 593/593/2224 
f 595/595/2225 596/596/2226 598/598/2227 597/597/2228 
f 597/597/2229 598/598/2230 600/600/2231 599/599/2232 
f 600/600/2233 602/602/2234 601/601/2235 599/599/2236 
f 601/601/2237 602/602/2238 604/604/2239 603/603/2240 
f 604/604/2241 606/606/2242 605/605/2243 603/603/2244 
f 606/606/2245 608/608/2246 607/607/2247 605/605/2248 
f 612/612/2249 611/611/2250 610/610/2251 609/609/2252 
f 609/609/2253 610/610/2254 614/614/2255 613/613/2256 
f 613/613/2257 614/614/2258 616/616/2259 615/615/2260 
f 615/615/2261 616/616/2262 618/618/2263 617/617/2264 
f 617/617/2265 618/618/2266 620/620/2267 619/619/2268 
f 621/621/2269 619/619/2270 620/620/2271 622/622/2272 
f 621/621/2273 622/622/2274 624/624/2275 623/623/2276 
f 625/625/2277 623/623/2278 624/624/2279 626/626/2280 
f 625/625/2281 626/626/2282 628/628/2283 627/627/2284 
f 627/627/2285 628/628/2286 630/630/2287 629/629/2288 
f 629/629/2289 630/630/2290 632/632/2291 631/631/2292 
f 632/632/2293 634/634/2294 633/633/2295 631/631/2296 
f 635/635/2297 633/633/2298 634/634/2299 636/636/2300 
f 637/637/2301 635/635/2302 636/636/2303 638/638/2304 
f 900/900/2305 899/899/2306 639/639/2307 611/611/2308 
f 611/611/2309 639/639/2310 642/642/2311 610/610/2312 
f 610/610/2313 642/642/2314 643/643/2315 614/614/2316 
f 614/614/2317 643/643/2318 644/644/2319 616/616/2320 
f 616/616/2321 644/644/2322 645/645/2323 618/618/2324 
f 618/618/2325 645/645/2326 646/646/2327 620/620/2328 
f 622/622/2329 620/620/2330 646/646/2331 647/647/2332 
f 622/622/2333 647/647/2334 648/648/2335 624/624/2336 
f 626/626/2337 624/624/2338 648/648/2339 649/649/2340 
f 626/626/2341 649/649/2342 650/650/2343 628/628/2344 
f 628/628/2345 650/650/2346 651/651/2347 630/630/2348 
f 630/630/2349 651/651/2350 652/652/2351 632/632/2352 
f 653/653/2353 634/634/2354 632/632/2355 652/652/2356 
f 654/654/2357 636/636/2358 634/634/2359 653/653/2360 
f 636/636/2361 654/654/2362 655/655/2363 638/638/2364 
f 582/582/2365 612/612/2366 609/609/2367 581/581/2368 
f 581/581/2369 609/609/2370 613/613/2371 584/584/2372 
f 584/584/2373 613/613/2374 615/615/2375 586/586/2376 
f 586/586/2377 615/615/2378 617/617/2379 588/588/2380 
f 588/588/2381 617/617/2382 619/619/2383 590/590/2384 
f 590/590/2385 619/619/2386 621/621/2387 592/592/2388 
f 592/592/2389 621/621/2390 623/623/2391 594/594/2392 
f 596/596/2393 594/594/2394 623/623/2395 625/625/2396 
f 596/596/2397 625/625/2398 627/627/2399 598/598/2400 
f 598/598/2401 627/627/2402 629/629/2403 600/600/2404 
f 600/600/2405 629/629/2406 631/631/2407 602/602/2408 
f 633/633/2409 604/604/2410 602/602/2411 631/631/2412 
f 606/606/2413 604/604/2414 633/633/2415 635/635/2416 
f 608/608/2417 606/606/2418 635/635/2419 637/637/2420 
f 902/902/2421 901/901/2422 582/582/2423 579/579/2424 
f 657/657/2425 659/659/2426 658/658/2427 656/656/2428 
f 661/661/2429 660/660/2430 658/658/2431 659/659/2432 
f 663/663/2433 662/662/2434 660/660/2435 661/661/2436 
f 663/663/2437 665/665/2438 664/664/2439 662/662/2440 
f 665/665/2441 667/667/2442 666/666/2443 664/664/2444 
f 667/667/2445 669/669/2446 668/668/2447 666/666/2448 
f 671/671/2449 670/670/2450 668/668/2451 669/669/2452 
f 673/673/2453 672/672/2454 670/670/2455 671/671/2456 
f 673/673/2457 675/675/2458 674/674/2459 672/672/2460 
f 675/675/2461 677/677/2462 676/676/2463 674/674/2464 
f 679/679/2465 678/678/2466 676/676/2467 677/677/2468 
f 679/679/2469 681/681/2470 680/680/2471 678/678/2472 
f 683/683/2473 682/682/2474 680/680/2475 681/681/2476 
f 685/685/2477 684/684/2478 682/682/2479 683/683/2480 
f 641/641/2481 900/900/2482 903/903/2483 686/686/2484 
f 688/688/2485 641/641/2486 686/686/2487 687/687/2488 
f 690/690/2489 688/688/2490 687/687/2491 689/689/2492 
f 692/692/2493 690/690/2494 689/689/2495 691/691/2496 
f 694/694/2497 692/692/2498 691/691/2499 693/693/2500 
f 696/696/2501 694/694/2502 693/693/2503 695/695/2504 
f 697/697/2505 698/698/2506 696/696/2507 695/695/2508 
f 700/700/2509 698/698/2510 697/697/2511 699/699/2512 
f 701/701/2513 702/702/2514 700/700/2515 699/699/2516 
f 704/704/2517 702/702/2518 701/701/2519 703/703/2520 
f 706/706/2521 704/704/2522 703/703/2523 705/705/2524 
f 708/708/2525 706/706/2526 705/705/2527 707/707/2528 
f 709/709/2529 710/710/2530 708/708/2531 707/707/2532 
f 711/711/2533 712/712/2534 710/710/2535 709/709/2536 
f 713/713/2537 714/714/2538 712/712/2539 711/711/2540 
f 715/715/2541 640/640/2542 641/641/2543 688/688/2544 
f 716/716/2545 715/715/2546 688/688/2547 690/690/2548 
f 717/717/2549 716/716/2550 690/690/2551 692/692/2552 
f 718/718/2553 717/717/2554 692/692/2555 694/694/2556 
f 719/719/2557 718/718/2558 694/694/2559 696/696/2560 
f 698/698/2561 720/720/2562 719/719/2563 696/696/2564 
f 721/721/2565 720/720/2566 698/698/2567 700/700/2568 
f 702/702/2569 722/722/2570 721/721/2571 700/700/2572 
f 723/723/2573 722/722/2574 702/702/2575 704/704/2576 
f 724/724/2577 723/723/2578 704/704/2579 706/706/2580 
f 725/725/2581 724/724/2582 706/706/2583 708/708/2584 
f 725/725/2585 708/708/2586 710/710/2587 726/726/2588 
f 726/726/2589 710/710/2590 712/712/2591 727/727/2592 
f 728/728/2593 727/727/2594 712/712/2595 714/714/2596 
f 686/686/2597 903/903/2598 901/901/2599 656/656/2600 
f 687/687/2601 686/686/2602 656/656/2603 658/658/2604 
f 689/689/2605 687/687/2606 658/658/2607 660/660/2608 
f 691/691/2609 689/689/2610 660/660/2611 662/662/2612 
f 693/693/2613 691/691/2614 662/662/2615 664/664/2616 
f 695/695/2617 693/693/2618 664/664/2619 666/666/2620 
f 697/697/2621 695/695/2622 666/666/2623 668/668/2624 
f 699/699/2625 697/697/2626 668/668/2627 670/670/2628 
f 672/672/2629 701/701/2630 699/699/2631 670/670/2632 
f 703/703/2633 701/701/2634 672/672/2635 674/674/2636 
f 705/705/2637 703/703/2638 674/674/2639 676/676/2640 
f 707/707/2641 705/705/2642 676/676/2643 678/678/2644 
f 707/707/2645 678/678/2646 680/680/2647 709/709/2648 
f 682/682/2649 711/711/2650 709/709/2651 680/680/2652 
f 684/684/2653 713/713/2654 711/711/2655 682/682/2656 
f 905/905/2657 904/904/2658 725/725/2659 726/726/2660 
f 906/906/2661 905/905/2662 726/726/2663 727/727/2664 
f 907/907/2665 906/906/2666 727/727/2667 728/728/2668 
f 729/729/2669 909/909/2670 908/908/2671 731/731/2672 
f 908/908/2673 740/740/2674 739/739/2675 737/737/2676 
f 739/739/2677 738/738/2678 737/737/2679 
f 737/737/2680 736/736/2681 735/735/2682 733/733/2683 
f 735/735/2684 734/734/2685 733/733/2686 
f 908/908/2687 737/737/2688 733/733/2689 731/731/2690 
f 733/733/2691 732/732/2692 731/731/2693 
f 729/729/2694 731/731/2695 730/730/2696 
f 752/752/2697 909/909/2698 899/899/2699 640/640/2700 
f 639/639/2701 729/729/2702 730/730/2703 642/642/2704 
f 730/730/2705 731/731/2706 643/643/2707 642/642/2708 
f 643/643/2709 731/731/2710 732/732/2711 644/644/2712 
f 732/732/2713 733/733/2714 645/645/2715 644/644/2716 
f 645/645/2717 733/733/2718 734/734/2719 646/646/2720 
f 734/734/2721 735/735/2722 647/647/2723 646/646/2724 
f 735/735/2725 736/736/2726 648/648/2727 647/647/2728 
f 736/736/2729 737/737/2730 649/649/2731 648/648/2732 
f 737/737/2733 738/738/2734 650/650/2735 649/649/2736 
f 738/738/2737 739/739/2738 651/651/2739 650/650/2740 
f 651/651/2741 739/739/2742 740/740/2743 652/652/2744 
f 740/740/2745 908/908/2746 904/904/2747 652/652/2748 
f 741/741/2749 742/742/2750 724/724/2751 725/725/2752 
f 724/724/2753 742/742/2754 743/743/2755 723/723/2756 
f 743/743/2757 744/744/2758 722/722/2759 723/723/2760 
f 744/744/2761 745/745/2762 721/721/2763 722/722/2764 
f 745/745/2765 746/746/2766 720/720/2767 721/721/2768 
f 720/720/2769 746/746/2770 747/747/2771 719/719/2772 
f 747/747/2773 748/748/2774 718/718/2775 719/719/2776 
f 718/718/2777 748/748/2778 749/749/2779 717/717/2780 
f 749/749/2781 750/750/2782 716/716/2783 717/717/2784 
f 716/716/2785 750/750/2786 751/751/2787 715/715/2788 
f 751/751/2789 752/752/2790 640/640/2791 715/715/2792 
f 563/563/2793 768/768/2794 767/767/2795 564/564/2796 
f 564/564/2797 767/767/2798 769/769/2799 565/565/2800 
f 565/565/2801 769/769/2802 770/770/2803 566/566/2804 
f 566/566/2805 770/770/2806 771/771/2807 753/753/2808 
f 753/753/2809 771/771/2810 772/772/2811 754/754/2812 
f 754/754/2813 772/772/2814 773/773/2815 755/755/2816 
f 755/755/2817 773/773/2818 774/774/2819 756/756/2820 
f 756/756/2821 774/774/2822 775/775/2823 567/567/2824 
f 567/567/2825 775/775/2826 776/776/2827 568/568/2828 
f 568/568/2829 776/776/2830 777/777/2831 569/569/2832 
f 569/569/2833 777/777/2834 778/778/2835 570/570/2836 
f 570/570/2837 778/778/2838 779/779/2839 757/757/2840 
f 757/757/2841 779/779/2842 780/780/2843 758/758/2844 
f 758/758/2845 780/780/2846 781/781/2847 757/757/2848 
f 898/898/2849 910/910/2850 768/768/2851 563/563/2852 
f 759/759/2853 783/783/2854 782/782/2855 572/572/2856 
f 760/760/2857 784/784/2858 783/783/2859 759/759/2860 
f 573/573/2861 785/785/2862 784/784/2863 760/760/2864 
f 574/574/2865 786/786/2866 785/785/2867 573/573/2868 
f 575/575/2869 787/787/2870 786/786/2871 574/574/2872 
f 761/761/2873 788/788/2874 787/787/2875 575/575/2876 
f 762/762/2877 789/789/2878 788/788/2879 761/761/2880 
f 763/763/2881 790/790/2882 789/789/2883 762/762/2884 
f 764/764/2885 791/791/2886 790/790/2887 763/763/2888 
f 576/576/2889 792/792/2890 791/791/2891 764/764/2892 
f 577/577/2893 793/793/2894 792/792/2895 576/576/2896 
f 766/766/2897 794/794/2898 793/793/2899 577/577/2900 
f 765/765/2901 795/795/2902 794/794/2903 766/766/2904 
f 766/766/2905 796/796/2906 795/795/2907 765/765/2908 
f 930/930/2909 929/929/2910 767/767/2911 768/768/2912 
f 929/929/2913 931/931/2914 769/769/2915 767/767/2916 
f 931/931/2917 932/932/2918 770/770/2919 769/769/2920 
f 932/932/2921 933/933/2922 771/771/2923 770/770/2924 
f 933/933/2925 934/934/2926 772/772/2927 771/771/2928 
f 934/934/2929 935/935/2930 773/773/2931 772/772/2932 
f 935/935/2933 936/936/2934 774/774/2935 773/773/2936 
f 936/936/2937 937/937/2938 775/775/2939 774/774/2940 
f 937/937/2941 938/938/2942 776/776/2943 775/775/2944 
f 938/938/2945 939/939/2946 777/777/2947 776/776/2948 
f 939/939/2949 940/940/2950 778/778/2951 777/777/2952 
f 940/940/2953 941/941/2954 779/779/2955 778/778/2956 
f 941/941/2957 942/942/2958 780/780/2959 779/779/2960 
f 942/942/2961 943/943/2962 781/781/2963 780/780/2964 
f 1142/1142/2965 1143/1143/2966 1144/1144/2967 944/944/2968 
f 1144/1144/2969 1145/1145/2970 944/944/2971 
f 1142/1142/2972 944/944/2973 1140/1140/2974 1141/1141/2975 
f 915/915/2976 914/914/2977 782/782/2978 783/783/2979 
f 916/916/2980 915/915/2981 783/783/2982 784/784/2983 
f 917/917/2984 916/916/2985 784/784/2986 785/785/2987 
f 918/918/2988 917/917/2989 785/785/2990 786/786/2991 
f 919/919/2992 918/918/2993 786/786/2994 787/787/2995 
f 920/920/2996 919/919/2997 787/787/2998 788/788/2999 
f 921/921/3000 920/920/3001 788/788/3002 789/789/3003 
f 922/922/3004 921/921/3005 789/789/3006 790/790/3007 
f 923/923/3008 922/922/3009 790/790/3010 791/791/3011 
f 924/924/3012 923/923/3013 791/791/3014 792/792/3015 
f 925/925/3016 924/924/3017 792/792/3018 793/793/3019 
f 926/926/3020 925/925/3021 793/793/3022 794/794/3023 
f 927/927/3024 926/926/3025 794/794/3026 795/795/3027 
f 928/928/3028 927/927/3029 795/795/3030 796/796/3031 
f 579/579/3032 580/580/3033 797/797/3034 798/798/3035 
f 580/580/3036 583/583/3037 799/799/3038 797/797/3039 
f 583/583/3040 585/585/3041 800/800/3042 799/799/3043 
f 585/585/3044 587/587/3045 801/801/3046 800/800/3047 
f 587/587/3048 589/589/3049 802/802/3050 801/801/3051 
f 589/589/3052 591/591/3053 803/803/3054 802/802/3055 
f 591/591/3056 593/593/3057 804/804/3058 803/803/3059 
f 593/593/3060 595/595/3061 805/805/3062 804/804/3063 
f 595/595/3064 597/597/3065 806/806/3066 805/805/3067 
f 597/597/3068 599/599/3069 807/807/3070 806/806/3071 
f 599/599/3072 601/601/3073 808/808/3074 807/807/3075 
f 601/601/3076 603/603/3077 809/809/3078 808/808/3079 
f 603/603/3080 605/605/3081 810/810/3082 809/809/3083 
f 605/605/3084 607/607/3085 811/811/3086 810/810/3087 
f 657/657/3088 902/902/3089 911/911/3090 812/812/3091 
f 659/659/3092 657/657/3093 812/812/3094 813/813/3095 
f 661/661/3096 659/659/3097 813/813/3098 814/814/3099 
f 663/663/3100 661/661/3101 814/814/3102 815/815/3103 
f 665/665/3104 663/663/3105 815/815/3106 816/816/3107 
f 667/667/3108 665/665/3109 816/816/3110 817/817/3111 
f 669/669/3112 667/667/3113 817/817/3114 818/818/3115 
f 671/671/3116 669/669/3117 818/818/3118 819/819/3119 
f 673/673/3120 671/671/3121 819/819/3122 820/820/3123 
f 675/675/3124 673/673/3125 820/820/3126 821/821/3127 
f 677/677/3128 675/675/3129 821/821/3130 822/822/3131 
f 679/679/3132 677/677/3133 822/822/3134 823/823/3135 
f 681/681/3136 679/679/3137 823/823/3138 824/824/3139 
f 683/683/3140 681/681/3141 824/824/3142 825/825/3143 
f 685/685/3144 683/683/3145 825/825/3146 826/826/3147 
f 873/873/3148 872/872/3149 842/842/3150 843/843/3151 
f 874/874/3152 873/873/3153 843/843/3154 844/844/3155 
f 875/875/3156 874/874/3157 844/844/3158 845/845/3159 
f 876/876/3160 875/875/3161 845/845/3162 846/846/3163 
f 877/877/3164 876/876/3165 846/846/3166 847/847/3167 
f 878/878/3168 877/877/3169 847/847/3170 848/848/3171 
f 879/879/3172 878/878/3173 848/848/3174 849/849/3175 
f 880/880/3176 879/879/3177 849/849/3178 850/850/3179 
f 881/881/3180 880/880/3181 850/850/3182 851/851/3183 
f 882/882/3184 881/881/3185 851/851/3186 852/852/3187 
f 883/883/3188 882/882/3189 852/852/3190 853/853/3191 
f 884/884/3192 883/883/3193 853/853/3194 854/854/3195 
f 885/885/3196 884/884/3197 854/854/3198 855/855/3199 
f 886/886/3200 885/885/3201 855/855/3202 856/856/3203 
f 1166/1166/3204 1167/1167/3205 1168/1168/3206 1164/1164/3207 
f 1168/1168/3208 1169/1169/3209 1170/1170/3210 1172/1172/3211 
f 1170/1170/3212 1171/1171/3213 1172/1172/3214 
f 1172/1172/3215 1155/1155/3216 1164/1164/3217 1168/1168/3218 
f 1165/1165/3219 1166/1166/3220 1164/1164/3221 
f 858/858/3222 857/857/3223 827/827/3224 828/828/3225 
f 857/857/3226 859/859/3227 829/829/3228 827/827/3229 
f 859/859/3230 860/860/3231 830/830/3232 829/829/3233 
f 860/860/3234 861/861/3235 831/831/3236 830/830/3237 
f 861/861/3238 862/862/3239 832/832/3240 831/831/3241 
f 862/862/3242 863/863/3243 833/833/3244 832/832/3245 
f 863/863/3246 864/864/3247 834/834/3248 833/833/3249 
f 864/864/3250 865/865/3251 835/835/3252 834/834/3253 
f 865/865/3254 866/866/3255 836/836/3256 835/835/3257 
f 866/866/3258 867/867/3259 837/837/3260 836/836/3261 
f 867/867/3262 868/868/3263 838/838/3264 837/837/3265 
f 868/868/3266 869/869/3267 839/839/3268 838/838/3269 
f 869/869/3270 870/870/3271 840/840/3272 839/839/3273 
f 870/870/3274 871/871/3275 841/841/3276 840/840/3277 
f 390/390/3278 389/389/3279 872/872/3280 873/873/3281 
f 391/391/3282 390/390/3283 873/873/3284 874/874/3285 
f 392/392/3286 391/391/3287 874/874/3288 875/875/3289 
f 393/393/3290 392/392/3291 875/875/3292 876/876/3293 
f 394/394/3294 393/393/3295 876/876/3296 877/877/3297 
f 395/395/3298 394/394/3299 877/877/3300 878/878/3301 
f 396/396/3302 395/395/3303 878/878/3304 879/879/3305 
f 397/397/3306 396/396/3307 879/879/3308 880/880/3309 
f 398/398/3310 397/397/3311 880/880/3312 881/881/3313 
f 399/399/3314 398/398/3315 881/881/3316 882/882/3317 
f 400/400/3318 399/399/3319 882/882/3320 883/883/3321 
f 401/401/3322 400/400/3323 883/883/3324 884/884/3325 
f 402/402/3326 401/401/3327 884/884/3328 885/885/3329 
f 403/403/3330 402/402/3331 885/885/3332 886/886/3333 
f 389/389/3334 887/887/3335 913/913/3336 872/872/3337 
f 465/465/3338 464/464/3339 857/857/3340 858/858/3341 
f 464/464/3342 466/466/3343 859/859/3344 857/857/3345 
f 466/466/3346 467/467/3347 860/860/3348 859/859/3349 
f 467/467/3350 468/468/3351 861/861/3352 860/860/3353 
f 468/468/3354 469/469/3355 862/862/3356 861/861/3357 
f 469/469/3358 470/470/3359 863/863/3360 862/862/3361 
f 470/470/3362 471/471/3363 864/864/3364 863/863/3365 
f 471/471/3366 472/472/3367 865/865/3368 864/864/3369 
f 472/472/3370 473/473/3371 866/866/3372 865/865/3373 
f 473/473/3374 474/474/3375 867/867/3376 866/866/3377 
f 474/474/3378 475/475/3379 868/868/3380 867/867/3381 
f 475/475/3382 476/476/3383 869/869/3384 868/868/3385 
f 476/476/3386 477/477/3387 870/870/3388 869/869/3389 
f 477/477/3390 478/478/3391 871/871/3392 870/870/3393 
f 524/524/3394 495/495/3395 890/890/3396 888/888/3397 
f 480/480/3398 465/465/3399 887/887/3400 891/891/3401 
f 419/419/3402 434/434/3403 890/890/3404 889/889/3405 
f 449/449/3406 419/419/3407 889/889/3408 891/891/3409 
f 415/415/3410 416/416/3411 893/893/3412 892/892/3413 
f 416/416/3414 417/417/3415 894/894/3416 893/893/3417 
f 417/417/3418 418/418/3419 895/895/3420 894/894/3421 
f 897/897/3422 552/552/3423 553/553/3424 539/539/3425 
f 553/553/3426 554/554/3427 555/555/3428 557/557/3429 
f 555/555/3430 556/556/3431 557/557/3432 
f 557/557/3433 558/558/3434 559/559/3435 561/561/3436 
f 559/559/3437 560/560/3438 561/561/3439 
f 553/553/3440 557/557/3441 561/561/3442 539/539/3443 
f 561/561/3444 562/562/3445 539/539/3446 
f 897/897/3447 539/539/3448 896/896/3449 
f 404/404/3450 540/540/3451 896/896/3452 888/888/3453 
f 892/892/3454 535/535/3455 552/552/3456 897/897/3457 
f 912/912/3458 828/828/3459 572/572/3460 898/898/3461 
f 641/641/3462 640/640/3463 899/899/3464 900/900/3465 
f 657/657/3466 656/656/3467 901/901/3468 902/902/3469 
f 611/611/3470 612/612/3471 903/903/3472 900/900/3473 
f 612/612/3474 582/582/3475 901/901/3476 903/903/3477 
f 653/653/3478 652/652/3479 904/904/3480 905/905/3481 
f 654/654/3482 653/653/3483 905/905/3484 906/906/3485 
f 655/655/3486 654/654/3487 906/906/3488 907/907/3489 
f 909/909/3490 752/752/3491 751/751/3492 749/749/3493 
f 751/751/3494 750/750/3495 749/749/3496 
f 748/748/3497 747/747/3498 746/746/3499 749/749/3500 
f 746/746/3501 745/745/3502 744/744/3503 742/742/3504 
f 744/744/3505 743/743/3506 742/742/3507 
f 749/749/3508 746/746/3509 742/742/3510 909/909/3511 
f 909/909/3512 742/742/3513 741/741/3514 908/908/3515 
f 729/729/3516 639/639/3517 899/899/3518 909/909/3519 
f 741/741/3520 725/725/3521 904/904/3522 908/908/3523 
f 572/572/3524 782/782/3525 910/910/3526 898/898/3527 
f 1152/1152/3528 1153/1153/3529 1154/1154/3530 944/944/3531 
f 1154/1154/3532 1135/1135/3533 944/944/3534 
f 1152/1152/3535 944/944/3536 1150/1150/3537 1151/1151/3538 
f 579/579/3539 798/798/3540 911/911/3541 902/902/3542 
f 1157/1157/3543 1158/1158/3544 1159/1159/3545 1155/1155/3546 
f 1159/1159/3547 1160/1160/3548 1161/1161/3549 1163/1163/3550 
f 1161/1161/3551 1162/1162/3552 1163/1163/3553 
f 1163/1163/3554 1164/1164/3555 1155/1155/3556 1159/1159/3557 
f 1156/1156/3558 1157/1157/3559 1155/1155/3560 
f 465/465/3561 858/858/3562 913/913/3563 887/887/3564 
f 798/798/3565 797/797/3566 929/929/3567 930/930/3568 
f 797/797/3569 799/799/3570 931/931/3571 929/929/3572 
f 799/799/3573 800/800/3574 932/932/3575 931/931/3576 
f 800/800/3577 801/801/3578 933/933/3579 932/932/3580 
f 801/801/3581 802/802/3582 934/934/3583 933/933/3584 
f 802/802/3585 803/803/3586 935/935/3587 934/934/3588 
f 803/803/3589 804/804/3590 936/936/3591 935/935/3592 
f 804/804/3593 805/805/3594 937/937/3595 936/936/3596 
f 805/805/3597 806/806/3598 938/938/3599 937/937/3600 
f 806/806/3601 807/807/3602 939/939/3603 938/938/3604 
f 807/807/3605 808/808/3606 940/940/3607 939/939/3608 
f 808/808/3609 809/809/3610 941/941/3611 940/940/3612 
f 809/809/3613 810/810/3614 942/942/3615 941/941/3616 
f 810/810/3617 811/811/3618 943/943/3619 942/942/3620 
f 1147/1147/3621 1148/1148/3622 1149/1149/3623 1145/1145/3624 
f 1149/1149/3625 1150/1150/3626 944/944/3627 1145/1145/3628 
f 1146/1146/3629 1147/1147/3630 1145/1145/3631 
f 813/813/3632 812/812/3633 914/914/3634 915/915/3635 
f 814/814/3636 813/813/3637 915/915/3638 916/916/3639 
f 815/815/3640 814/814/3641 916/916/3642 917/917/3643 
f 816/816/3644 815/815/3645 917/917/3646 918/918/3647 
f 817/817/3648 816/816/3649 918/918/3650 919/919/3651 
f 818/818/3652 817/817/3653 919/919/3654 920/920/3655 
f 819/819/3656 818/818/3657 920/920/3658 921/921/3659 
f 820/820/3660 819/819/3661 921/921/3662 922/922/3663 
f 821/821/3664 820/820/3665 922/922/3666 923/923/3667 
f 822/822/3668 821/821/3669 923/923/3670 924/924/3671 
f 823/823/3672 822/822/3673 924/924/3674 925/925/3675 
f 824/824/3676 823/823/3677 925/925/3678 926/926/3679 
f 825/825/3680 824/824/3681 926/926/3682 927/927/3683 
f 826/826/3684 825/825/3685 927/927/3686 928/928/3687 
f 1137/1137/3688 1138/1138/3689 1139/1139/3690 1135/1135/3691 
f 1139/1139/3692 1140/1140/3693 944/944/3694 1135/1135/3695 
f 1136/1136/3696 1137/1137/3697 1135/1135/3698 
f 946/946/3699 945/945/3700 930/930/3701 947/947/3702 
f 948/948/3703 947/947/3704 930/930/3705 910/910/3706 
f 930/930/3707 768/768/3708 910/910/3709 
f 910/910/3710 950/950/3711 949/949/3712 948/948/3713 
f 951/951/3714 950/950/3715 910/910/3716 952/952/3717 
f 952/952/3718 910/910/3719 782/782/3720 953/953/3721 
f 782/782/3722 914/914/3723 955/955/3724 954/954/3725 
f 782/782/3726 954/954/3727 953/953/3728 
f 956/956/3729 955/955/3730 914/914/3731 957/957/3732 
f 958/958/3733 957/957/3734 914/914/3735 812/812/3736 
f 812/812/3737 911/911/3738 960/960/3739 959/959/3740 
f 958/958/3741 812/812/3742 959/959/3743 
f 961/961/3744 960/960/3745 911/911/3746 962/962/3747 
f 911/911/3748 798/798/3749 930/930/3750 962/962/3751 
f 963/963/3752 962/962/3753 930/930/3754 964/964/3755 
f 930/930/3756 945/945/3757 964/964/3758 
f 966/966/3759 965/965/3760 913/913/3761 967/967/3762 
f 967/967/3763 913/913/3764 858/858/3765 968/968/3766 
f 969/969/3767 968/968/3768 858/858/3769 970/970/3770 
f 971/971/3771 970/970/3772 858/858/3773 972/972/3774 
f 972/972/3775 858/858/3776 828/828/3777 973/973/3778 
f 828/828/3779 912/912/3780 974/974/3781 973/973/3782 
f 975/975/3783 974/974/3784 912/912/3785 976/976/3786 
f 976/976/3787 912/912/3788 842/842/3789 977/977/3790 
f 978/978/3791 977/977/3792 842/842/3793 979/979/3794 
f 980/980/3795 979/979/3796 842/842/3797 981/981/3798 
f 981/981/3799 842/842/3800 872/872/3801 982/982/3802 
f 872/872/3803 913/913/3804 965/965/3805 982/982/3806 
f 946/946/3807 984/984/3808 983/983/3809 945/945/3810 
f 947/947/3811 985/985/3812 984/984/3813 946/946/3814 
f 948/948/3815 986/986/3816 985/985/3817 947/947/3818 
f 949/949/3819 987/987/3820 986/986/3821 948/948/3822 
f 950/950/3823 988/988/3824 987/987/3825 949/949/3826 
f 950/950/3827 951/951/3828 989/989/3829 988/988/3830 
f 951/951/3831 952/952/3832 990/990/3833 989/989/3834 
f 953/953/3835 991/991/3836 990/990/3837 952/952/3838 
f 953/953/3839 954/954/3840 992/992/3841 991/991/3842 
f 955/955/3843 993/993/3844 992/992/3845 954/954/3846 
f 955/955/3847 956/956/3848 994/994/3849 993/993/3850 
f 957/957/3851 995/995/3852 994/994/3853 956/956/3854 
f 958/958/3855 996/996/3856 995/995/3857 957/957/3858 
f 959/959/3859 997/997/3860 996/996/3861 958/958/3862 
f 960/960/3863 998/998/3864 997/997/3865 959/959/3866 
f 960/960/3867 961/961/3868 999/999/3869 998/998/3870 
f 961/961/3871 962/962/3872 1000/1000/3873 999/999/3874 
f 963/963/3875 1001/1001/3876 1000/1000/3877 962/962/3878 
f 964/964/3879 1002/1002/3880 1001/1001/3881 963/963/3882 
f 945/945/3883 983/983/3884 1002/1002/3885 964/964/3886 
f 966/966/3887 1004/1004/3888 1003/1003/3889 965/965/3890 
f 967/967/3891 1005/1005/3892 1004/1004/3893 966/966/3894 
f 968/968/3895 1006/1006/3896 1005/1005/3897 967/967/3898 
f 969/969/3899 1007/1007/3900 1006/1006/3901 968/968/3902 
f 970/970/3903 1008/1008/3904 1007/1007/3905 969/969/3906 
f 970/970/3907 971/971/3908 1009/1009/3909 1008/1008/3910 
f 972/972/3911 1010/1010/3912 1009/1009/3913 971/971/3914 
f 973/973/3915 1011/1011/3916 1010/1010/3917 972/972/3918 
f 974/974/3919 1012/1012/3920 1011/1011/3921 973/973/3922 
f 975/975/3923 1013/1013/3924 1012/1012/3925 974/974/3926 
f 975/975/3927 976/976/3928 1014/1014/3929 1013/1013/3930 
f 977/977/3931 1015/1015/3932 1014/1014/3933 976/976/3934 
f 978/978/3935 1016/1016/3936 1015/1015/3937 977/977/3938 
f 979/979/3939 1017/1017/3940 1016/1016/3941 978/978/3942 
f 979/979/3943 980/980/3944 1018/1018/3945 1017/1017/3946 
f 980/980/3947 981/981/3948 1019/1019/3949 1018/1018/3950 
f 982/982/3951 1020/1020/3952 1019/1019/3953 981/981/3954 
f 965/965/3955 1003/1003/3956 1020/1020/3957 982/982/3958 
f 984/984/3959 1022/1022/3960 1021/1021/3961 983/983/3962 
f 985/985/3963 1023/1023/3964 1022/1022/3965 984/984/3966 
f 986/986/3967 1024/1024/3968 1023/1023/3969 985/985/3970 
f 987/987/3971 1025/1025/3972 1024/1024/3973 986/986/3974 
f 988/988/3975 1026/1026/3976 1025/1025/3977 987/987/3978 
f 989/989/3979 1027/1027/3980 1026/1026/3981 988/988/3982 
f 989/989/3983 990/990/3984 1028/1028/3985 1027/1027/3986 
f 991/991/3987 1029/1029/3988 1028/1028/3989 990/990/3990 
f 992/992/3991 1030/1030/3992 1029/1029/3993 991/991/3994 
f 993/993/3995 1031/1031/3996 1030/1030/3997 992/992/3998 
f 994/994/3999 1032/1032/4000 1031/1031/4001 993/993/4002 
f 995/995/4003 1033/1033/4004 1032/1032/4005 994/994/4006 
f 996/996/4007 1034/1034/4008 1033/1033/4009 995/995/4010 
f 997/997/4011 1035/1035/4012 1034/1034/4013 996/996/4014 
f 998/998/4015 1036/1036/4016 1035/1035/4017 997/997/4018 
f 998/998/4019 999/999/4020 1037/1037/4021 1036/1036/4022 
f 999/999/4023 1000/1000/4024 1038/1038/4025 1037/1037/4026 
f 1001/1001/4027 1039/1039/4028 1038/1038/4029 1000/1000/4030 
f 1002/1002/4031 1040/1040/4032 1039/1039/4033 1001/1001/4034 
f 983/983/4035 1021/1021/4036 1040/1040/4037 1002/1002/4038 
f 1004/1004/4039 1042/1042/4040 1041/1041/4041 1003/1003/4042 
f 1005/1005/4043 1043/1043/4044 1042/1042/4045 1004/1004/4046 
f 1006/1006/4047 1044/1044/4048 1043/1043/4049 1005/1005/4050 
f 1007/1007/4051 1045/1045/4052 1044/1044/4053 1006/1006/4054 
f 1008/1008/4055 1046/1046/4056 1045/1045/4057 1007/1007/4058 
f 1008/1008/4059 1009/1009/4060 1047/1047/4061 1046/1046/4062 
f 1010/1010/4063 1048/1048/4064 1047/1047/4065 1009/1009/4066 
f 1011/1011/4067 1049/1049/4068 1048/1048/4069 1010/1010/4070 
f 1012/1012/4071 1050/1050/4072 1049/1049/4073 1011/1011/4074 
f 1013/1013/4075 1051/1051/4076 1050/1050/4077 1012/1012/4078 
f 1014/1014/4079 1052/1052/4080 1051/1051/4081 1013/1013/4082 
f 1015/1015/4083 1053/1053/4084 1052/1052/4085 1014/1014/4086 
f 1016/1016/4087 1054/1054/4088 1053/1053/4089 1015/1015/4090 
f 1017/1017/4091 1055/1055/4092 1054/1054/4093 1016/1016/4094 
f 1017/1017/4095 1018/1018/4096 1056/1056/4097 1055/1055/4098 
f 1019/1019/4099 1057/1057/4100 1056/1056/4101 1018/1018/4102 
f 1020/1020/4103 1058/1058/4104 1057/1057/4105 1019/1019/4106 
f 1003/1003/4107 1041/1041/4108 1058/1058/4109 1020/1020/4110 
f 1176/1176/4111 1174/1174/4112 1173/1173/4113 1175/1175/4114 
f 1178/1178/4115 1176/1176/4116 1175/1175/4117 1177/1177/4118 
f 1180/1180/4119 1178/1178/4120 1177/1177/4121 1179/1179/4122 
f 1181/1181/4123 1182/1182/4124 1180/1180/4125 1179/1179/4126 
f 1183/1183/4127 1184/1184/4128 1182/1182/4129 1181/1181/4130 
f 1186/1186/4131 1184/1184/4132 1183/1183/4133 1185/1185/4134 
f 1188/1188/4135 1186/1186/4136 1185/1185/4137 1187/1187/4138 
f 1189/1189/4139 1190/1190/4140 1188/1188/4141 1187/1187/4142 
f 1192/1192/4143 1190/1190/4144 1189/1189/4145 1191/1191/4146 
f 1193/1193/4147 1194/1194/4148 1192/1192/4149 1191/1191/4150 
f 1196/1196/4151 1194/1194/4152 1193/1193/4153 1195/1195/4154 
f 1198/1198/4155 1196/1196/4156 1195/1195/4157 1197/1197/4158 
f 1200/1200/4159 1198/1198/4160 1197/1197/4161 1199/1199/4162 
f 1201/1201/4163 1202/1202/4164 1200/1200/4165 1199/1199/4166 
f 1203/1203/4167 1204/1204/4168 1202/1202/4169 1201/1201/4170 
f 1206/1206/4171 1204/1204/4172 1203/1203/4173 1205/1205/4174 
f 1208/1208/4175 1206/1206/4176 1205/1205/4177 1207/1207/4178 
f 1210/1210/4179 1208/1208/4180 1207/1207/4181 1209/1209/4182 
f 1212/1212/4183 1210/1210/4184 1209/1209/4185 1211/1211/4186 
f 1174/1174/4187 1212/1212/4188 1211/1211/4189 1173/1173/4190 
f 1216/1216/4191 1214/1214/4192 1213/1213/4193 1215/1215/4194 
f 1218/1218/4195 1216/1216/4196 1215/1215/4197 1217/1217/4198 
f 1220/1220/4199 1218/1218/4200 1217/1217/4201 1219/1219/4202 
f 1221/1221/4203 1222/1222/4204 1220/1220/4205 1219/1219/4206 
f 1224/1224/4207 1222/1222/4208 1221/1221/4209 1223/1223/4210 
f 1226/1226/4211 1224/1224/4212 1223/1223/4213 1225/1225/4214 
f 1228/1228/4215 1226/1226/4216 1225/1225/4217 1227/1227/4218 
f 1230/1230/4219 1228/1228/4220 1227/1227/4221 1229/1229/4222 
f 1232/1232/4223 1230/1230/4224 1229/1229/4225 1231/1231/4226 
f 1233/1233/4227 1234/1234/4228 1232/1232/4229 1231/1231/4230 
f 1236/1236/4231 1234/1234/4232 1233/1233/4233 1235/1235/4234 
f 1237/1237/4235 1238/1238/4236 1236/1236/4237 1235/1235/4238 
f 1239/1239/4239 1240/1240/4240 1238/1238/4241 1237/1237/4242 
f 1242/1242/4243 1240/1240/4244 1239/1239/4245 1241/1241/4246 
f 1244/1244/4247 1242/1242/4248 1241/1241/4249 1243/1243/4250 
f 1246/1246/4251 1244/1244/4252 1243/1243/4253 1245/1245/4254 
f 1248/1248/4255 1246/1246/4256 1245/1245/4257 1247/1247/4258 
f 1214/1214/4259 1248/1248/4260 1247/1247/4261 1213/1213/4262 
f 1060/1060/4263 1098/1098/4264 1097/1097/4265 1059/1059/4266 
f 1061/1061/4267 1099/1099/4268 1098/1098/4269 1060/1060/4270 
f 1062/1062/4271 1100/1100/4272 1099/1099/4273 1061/1061/4274 
f 1063/1063/4275 1101/1101/4276 1100/1100/4277 1062/1062/4278 
f 1064/1064/4279 1102/1102/4280 1101/1101/4281 1063/1063/4282 
f 1065/1065/4283 1103/1103/4284 1102/1102/4285 1064/1064/4286 
f 1065/1065/4287 1066/1066/4288 1104/1104/4289 1103/1103/4290 
f 1067/1067/4291 1105/1105/4292 1104/1104/4293 1066/1066/4294 
f 1068/1068/4295 1106/1106/4296 1105/1105/4297 1067/1067/4298 
f 1069/1069/4299 1107/1107/4300 1106/1106/4301 1068/1068/4302 
f 1069/1069/4303 1070/1070/4304 1108/1108/4305 1107/1107/4306 
f 1071/1071/4307 1109/1109/4308 1108/1108/4309 1070/1070/4310 
f 1072/1072/4311 1110/1110/4312 1109/1109/4313 1071/1071/4314 
f 1073/1073/4315 1111/1111/4316 1110/1110/4317 1072/1072/4318 
f 1074/1074/4319 1112/1112/4320 1111/1111/4321 1073/1073/4322 
f 1074/1074/4323 1075/1075/4324 1113/1113/4325 1112/1112/4326 
f 1075/1075/4327 1076/1076/4328 1114/1114/4329 1113/1113/4330 
f 1077/1077/4331 1115/1115/4332 1114/1114/4333 1076/1076/4334 
f 1078/1078/4335 1116/1116/4336 1115/1115/4337 1077/1077/4338 
f 1059/1059/4339 1097/1097/4340 1116/1116/4341 1078/1078/4342 
f 1080/1080/4343 1118/1118/4344 1117/1117/4345 1079/1079/4346 
f 1081/1081/4347 1119/1119/4348 1118/1118/4349 1080/1080/4350 
f 1082/1082/4351 1120/1120/4352 1119/1119/4353 1081/1081/4354 
f 1083/1083/4355 1121/1121/4356 1120/1120/4357 1082/1082/4358 
f 1084/1084/4359 1122/1122/4360 1121/1121/4361 1083/1083/4362 
f 1084/1084/4363 1085/1085/4364 1123/1123/4365 1122/1122/4366 
f 1086/1086/4367 1124/1124/4368 1123/1123/4369 1085/1085/4370 
f 1087/1087/4371 1125/1125/4372 1124/1124/4373 1086/1086/4374 
f 1088/1088/4375 1126/1126/4376 1125/1125/4377 1087/1087/4378 
f 1089/1089/4379 1127/1127/4380 1126/1126/4381 1088/1088/4382 
f 1090/1090/4383 1128/1128/4384 1127/1127/4385 1089/1089/4386 
f 1091/1091/4387 1129/1129/4388 1128/1128/4389 1090/1090/4390 
f 1092/1092/4391 1130/1130/4392 1129/1129/4393 1091/1091/4394 
f 1093/1093/4395 1131/1131/4396 1130/1130/4397 1092/1092/4398 
f 1093/1093/4399 1094/1094/4400 1132/1132/4401 1131/1131/4402 
f 1095/1095/4403 1133/1133/4404 1132/1132/4405 1094/1094/4406 
f 1096/1096/4407 1134/1134/4408 1133/1133/4409 1095/1095/4410 
f 1079/1079/4411 1117/1117/4412 1134/1134/4413 1096/1096/4414 
f 1098/1098/4415 1136/1136/4416 1135/1135/4417 1097/1097/4418 
f 1099/1099/4419 1137/1137/4420 1136/1136/4421 1098/1098/4422 
f 1100/1100/4423 1138/1138/4424 1137/1137/4425 1099/1099/4426 
f 1101/1101/4427 1139/1139/4428 1138/1138/4429 1100/1100/4430 
f 1102/1102/4431 1140/1140/4432 1139/1139/4433 1101/1101/4434 
f 1103/1103/4435 1141/1141/4436 1140/1140/4437 1102/1102/4438 
f 1103/1103/4439 1104/1104/4440 1142/1142/4441 1141/1141/4442 
f 1105/1105/4443 1143/1143/4444 1142/1142/4445 1104/1104/4446 
f 1106/1106/4447 1144/1144/4448 1143/1143/4449 1105/1105/4450 
f 1107/1107/4451 1145/1145/4452 1144/1144/4453 1106/1106/4454 
f 1108/1108/4455 1146/1146/4456 1145/1145/4457 1107/1107/4458 
f 1109/1109/4459 1147/1147/4460 1146/1146/4461 1108/1108/4462 
f 1110/1110/4463 1148/1148/4464 1147/1147/4465 1109/1109/4466 
f 1111/1111/4467 1149/1149/4468 1148/1148/4469 1110/1110/4470 
f 1112/1112/4471 1150/1150/4472 1149/1149/4473 1111/1111/4474 
f 1113/1113/4475 1151/1151/4476 1150/1150/4477 1112/1112/4478 
f 1113/1113/4479 1114/1114/4480 1152/1152/4481 1151/1151/4482 
f 1115/1115/4483 1153/1153/4484 1152/1152/4485 1114/1114/4486 
f 1116/1116/4487 1154/1154/4488 1153/1153/4489 1115/1115/4490 
f 1097/1097/4491 1135/1135/4492 1154/1154/4493 1116/1116/4494 
f 1118/1118/4495 1156/1156/4496 1155/1155/4497 1117/1117/4498 
f 1119/1119/4499 1157/1157/4500 1156/1156/4501 1118/1118/4502 
f 1120/1120/4503 1158/1158/4504 1157/1157/4505 1119/1119/4506 
f 1121/1121/4507 1159/1159/4508 1158/1158/4509 1120/1120/4510 
f 1122/1122/4511 1160/1160/4512 1159/1159/4513 1121/1121/4514 
f 1122/1122/4515 1123/1123/4516 1161/1161/4517 1160/1160/4518 
f 1124/1124/4519 1162/1162/4520 1161/1161/4521 1123/1123/4522 
f 1125/1125/4523 1163/1163/4524 1162/1162/4525 1124/1124/4526 
f 1126/1126/4527 1164/1164/4528 1163/1163/4529 1125/1125/4530 
f 1127/1127/4531 1165/1165/4532 1164/1164/4533 1126/1126/4534 
f 1128/1128/4535 1166/1166/4536 1165/1165/4537 1127/1127/4538 
f 1129/1129/4539 1167/1167/4540 1166/1166/4541 1128/1128/4542 
f 1130/1130/4543 1168/1168/4544 1167/1167/4545 1129/1129/4546 
f 1131/1131/4547 1169/1169/4548 1168/1168/4549 1130/1130/4550 
f 1131/1131/4551 1132/1132/4552 1170/1170/4553 1169/1169/4554 
f 1133/1133/4555 1171/1171/4556 1170/1170/4557 1132/1132/4558 
f 1134/1134/4559 1172/1172/4560 1171/1171/4561 1133/1133/4562 
f 1117/1117/4563 1155/1155/4564 1172/1172/4565 1134/1134/4566 
f 1060/1060/4567 1059/1059/4568 1174/1174/4569 1176/1176/4570 
f 1021/1021/4571 1022/1022/4572 1175/1175/4573 1173/1173/4574 
f 1061/1061/4575 1060/1060/4576 1176/1176/4577 1178/1178/4578 
f 1022/1022/4579 1023/1023/4580 1177/1177/4581 1175/1175/4582 
f 1062/1062/4583 1061/1061/4584 1178/1178/4585 1180/1180/4586 
f 1023/1023/4587 1024/1024/4588 1179/1179/4589 1177/1177/4590 
f 1182/1182/4591 1063/1063/4592 1062/1062/4593 1180/1180/4594 
f 1179/1179/4595 1024/1024/4596 1025/1025/4597 1181/1181/4598 
f 1064/1064/4599 1063/1063/4600 1182/1182/4601 1184/1184/4602 
f 1025/1025/4603 1026/1026/4604 1183/1183/4605 1181/1181/4606 
f 1065/1065/4607 1064/1064/4608 1184/1184/4609 1186/1186/4610 
f 1026/1026/4611 1027/1027/4612 1185/1185/4613 1183/1183/4614 
f 1066/1066/4615 1065/1065/4616 1186/1186/4617 1188/1188/4618 
f 1027/1027/4619 1028/1028/4620 1187/1187/4621 1185/1185/4622 
f 1067/1067/4623 1066/1066/4624 1188/1188/4625 1190/1190/4626 
f 1028/1028/4627 1029/1029/4628 1189/1189/4629 1187/1187/4630 
f 1068/1068/4631 1067/1067/4632 1190/1190/4633 1192/1192/4634 
f 1029/1029/4635 1030/1030/4636 1191/1191/4637 1189/1189/4638 
f 1069/1069/4639 1068/1068/4640 1192/1192/4641 1194/1194/4642 
f 1030/1030/4643 1031/1031/4644 1193/1193/4645 1191/1191/4646 
f 1070/1070/4647 1069/1069/4648 1194/1194/4649 1196/1196/4650 
f 1031/1031/4651 1032/1032/4652 1195/1195/4653 1193/1193/4654 
f 1071/1071/4655 1070/1070/4656 1196/1196/4657 1198/1198/4658 
f 1032/1032/4659 1033/1033/4660 1197/1197/4661 1195/1195/4662 
f 1072/1072/4663 1071/1071/4664 1198/1198/4665 1200/1200/4666 
f 1033/1033/4667 1034/1034/4668 1199/1199/4669 1197/1197/4670 
f 1202/1202/4671 1073/1073/4672 1072/1072/4673 1200/1200/4674 
f 1199/1199/4675 1034/1034/4676 1035/1035/4677 1201/1201/4678 
f 1074/1074/4679 1073/1073/4680 1202/1202/4681 1204/1204/4682 
f 1035/1035/4683 1036/1036/4684 1203/1203/4685 1201/1201/4686 
f 1075/1075/4687 1074/1074/4688 1204/1204/4689 1206/1206/4690 
f 1036/1036/4691 1037/1037/4692 1205/1205/4693 1203/1203/4694 
f 1076/1076/4695 1075/1075/4696 1206/1206/4697 1208/1208/4698 
f 1037/1037/4699 1038/1038/4700 1207/1207/4701 1205/1205/4702 
f 1077/1077/4703 1076/1076/4704 1208/1208/4705 1210/1210/4706 
f 1038/1038/4707 1039/1039/4708 1209/1209/4709 1207/1207/4710 
f 1078/1078/4711 1077/1077/4712 1210/1210/4713 1212/1212/4714 
f 1039/1039/4715 1040/1040/4716 1211/1211/4717 1209/1209/4718 
f 1059/1059/4719 1078/1078/4720 1212/1212/4721 1174/1174/4722 
f 1040/1040/4723 1021/1021/4724 1173/1173/4725 1211/1211/4726 
f 1080/1080/4727 1079/1079/4728 1214/1214/4729 1216/1216/4730 
f 1041/1041/4731 1042/1042/4732 1215/1215/4733 1213/1213/4734 
f 1081/1081/4735 1080/1080/4736 1216/1216/4737 1218/1218/4738 
f 1042/1042/4739 1043/1043/4740 1217/1217/4741 1215/1215/4742 
f 1082/1082/4743 1081/1081/4744 1218/1218/4745 1220/1220/4746 
f 1043/1043/4747 1044/1044/4748 1219/1219/4749 1217/1217/4750 
f 1222/1222/4751 1083/1083/4752 1082/1082/4753 1220/1220/4754 
f 1219/1219/4755 1044/1044/4756 1045/1045/4757 1221/1221/4758 
f 1084/1084/4759 1083/1083/4760 1222/1222/4761 1224/1224/4762 
f 1045/1045/4763 1046/1046/4764 1223/1223/4765 1221/1221/4766 
f 1085/1085/4767 1084/1084/4768 1224/1224/4769 1226/1226/4770 
f 1046/1046/4771 1047/1047/4772 1225/1225/4773 1223/1223/4774 
f 1086/1086/4775 1085/1085/4776 1226/1226/4777 1228/1228/4778 
f 1047/1047/4779 1048/1048/4780 1227/1227/4781 1225/1225/4782 
f 1087/1087/4783 1086/1086/4784 1228/1228/4785 1230/1230/4786 
f 1048/1048/4787 1049/1049/4788 1229/1229/4789 1227/1227/4790 
f 1088/1088/4791 1087/1087/4792 1230/1230/4793 1232/1232/4794 
f 1049/1049/4795 1050/1050/4796 1231/1231/4797 1229/1229/4798 
f 1089/1089/4799 1088/1088/4800 1232/1232/4801 1234/1234/4802 
f 1050/1050/4803 1051/1051/4804 1233/1233/4805 1231/1231/4806 
f 1090/1090/4807 1089/1089/4808 1234/1234/4809 1236/1236/4810 
f 1051/1051/4811 1052/1052/4812 1235/1235/4813 1233/1233/4814 
f 1091/1091/4815 1090/1090/4816 1236/1236/4817 1238/1238/4818 
f 1052/1052/4819 1053/1053/4820 1237/1237/4821 1235/1235/4822 
f 1092/1092/4823 1091/1091/4824 1238/1238/4825 1240/1240/4826 
f 1053/1053/4827 1054/1054/4828 1239/1239/4829 1237/1237/4830 
f 1093/1093/4831 1092/1092/4832 1240/1240/4833 1242/1242/4834 
f 1054/1054/4835 1055/1055/4836 1241/1241/4837 1239/1239/4838 
f 1094/1094/4839 1093/1093/4840 1242/1242/4841 1244/1244/4842 
f 1055/1055/4843 1056/1056/4844 1243/1243/4845 1241/1241/4846 
f 1095/1095/4847 1094/1094/4848 1244/1244/4849 1246/1246/4850 
f 1056/1056/4851 1057/1057/4852 1245/1245/4853 1243/1243/4854 
f 1096/1096/4855 1095/1095/4856 1246/1246/4857 1248/1248/4858 
f 1057/1057/4859 1058/1058/4860 1247/1247/4861 1245/1245/4862 
f 1079/1079/4863 1096/1096/4864 1248/1248/4865 1214/1214/4866 
f 1058/1058/4867 1041/1041/4868 1213/1213/4869 1247/1247/4870 
f 1250/1250/4871 1297/1299/4872 1298/1300/4873 1249/1249/4874 
f 1251/1251/4875 1299/1301/4876 1297/1299/4877 1250/1250/4878 
f 1252/1252/4879 1300/1302/4880 1299/1301/4881 1251/1251/4882 
f 1253/1281/4883 1301/1303/4884 1300/1302/4885 1252/1252/4886 
f 1254/1254/4887 1302/1305/4888 1301/1304/4889 1253/1253/4890 
f 1255/1255/4891 1303/1306/4892 1302/1305/4893 1254/1254/4894 
f 1256/1256/4895 1304/1307/4896 1303/1306/4897 1255/1255/4898 
f 1257/1257/4899 1305/1308/4900 1304/1307/4901 1256/1256/4902 
f 1258/1258/4903 1306/1309/4904 1305/1308/4905 1257/1257/4906 
f 1259/1259/4907 1307/1310/4908 1306/1309/4909 1258/1258/4910 
f 1260/1260/4911 1308/1311/4912 1307/1310/4913 1259/1259/4914 
f 1261/1261/4915 1309/1312/4916 1308/1311/4917 1260/1260/4918 
f 1262/1262/4919 1310/1313/4920 1309/1312/4921 1261/1261/4922 
f 1263/1263/4923 1311/1314/4924 1310/1313/4925 1262/1262/4926 
f 1264/1264/4927 1312/1315/4928 1311/1314/4929 1263/1263/4930 
f 1249/1249/4931 1298/1300/4932 1312/1315/4933 1264/1264/4934 
f 1282/1284/4935 1283/1285/4936 1284/1286/4937 1296/1298/4938 
f 1284/1286/4939 1285/1287/4940 1286/1288/4941 1288/1290/4942 
f 1286/1288/4943 1287/1289/4944 1288/1290/4945 
f 1288/1290/4946 1289/1291/4947 1290/1292/4948 1292/1294/4949 
f 1290/1292/4950 1291/1293/4951 1292/1294/4952 
f 1292/1294/4953 1293/1295/4954 1294/1296/4955 1296/1298/4956 
f 1294/1296/4957 1295/1297/4958 1296/1298/4959 
f 1288/1290/4960 1292/1294/4961 1296/1298/4962 1284/1286/4963 
f 1281/1283/4964 1282/1284/4965 1296/1298/4966 
f 1266/1266/4967 1282/1284/4968 1281/1283/4969 1265/1265/4970 
f 1267/1267/4971 1283/1285/4972 1282/1284/4973 1266/1266/4974 
f 1268/1268/4975 1284/1286/4976 1283/1285/4977 1267/1267/4978 
f 1269/1282/4979 1285/1287/4980 1284/1286/4981 1268/1268/4982 
f 1270/1270/4983 1286/1288/4984 1285/1287/4985 1269/1269/4986 
f 1271/1271/4987 1287/1289/4988 1286/1288/4989 1270/1270/4990 
f 1272/1272/4991 1288/1290/4992 1287/1289/4993 1271/1271/4994 
f 1273/1273/4995 1289/1291/4996 1288/1290/4997 1272/1272/4998 
f 1274/1274/4999 1290/1292/5000 1289/1291/5001 1273/1273/5002 
f 1275/1275/5003 1291/1293/5004 1290/1292/5005 1274/1274/5006 
f 1276/1276/5007 1292/1294/5008 1291/1293/5009 1275/1275/5010 
f 1277/1277/5011 1293/1295/5012 1292/1294/5013 1276/1276/5014 
f 1278/1278/5015 1294/1296/5016 1293/1295/5017 1277/1277/5018 
f 1279/1279/5019 1295/1297/5020 1294/1296/5021 1278/1278/5022 
f 1280/1280/5023 1296/1298/5024 1295/1297/5025 1279/1279/5026 
f 1265/1265/5027 1281/1283/5028 1296/1298/5029 1280/1280/5030 
f 1266/1266/5031 1265/1265/5032 1298/1300/5033 1297/1299/5034 
f 1267/1267/5035 1266/1266/5036 1297/1299/5037 1299/1301/5038 
f 1268/1268/5039 1267/1267/5040 1299/1301/5041 1300/1302/5042 
f 1269/1282/5043 1268/1268/5044 1300/1302/5045 1301/1303/5046 
f 1270/1270/5047 1269/1269/5048 1301/1304/5049 1302/1305/5050 
f 1271/1271/5051 1270/1270/5052 1302/1305/5053 1303/1306/5054 
f 1272/1272/5055 1271/1271/5056 1303/1306/5057 1304/1307/5058 
f 1273/1273/5059 1272/1272/5060 1304/1307/5061 1305/1308/5062 
f 1274/1274/5063 1273/1273/5064 1305/1308/5065 1306/1309/5066 
f 1275/1275/5067 1274/1274/5068 1306/1309/5069 1307/1310/5070 
f 1276/1276/5071 1275/1275/5072 1307/1310/5073 1308/1311/5074 
f 1277/1277/5075 1276/1276/5076 1308/1311/5077 1309/1312/5078 
f 1278/1278/5079 1277/1277/5080 1309/1312/5081 1310/1313/5082 
f 1279/1279/5083 1278/1278/5084 1310/1313/5085 1311/1314/5086 
f 1280/1280/5087 1279/1279/5088 1311/1314/5089 1312/1315/5090 
f 1265/1265/5091 1280/1280/5092 1312/1315/5093 1298/1300/5094 
f 1313/1316/5095 1433/1550/5096 1435/1553/5097 1314/1317/5098 
f 1337/1318/5099 1318/1319/5100 1434/1552/5101 1436/1554/5102 
f 1313/1322/5103 1314/1323/5104 1318/1325/5105 1347/1380/5106 
f 1346/1378/5107 1347/1380/5108 1318/1325/5109 1335/1355/5110 
f 1318/1325/5111 1337/1356/5112 1350/1386/5113 1351/1388/5114 
f 1318/1325/5115 1351/1388/5116 1317/1324/5117 1335/1355/5118 
f 1315/1327/5119 1338/1329/5120 1320/1328/5121 1316/1326/5122 
f 1331/1349/5123 1333/1352/5124 1342/1344/5125 1328/1346/5126 
f 1331/1349/5127 1328/1346/5128 1319/1332/5129 1336/1330/5130 
f 1326/1321/5131 1325/1320/5132 1324/1338/5133 1323/1337/5134 
f 1321/1335/5135 1437/1556/5136 1438/1557/5137 1340/1339/5138 
f 1316/1326/5139 1401/1423/5140 1370/1427/5141 1315/1327/5142 
f 1344/1350/5143 1404/1425/5144 1369/1424/5145 1332/1351/5146 
f 1331/1349/5147 1336/1330/5148 1368/1421/5149 1371/1428/5150 
f 1330/1348/5151 1327/1343/5152 1325/1342/5153 1326/1341/5154 
f 1329/1347/5155 1343/1345/5156 1327/1343/5157 1330/1348/5158 
f 1320/1328/5159 1338/1329/5160 1343/1345/5161 1329/1347/5162 
f 1332/1351/5163 1334/1354/5164 1345/1353/5165 1344/1350/5166 
f 1334/1354/5167 1322/1336/5168 1339/1334/5169 1345/1353/5170 
f 1333/1352/5171 1321/1335/5172 1340/1339/5173 1341/1340/5174 
f 1333/1352/5175 1341/1340/5176 1342/1344/5177 
f 1347/1379/5178 1439/1558/5179 1433/1551/5180 1313/1357/5181 
f 1358/1402/5182 1356/1397/5183 1324/1360/5184 1325/1359/5185 
f 1315/1361/5186 1348/1382/5187 1353/1392/5188 1338/1362/5189 
f 1441/1560/5190 1436/1555/5191 1324/1363/5192 1356/1398/5193 
f 1336/1365/5194 1349/1383/5195 1418/1429/5196 1368/1422/5197 
f 1344/1366/5198 1365/1415/5199 1372/1431/5200 1404/1426/5201 
f 1363/1412/5202 1343/1368/5203 1338/1367/5204 1353/1391/5205 
f 1358/1401/5206 1325/1370/5207 1327/1369/5208 1360/1406/5209 
f 1360/1405/5210 1327/1372/5211 1343/1371/5212 1363/1411/5213 
f 1366/1417/5214 1333/1374/5215 1331/1373/5216 1364/1414/5217 
f 1354/1393/5218 1321/1376/5219 1333/1375/5220 1366/1418/5221 
f 1346/1377/5222 1440/1559/5223 1439/1558/5224 1347/1379/5225 
f 1335/1331/5226 1437/1556/5227 1440/1559/5228 1346/1377/5229 
f 1359/1404/5230 1357/1399/5231 1356/1397/5232 1358/1402/5233 
f 1341/1340/5234 1340/1339/5235 1357/1399/5236 1359/1404/5237 
f 1348/1382/5238 1349/1384/5239 1352/1390/5240 1353/1392/5241 
f 1349/1384/5242 1336/1330/5243 1319/1332/5244 1352/1390/5245 
f 1442/1561/5246 1441/1560/5247 1356/1398/5248 1357/1400/5249 
f 1438/1557/5250 1442/1561/5251 1357/1400/5252 1340/1339/5253 
f 1349/1383/5254 1348/1381/5255 1428/1430/5256 1418/1429/5257 
f 1348/1381/5258 1315/1327/5259 1370/1427/5260 1428/1430/5261 
f 1429/1432/5262 1372/1431/5263 1365/1415/5264 1364/1413/5265 
f 1364/1413/5266 1331/1349/5267 1371/1428/5268 1429/1432/5269 
f 1362/1410/5270 1363/1412/5271 1353/1391/5272 1352/1389/5273 
f 1328/1346/5274 1362/1410/5275 1352/1389/5276 1319/1332/5277 
f 1359/1403/5278 1358/1401/5279 1360/1406/5280 1361/1408/5281 
f 1341/1340/5282 1359/1403/5283 1361/1408/5284 1342/1344/5285 
f 1361/1407/5286 1360/1405/5287 1363/1411/5288 1362/1409/5289 
f 1342/1344/5290 1361/1407/5291 1362/1409/5292 1328/1346/5293 
f 1367/1419/5294 1366/1417/5295 1364/1414/5296 1365/1416/5297 
f 1345/1353/5298 1367/1419/5299 1365/1416/5300 1344/1350/5301 
f 1355/1395/5302 1354/1393/5303 1366/1418/5304 1367/1420/5305 
f 1339/1334/5306 1355/1395/5307 1367/1420/5308 1345/1353/5309 
f 1373/1433/5310 1376/1436/5311 1444/1564/5312 1443/1562/5313 
f 1377/1437/5314 1446/1566/5315 1445/1565/5316 1378/1438/5317 
f 1377/1447/5318 1378/1446/5319 1376/1445/5320 1384/1448/5321 
f 1385/1449/5322 1384/1448/5323 1376/1445/5324 1386/1450/5325 
f 1381/1441/5326 1386/1450/5327 1376/1445/5328 1382/1442/5329 
f 1376/1445/5330 1373/1444/5331 1383/1443/5332 1382/1442/5333 
f 1390/1454/5334 1389/1453/5335 1388/1452/5336 1387/1451/5337 
f 1395/1459/5338 1394/1458/5339 1393/1457/5340 1396/1460/5341 
f 1391/1455/5342 1396/1460/5343 1393/1457/5344 1392/1456/5345 
f 1380/1440/5346 1398/1462/5347 1397/1461/5348 1379/1439/5349 
f 1399/1463/5350 1400/1466/5351 1448/1569/5352 1447/1568/5353 
f 1370/1468/5354 1401/1467/5355 1387/1451/5356 1388/1452/5357 
f 1369/1472/5358 1404/1471/5359 1403/1470/5360 1402/1469/5361 
f 1392/1456/5362 1371/1474/5363 1368/1473/5364 1391/1455/5365 
f 1398/1478/5366 1406/1477/5367 1405/1476/5368 1397/1475/5369 
f 1406/1477/5370 1408/1480/5371 1407/1479/5372 1405/1476/5373 
f 1408/1480/5374 1389/1453/5375 1390/1454/5376 1407/1479/5377 
f 1402/1469/5378 1403/1470/5379 1410/1482/5380 1409/1481/5381 
f 1409/1481/5382 1410/1482/5383 1374/1434/5384 1375/1435/5385 
f 1393/1457/5386 1394/1458/5387 1411/1483/5388 1400/1466/5389 
f 1393/1457/5390 1400/1466/5391 1399/1463/5392 
f 1443/1563/5393 1449/1570/5394 1383/1485/5395 1373/1484/5396 
f 1380/1491/5397 1414/1490/5398 1413/1489/5399 1398/1488/5400 
f 1388/1492/5401 1389/1495/5402 1416/1494/5403 1415/1493/5404 
f 1450/1571/5405 1414/1497/5406 1380/1496/5407 1446/1567/5408 
f 1391/1500/5409 1368/1503/5410 1418/1502/5411 1417/1501/5412 
f 1403/1504/5413 1404/1507/5414 1372/1506/5415 1419/1505/5416 
f 1420/1510/5417 1416/1509/5418 1389/1508/5419 1408/1511/5420 
f 1413/1514/5421 1421/1513/5422 1406/1512/5423 1398/1515/5424 
f 1421/1518/5425 1420/1517/5426 1408/1516/5427 1406/1519/5428 
f 1423/1522/5429 1422/1521/5430 1392/1520/5431 1393/1523/5432 
f 1424/1526/5433 1423/1525/5434 1393/1524/5435 1399/1527/5436 
f 1449/1570/5437 1451/1572/5438 1382/1528/5439 1383/1485/5440 
f 1451/1572/5441 1447/1568/5442 1381/1464/5443 1382/1528/5444 
f 1414/1490/5445 1426/1531/5446 1425/1530/5447 1413/1489/5448 
f 1426/1531/5449 1400/1466/5450 1411/1483/5451 1425/1530/5452 
f 1415/1493/5453 1416/1494/5454 1427/1533/5455 1417/1532/5456 
f 1417/1532/5457 1427/1533/5458 1396/1460/5459 1391/1455/5460 
f 1452/1573/5461 1426/1534/5462 1414/1497/5463 1450/1571/5464 
f 1448/1569/5465 1400/1466/5466 1426/1534/5467 1452/1573/5468 
f 1417/1501/5469 1418/1502/5470 1428/1537/5471 1415/1536/5472 
f 1415/1536/5473 1428/1537/5474 1370/1468/5475 1388/1452/5476 
f 1429/1539/5477 1422/1538/5478 1419/1505/5479 1372/1506/5480 
f 1422/1538/5481 1429/1539/5482 1371/1474/5483 1392/1456/5484 
f 1430/1541/5485 1427/1540/5486 1416/1509/5487 1420/1510/5488 
f 1395/1459/5489 1396/1460/5490 1427/1540/5491 1430/1541/5492 
f 1425/1543/5493 1431/1542/5494 1421/1513/5495 1413/1514/5496 
f 1411/1483/5497 1394/1458/5498 1431/1542/5499 1425/1543/5500 
f 1431/1545/5501 1430/1544/5502 1420/1517/5503 1421/1518/5504 
f 1394/1458/5505 1395/1459/5506 1430/1544/5507 1431/1545/5508 
f 1432/1547/5509 1419/1546/5510 1422/1521/5511 1423/1522/5512 
f 1410/1482/5513 1403/1470/5514 1419/1546/5515 1432/1547/5516 
f 1412/1549/5517 1432/1548/5518 1423/1525/5519 1424/1526/5520 
f 1374/1434/5521 1410/1482/5522 1432/1548/5523 1412/1549/5524 
f 1433/1550/5525 1339/1334/5526 1322/1336/5527 1435/1553/5528 
f 1323/1337/5529 1324/1338/5530 1436/1554/5531 1434/1552/5532 
f 1437/1556/5533 1335/1331/5534 1317/1333/5535 1438/1557/5536 
f 1339/1358/5537 1433/1551/5538 1439/1558/5539 1355/1396/5540 
f 1350/1385/5541 1337/1364/5542 1436/1555/5543 1441/1560/5544 
f 1355/1396/5545 1439/1558/5546 1440/1559/5547 1354/1394/5548 
f 1354/1394/5549 1440/1559/5550 1437/1556/5551 1321/1335/5552 
f 1351/1387/5553 1350/1385/5554 1441/1560/5555 1442/1561/5556 
f 1317/1333/5557 1351/1387/5558 1442/1561/5559 1438/1557/5560 
f 1375/1435/5561 1374/1434/5562 1443/1562/5563 1444/1564/5564 
f 1446/1566/5565 1380/1440/5566 1379/1439/5567 1445/1565/5568 
f 1386/1465/5569 1381/1464/5570 1447/1568/5571 1448/1569/5572 
f 1412/1486/5573 1449/1570/5574 1443/1563/5575 1374/1487/5576 
f 1446/1567/5577 1377/1499/5578 1384/1498/5579 1450/1571/5580 
f 1424/1529/5581 1451/1572/5582 1449/1570/5583 1412/1486/5584 
f 1399/1463/5585 1447/1568/5586 1451/1572/5587 1424/1529/5588 
f 1450/1571/5589 1384/1498/5590 1385/1535/5591 1452/1573/5592 
f 1385/1535/5593 1386/1465/5594 1448/1569/5595 1452/1573/5596 
f 1453/1574/5597 1573/1808/5598 1575/1811/5599 1454/1575/5600 
f 1477/1576/5601 1458/1577/5602 1574/1810/5603 1576/1812/5604 
f 1453/1580/5605 1454/1581/5606 1458/1583/5607 1487/1638/5608 
f 1486/1636/5609 1487/1638/5610 1458/1583/5611 1475/1613/5612 
f 1458/1583/5613 1477/1614/5614 1490/1644/5615 1491/1646/5616 
f 1458/1583/5617 1491/1646/5618 1457/1582/5619 1475/1613/5620 
f 1455/1585/5621 1478/1587/5622 1460/1586/5623 1456/1584/5624 
f 1471/1607/5625 1473/1610/5626 1482/1602/5627 1468/1604/5628 
f 1471/1607/5629 1468/1604/5630 1459/1590/5631 1476/1588/5632 
f 1466/1579/5633 1465/1578/5634 1464/1596/5635 1463/1595/5636 
f 1461/1593/5637 1577/1814/5638 1578/1815/5639 1480/1597/5640 
f 1456/1584/5641 1541/1681/5642 1510/1685/5643 1455/1585/5644 
f 1484/1608/5645 1544/1683/5646 1509/1682/5647 1472/1609/5648 
f 1471/1607/5649 1476/1588/5650 1508/1679/5651 1511/1686/5652 
f 1470/1606/5653 1467/1601/5654 1465/1600/5655 1466/1599/5656 
f 1469/1605/5657 1483/1603/5658 1467/1601/5659 1470/1606/5660 
f 1460/1586/5661 1478/1587/5662 1483/1603/5663 1469/1605/5664 
f 1472/1609/5665 1474/1612/5666 1485/1611/5667 1484/1608/5668 
f 1474/1612/5669 1462/1594/5670 1479/1592/5671 1485/1611/5672 
f 1473/1610/5673 1461/1593/5674 1480/1597/5675 1481/1598/5676 
f 1473/1610/5677 1481/1598/5678 1482/1602/5679 
f 1487/1637/5680 1579/1816/5681 1573/1809/5682 1453/1615/5683 
f 1498/1660/5684 1496/1655/5685 1464/1618/5686 1465/1617/5687 
f 1455/1619/5688 1488/1640/5689 1493/1650/5690 1478/1620/5691 
f 1581/1818/5692 1576/1813/5693 1464/1621/5694 1496/1656/5695 
f 1476/1623/5696 1489/1641/5697 1558/1687/5698 1508/1680/5699 
f 1484/1624/5700 1505/1673/5701 1512/1689/5702 1544/1684/5703 
f 1503/1670/5704 1483/1626/5705 1478/1625/5706 1493/1649/5707 
f 1498/1659/5708 1465/1628/5709 1467/1627/5710 1500/1664/5711 
f 1500/1663/5712 1467/1630/5713 1483/1629/5714 1503/1669/5715 
f 1506/1675/5716 1473/1632/5717 1471/1631/5718 1504/1672/5719 
f 1494/1651/5720 1461/1634/5721 1473/1633/5722 1506/1676/5723 
f 1486/1635/5724 1580/1817/5725 1579/1816/5726 1487/1637/5727 
f 1475/1589/5728 1577/1814/5729 1580/1817/5730 1486/1635/5731 
f 1499/1662/5732 1497/1657/5733 1496/1655/5734 1498/1660/5735 
f 1481/1598/5736 1480/1597/5737 1497/1657/5738 1499/1662/5739 
f 1488/1640/5740 1489/1642/5741 1492/1648/5742 1493/1650/5743 
f 1489/1642/5744 1476/1588/5745 1459/1590/5746 1492/1648/5747 
f 1582/1819/5748 1581/1818/5749 1496/1656/5750 1497/1658/5751 
f 1578/1815/5752 1582/1819/5753 1497/1658/5754 1480/1597/5755 
f 1489/1641/5756 1488/1639/5757 1568/1688/5758 1558/1687/5759 
f 1488/1639/5760 1455/1585/5761 1510/1685/5762 1568/1688/5763 
f 1569/1690/5764 1512/1689/5765 1505/1673/5766 1504/1671/5767 
f 1504/1671/5768 1471/1607/5769 1511/1686/5770 1569/1690/5771 
f 1502/1668/5772 1503/1670/5773 1493/1649/5774 1492/1647/5775 
f 1468/1604/5776 1502/1668/5777 1492/1647/5778 1459/1590/5779 
f 1499/1661/5780 1498/1659/5781 1500/1664/5782 1501/1666/5783 
f 1481/1598/5784 1499/1661/5785 1501/1666/5786 1482/1602/5787 
f 1501/1665/5788 1500/1663/5789 1503/1669/5790 1502/1667/5791 
f 1482/1602/5792 1501/1665/5793 1502/1667/5794 1468/1604/5795 
f 1507/1677/5796 1506/1675/5797 1504/1672/5798 1505/1674/5799 
f 1485/1611/5800 1507/1677/5801 1505/1674/5802 1484/1608/5803 
f 1495/1653/5804 1494/1651/5805 1506/1676/5806 1507/1678/5807 
f 1479/1592/5808 1495/1653/5809 1507/1678/5810 1485/1611/5811 
f 1513/1691/5812 1516/1694/5813 1584/1822/5814 1583/1820/5815 
f 1517/1695/5816 1586/1824/5817 1585/1823/5818 1518/1696/5819 
f 1517/1705/5820 1518/1704/5821 1516/1703/5822 1524/1706/5823 
f 1525/1707/5824 1524/1706/5825 1516/1703/5826 1526/1708/5827 
f 1521/1699/5828 1526/1708/5829 1516/1703/5830 1522/1700/5831 
f 1516/1703/5832 1513/1702/5833 1523/1701/5834 1522/1700/5835 
f 1530/1712/5836 1529/1711/5837 1528/1710/5838 1527/1709/5839 
f 1535/1717/5840 1534/1716/5841 1533/1715/5842 1536/1718/5843 
f 1531/1713/5844 1536/1718/5845 1533/1715/5846 1532/1714/5847 
f 1520/1698/5848 1538/1720/5849 1537/1719/5850 1519/1697/5851 
f 1539/1721/5852 1540/1724/5853 1588/1827/5854 1587/1826/5855 
f 1510/1726/5856 1541/1725/5857 1527/1709/5858 1528/1710/5859 
f 1509/1730/5860 1544/1729/5861 1543/1728/5862 1542/1727/5863 
f 1532/1714/5864 1511/1732/5865 1508/1731/5866 1531/1713/5867 
f 1538/1736/5868 1546/1735/5869 1545/1734/5870 1537/1733/5871 
f 1546/1735/5872 1548/1738/5873 1547/1737/5874 1545/1734/5875 
f 1548/1738/5876 1529/1711/5877 1530/1712/5878 1547/1737/5879 
f 1542/1727/5880 1543/1728/5881 1550/1740/5882 1549/1739/5883 
f 1549/1739/5884 1550/1740/5885 1514/1692/5886 1515/1693/5887 
f 1533/1715/5888 1534/1716/5889 1551/1741/5890 1540/1724/5891 
f 1533/1715/5892 1540/1724/5893 1539/1721/5894 
f 1583/1821/5895 1589/1828/5896 1523/1743/5897 1513/1742/5898 
f 1520/1749/5899 1554/1748/5900 1553/1747/5901 1538/1746/5902 
f 1528/1750/5903 1529/1753/5904 1556/1752/5905 1555/1751/5906 
f 1590/1829/5907 1554/1755/5908 1520/1754/5909 1586/1825/5910 
f 1531/1758/5911 1508/1761/5912 1558/1760/5913 1557/1759/5914 
f 1543/1762/5915 1544/1765/5916 1512/1764/5917 1559/1763/5918 
f 1560/1768/5919 1556/1767/5920 1529/1766/5921 1548/1769/5922 
f 1553/1772/5923 1561/1771/5924 1546/1770/5925 1538/1773/5926 
f 1561/1776/5927 1560/1775/5928 1548/1774/5929 1546/1777/5930 
f 1563/1780/5931 1562/1779/5932 1532/1778/5933 1533/1781/5934 
f 1564/1784/5935 1563/1783/5936 1533/1782/5937 1539/1785/5938 
f 1589/1828/5939 1591/1830/5940 1522/1786/5941 1523/1743/5942 
f 1591/1830/5943 1587/1826/5944 1521/1722/5945 1522/1786/5946 
f 1554/1748/5947 1566/1789/5948 1565/1788/5949 1553/1747/5950 
f 1566/1789/5951 1540/1724/5952 1551/1741/5953 1565/1788/5954 
f 1555/1751/5955 1556/1752/5956 1567/1791/5957 1557/1790/5958 
f 1557/1790/5959 1567/1791/5960 1536/1718/5961 1531/1713/5962 
f 1592/1831/5963 1566/1792/5964 1554/1755/5965 1590/1829/5966 
f 1588/1827/5967 1540/1724/5968 1566/1792/5969 1592/1831/5970 
f 1557/1759/5971 1558/1760/5972 1568/1795/5973 1555/1794/5974 
f 1555/1794/5975 1568/1795/5976 1510/1726/5977 1528/1710/5978 
f 1569/1797/5979 1562/1796/5980 1559/1763/5981 1512/1764/5982 
f 1562/1796/5983 1569/1797/5984 1511/1732/5985 1532/1714/5986 
f 1570/1799/5987 1567/1798/5988 1556/1767/5989 1560/1768/5990 
f 1535/1717/5991 1536/1718/5992 1567/1798/5993 1570/1799/5994 
f 1565/1801/5995 1571/1800/5996 1561/1771/5997 1553/1772/5998 
f 1551/1741/5999 1534/1716/6000 1571/1800/6001 1565/1801/6002 
f 1571/1803/6003 1570/1802/6004 1560/1775/6005 1561/1776/6006 
f 1534/1716/6007 1535/1717/6008 1570/1802/6009 1571/1803/6010 
f 1572/1805/6011 1559/1804/6012 1562/1779/6013 1563/1780/6014 
f 1550/1740/6015 1543/1728/6016 1559/1804/6017 1572/1805/6018 
f 1552/1807/6019 1572/1806/6020 1563/1783/6021 1564/1784/6022 
f 1514/1692/6023 1550/1740/6024 1572/1806/6025 1552/1807/6026 
f 1573/1808/6027 1479/1592/6028 1462/1594/6029 1575/1811/6030 
f 1463/1595/6031 1464/1596/6032 1576/1812/6033 1574/1810/6034 
f 1577/1814/6035 1475/1589/6036 1457/1591/6037 1578/1815/6038 
f 1479/1616/6039 1573/1809/6040 1579/1816/6041 1495/1654/6042 
f 1490/1643/6043 1477/1622/6044 1576/1813/6045 1581/1818/6046 
f 1495/1654/6047 1579/1816/6048 1580/1817/6049 1494/1652/6050 
f 1494/1652/6051 1580/1817/6052 1577/1814/6053 1461/1593/6054 
f 1491/1645/6055 1490/1643/6056 1581/1818/6057 1582/1819/6058 
f 1457/1591/6059 1491/1645/6060 1582/1819/6061 1578/1815/6062 
f 1515/1693/6063 1514/1692/6064 1583/1820/6065 1584/1822/6066 
f 1586/1824/6067 1520/1698/6068 1519/1697/6069 1585/1823/6070 
f 1526/1723/6071 1521/1722/6072 1587/1826/6073 1588/1827/6074 
f 1552/1744/6075 1589/1828/6076 1583/1821/6077 1514/1745/6078 
f 1586/1825/6079 1517/1757/6080 1524/1756/6081 1590/1829/6082 
f 1564/1787/6083 1591/1830/6084 1589/1828/6085 1552/1744/6086 
f 1539/1721/6087 1587/1826/6088 1591/1830/6089 1564/1787/6090 
f 1590/1829/6091 1524/1756/6092 1525/1793/6093 1592/1831/6094 
f 1525/1793/6095 1526/1723/6096 1588/1827/6097 1592/1831/6098 
f 1601/1852/6099 1625/1890/6100 1606/1860/6101 1593/1832/6102 
f 1645/1862/6103 1626/1891/6104 1604/1857/6105 1637/1836/6106 
f 1692/2003/6107 1683/1992/6108 1684/1993/6109 1691/2002/6110 
f 1690/2001/6111 1698/2009/6112 1697/2008/6113 1689/2000/6114 
f 1694/2005/6115 1686/1997/6116 1685/1996/6117 1693/2004/6118 
f 1613/1871/6119 1615/1874/6120 1609/1866/6121 1621/1884/6122 
f 1623/1887/6123 1614/1872/6124 1616/1875/6125 1610/1867/6126 
f 1696/2007/6127 1702/2013/6128 1701/2012/6129 1695/2006/6130 
f 1625/1890/6131 1641/1853/6132 1649/1876/6133 1594/1833/6134 
f 1649/1876/6135 1619/1881/6136 1594/1833/6137 
f 1625/1890/6138 1594/1833/6139 1606/1860/6140 
f 1645/1862/6141 1650/1877/6142 1620/1883/6143 1598/1837/6144 
f 1645/1862/6145 1598/1837/6146 1642/1855/6147 1626/1891/6148 
f 1682/1989/6149 1692/2003/6150 1691/2002/6151 1681/1988/6152 
f 1688/1999/6153 1694/2005/6154 1693/2004/6155 1687/1998/6156 
f 1636/1835/6157 1647/1868/6158 1615/1874/6159 1643/1858/6160 
f 1599/1838/6161 1612/1870/6162 1616/1875/6163 1608/1864/6164 
f 1635/1834/6165 1643/1858/6166 1615/1874/6167 1613/1871/6168 
f 1640/1839/6169 1608/1864/6170 1616/1875/6171 1614/1872/6172 
f 1686/1995/6173 1696/2007/6174 1695/2006/6175 1685/1994/6176 
f 1622/1885/6177 1609/1866/6178 1615/1874/6179 1647/1868/6180 
f 1612/1870/6181 1624/1889/6182 1610/1867/6183 1616/1875/6184 
f 1700/2011/6185 1682/1991/6186 1681/1990/6187 1699/2010/6188 
f 1698/2009/6189 1700/2011/6190 1699/2010/6191 1697/2008/6192 
f 1627/1892/6193 1631/1898/6194 1625/1890/6195 1601/1852/6196 
f 1642/1855/6197 1656/1896/6198 1632/1899/6199 1626/1891/6200 
f 1704/2015/6201 1690/2001/6202 1689/2000/6203 1703/2014/6204 
f 1631/1898/6205 1628/1893/6206 1641/1853/6207 1625/1890/6208 
f 1626/1891/6209 1632/1899/6210 1630/1897/6211 1604/1857/6212 
f 1621/1884/6213 1609/1866/6214 1631/1898/6215 1627/1892/6216 
f 1656/1896/6217 1623/1887/6218 1610/1867/6219 1632/1899/6220 
f 1702/2013/6221 1704/2015/6222 1703/2014/6223 1701/2012/6224 
f 1609/1866/6225 1622/1885/6226 1628/1893/6227 1631/1898/6228 
f 1632/1899/6229 1610/1867/6230 1624/1889/6231 1630/1897/6232 
f 1659/1947/6233 1667/1961/6234 1643/1901/6235 1635/1900/6236 
f 1647/1903/6237 1636/1902/6238 1660/1948/6239 1671/1969/6240 
f 1668/1962/6241 1606/1905/6242 1594/1904/6243 1658/1946/6244 
f 1637/1906/6245 1661/1950/6246 1669/1965/6247 1645/1907/6248 
f 1662/1952/6249 1666/1959/6250 1642/1909/6251 1598/1908/6252 
f 1640/1910/6253 1664/1954/6254 1670/1966/6255 1608/1911/6256 
f 1641/1912/6257 1665/1956/6258 1673/1973/6259 1649/1913/6260 
f 1672/1970/6261 1614/1915/6262 1623/1914/6263 1678/1983/6264 
f 1667/1960/6265 1660/1949/6266 1636/1917/6267 1643/1916/6268 
f 1668/1963/6269 1657/1944/6270 1593/1919/6271 1606/1918/6272 
f 1650/1921/6273 1645/1920/6274 1669/1964/6275 1674/1975/6276 
f 1608/1922/6277 1670/1967/6278 1663/1953/6279 1599/1923/6280 
f 1677/1980/6281 1622/1925/6282 1647/1924/6283 1671/1968/6284 
f 1664/1955/6285 1640/1927/6286 1614/1926/6287 1672/1971/6288 
f 1675/1977/6289 1651/1929/6290 1634/1928/6291 1658/1945/6292 
f 1676/1979/6293 1652/1931/6294 1638/1930/6295 1662/1951/6296 
f 1673/1972/6297 1617/1933/6298 1651/1932/6299 1675/1976/6300 
f 1674/1974/6301 1618/1935/6302 1652/1934/6303 1676/1978/6304 
f 1679/1984/6305 1628/1937/6306 1622/1936/6307 1677/1981/6308 
f 1680/1986/6309 1629/1939/6310 1654/1938/6311 1678/1982/6312 
f 1665/1957/6313 1641/1941/6314 1628/1940/6315 1679/1985/6316 
f 1666/1958/6317 1603/1943/6318 1629/1942/6319 1680/1987/6320 
f 1595/1849/6321 1605/1859/6322 1667/1961/6323 1659/1947/6324 
f 1596/1845/6325 1611/1869/6326 1671/1969/6327 1660/1948/6328 
f 1634/1841/6329 1644/1861/6330 1668/1962/6331 1658/1946/6332 
f 1597/1842/6333 1607/1863/6334 1669/1965/6335 1661/1950/6336 
f 1638/1846/6337 1603/1856/6338 1666/1959/6339 1662/1952/6340 
f 1664/1954/6341 1600/1850/6342 1646/1865/6343 1670/1966/6344 
f 1665/1956/6345 1602/1854/6346 1617/1844/6347 1673/1973/6348 
f 1648/1873/6349 1672/1970/6350 1678/1983/6351 1654/1888/6352 
f 1605/1859/6353 1596/1848/6354 1660/1949/6355 1667/1960/6356 
f 1644/1861/6357 1633/1840/6358 1657/1944/6359 1668/1963/6360 
f 1607/1863/6361 1618/1843/6362 1674/1975/6363 1669/1964/6364 
f 1646/1865/6365 1639/1851/6366 1663/1953/6367 1670/1967/6368 
f 1653/1886/6369 1677/1980/6370 1671/1968/6371 1611/1869/6372 
f 1672/1971/6373 1648/1873/6374 1600/1847/6375 1664/1955/6376 
f 1619/1881/6377 1675/1977/6378 1658/1945/6379 1594/1833/6380 
f 1620/1883/6381 1676/1979/6382 1662/1951/6383 1598/1837/6384 
f 1649/1876/6385 1673/1972/6386 1675/1976/6387 1619/1881/6388 
f 1650/1877/6389 1674/1974/6390 1676/1978/6391 1620/1883/6392 
f 1655/1894/6393 1679/1984/6394 1677/1981/6395 1653/1886/6396 
f 1656/1896/6397 1680/1986/6398 1678/1982/6399 1623/1887/6400 
f 1602/1854/6401 1665/1957/6402 1679/1985/6403 1655/1894/6404 
f 1642/1855/6405 1666/1958/6406 1680/1987/6407 1656/1896/6408 
f 1607/1863/6409 1597/1842/6410 1683/1992/6411 1692/2003/6412 
f 1633/1840/6413 1644/1861/6414 1691/2002/6415 1684/1993/6416 
f 1603/1856/6417 1638/1846/6418 1698/2009/6419 1690/2001/6420 
f 1617/1844/6421 1602/1854/6422 1689/2000/6423 1697/2008/6424 
f 1646/1865/6425 1600/1850/6426 1686/1997/6427 1694/2005/6428 
f 1596/1848/6429 1605/1859/6430 1693/2004/6431 1685/1996/6432 
f 1648/1873/6433 1654/1888/6434 1702/2013/6435 1696/2007/6436 
f 1653/1886/6437 1611/1869/6438 1695/2006/6439 1701/2012/6440 
f 1618/1843/6441 1607/1863/6442 1692/2003/6443 1682/1989/6444 
f 1644/1861/6445 1634/1841/6446 1681/1988/6447 1691/2002/6448 
f 1639/1851/6449 1646/1865/6450 1694/2005/6451 1688/1999/6452 
f 1605/1859/6453 1595/1849/6454 1687/1998/6455 1693/2004/6456 
f 1600/1847/6457 1648/1873/6458 1696/2007/6459 1686/1995/6460 
f 1611/1869/6461 1596/1845/6462 1685/1994/6463 1695/2006/6464 
f 1618/1879/6465 1682/1991/6466 1700/2011/6467 1652/1882/6468 
f 1651/1880/6469 1699/2010/6470 1681/1990/6471 1634/1878/6472 
f 1652/1882/6473 1700/2011/6474 1698/2009/6475 1638/1846/6476 
f 1617/1844/6477 1697/2008/6478 1699/2010/6479 1651/1880/6480 
f 1603/1856/6481 1690/2001/6482 1704/2015/6483 1629/1895/6484 
f 1655/1894/6485 1703/2014/6486 1689/2000/6487 1602/1854/6488 
f 1629/1895/6489 1704/2015/6490 1702/2013/6491 1654/1888/6492 
f 1653/1886/6493 1701/2012/6494 1703/2014/6495 1655/1894/6496 
f 1713/2036/6497 1737/2074/6498 1718/2044/6499 1705/2016/6500 
f 1757/2046/6501 1738/2075/6502 1716/2041/6503 1749/2020/6504 
f 1804/2187/6505 1795/2176/6506 1796/2177/6507 1803/2186/6508 
f 1802/2185/6509 1810/2193/6510 1809/2192/6511 1801/2184/6512 
f 1806/2189/6513 1798/2181/6514 1797/2180/6515 1805/2188/6516 
f 1725/2055/6517 1727/2058/6518 1721/2050/6519 1733/2068/6520 
f 1735/2071/6521 1726/2056/6522 1728/2059/6523 1722/2051/6524 
f 1808/2191/6525 1814/2197/6526 1813/2196/6527 1807/2190/6528 
f 1737/2074/6529 1753/2037/6530 1761/2060/6531 1706/2017/6532 
f 1761/2060/6533 1731/2065/6534 1706/2017/6535 
f 1737/2074/6536 1706/2017/6537 1718/2044/6538 
f 1757/2046/6539 1762/2061/6540 1732/2067/6541 1710/2021/6542 
f 1757/2046/6543 1710/2021/6544 1754/2039/6545 1738/2075/6546 
f 1794/2173/6547 1804/2187/6548 1803/2186/6549 1793/2172/6550 
f 1800/2183/6551 1806/2189/6552 1805/2188/6553 1799/2182/6554 
f 1748/2019/6555 1759/2052/6556 1727/2058/6557 1755/2042/6558 
f 1711/2022/6559 1724/2054/6560 1728/2059/6561 1720/2048/6562 
f 1747/2018/6563 1755/2042/6564 1727/2058/6565 1725/2055/6566 
f 1752/2023/6567 1720/2048/6568 1728/2059/6569 1726/2056/6570 
f 1798/2179/6571 1808/2191/6572 1807/2190/6573 1797/2178/6574 
f 1734/2069/6575 1721/2050/6576 1727/2058/6577 1759/2052/6578 
f 1724/2054/6579 1736/2073/6580 1722/2051/6581 1728/2059/6582 
f 1812/2195/6583 1794/2175/6584 1793/2174/6585 1811/2194/6586 
f 1810/2193/6587 1812/2195/6588 1811/2194/6589 1809/2192/6590 
f 1739/2076/6591 1743/2082/6592 1737/2074/6593 1713/2036/6594 
f 1754/2039/6595 1768/2080/6596 1744/2083/6597 1738/2075/6598 
f 1816/2199/6599 1802/2185/6600 1801/2184/6601 1815/2198/6602 
f 1743/2082/6603 1740/2077/6604 1753/2037/6605 1737/2074/6606 
f 1738/2075/6607 1744/2083/6608 1742/2081/6609 1716/2041/6610 
f 1733/2068/6611 1721/2050/6612 1743/2082/6613 1739/2076/6614 
f 1768/2080/6615 1735/2071/6616 1722/2051/6617 1744/2083/6618 
f 1814/2197/6619 1816/2199/6620 1815/2198/6621 1813/2196/6622 
f 1721/2050/6623 1734/2069/6624 1740/2077/6625 1743/2082/6626 
f 1744/2083/6627 1722/2051/6628 1736/2073/6629 1742/2081/6630 
f 1771/2131/6631 1779/2145/6632 1755/2085/6633 1747/2084/6634 
f 1759/2087/6635 1748/2086/6636 1772/2132/6637 1783/2153/6638 
f 1780/2146/6639 1718/2089/6640 1706/2088/6641 1770/2130/6642 
f 1749/2090/6643 1773/2134/6644 1781/2149/6645 1757/2091/6646 
f 1774/2136/6647 1778/2143/6648 1754/2093/6649 1710/2092/6650 
f 1752/2094/6651 1776/2138/6652 1782/2150/6653 1720/2095/6654 
f 1753/2096/6655 1777/2140/6656 1785/2157/6657 1761/2097/6658 
f 1784/2154/6659 1726/2099/6660 1735/2098/6661 1790/2167/6662 
f 1779/2144/6663 1772/2133/6664 1748/2101/6665 1755/2100/6666 
f 1780/2147/6667 1769/2128/6668 1705/2103/6669 1718/2102/6670 
f 1762/2105/6671 1757/2104/6672 1781/2148/6673 1786/2159/6674 
f 1720/2106/6675 1782/2151/6676 1775/2137/6677 1711/2107/6678 
f 1789/2164/6679 1734/2109/6680 1759/2108/6681 1783/2152/6682 
f 1776/2139/6683 1752/2111/6684 1726/2110/6685 1784/2155/6686 
f 1787/2161/6687 1763/2113/6688 1746/2112/6689 1770/2129/6690 
f 1788/2163/6691 1764/2115/6692 1750/2114/6693 1774/2135/6694 
f 1785/2156/6695 1729/2117/6696 1763/2116/6697 1787/2160/6698 
f 1786/2158/6699 1730/2119/6700 1764/2118/6701 1788/2162/6702 
f 1791/2168/6703 1740/2121/6704 1734/2120/6705 1789/2165/6706 
f 1792/2170/6707 1741/2123/6708 1766/2122/6709 1790/2166/6710 
f 1777/2141/6711 1753/2125/6712 1740/2124/6713 1791/2169/6714 
f 1778/2142/6715 1715/2127/6716 1741/2126/6717 1792/2171/6718 
f 1707/2033/6719 1717/2043/6720 1779/2145/6721 1771/2131/6722 
f 1708/2029/6723 1723/2053/6724 1783/2153/6725 1772/2132/6726 
f 1746/2025/6727 1756/2045/6728 1780/2146/6729 1770/2130/6730 
f 1709/2026/6731 1719/2047/6732 1781/2149/6733 1773/2134/6734 
f 1750/2030/6735 1715/2040/6736 1778/2143/6737 1774/2136/6738 
f 1776/2138/6739 1712/2034/6740 1758/2049/6741 1782/2150/6742 
f 1777/2140/6743 1714/2038/6744 1729/2028/6745 1785/2157/6746 
f 1760/2057/6747 1784/2154/6748 1790/2167/6749 1766/2072/6750 
f 1717/2043/6751 1708/2032/6752 1772/2133/6753 1779/2144/6754 
f 1756/2045/6755 1745/2024/6756 1769/2128/6757 1780/2147/6758 
f 1719/2047/6759 1730/2027/6760 1786/2159/6761 1781/2148/6762 
f 1758/2049/6763 1751/2035/6764 1775/2137/6765 1782/2151/6766 
f 1765/2070/6767 1789/2164/6768 1783/2152/6769 1723/2053/6770 
f 1784/2155/6771 1760/2057/6772 1712/2031/6773 1776/2139/6774 
f 1731/2065/6775 1787/2161/6776 1770/2129/6777 1706/2017/6778 
f 1732/2067/6779 1788/2163/6780 1774/2135/6781 1710/2021/6782 
f 1761/2060/6783 1785/2156/6784 1787/2160/6785 1731/2065/6786 
f 1762/2061/6787 1786/2158/6788 1788/2162/6789 1732/2067/6790 
f 1767/2078/6791 1791/2168/6792 1789/2165/6793 1765/2070/6794 
f 1768/2080/6795 1792/2170/6796 1790/2166/6797 1735/2071/6798 
f 1714/2038/6799 1777/2141/6800 1791/2169/6801 1767/2078/6802 
f 1754/2039/6803 1778/2142/6804 1792/2171/6805 1768/2080/6806 
f 1719/2047/6807 1709/2026/6808 1795/2176/6809 1804/2187/6810 
f 1745/2024/6811 1756/2045/6812 1803/2186/6813 1796/2177/6814 
f 1715/2040/6815 1750/2030/6816 1810/2193/6817 1802/2185/6818 
f 1729/2028/6819 1714/2038/6820 1801/2184/6821 1809/2192/6822 
f 1758/2049/6823 1712/2034/6824 1798/2181/6825 1806/2189/6826 
f 1708/2032/6827 1717/2043/6828 1805/2188/6829 1797/2180/6830 
f 1760/2057/6831 1766/2072/6832 1814/2197/6833 1808/2191/6834 
f 1765/2070/6835 1723/2053/6836 1807/2190/6837 1813/2196/6838 
f 1730/2027/6839 1719/2047/6840 1804/2187/6841 1794/2173/6842 
f 1756/2045/6843 1746/2025/6844 1793/2172/6845 1803/2186/6846 
f 1751/2035/6847 1758/2049/6848 1806/2189/6849 1800/2183/6850 
f 1717/2043/6851 1707/2033/6852 1799/2182/6853 1805/2188/6854 
f 1712/2031/6855 1760/2057/6856 1808/2191/6857 1798/2179/6858 
f 1723/2053/6859 1708/2029/6860 1797/2178/6861 1807/2190/6862 
f 1730/2063/6863 1794/2175/6864 1812/2195/6865 1764/2066/6866 
f 1763/2064/6867 1811/2194/6868 1793/2174/6869 1746/2062/6870 
f 1764/2066/6871 1812/2195/6872 1810/2193/6873 1750/2030/6874 
f 1729/2028/6875 1809/2192/6876 1811/2194/6877 1763/2064/6878 
f 1715/2040/6879 1802/2185/6880 1816/2199/6881 1741/2079/6882 
f 1767/2078/6883 1815/2198/6884 1801/2184/6885 1714/2038/6886 
f 1741/2079/6887 1816/2199/6888 1814/2197/6889 1766/2072/6890 
f 1765/2070/6891 1813/2196/6892 1815/2198/6893 1767/2078/6894 
f 1873/2264/6895 1874/2265/6896 1875/2266/6897 1857/2248/6898 
f 1875/2266/6899 1876/2267/6900 1857/2248/6901 
f 1857/2248/6902 1858/2249/6903 1859/2250/6904 1860/2251/6905 
f 1873/2264/6906 1857/2248/6907 1860/2251/6908 1869/2260/6909 
f 1860/2251/6910 1861/2252/6911 1862/2253/6912 1864/2255/6913 
f 1862/2253/6914 1863/2254/6915 1864/2255/6916 
f 1860/2251/6917 1864/2255/6918 1865/2256/6919 1869/2260/6920 
f 1866/2257/6921 1867/2258/6922 1868/2259/6923 1865/2256/6924 
f 1865/2256/6925 1868/2259/6926 1869/2260/6927 
f 1873/2264/6928 1869/2260/6929 1870/2261/6930 1871/2262/6931 
f 1873/2264/6932 1871/2262/6933 1872/2263/6934 
f 1878/2270/6935 1822/2203/6936 1827/2202/6937 1817/2200/6938 
f 1820/2205/6939 1824/2207/6940 1843/2206/6941 1841/2204/6942 
f 1826/2209/6943 1823/2211/6944 1844/2210/6945 1842/2208/6946 
f 1881/2275/6947 1821/2215/6948 1828/2214/6949 1819/2212/6950 
f 1827/2216/6951 1837/2228/6952 1829/2220/6953 1817/2217/6954 
f 1888/2283/6955 1838/2229/6956 1823/2219/6957 1826/2218/6958 
f 1837/2228/6959 1836/2227/6960 1830/2221/6961 1829/2220/6962 
f 1835/2226/6963 1885/2280/6964 1830/2221/6965 1836/2227/6966 
f 1821/2215/6967 1881/2275/6968 1885/2280/6969 1835/2226/6970 
f 1833/2224/6971 1839/2230/6972 1838/2229/6973 1888/2283/6974 
f 1832/2223/6975 1840/2231/6976 1839/2230/6977 1833/2224/6978 
f 1832/2223/6979 1819/2212/6980 1828/2214/6981 1840/2231/6982 
f 1893/2288/6983 1851/2242/6984 1822/2233/6985 1878/2271/6986 
f 1896/2291/6987 1854/2245/6988 1824/2235/6989 1820/2234/6990 
f 1846/2237/6991 1852/2243/6992 1851/2242/6993 1893/2288/6994 
f 1845/2236/6995 1853/2244/6996 1852/2243/6997 1846/2237/6998 
f 1845/2236/6999 1841/2204/7000 1843/2206/7001 1853/2244/7002 
f 1849/2240/7003 1855/2246/7004 1854/2245/7005 1896/2291/7006 
f 1849/2240/7007 1848/2239/7008 1856/2247/7009 1855/2246/7010 
f 1848/2239/7011 1842/2208/7012 1844/2210/7013 1856/2247/7014 
f 1879/2272/7015 1858/2249/7016 1857/2248/7017 1825/2213/7018 
f 1879/2272/7019 1886/2281/7020 1859/2250/7021 1858/2249/7022 
f 1859/2250/7023 1886/2281/7024 1887/2282/7025 1860/2251/7026 
f 1860/2251/7027 1887/2282/7028 1834/2225/7029 1861/2252/7030 
f 1882/2276/7031 1862/2253/7032 1861/2252/7033 1834/2225/7034 
f 1890/2285/7035 1863/2254/7036 1862/2253/7037 1882/2277/7038 
f 1864/2255/7039 1863/2254/7040 1890/2285/7041 1894/2289/7042 
f 1865/2256/7043 1864/2255/7044 1894/2289/7045 1895/2290/7046 
f 1866/2257/7047 1865/2256/7048 1895/2290/7049 1850/2241/7050 
f 1867/2258/7051 1866/2257/7052 1850/2241/7053 1880/2273/7054 
f 1889/2284/7055 1868/2259/7056 1867/2258/7057 1880/2274/7058 
f 1869/2260/7059 1868/2259/7060 1889/2284/7061 1891/2286/7062 
f 1870/2261/7063 1869/2260/7064 1891/2286/7065 1892/2287/7066 
f 1871/2262/7067 1870/2261/7068 1892/2287/7069 1847/2238/7070 
f 1872/2263/7071 1871/2262/7072 1847/2238/7073 1818/2232/7074 
f 1877/2268/7075 1873/2264/7076 1872/2263/7077 1818/2201/7078 
f 1877/2269/7079 1883/2278/7080 1874/2265/7081 1873/2264/7082 
f 1874/2265/7083 1883/2278/7084 1884/2279/7085 1875/2266/7086 
f 1875/2266/7087 1884/2279/7088 1831/2222/7089 1876/2267/7090 
f 1825/2213/7091 1857/2248/7092 1876/2267/7093 1831/2222/7094 
f 1909/2313/7095 1905/2306/7096 1879/2272/7097 1825/2213/7098 
f 1914/2320/7099 1938/2345/7100 1890/2285/7101 1882/2277/7102 
f 1908/2311/7103 1935/2342/7104 1889/2284/7105 1880/2274/7106 
f 1900/2299/7107 1899/2297/7108 1877/2268/7109 1818/2201/7110 
f 1831/2222/7111 1921/2328/7112 1909/2313/7113 1825/2213/7114 
f 1834/2225/7115 1930/2337/7116 1914/2321/7117 1882/2276/7118 
f 1899/2296/7119 1917/2324/7120 1883/2278/7121 1877/2269/7122 
f 1883/2278/7123 1917/2324/7124 1920/2327/7125 1884/2279/7126 
f 1884/2279/7127 1920/2327/7128 1921/2328/7129 1831/2222/7130 
f 1905/2306/7131 1926/2333/7132 1886/2281/7133 1879/2272/7134 
f 1886/2281/7135 1926/2333/7136 1929/2336/7137 1887/2282/7138 
f 1887/2282/7139 1929/2336/7140 1930/2337/7141 1834/2225/7142 
f 1900/2298/7143 1818/2232/7144 1847/2238/7145 1945/2352/7146 
f 1908/2312/7147 1880/2273/7148 1850/2241/7149 1954/2361/7150 
f 1941/2348/7151 1891/2286/7152 1889/2284/7153 1935/2342/7154 
f 1944/2351/7155 1892/2287/7156 1891/2286/7157 1941/2348/7158 
f 1945/2352/7159 1847/2238/7160 1892/2287/7161 1944/2351/7162 
f 1950/2357/7163 1894/2289/7164 1890/2285/7165 1938/2345/7166 
f 1953/2360/7167 1895/2290/7168 1894/2289/7169 1950/2357/7170 
f 1954/2361/7171 1850/2241/7172 1895/2290/7173 1953/2360/7174 
f 1910/2314/7175 1904/2305/7176 1905/2306/7177 1909/2313/7178 
f 1911/2315/7179 1903/2304/7180 1904/2305/7181 1910/2314/7182 
f 1881/2275/7183 1819/2212/7184 1903/2304/7185 1911/2315/7186 
f 1913/2318/7187 1937/2344/7188 1938/2345/7189 1914/2320/7190 
f 1912/2316/7191 1936/2343/7192 1937/2344/7193 1913/2318/7194 
f 1826/2209/7195 1842/2208/7196 1936/2343/7197 1912/2316/7198 
f 1907/2309/7199 1934/2341/7200 1935/2342/7201 1908/2311/7202 
f 1906/2307/7203 1933/2340/7204 1934/2341/7205 1907/2309/7206 
f 1820/2205/7207 1841/2204/7208 1933/2340/7209 1906/2307/7210 
f 1901/2301/7211 1898/2295/7212 1899/2297/7213 1900/2299/7214 
f 1902/2303/7215 1897/2293/7216 1898/2295/7217 1901/2301/7218 
f 1878/2270/7219 1817/2200/7220 1897/2293/7221 1902/2303/7222 
f 1921/2328/7223 1922/2329/7224 1910/2314/7225 1909/2313/7226 
f 1922/2329/7227 1923/2330/7228 1911/2315/7229 1910/2314/7230 
f 1923/2330/7231 1885/2280/7232 1881/2275/7233 1911/2315/7234 
f 1930/2337/7235 1931/2338/7236 1913/2319/7237 1914/2321/7238 
f 1931/2338/7239 1932/2339/7240 1912/2317/7241 1913/2319/7242 
f 1932/2339/7243 1888/2283/7244 1826/2218/7245 1912/2317/7246 
f 1898/2294/7247 1916/2323/7248 1917/2324/7249 1899/2296/7250 
f 1897/2292/7251 1915/2322/7252 1916/2323/7253 1898/2294/7254 
f 1817/2217/7255 1829/2220/7256 1915/2322/7257 1897/2292/7258 
f 1919/2326/7259 1920/2327/7260 1917/2324/7261 1916/2323/7262 
f 1916/2323/7263 1915/2322/7264 1918/2325/7265 1919/2326/7266 
f 1829/2220/7267 1830/2221/7268 1918/2325/7269 1915/2322/7270 
f 1922/2329/7271 1921/2328/7272 1920/2327/7273 1919/2326/7274 
f 1919/2326/7275 1918/2325/7276 1923/2330/7277 1922/2329/7278 
f 1918/2325/7279 1830/2221/7280 1885/2280/7281 1923/2330/7282 
f 1904/2305/7283 1925/2332/7284 1926/2333/7285 1905/2306/7286 
f 1903/2304/7287 1924/2331/7288 1925/2332/7289 1904/2305/7290 
f 1819/2212/7291 1832/2223/7292 1924/2331/7293 1903/2304/7294 
f 1928/2335/7295 1929/2336/7296 1926/2333/7297 1925/2332/7298 
f 1925/2332/7299 1924/2331/7300 1927/2334/7301 1928/2335/7302 
f 1832/2223/7303 1833/2224/7304 1927/2334/7305 1924/2331/7306 
f 1931/2338/7307 1930/2337/7308 1929/2336/7309 1928/2335/7310 
f 1928/2335/7311 1927/2334/7312 1932/2339/7313 1931/2338/7314 
f 1927/2334/7315 1833/2224/7316 1888/2283/7317 1932/2339/7318 
f 1901/2300/7319 1900/2298/7320 1945/2352/7321 1946/2353/7322 
f 1902/2302/7323 1901/2300/7324 1946/2353/7325 1947/2354/7326 
f 1878/2271/7327 1902/2302/7328 1947/2354/7329 1893/2288/7330 
f 1907/2310/7331 1908/2312/7332 1954/2361/7333 1955/2362/7334 
f 1906/2308/7335 1907/2310/7336 1955/2362/7337 1956/2363/7338 
f 1820/2234/7339 1906/2308/7340 1956/2363/7341 1896/2291/7342 
f 1940/2347/7343 1941/2348/7344 1935/2342/7345 1934/2341/7346 
f 1939/2346/7347 1940/2347/7348 1934/2341/7349 1933/2340/7350 
f 1845/2236/7351 1939/2346/7352 1933/2340/7353 1841/2204/7354 
f 1943/2350/7355 1944/2351/7356 1941/2348/7357 1940/2347/7358 
f 1942/2349/7359 1943/2350/7360 1940/2347/7361 1939/2346/7362 
f 1846/2237/7363 1942/2349/7364 1939/2346/7365 1845/2236/7366 
f 1946/2353/7367 1945/2352/7368 1944/2351/7369 1943/2350/7370 
f 1947/2354/7371 1946/2353/7372 1943/2350/7373 1942/2349/7374 
f 1893/2288/7375 1947/2354/7376 1942/2349/7377 1846/2237/7378 
f 1949/2356/7379 1950/2357/7380 1938/2345/7381 1937/2344/7382 
f 1948/2355/7383 1949/2356/7384 1937/2344/7385 1936/2343/7386 
f 1848/2239/7387 1948/2355/7388 1936/2343/7389 1842/2208/7390 
f 1952/2359/7391 1953/2360/7392 1950/2357/7393 1949/2356/7394 
f 1951/2358/7395 1952/2359/7396 1949/2356/7397 1948/2355/7398 
f 1849/2240/7399 1951/2358/7400 1948/2355/7401 1848/2239/7402 
f 1955/2362/7403 1954/2361/7404 1953/2360/7405 1952/2359/7406 
f 1956/2363/7407 1955/2362/7408 1952/2359/7409 1951/2358/7410 
f 1896/2291/7411 1956/2363/7412 1951/2358/7413 1849/2240/7414 
f 2040/2471/7415 2004/2428/7416 1957/2366/7417 2035/2466/7418 
f 2002/2426/7419 1999/2422/7420 1958/2370/7421 1969/2383/7422 
f 2052/2485/7423 2053/2486/7424 2049/2482/7425 2048/2481/7426 
f 2003/2427/7427 2001/2425/7428 1964/2377/7429 1971/2386/7430 
f 2071/2504/7431 2051/2484/7432 2050/2483/7433 2070/2503/7434 
f 2000/2423/7435 2002/2426/7436 1969/2383/7437 1961/2373/7438 
f 2036/2467/7439 2037/2468/7440 1967/2380/7441 1962/2374/7442 
f 1974/2389/7443 1970/2384/7444 1966/2379/7445 1972/2387/7446 
f 1999/2421/7447 2003/2427/7448 1971/2386/7449 1958/2367/7450 
f 2051/2484/7451 2055/2488/7452 2054/2487/7453 2050/2483/7454 
f 2313/2785/7455 2323/2795/7456 2038/2469/7457 1978/2394/7458 
f 2311/2783/7459 1976/2392/7460 1979/2395/7461 2314/2786/7462 
f 2313/2785/7463 1978/2394/7464 1980/2396/7465 2315/2787/7466 
f 1979/2395/7467 2376/2849/7468 2389/2866/7469 2314/2786/7470 
f 2315/2787/7471 1980/2396/7472 1976/2391/7473 2311/2782/7474 
f 2369/2842/7475 2000/2424/7476 1961/2372/7477 2364/2837/7478 
f 1983/2401/7479 1974/2389/7480 1972/2387/7481 1981/2399/7482 
f 2037/2468/7483 2039/2470/7484 1995/2398/7485 1967/2380/7486 
f 1970/2384/7487 1974/2389/7488 1984/2402/7489 1982/2400/7490 
f 1967/2380/7491 1986/2404/7492 1985/2403/7493 1962/2374/7494 
f 1997/2405/7495 1986/2404/7496 1967/2380/7497 1995/2398/7498 
f 1986/2404/7499 1990/2410/7500 1989/2409/7501 1985/2403/7502 
f 1986/2404/7503 1997/2405/7504 1998/2411/7505 1990/2410/7506 
f 2363/2836/7507 2361/2834/7508 1989/2409/7509 1987/2406/7510 
f 1988/2407/7511 1987/2406/7512 1989/2409/7513 1990/2410/7514 
f 1996/2408/7515 1988/2407/7516 1990/2410/7517 1998/2411/7518 
f 2272/2741/7519 2273/2742/7520 2056/2489/7521 2057/2490/7522 
f 2047/2480/7523 2046/2479/7524 2060/2493/7525 2061/2494/7526 
f 2326/2798/7527 2088/2521/7528 1992/2413/7529 2322/2794/7530 
f 2082/2515/7531 2005/2429/7532 1992/2413/7533 2088/2521/7534 
f 1978/2394/7535 2038/2469/7536 2040/2471/7537 2001/2425/7538 
f 1979/2395/7539 1976/2392/7540 1999/2422/7541 2002/2426/7542 
f 1980/2396/7543 1978/2394/7544 2001/2425/7545 2003/2427/7546 
f 2376/2849/7547 1979/2395/7548 2002/2426/7549 2000/2423/7550 
f 2377/2850/7551 2376/2849/7552 2000/2423/7553 
f 1976/2391/7554 1980/2396/7555 2003/2427/7556 1999/2421/7557 
f 2059/2492/7558 2061/2494/7559 2060/2493/7560 2058/2491/7561 
f 2043/2474/7562 2020/2448/7563 1959/2368/7564 2034/2464/7565 
f 1960/2371/7566 1968/2381/7567 2023/2452/7568 2021/2450/7569 
f 1965/2378/7570 1973/2388/7571 2024/2453/7572 2022/2451/7573 
f 2379/2853/7574 2016/2444/7575 2023/2452/7576 2375/2848/7577 
f 2375/2848/7578 2023/2452/7579 1968/2381/7580 
f 1973/2388/7581 1960/2369/7582 2021/2449/7583 2024/2453/7584 
f 2056/2489/7585 2066/2499/7586 2067/2500/7587 2057/2490/7588 
f 2078/2511/7589 2026/2455/7590 1993/2415/7591 2074/2507/7592 
f 2030/2460/7593 2044/2475/7594 2042/2473/7595 2015/2443/7596 
f 2031/2461/7597 2029/2459/7598 2014/2442/7599 2016/2444/7600 
f 2032/2462/7601 2030/2460/7602 2015/2443/7603 2017/2445/7604 
f 2378/2852/7605 2009/2433/7606 2031/2461/7607 2379/2854/7608 
f 2031/2461/7609 2016/2444/7610 2379/2854/7611 
f 2029/2458/7612 2032/2462/7613 2017/2445/7614 2014/2441/7615 
f 2065/2498/7616 2064/2497/7617 2068/2501/7618 2069/2502/7619 
f 2087/2520/7620 2085/2518/7621 2018/2446/7622 2033/2463/7623 
f 2015/2443/7624 2042/2473/7625 2043/2474/7626 2022/2451/7627 
f 2016/2444/7628 2014/2442/7629 2021/2450/7630 2023/2452/7631 
f 2024/2453/7632 2017/2445/7633 2015/2443/7634 2022/2451/7635 
f 2021/2449/7636 2014/2441/7637 2017/2445/7638 2024/2453/7639 
f 2064/2497/7640 2065/2498/7641 2067/2500/7642 2066/2499/7643 
f 2085/2518/7644 2086/2519/7645 2025/2454/7646 2018/2446/7647 
f 2008/2431/7648 2041/2472/7649 2044/2475/7650 2030/2460/7651 
f 2031/2461/7652 2009/2433/7653 2007/2434/7654 2029/2459/7655 
f 2010/2435/7656 2008/2431/7657 2030/2460/7658 2032/2462/7659 
f 2029/2458/7660 2007/2437/7661 2010/2435/7662 2032/2462/7663 
f 2062/2495/7664 2063/2496/7665 2069/2502/7666 2068/2501/7667 
f 2084/2517/7668 2087/2520/7669 2033/2463/7670 2011/2438/7671 
f 2010/2435/7672 2300/2771/7673 2298/2769/7674 2008/2431/7675 
f 2304/2775/7676 2306/2777/7677 2012/2439/7678 2076/2509/7679 
f 1964/2377/7680 2001/2425/7681 2040/2471/7682 2035/2466/7683 
f 2071/2504/7684 2070/2503/7685 2046/2477/7686 2047/2478/7687 
f 1966/2379/7688 1970/2384/7689 2037/2468/7690 2036/2467/7691 
f 2263/2731/7692 2271/2740/7693 2034/2464/7694 1959/2368/7695 
f 1970/2384/7696 1982/2400/7697 2039/2470/7698 2037/2468/7699 
f 1975/2390/7700 2004/2428/7701 2040/2471/7702 2038/2469/7703 
f 1965/2378/7704 2022/2451/7705 2043/2474/7706 2034/2464/7707 
f 2013/2440/7708 2042/2473/7709 2044/2475/7710 2028/2457/7711 
f 2020/2448/7712 2043/2474/7713 2042/2473/7714 2013/2440/7715 
f 2028/2457/7716 2044/2475/7717 2041/2472/7718 2006/2432/7719 
f 2053/2486/7720 2052/2485/7721 2072/2505/7722 2073/2506/7723 
f 2073/2506/7724 2072/2505/7725 2054/2487/7726 2055/2488/7727 
f 1984/2402/7728 1974/2389/7729 1983/2401/7730 2045/2476/7731 
f 1981/2399/7732 2049/2482/7733 2053/2486/7734 1983/2401/7735 
f 1969/2382/7736 2052/2485/7737 2048/2481/7738 1961/2372/7739 
f 2039/2470/7740 1982/2400/7741 2051/2484/7742 2071/2504/7743 
f 1964/2376/7744 2035/2465/7745 2070/2503/7746 2050/2483/7747 
f 1984/2402/7748 2055/2488/7749 2051/2484/7750 1982/2400/7751 
f 1964/2376/7752 2050/2483/7753 2054/2487/7754 1971/2385/7755 
f 2269/2738/7756 2272/2741/7757 2057/2490/7758 1991/2412/7759 
f 2321/2793/7760 2317/2789/7761 2058/2491/7762 1975/2390/7763 
f 1995/2414/7764 2047/2480/7765 2061/2494/7766 2005/2430/7767 
f 2004/2428/7768 2060/2493/7769 2046/2479/7770 1957/2366/7771 
f 1992/2413/7772 2005/2430/7773 2061/2494/7774 2059/2492/7775 
f 2004/2428/7776 1975/2390/7777 2058/2491/7778 2060/2493/7779 
f 2020/2448/7780 2066/2499/7781 2056/2489/7782 1959/2368/7783 
f 1991/2412/7784 2057/2490/7785 2067/2500/7786 2025/2454/7787 
f 2018/2446/7788 2065/2498/7789 2069/2502/7790 2033/2463/7791 
f 2028/2457/7792 2068/2501/7793 2064/2497/7794 2013/2440/7795 
f 2025/2454/7796 2067/2500/7797 2065/2498/7798 2018/2446/7799 
f 2013/2440/7800 2064/2497/7801 2066/2499/7802 2020/2448/7803 
f 2033/2463/7804 2069/2502/7805 2063/2496/7806 2011/2438/7807 
f 2006/2432/7808 2062/2495/7809 2068/2501/7810 2028/2457/7811 
f 2296/2766/7812 2303/2774/7813 2062/2495/7814 2006/2432/7815 
f 2039/2470/7816 2071/2504/7817 2047/2478/7818 1995/2398/7819 
f 1957/2364/7820 2046/2477/7821 2070/2503/7822 2035/2465/7823 
f 1983/2401/7824 2053/2486/7825 2073/2506/7826 2045/2476/7827 
f 1958/2365/7828 2072/2505/7829 2052/2485/7830 1969/2382/7831 
f 2045/2476/7832 2073/2506/7833 2055/2488/7834 1984/2402/7835 
f 1971/2385/7836 2054/2487/7837 2072/2505/7838 1958/2365/7839 
f 2270/2739/7840 2274/2743/7841 2074/2507/7842 1993/2415/7843 
f 2083/2516/7844 2086/2519/7845 2078/2511/7846 2074/2507/7847 
f 2019/2447/7848 2077/2510/7849 2079/2512/7850 2027/2456/7851 
f 2026/2455/7852 2078/2511/7853 2077/2510/7854 2019/2447/7855 
f 2027/2456/7856 2079/2512/7857 2076/2509/7858 2012/2439/7859 
f 1997/2420/7860 2082/2515/7861 2081/2514/7862 1998/2419/7863 
f 2075/2508/7864 1994/2416/7865 1996/2417/7866 2080/2513/7867 
f 1996/2417/7868 1998/2419/7869 2081/2514/7870 2080/2513/7871 
f 2005/2429/7872 2082/2515/7873 1997/2420/7874 1995/2418/7875 
f 2274/2743/7876 2275/2744/7877 2083/2516/7878 2074/2507/7879 
f 2079/2512/7880 2077/2510/7881 2085/2518/7882 2087/2520/7883 
f 2077/2510/7884 2078/2511/7885 2086/2519/7886 2085/2518/7887 
f 2076/2509/7888 2079/2512/7889 2087/2520/7890 2084/2517/7891 
f 2025/2454/7892 2086/2519/7893 2083/2516/7894 1991/2412/7895 
f 2088/2521/7896 2075/2508/7897 2080/2513/7898 2081/2514/7899 
f 2088/2521/7900 2081/2514/7901 2082/2515/7902 
f 2365/2838/7903 2366/2839/7904 1972/2387/7905 1966/2379/7906 
f 2362/2835/7907 2371/2844/7908 2048/2481/7909 2049/2482/7910 
f 2360/2833/7911 2359/2832/7912 1962/2374/7913 1985/2403/7914 
f 2361/2834/7915 2360/2833/7916 1985/2403/7917 1989/2409/7918 
f 2000/2424/7919 2369/2842/7920 2392/2869/7921 2377/2851/7922 
f 2036/2467/7923 2370/2843/7924 2365/2838/7925 1966/2379/7926 
f 2371/2844/7927 2364/2837/7928 1961/2372/7929 2048/2481/7930 
f 2091/2524/7931 2090/2523/7932 2089/2522/7933 2092/2525/7934 
f 2095/2528/7935 2094/2527/7936 2093/2526/7937 2096/2529/7938 
f 2097/2530/7939 2100/2533/7940 2099/2532/7941 2098/2531/7942 
f 2103/2536/7943 2102/2535/7944 2101/2534/7945 2104/2537/7946 
f 2108/2541/7947 2107/2540/7948 2106/2539/7949 2105/2538/7950 
f 2110/2543/7951 2109/2542/7952 2094/2527/7953 2095/2528/7954 
f 2113/2546/7955 2112/2545/7956 2111/2544/7957 2114/2547/7958 
f 2115/2548/7959 2118/2551/7960 2117/2550/7961 2116/2549/7962 
f 2096/2553/7963 2093/2552/7964 2102/2535/7965 2103/2536/7966 
f 2120/2555/7967 2119/2554/7968 2107/2540/7969 2108/2541/7970 
f 2124/2559/7971 2327/2799/7972 2333/2805/7973 2121/2556/7974 
f 2128/2563/7975 2335/2808/7976 2334/2806/7977 2125/2560/7978 
f 2121/2556/7979 2333/2805/7980 2336/2809/7981 2129/2564/7982 
f 2125/2560/7983 2334/2806/7984 2390/2867/7985 2381/2856/7986 
f 2336/2809/7987 2335/2807/7988 2128/2568/7989 2129/2564/7990 
f 2133/2572/7991 2134/2573/7992 2118/2551/7993 2115/2548/7994 
f 2114/2547/7995 2111/2544/7996 2135/2574/7997 2136/2575/7998 
f 2138/2577/7999 2115/2548/8000 2116/2549/8001 2137/2576/8002 
f 2140/2579/8003 2139/2578/8004 2111/2544/8005 2112/2545/8006 
f 2141/2580/8007 2135/2574/8008 2111/2544/8009 2139/2578/8010 
f 2143/2582/8011 2142/2581/8012 2139/2578/8013 2140/2579/8014 
f 2139/2578/8015 2142/2581/8016 2144/2583/8017 2141/2580/8018 
f 2143/2582/8019 2145/2584/8020 2146/2585/8021 2142/2581/8022 
f 2142/2581/8023 2146/2585/8024 2147/2586/8025 2144/2583/8026 
f 2253/2721/8027 2149/2588/8028 2148/2587/8029 2254/2722/8030 
f 2154/2593/8031 2153/2592/8032 2152/2591/8033 2155/2594/8034 
f 2330/2802/8035 2329/2801/8036 2156/2595/8037 2159/2598/8038 
f 2160/2599/8039 2159/2598/8040 2156/2595/8041 2161/2600/8042 
f 2091/2524/8043 2124/2559/8044 2121/2556/8045 2104/2537/8046 
f 2096/2529/8047 2128/2563/8048 2125/2560/8049 2095/2528/8050 
f 2104/2537/8051 2121/2556/8052 2129/2564/8053 2103/2536/8054 
f 2382/2857/8055 2110/2543/8056 2095/2528/8057 2125/2560/8058 
f 2381/2856/8059 2382/2857/8060 2125/2560/8061 
f 2103/2536/8062 2129/2564/8063 2128/2568/8064 2096/2553/8065 
f 2152/2591/8066 2153/2592/8067 2150/2589/8068 2151/2590/8069 
f 2163/2602/8070 2123/2558/8071 2162/2601/8072 2164/2603/8073 
f 2127/2562/8074 2166/2605/8075 2165/2604/8076 2126/2561/8077 
f 2122/2557/8078 2168/2607/8079 2167/2606/8080 2130/2565/8081 
f 2380/2855/8082 2126/2561/8083 2165/2604/8084 2383/2859/8085 
f 2383/2859/8086 2165/2604/8087 2169/2608/8088 
f 2130/2565/8089 2167/2606/8090 2166/2609/8091 2127/2569/8092 
f 2171/2611/8093 2170/2610/8094 2148/2587/8095 2149/2588/8096 
f 2174/2614/8097 2173/2613/8098 2172/2612/8099 2175/2615/8100 
f 2179/2619/8101 2178/2618/8102 2177/2617/8103 2176/2616/8104 
f 2182/2622/8105 2181/2621/8106 2180/2620/8107 2169/2608/8108 
f 2176/2616/8109 2177/2617/8110 2184/2624/8111 2183/2623/8112 
f 2383/2860/8113 2169/2608/8114 2180/2620/8115 2384/2861/8116 
f 2180/2620/8117 2185/2626/8118 2384/2861/8119 
f 2183/2623/8120 2184/2624/8121 2181/2628/8122 2182/2627/8123 
f 2188/2631/8124 2187/2630/8125 2186/2629/8126 2189/2632/8127 
f 2192/2635/8128 2191/2634/8129 2190/2633/8130 2193/2636/8131 
f 2163/2602/8132 2179/2619/8133 2176/2616/8134 2168/2607/8135 
f 2166/2605/8136 2182/2622/8137 2169/2608/8138 2165/2604/8139 
f 2167/2606/8140 2168/2607/8141 2176/2616/8142 2183/2623/8143 
f 2166/2609/8144 2167/2606/8145 2183/2623/8146 2182/2627/8147 
f 2189/2632/8148 2170/2610/8149 2171/2611/8150 2188/2631/8151 
f 2193/2636/8152 2190/2633/8153 2194/2637/8154 2195/2638/8155 
f 2178/2618/8156 2197/2640/8157 2196/2639/8158 2177/2617/8159 
f 2180/2620/8160 2181/2621/8161 2198/2641/8162 2185/2626/8163 
f 2177/2617/8164 2196/2639/8165 2199/2642/8166 2184/2624/8167 
f 2181/2628/8168 2184/2624/8169 2199/2642/8170 2198/2643/8171 
f 2200/2644/8172 2186/2629/8173 2187/2630/8174 2201/2645/8175 
f 2203/2647/8176 2202/2646/8177 2191/2634/8178 2192/2635/8179 
f 2286/2756/8180 2197/2640/8181 2204/2648/8182 2280/2749/8183 
f 2283/2753/8184 2185/2626/8185 2198/2641/8186 2281/2751/8187 
f 2185/2626/8188 2283/2753/8189 2387/2864/8190 2384/2861/8191 
f 2281/2750/8192 2198/2643/8193 2199/2642/8194 2284/2754/8195 
f 2287/2757/8196 2200/2644/8197 2201/2645/8198 2291/2761/8199 
f 2091/2524/8200 2104/2537/8201 2101/2534/8202 2090/2523/8203 
f 2106/2539/8204 2154/2652/8205 2155/2651/8206 2105/2538/8207 
f 2114/2547/8208 2116/2549/8209 2117/2550/8210 2113/2546/8211 
f 2257/2725/8212 2162/2601/8213 2123/2558/8214 2248/2715/8215 
f 2136/2575/8216 2137/2576/8217 2116/2549/8218 2114/2547/8219 
f 2091/2524/8220 2092/2525/8221 2207/2653/8222 2124/2559/8223 
f 2163/2602/8224 2168/2607/8225 2122/2557/8226 2123/2558/8227 
f 2209/2655/8228 2208/2654/8229 2178/2618/8230 2179/2619/8231 
f 2164/2603/8232 2209/2655/8233 2179/2619/8234 2163/2602/8235 
f 2208/2654/8236 2204/2648/8237 2197/2640/8238 2178/2618/8239 
f 2286/2756/8240 2282/2752/8241 2196/2639/8242 2197/2640/8243 
f 2098/2531/8244 2211/2657/8245 2210/2656/8246 2097/2530/8247 
f 2211/2657/8248 2119/2554/8249 2120/2555/8250 2210/2656/8251 
f 2133/2572/8252 2115/2548/8253 2138/2577/8254 2212/2658/8255 
f 2134/2573/8256 2133/2572/8257 2098/2531/8258 2099/2532/8259 
f 2094/2659/8260 2109/2570/8261 2100/2533/8262 2097/2530/8263 
f 2107/2540/8264 2137/2576/8265 2136/2575/8266 2106/2539/8267 
f 2105/2538/8268 2090/2661/8269 2101/2660/8270 2108/2541/8271 
f 2138/2577/8272 2137/2576/8273 2107/2540/8274 2119/2554/8275 
f 2101/2660/8276 2102/2662/8277 2120/2555/8278 2108/2541/8279 
f 2352/2825/8280 2134/2573/8281 2099/2532/8282 2347/2820/8283 
f 2255/2723/8284 2157/2596/8285 2149/2588/8286 2253/2721/8287 
f 2331/2803/8288 2207/2653/8289 2151/2590/8290 2338/2811/8291 
f 2135/2664/8292 2161/2663/8293 2153/2592/8294 2154/2593/8295 
f 2092/2525/8296 2089/2522/8297 2155/2594/8298 2152/2591/8299 
f 2153/2592/8300 2161/2663/8301 2156/2595/8302 2150/2589/8303 
f 2151/2590/8304 2207/2653/8305 2092/2525/8306 2152/2591/8307 
f 2164/2603/8308 2162/2601/8309 2148/2587/8310 2170/2610/8311 
f 2157/2596/8312 2194/2637/8313 2171/2611/8314 2149/2588/8315 
f 2190/2633/8316 2191/2634/8317 2187/2630/8318 2188/2631/8319 
f 2208/2654/8320 2209/2655/8321 2189/2632/8322 2186/2629/8323 
f 2194/2637/8324 2190/2633/8325 2188/2631/8326 2171/2611/8327 
f 2209/2655/8328 2164/2603/8329 2170/2610/8330 2189/2632/8331 
f 2191/2634/8332 2202/2646/8333 2201/2645/8334 2187/2630/8335 
f 2204/2648/8336 2208/2654/8337 2186/2629/8338 2200/2644/8339 
f 2136/2575/8340 2135/2574/8341 2154/2652/8342 2106/2539/8343 
f 2089/2665/8344 2090/2661/8345 2105/2538/8346 2155/2651/8347 
f 2133/2572/8348 2212/2658/8349 2211/2657/8350 2098/2531/8351 
f 2093/2666/8352 2094/2659/8353 2097/2530/8354 2210/2656/8355 
f 2212/2658/8356 2138/2577/8357 2119/2554/8358 2211/2657/8359 
f 2102/2662/8360 2093/2666/8361 2210/2656/8362 2120/2555/8363 
f 2258/2726/8364 2172/2612/8365 2173/2613/8366 2259/2727/8367 
f 2174/2614/8368 2195/2638/8369 2158/2597/8370 2173/2613/8371 
f 2217/2671/8372 2216/2670/8373 2215/2669/8374 2218/2672/8375 
f 2175/2615/8376 2217/2671/8377 2218/2672/8378 2174/2614/8379 
f 2216/2670/8380 2205/2649/8381 2206/2650/8382 2215/2669/8383 
f 2289/2759/8384 2203/2647/8385 2206/2650/8386 2288/2758/8387 
f 2141/2675/8388 2144/2674/8389 2219/2673/8390 2160/2599/8391 
f 2147/2677/8392 2213/2667/8393 2214/2668/8394 2220/2676/8395 
f 2147/2677/8396 2220/2676/8397 2219/2673/8398 2144/2674/8399 
f 2161/2600/8400 2135/2678/8401 2141/2675/8402 2160/2599/8403 
f 2259/2727/8404 2173/2613/8405 2158/2597/8406 2256/2724/8407 
f 2193/2636/8408 2218/2672/8409 2215/2669/8410 2192/2635/8411 
f 2195/2638/8412 2174/2614/8413 2218/2672/8414 2193/2636/8415 
f 2192/2635/8416 2215/2669/8417 2206/2650/8418 2203/2647/8419 
f 2194/2637/8420 2157/2596/8421 2158/2597/8422 2195/2638/8423 
f 2285/2755/8424 2202/2646/8425 2203/2647/8426 2289/2759/8427 
f 2159/2598/8428 2160/2599/8429 2219/2673/8430 2220/2676/8431 
f 2159/2598/8432 2220/2676/8433 2214/2668/8434 
f 2359/2832/8435 2370/2843/8436 2036/2467/8437 1962/2374/8438 
f 2366/2839/8439 2368/2841/8440 1981/2399/8441 1972/2387/8442 
f 2310/2781/8443 2301/2772/8444 2011/2438/8445 2063/2496/8446 
f 2222/2681/8447 2223/2682/8448 2224/2683/8449 2221/2680/8450 
f 2225/2684/8451 2226/2685/8452 2227/2686/8453 2228/2687/8454 
f 2225/2684/8455 2228/2687/8456 2229/2688/8457 2276/2745/8458 
f 2318/2790/8459 2276/2745/8460 2229/2688/8461 2356/2829/8462 
f 2232/2691/8463 2233/2692/8464 2234/2693/8465 2231/2690/8466 
f 2230/2689/8467 2231/2690/8468 2234/2693/8469 2292/2762/8470 
f 2292/2762/8471 2234/2693/8472 2260/2728/8473 2356/2829/8474 
f 2235/2694/8475 2236/2695/8476 2237/2696/8477 2238/2697/8478 
f 2340/2813/8479 2235/2694/8480 2238/2697/8481 2356/2829/8482 
f 2260/2728/8483 2340/2813/8484 2356/2829/8485 
f 2307/2778/8486 2292/2762/8487 2356/2829/8488 2229/2688/8489 
f 2318/2790/8490 2356/2829/8491 2372/2845/8492 2224/2683/8493 
f 2221/2680/8494 2224/2683/8495 2372/2845/8496 
f 2222/2681/8497 2221/2680/8498 1987/2406/8499 1988/2407/8500 
f 2223/2682/8501 2222/2681/8502 1988/2407/8503 1996/2408/8504 
f 2224/2683/8505 2223/2682/8506 1996/2417/8507 1994/2416/8508 
f 2318/2790/8509 2224/2683/8510 1994/2416/8511 2316/2788/8512 
f 2226/2685/8513 2225/2684/8514 1993/2415/8515 2026/2455/8516 
f 2227/2686/8517 2226/2685/8518 2026/2455/8519 2019/2447/8520 
f 2228/2687/8521 2227/2686/8522 2019/2447/8523 2027/2456/8524 
f 2229/2688/8525 2228/2687/8526 2027/2456/8527 2012/2439/8528 
f 2307/2778/8529 2229/2688/8530 2012/2439/8531 2306/2777/8532 
f 2231/2690/8533 2230/2689/8534 2205/2649/8535 2216/2670/8536 
f 2232/2691/8537 2231/2690/8538 2216/2670/8539 2217/2671/8540 
f 2233/2692/8541 2232/2691/8542 2217/2671/8543 2175/2615/8544 
f 2234/2693/8545 2233/2692/8546 2175/2615/8547 2172/2612/8548 
f 2260/2728/8549 2234/2693/8550 2172/2612/8551 2258/2726/8552 
f 2236/2695/8553 2235/2694/8554 2213/2667/8555 2147/2677/8556 
f 2237/2696/8557 2236/2695/8558 2147/2586/8559 2146/2585/8560 
f 2238/2697/8561 2237/2696/8562 2146/2585/8563 2145/2584/8564 
f 2356/2829/8565 2238/2697/8566 2145/2584/8567 2345/2818/8568 
f 2278/2747/8569 2243/2707/8570 1963/2375/8571 2265/2734/8572 
f 2374/2847/8573 2244/2709/8574 1977/2397/8575 2367/2840/8576 
f 2342/2815/8577 2245/2711/8578 2131/2566/8579 2337/2810/8580 
f 2294/2764/8581 2246/2713/8582 2132/2625/8583 2279/2748/8584 
f 2240/2698/8585 2319/2791/8586 2320/2792/8587 2244/2708/8588 
f 2241/2705/8589 2357/2830/8590 2358/2831/8591 2245/2710/8592 
f 2242/2702/8593 2261/2729/8594 2262/2730/8595 2246/2712/8596 
f 2239/2700/8597 2308/2779/8598 2309/2780/8599 2243/2706/8600 
f 2123/2558/8601 2122/2557/8602 2247/2714/8603 2248/2715/8604 
f 2126/2561/8605 2249/2716/8606 2250/2718/8607 2127/2562/8608 
f 2130/2565/8609 2251/2719/8610 2247/2714/8611 2122/2557/8612 
f 2249/2716/8613 2126/2561/8614 2380/2855/8615 2385/2862/8616 
f 2127/2569/8617 2250/2717/8618 2251/2719/8619 2130/2565/8620 
f 2338/2811/8621 2328/2800/8622 2253/2721/8623 2254/2722/8624 
f 2157/2596/8625 2255/2723/8626 2256/2724/8627 2158/2597/8628 
f 2327/2799/8629 2331/2803/8630 2257/2725/8631 2248/2715/8632 
f 2328/2800/8633 2329/2801/8634 2255/2723/8635 2253/2721/8636 
f 2162/2601/8637 2257/2725/8638 2254/2722/8639 2148/2587/8640 
f 2332/2804/8641 2339/2812/8642 2258/2726/8643 2259/2727/8644 
f 2330/2802/8645 2332/2804/8646 2259/2727/8647 2256/2724/8648 
f 2339/2812/8649 2340/2813/8650 2260/2728/8651 2258/2726/8652 
f 2246/2712/8653 2262/2730/8654 2252/2720/8655 2132/2567/8656 
f 2341/2814/8657 2342/2815/8658 2262/2730/8659 2261/2729/8660 
f 1965/2378/8661 2034/2464/8662 2271/2740/8663 2266/2735/8664 
f 1960/2371/8665 2264/2733/8666 2267/2736/8667 1968/2381/8668 
f 1965/2378/8669 2266/2735/8670 2268/2737/8671 1973/2388/8672 
f 2267/2736/8673 2386/2863/8674 2375/2848/8675 1968/2381/8676 
f 1973/2388/8677 2268/2737/8678 2264/2732/8679 1960/2369/8680 
f 2324/2796/8681 2317/2789/8682 2273/2742/8683 2272/2741/8684 
f 2083/2516/8685 2275/2744/8686 2269/2738/8687 1991/2412/8688 
f 2321/2793/8689 2323/2795/8690 2271/2740/8691 2263/2731/8692 
f 2322/2794/8693 2324/2796/8694 2272/2741/8695 2269/2738/8696 
f 2056/2489/8697 2273/2742/8698 2263/2731/8699 1959/2368/8700 
f 2316/2788/8701 2325/2797/8702 2274/2743/8703 2270/2739/8704 
f 2325/2797/8705 2326/2798/8706 2275/2744/8707 2274/2743/8708 
f 2225/2684/8709 2276/2745/8710 2270/2739/8711 1993/2415/8712 
f 2312/2784/8713 2320/2792/8714 2278/2747/8715 2265/2734/8716 
f 2239/2699/8717 2243/2707/8718 2278/2747/8719 2277/2746/8720 
f 2196/2639/8721 2282/2752/8722 2284/2754/8723 2199/2642/8724 
f 2205/2649/8725 2290/2760/8726 2288/2758/8727 2206/2650/8728 
f 2200/2644/8729 2287/2757/8730 2280/2749/8731 2204/2648/8732 
f 2296/2766/8733 2302/2773/8734 2286/2756/8735 2280/2749/8736 
f 2297/2768/8737 2299/2770/8738 2283/2753/8739 2281/2751/8740 
f 2387/2864/8741 2283/2753/8742 2299/2770/8743 2388/2865/8744 
f 2300/2771/8745 2297/2767/8746 2281/2750/8747 2284/2754/8748 
f 2310/2781/8749 2303/2774/8750 2287/2757/8751 2291/2761/8752 
f 2302/2773/8753 2298/2769/8754 2282/2752/8755 2286/2756/8756 
f 2304/2775/8757 2305/2776/8758 2289/2759/8759 2288/2758/8760 
f 2305/2776/8761 2301/2772/8762 2285/2755/8763 2289/2759/8764 
f 2202/2646/8765 2285/2755/8766 2291/2761/8767 2201/2645/8768 
f 2230/2689/8769 2292/2762/8770 2290/2760/8771 2205/2649/8772 
f 2295/2765/8773 2309/2780/8774 2294/2764/8775 2279/2748/8776 
f 2242/2704/8777 2246/2713/8778 2294/2764/8779 2293/2763/8780 
f 2284/2754/8781 2282/2752/8782 2298/2769/8783 2300/2771/8784 
f 2288/2758/8785 2290/2760/8786 2306/2777/8787 2304/2775/8788 
f 2280/2749/8789 2287/2757/8790 2303/2774/8791 2296/2766/8792 
f 2291/2761/8793 2285/2755/8794 2301/2772/8795 2310/2781/8796 
f 2290/2760/8797 2292/2762/8798 2307/2778/8799 2306/2777/8800 
f 2293/2763/8801 2294/2764/8802 2309/2780/8803 2308/2779/8804 
f 2041/2472/8805 2302/2773/8806 2296/2766/8807 2006/2432/8808 
f 2007/2434/8809 2009/2433/8810 2299/2770/8811 2297/2768/8812 
f 2388/2865/8813 2299/2770/8814 2009/2433/8815 2378/2852/8816 
f 2007/2437/8817 2297/2767/8818 2300/2771/8819 2010/2435/8820 
f 2062/2495/8821 2303/2774/8822 2310/2781/8823 2063/2496/8824 
f 2041/2472/8825 2008/2431/8826 2298/2769/8827 2302/2773/8828 
f 2084/2517/8829 2305/2776/8830 2304/2775/8831 2076/2509/8832 
f 2011/2438/8833 2301/2772/8834 2305/2776/8835 2084/2517/8836 
f 2243/2706/8837 2309/2780/8838 2295/2765/8839 1963/2436/8840 
f 2266/2735/8841 2271/2740/8842 2323/2795/8843 2313/2785/8844 
f 2267/2736/8845 2264/2733/8846 2311/2783/8847 2314/2786/8848 
f 2268/2737/8849 2266/2735/8850 2313/2785/8851 2315/2787/8852 
f 2267/2736/8853 2314/2786/8854 2389/2866/8855 2386/2863/8856 
f 2264/2732/8857 2268/2737/8858 2315/2787/8859 2311/2782/8860 
f 2269/2738/8861 2275/2744/8862 2326/2798/8863 2322/2794/8864 
f 2263/2731/8865 2273/2742/8866 2317/2789/8867 2321/2793/8868 
f 2270/2739/8869 2276/2745/8870 2318/2790/8871 2316/2788/8872 
f 2277/2746/8873 2278/2747/8874 2320/2792/8875 2319/2791/8876 
f 2058/2491/8877 2317/2789/8878 2324/2796/8879 2059/2492/8880 
f 2038/2469/8881 2323/2795/8882 2321/2793/8883 1975/2390/8884 
f 2059/2492/8885 2324/2796/8886 2322/2794/8887 1992/2413/8888 
f 2075/2508/8889 2325/2797/8890 2316/2788/8891 1994/2416/8892 
f 2088/2521/8893 2326/2798/8894 2325/2797/8895 2075/2508/8896 
f 2244/2708/8897 2320/2792/8898 2312/2784/8899 1977/2393/8900 
f 2248/2715/8901 2247/2714/8902 2333/2805/8903 2327/2799/8904 
f 2250/2718/8905 2249/2716/8906 2334/2806/8907 2335/2808/8908 
f 2247/2714/8909 2251/2719/8910 2336/2809/8911 2333/2805/8912 
f 2390/2867/8913 2334/2806/8914 2249/2716/8915 2385/2862/8916 
f 2251/2719/8917 2250/2717/8918 2335/2807/8919 2336/2809/8920 
f 2256/2724/8921 2255/2723/8922 2329/2801/8923 2330/2802/8924 
f 2254/2722/8925 2257/2725/8926 2331/2803/8927 2338/2811/8928 
f 2252/2720/8929 2262/2730/8930 2342/2815/8931 2337/2810/8932 
f 2150/2589/8933 2328/2800/8934 2338/2811/8935 2151/2590/8936 
f 2207/2653/8937 2331/2803/8938 2327/2799/8939 2124/2559/8940 
f 2156/2595/8941 2329/2801/8942 2328/2800/8943 2150/2589/8944 
f 2213/2667/8945 2339/2812/8946 2332/2804/8947 2214/2668/8948 
f 2214/2668/8949 2332/2804/8950 2330/2802/8951 2159/2598/8952 
f 2235/2694/8953 2340/2813/8954 2339/2812/8955 2213/2667/8956 
f 2241/2703/8957 2245/2711/8958 2342/2815/8959 2341/2814/8960 
f 2110/2571/8961 2353/2826/8962 2348/2821/8963 2109/2570/8964 
f 2143/2582/8965 2346/2819/8966 2345/2818/8967 2145/2584/8968 
f 2118/2551/8969 2350/2823/8970 2349/2822/8971 2117/2550/8972 
f 2100/2533/8973 2355/2828/8974 2347/2820/8975 2099/2532/8976 
f 2112/2545/8977 2343/2816/8978 2344/2817/8979 2140/2579/8980 
f 2140/2579/8981 2344/2817/8982 2346/2819/8983 2143/2582/8984 
f 2391/2868/8985 2353/2826/8986 2110/2571/8987 2382/2858/8988 
f 2113/2546/8989 2117/2550/8990 2349/2822/8991 2354/2827/8992 
f 2109/2570/8993 2348/2821/8994 2355/2828/8995 2100/2533/8996 
f 2362/2835/8997 2368/2841/8998 2352/2825/8999 2347/2820/9000 
f 2113/2546/9001 2354/2827/9002 2343/2816/9003 2112/2545/9004 
f 2134/2573/9005 2352/2825/9006 2350/2823/9007 2118/2551/9008 
f 2363/2836/9009 2372/2845/9010 2356/2829/9011 2345/2818/9012 
f 2245/2710/9013 2358/2831/9014 2351/2824/9015 2131/2679/9016 
f 2373/2846/9017 2374/2847/9018 2358/2831/9019 2357/2830/9020 
f 2348/2821/9021 2353/2826/9022 2369/2842/9023 2364/2837/9024 
f 2345/2818/9025 2346/2819/9026 2361/2834/9027 2363/2836/9028 
f 2349/2822/9029 2350/2823/9030 2366/2839/9031 2365/2838/9032 
f 2347/2820/9033 2355/2828/9034 2371/2844/9035 2362/2835/9036 
f 2344/2817/9037 2343/2816/9038 2359/2832/9039 2360/2833/9040 
f 2346/2819/9041 2344/2817/9042 2360/2833/9043 2361/2834/9044 
f 2392/2869/9045 2369/2842/9046 2353/2826/9047 2391/2868/9048 
f 2354/2827/9049 2349/2822/9050 2365/2838/9051 2370/2843/9052 
f 2355/2828/9053 2348/2821/9054 2364/2837/9055 2371/2844/9056 
f 2343/2816/9057 2354/2827/9058 2370/2843/9059 2359/2832/9060 
f 2350/2823/9061 2352/2825/9062 2368/2841/9063 2366/2839/9064 
f 2351/2824/9065 2358/2831/9066 2374/2847/9067 2367/2840/9068 
f 1981/2399/9069 2368/2841/9070 2362/2835/9071 2049/2482/9072 
f 2221/2680/9073 2372/2845/9074 2363/2836/9075 1987/2406/9076 
f 2240/2701/9077 2244/2709/9078 2374/2847/9079 2373/2846/9080 
f 2312/2784/9081 2389/2866/9082 2376/2849/9083 1977/2393/9084 
f 2377/2850/9085 1977/2393/9086 2376/2849/9087 
f 2375/2848/9088 1963/2375/9089 2379/2853/9090 
f 2379/2854/9091 1963/2436/9092 2378/2852/9093 
f 1977/2397/9094 2377/2851/9095 2392/2869/9096 2367/2840/9097 
f 2131/2566/9098 2381/2856/9099 2390/2867/9100 2337/2810/9101 
f 2381/2856/9102 2131/2566/9103 2382/2857/9104 
f 2383/2859/9105 2132/2567/9106 2380/2855/9107 
f 2384/2861/9108 2132/2625/9109 2383/2860/9110 
f 2132/2625/9111 2384/2861/9112 2387/2864/9113 2279/2748/9114 
f 2252/2720/9115 2385/2862/9116 2380/2855/9117 2132/2567/9118 
f 1963/2375/9119 2375/2848/9120 2386/2863/9121 2265/2734/9122 
f 2295/2765/9123 2279/2748/9124 2387/2864/9125 2388/2865/9126 
f 2295/2765/9127 2388/2865/9128 2378/2852/9129 1963/2436/9130 
f 2312/2784/9131 2265/2734/9132 2386/2863/9133 2389/2866/9134 
f 2252/2720/9135 2337/2810/9136 2390/2867/9137 2385/2862/9138 
f 2351/2824/9139 2391/2868/9140 2382/2858/9141 2131/2679/9142 
f 2351/2824/9143 2367/2840/9144 2392/2869/9145 2391/2868/9146 
# 2243 polygons - 58 triangles

