(Project jig-k99693-cut-rear-port)
(Created with Estlcam 12.155)
(Machining time about 00:06:52 hours)

(Required tools:)
(90deg engraver)

G21
G90
G94
M03 S10000
G00 Z6.0000 F480

(No. 1 Carve collection roughing and finishing: Multiple)
G00 X9.9610 Y6.7683 F1000
G00 Z0.7000 F480
G01 Z-0.5679 F600 S10000
G01 X10.1164 Y6.7709 Z-0.5691 F600
G01 X10.2540 Y6.7747 Z-0.5695 F600
G01 X10.3890 Y6.7804 Z-0.5707 F600
G01 X10.5372 Y6.7884 Z-0.5712 F600
G01 X10.7384 Y6.8030 Z-0.5721 F600
G01 X10.9333 Y6.8219 Z-0.5732 F600
G01 X10.9847 Y6.8275 Z-0.5734 F600
G01 X11.1707 Y6.8513 Z-0.5745 F600
G01 X11.3043 Y6.8717 Z-0.5758 F600
G01 X11.3503 Y6.8792 Z-0.5760 F600
G01 X11.4154 Y6.8904 Z-0.5762 F600
G01 X11.4803 Y6.9026 Z-0.5773 F600
G01 X11.5236 Y6.9111 Z-0.5778 F600
G01 X11.5868 Y6.9239 Z-0.5780 F600
G01 X11.6499 Y6.9375 Z-0.5791 F600
G01 X11.6904 Y6.9469 Z-0.5798 F600
G01 X11.8131 Y6.9764 Z-0.5813 F600
G01 X11.8513 Y6.9867 Z-0.5823 F600
G01 X11.9702 Y7.0199 Z-0.5846 F600
G01 X12.1214 Y7.0673 Z-0.5885 F600
G01 X12.2106 Y7.0979 Z-0.5905 F600
G01 X12.2662 Y7.1178 Z-0.5923 F600
G01 X12.3510 Y7.1498 Z-0.5940 F600
G01 X12.4048 Y7.1712 Z-0.5960 F600
G01 X12.4852 Y7.2046 Z-0.5977 F600
G01 X12.5371 Y7.2273 Z-0.5995 F600
G01 X12.6634 Y7.2860 Z-0.6027 F600
G01 X12.7834 Y7.3476 Z-0.6062 F600
G01 X12.8509 Y7.3850 Z-0.6079 F600
G01 X12.8975 Y7.4115 Z-0.6095 F600
G01 X12.9613 Y7.4495 Z-0.6105 F600
G01 X13.0059 Y7.4775 Z-0.6122 F600
G01 X13.1090 Y7.5455 Z-0.6143 F600
G01 X13.2078 Y7.6171 Z-0.6168 F600
G01 X13.2645 Y7.6609 Z-0.6176 F600
G01 X13.3056 Y7.6939 Z-0.6190 F600
G01 X13.3625 Y7.7412 Z-0.6196 F600
G01 X13.4028 Y7.7762 Z-0.6210 F600
G01 X13.4993 Y7.8648 Z-0.6232 F600
G01 X13.5944 Y7.9601 Z-0.6265 F600
G01 X13.6515 Y8.0196 Z-0.6273 F600
G01 X13.6894 Y8.0612 Z-0.6290 F600
G01 X13.7837 Y8.1685 Z-0.6316 F600
G01 X13.8400 Y8.2373 Z-0.6335 F600
G01 X13.8766 Y8.2829 Z-0.6350 F600
G01 X13.9333 Y8.3557 Z-0.6363 F600
G01 X13.9689 Y8.4036 Z-0.6382 F600
G01 X14.0601 Y8.5311 Z-0.6417 F600
G01 X14.1460 Y8.6617 Z-0.6458 F600
G01 X14.1951 Y8.7404 Z-0.6470 F600
G01 X14.2277 Y8.7953 Z-0.6488 F600
G01 X14.3079 Y8.9370 Z-0.6511 F600
G01 X14.3854 Y9.0873 Z-0.6540 F600
G01 X14.4322 Y9.1836 Z-0.6550 F600
G01 X14.4612 Y9.2460 Z-0.6563 F600
G01 X14.5070 Y9.3483 Z-0.6570 F600
G01 X14.5348 Y9.4133 Z-0.6583 F600
G01 X14.5518 Y9.4547 Z-0.6590 F600
G01 X14.6059 Y9.5892 Z-0.6602 F600
G01 X14.6228 Y9.6342 Z-0.6610 F600
G01 X14.6737 Y9.7742 Z-0.6627 F600
G01 X14.6909 Y9.8225 Z-0.6631 F600
G01 X14.7550 Y10.0200 Z-0.6662 F600
G01 X14.7778 Y10.0952 Z-0.6672 F600
G01 X14.7997 Y10.1707 Z-0.6690 F600
G01 X14.8141 Y10.2217 Z-0.6699 F600
G01 X14.8353 Y10.2993 Z-0.6706 F600
G01 X14.8554 Y10.3772 Z-0.6725 F600
G01 X14.8675 Y10.4268 Z-0.6735 F600
G01 X14.9049 Y10.5865 Z-0.6754 F600
G01 X14.9158 Y10.6392 Z-0.6765 F600
G01 X14.9485 Y10.8034 Z-0.6784 F600
G01 X14.9588 Y10.8590 Z-0.6789 F600
G01 X14.9867 Y11.0276 Z-0.6810 F600
G01 X14.9959 Y11.0864 Z-0.6813 F600
G01 X15.0195 Y11.2594 Z-0.6831 F600
G01 X15.0260 Y11.3102 Z-0.6834 F600
G01 X15.0339 Y11.3767 Z-0.6833 F600
G01 X15.0480 Y11.5098 Z-0.6848 F600
G01 X15.0643 Y11.6888 Z-0.6850 F600
G01 X15.0695 Y11.7570 Z-0.6858 F600
G01 X15.0726 Y11.8024 Z-0.6861 F600
G01 X15.0853 Y12.0119 Z-0.6864 F600
G01 X15.0951 Y12.2745 Z-0.6867 F600
G01 X15.0962 Y12.3252 Z-0.6869 F600
G01 X15.0990 Y12.5922 Z-0.6866 F600
G01 X15.0954 Y12.8672 Z-0.6861 F600
G01 X15.0942 Y12.9164 Z-0.6857 F600
G01 X15.0838 Y13.1685 Z-0.6847 F600
G01 X15.0809 Y13.2233 Z-0.6842 F600
G01 X15.0634 Y13.4697 Z-0.6825 F600
G01 X15.0590 Y13.5215 Z-0.6821 F600
G01 X15.0344 Y13.7622 Z-0.6799 F600
G01 X15.0285 Y13.8112 Z-0.6795 F600
G01 X14.9967 Y14.0462 Z-0.6768 F600
G01 X14.9895 Y14.0923 Z-0.6765 F600
G01 X14.9502 Y14.3217 Z-0.6736 F600
G01 X14.9417 Y14.3650 Z-0.6733 F600
G01 X14.8950 Y14.5887 Z-0.6703 F600
G01 X14.8308 Y14.8474 Z-0.6672 F600
G01 X14.7787 Y15.0271 Z-0.6650 F600
G01 X14.7576 Y15.0978 Z-0.6644 F600
G01 X14.6992 Y15.2712 Z-0.6625 F600
G01 X14.6752 Y15.3399 Z-0.6622 F600
G01 X14.6111 Y15.5054 Z-0.6606 F600
G01 X14.5843 Y15.5718 Z-0.6605 F600
G01 X14.5147 Y15.7284 Z-0.6592 F600
G01 X14.4852 Y15.7923 Z-0.6593 F600
G01 X14.4097 Y15.9412 Z-0.6583 F600
G01 X14.3775 Y16.0027 Z-0.6587 F600
G01 X14.2961 Y16.1441 Z-0.6582 F600
G01 X14.2611 Y16.2030 Z-0.6587 F600
G01 X14.1372 Y16.3942 Z-0.6583 F600
G01 X14.0852 Y16.4680 Z-0.6572 F600
G01 X14.0060 Y16.5769 Z-0.6568 F600
G01 X13.9519 Y16.6478 Z-0.6545 F600
G01 X13.9100 Y16.7001 Z-0.6539 F600
G01 X13.8677 Y16.7520 Z-0.6538 F600
G01 X13.7666 Y16.8702 Z-0.6498 F600
G01 X13.7219 Y16.9199 Z-0.6495 F600
G01 X13.5677 Y17.0804 Z-0.6445 F600
G01 X13.4038 Y17.2330 Z-0.6402 F600
G01 X13.3295 Y17.2972 Z-0.6377 F600
G01 X13.2762 Y17.3413 Z-0.6371 F600
G01 X13.1465 Y17.4430 Z-0.6319 F600
G01 X13.0105 Y17.5377 Z-0.6278 F600
G01 X12.9288 Y17.5913 Z-0.6234 F600
G01 X12.8692 Y17.6277 Z-0.6220 F600
G01 X12.7217 Y17.7123 Z-0.6156 F600
G01 X12.6309 Y17.7588 Z-0.6120 F600
G01 X12.5670 Y17.7902 Z-0.6101 F600
G01 X12.4718 Y17.8346 Z-0.6052 F600
G01 X12.4057 Y17.8632 Z-0.6034 F600
G01 X12.2367 Y17.9296 Z-0.5971 F600
G01 X12.1304 Y17.9656 Z-0.5939 F600
G01 X12.0596 Y17.9884 Z-0.5924 F600
G01 X11.9478 Y18.0203 Z-0.5897 F600
G01 X11.8746 Y18.0397 Z-0.5889 F600
G01 X11.7844 Y18.0618 Z-0.5868 F600
G01 X11.7288 Y18.0739 Z-0.5865 F600
G01 X11.5784 Y18.1038 Z-0.5834 F600
G01 X11.4097 Y18.1310 Z-0.5809 F600
G01 X11.3632 Y18.1381 Z-0.5798 F600
G01 X11.2235 Y18.1560 Z-0.5781 F600
G01 X11.0950 Y18.1708 Z-0.5757 F600
G01 X10.9593 Y18.1836 Z-0.5745 F600
G01 X10.8799 Y18.1905 Z-0.5732 F600
G01 X10.8004 Y18.1967 Z-0.5726 F600
G01 X10.5643 Y18.2118 Z-0.5703 F600
G01 X10.3011 Y18.2232 Z-0.5686 F600
G01 X9.9708 Y18.2309 Z-0.5675 F600
G01 X6.9177 Y18.2324 Z-0.5676 F600
G01 X6.8431 Y18.2286 Z-0.5714 F600
G01 X6.7684 Y18.2211 Z-0.5789 F600
G01 X6.6938 Y18.2101 Z-0.5899 F600
G01 X6.6192 Y18.1954 Z-0.6046 F600
G01 X6.5445 Y18.1770 Z-0.6230 F600
G01 X6.4699 Y18.1551 Z-0.6449 F600
G01 X6.3953 Y18.1295 Z-0.6705 F600
G01 X6.3206 Y18.1002 Z-0.6998 F600
G01 X6.2460 Y18.0674 Z-0.7326 F600
G01 X6.1714 Y18.0670 Z-0.7330 F600
G01 X5.2757 Y18.9627 Z0.1627 F600
G01 X6.1777 Y18.0607 Z-0.7393 F600
G01 X6.1771 Y17.9855 Z-0.7386 F600
G01 X6.1560 Y17.9104 Z-0.7176 F600
G01 X6.1382 Y17.8353 Z-0.6998 F600
G01 X6.1237 Y17.7601 Z-0.6853 F600
G01 X6.1125 Y17.6850 Z-0.6741 F600
G01 X6.1046 Y17.6098 Z-0.6662 F600
G01 X6.0999 Y17.5347 Z-0.6615 F600
G01 X6.0986 Y17.4595 Z-0.6602 F600
G01 X6.0999 Y7.4653 Z-0.6615 F600
G01 X6.1046 Y7.3902 Z-0.6662 F600
G01 X6.1125 Y7.3150 Z-0.6741 F600
G01 X6.1237 Y7.2399 Z-0.6853 F600
G01 X6.1382 Y7.1647 Z-0.6998 F600
G01 X6.1560 Y7.0896 Z-0.7176 F600
G01 X6.1771 Y7.0145 Z-0.7386 F600
G01 X6.1777 Y6.9393 Z-0.7393 F600
G01 X5.2760 Y6.0376 Z0.1624 F600
G01 X6.1692 Y6.9308 Z-0.7308 F600
G01 X6.2436 Y6.9337 Z-0.7337 F600
G01 X6.3181 Y6.9008 Z-0.7008 F600
G01 X6.3925 Y6.8715 Z-0.6715 F600
G01 X6.4670 Y6.8459 Z-0.6459 F600
G01 X6.5415 Y6.8238 Z-0.6238 F600
G01 X6.6159 Y6.8054 Z-0.6054 F600
G01 X6.6904 Y6.7905 Z-0.5905 F600
G01 X6.7648 Y6.7793 Z-0.5793 F600
G01 X6.8393 Y6.7717 Z-0.5717 F600
G01 X6.9138 Y6.7677 Z-0.5677 F600
G01 X6.9882 Y6.7671 Z-0.5671 F600
G01 X10.0387 Y6.7694 Z-0.5683 F600
G01 X10.1164 Y6.7709 Z-0.5691 F600
G00 Z6.0000 F480
G00 X18.1966 Y6.0380 F1000
G00 Z0.7000 F480
G01 Z0.1620 F600
G01 X18.9567 Y6.7981 Z-0.5981 F600
G01 X19.7168 Y6.0380 Z0.1620 F600
G01 X18.9700 Y6.7848 Z-0.5848 F600
G01 X18.9567 Y6.8595 Z-0.5981 F600
G01 Y14.5579 F600
G01 X18.9700 Y14.6327 Z-0.5848 F600
G01 X19.7174 Y15.3801 Z0.1626 F600
G01 X18.9567 Y14.6194 Z-0.5981 F600
G01 X18.1966 Y15.3795 Z0.1620 F600
G01 X18.9434 Y14.6327 Z-0.5848 F600
G00 Z6.0000 F480
G00 X19.7168 Y17.2024 F1000
G00 Z0.7000 F480
G01 Z0.1620 F600
G01 X19.6408 Y17.2784 Z0.0860 F600
G01 X18.9567 Y17.9625 Z-0.5981 F600
G01 X18.1968 Y17.2026 Z0.1618 F600
G01 X18.8087 Y17.8145 Z-0.4501 F600
G01 X18.9567 Y17.9675 Z-0.5981 F600
G01 Y18.1969 F600
G01 X18.8852 Y18.2734 Z-0.5266 F600
G01 X18.1966 Y18.9620 Z0.1620 F600
G01 X18.9567 Y18.2019 Z-0.5981 F600
G01 X19.7165 Y18.9618 Z0.1618 F600
G01 X19.1047 Y18.3499 Z-0.4501 F600
G00 Z6.0000 F480
G00 X22.7067 Y12.7661 F1000
G00 Z0.7000 F480
G01 Z-0.5801 F600
G01 X22.7358 Y12.8435 Z-0.5781 F600
G01 X22.7658 Y12.9205 Z-0.5772 F600
G01 X22.7832 Y12.9634 Z-0.5762 F600
G01 X22.8153 Y13.0385 Z-0.5742 F600
G01 X22.8489 Y13.1129 Z-0.5738 F600
G01 X22.8663 Y13.1500 Z-0.5731 F600
G01 X22.9012 Y13.2218 Z-0.5709 F600
G01 X22.9559 Y13.3258 Z-0.5703 F600
G01 X22.9938 Y13.3942 Z-0.5681 F600
G01 X23.0517 Y13.4913 Z-0.5675 F600
G01 X23.0929 Y13.5561 Z-0.5657 F600
G01 X23.1535 Y13.6468 Z-0.5647 F600
G01 X23.1980 Y13.7081 Z-0.5632 F600
G01 X23.2614 Y13.7931 Z-0.5616 F600
G01 X23.3757 Y13.9304 Z-0.5585 F600
G01 X23.4263 Y13.9847 Z-0.5573 F600
G01 X23.4968 Y14.0588 Z-0.5559 F600
G01 X23.5493 Y14.1110 Z-0.5529 F600
G01 X23.6233 Y14.1809 Z-0.5506 F600
G01 X23.7568 Y14.2962 Z-0.5444 F600
G01 X23.8153 Y14.3419 Z-0.5412 F600
G01 X23.8977 Y14.4032 Z-0.5384 F600
G01 X23.9585 Y14.4459 Z-0.5344 F600
G01 X24.0434 Y14.5027 Z-0.5303 F600
G01 X24.1950 Y14.5927 Z-0.5224 F600
G01 X24.2603 Y14.6277 Z-0.5181 F600
G01 X24.3530 Y14.6734 Z-0.5146 F600
G01 X24.4207 Y14.7045 Z-0.5101 F600
G01 X24.5175 Y14.7463 Z-0.5051 F600
G01 X24.6584 Y14.7984 Z-0.4983 F600
G01 X24.6898 Y14.8094 Z-0.4962 F600
G01 X24.7625 Y14.8320 Z-0.4922 F600
G01 X24.8356 Y14.8528 Z-0.4899 F600
G01 X24.8704 Y14.8622 Z-0.4883 F600
G01 X24.9453 Y14.8812 Z-0.4837 F600
G01 X25.0206 Y14.8983 Z-0.4809 F600
G01 X25.0591 Y14.9057 Z-0.4798 F600
G01 X25.2142 Y14.9329 Z-0.4732 F600
G01 X25.2565 Y14.9389 Z-0.4716 F600
G01 X25.4165 Y14.9554 Z-0.4676 F600
G01 X25.4628 Y14.9595 Z-0.4658 F600
G01 X25.5450 Y14.9639 Z-0.4635 F600
G01 X25.6273 Y14.9666 Z-0.4628 F600
G01 X25.6716 Y14.9675 Z-0.4619 F600
G01 X25.7501 Y14.9680 Z-0.4592 F600
G01 X25.8285 Y14.9659 Z-0.4589 F600
G01 X25.8661 Y14.9641 Z-0.4586 F600
G01 X26.0192 Y14.9540 Z-0.4549 F600
G01 X26.0537 Y14.9504 Z-0.4543 F600
G01 X26.2029 Y14.9294 Z-0.4523 F600
G01 X26.2347 Y14.9244 Z-0.4513 F600
G01 X26.3077 Y14.9111 Z-0.4485 F600
G01 X26.4098 Y14.8883 Z-0.4478 F600
G01 X26.4809 Y14.8701 Z-0.4452 F600
G01 X26.5800 Y14.8430 Z-0.4424 F600
G01 X26.7455 Y14.7858 Z-0.4378 F600
G01 X26.8133 Y14.7592 Z-0.4343 F600
G01 X26.9071 Y14.7181 Z-0.4325 F600
G01 X27.0390 Y14.6550 Z-0.4261 F600
G01 X27.0663 Y14.6402 Z-0.4252 F600
G01 X27.1939 Y14.5666 Z-0.4201 F600
G01 X27.2222 Y14.5497 Z-0.4184 F600
G01 X27.2850 Y14.5093 Z-0.4144 F600
G01 X27.3465 Y14.4672 Z-0.4127 F600
G01 X27.3756 Y14.4466 Z-0.4112 F600
G01 X27.4367 Y14.4017 Z-0.4070 F600
G01 X27.4973 Y14.3561 Z-0.4038 F600
G01 X27.5273 Y14.3312 Z-0.4026 F600
G01 X27.6450 Y14.2308 Z-0.3957 F600
G01 X27.6770 Y14.2024 Z-0.3933 F600
G01 X27.7902 Y14.0918 Z-0.3876 F600
G01 X27.8232 Y14.0585 Z-0.3853 F600
G01 X27.8791 Y13.9995 Z-0.3808 F600
G01 X27.9716 Y13.8960 Z-0.3775 F600
G01 X27.9924 Y13.8740 Z-0.3776 F600
G01 X28.0137 Y13.8525 Z-0.3784 F600
G01 X28.0394 Y13.8281 Z-0.3805 F600
G01 X28.0657 Y13.8039 Z-0.3842 F600
G01 X28.0926 Y13.7796 Z-0.3897 F600
G01 X28.1207 Y13.7558 Z-0.3964 F600
G01 X28.1544 Y13.7291 Z-0.4057 F600
G01 X28.1898 Y13.7029 Z-0.4166 F600
G01 X28.2272 Y13.6770 Z-0.4298 F600
G01 X28.2715 Y13.6469 Z-0.4485 F600
G01 X28.3191 Y13.6172 Z-0.4702 F600
G01 X28.3764 Y13.5846 Z-0.4982 F600
G01 X28.4390 Y13.5519 Z-0.5315 F600
G01 X28.5156 Y13.5139 Z-0.5770 F600
G01 X28.6101 Y13.4728 Z-0.6362 F600
G01 X28.7293 Y13.4265 Z-0.7168 F600
G01 X28.8657 Y13.3892 Z-0.8070 F600
G01 X28.8864 Y13.4239 Z-0.7863 F600
G01 X28.9059 Y13.4580 Z-0.7669 F600
G01 X28.9243 Y13.4915 Z-0.7485 F600
G01 X28.9415 Y13.5243 Z-0.7313 F600
G01 X28.9578 Y13.5565 Z-0.7150 F600
G01 X28.9731 Y13.5881 Z-0.6997 F600
G01 X28.9874 Y13.6193 Z-0.6854 F600
G01 X29.0009 Y13.6500 Z-0.6719 F600
G01 X29.0136 Y13.6802 Z-0.6592 F600
G01 X29.0255 Y13.7100 Z-0.6473 F600
G01 X29.0393 Y13.7466 Z-0.6335 F600
G01 X29.0520 Y13.7827 Z-0.6208 F600
G01 X29.0636 Y13.8183 Z-0.6092 F600
G01 X29.0742 Y13.8533 Z-0.5985 F600
G01 X29.0839 Y13.8880 Z-0.5889 F600
G01 X29.0927 Y13.9222 Z-0.5801 F600
G01 X29.1006 Y13.9561 Z-0.5722 F600
G01 X29.1076 Y13.9896 Z-0.5651 F600
G01 X29.1139 Y14.0228 Z-0.5589 F600
G01 X29.1193 Y14.0558 Z-0.5535 F600
G01 X29.1240 Y14.0886 Z-0.5488 F600
G01 X29.1286 Y14.1277 Z-0.5441 F600
G01 X29.1322 Y14.1666 Z-0.5406 F600
G01 X29.1347 Y14.2053 Z-0.5380 F600
G01 X29.1363 Y14.2439 Z-0.5365 F600
G01 X29.1368 Y14.2824 Z-0.5360 F600
G01 Y14.6229 F600
G01 X29.1196 Y14.6986 Z-0.5189 F600
G01 X28.4376 Y15.3807 Z0.1632 F600
G01 X29.1000 Y14.7182 Z-0.4992 F600
G01 X29.1736 F600
G01 X29.8354 Y15.3801 Z0.1627 F600
G01 X29.1633 Y14.7080 Z-0.5095 F600
G01 X29.1368 Y14.6333 Z-0.5360 F600
G01 X29.1366 Y14.2599 Z-0.5362 F600
G01 X29.1336 Y14.1852 Z-0.5392 F600
G01 X29.1267 Y14.1105 Z-0.5461 F600
G01 X29.1161 Y14.0358 Z-0.5567 F600
G01 X29.1017 Y13.9611 Z-0.5711 F600
G01 X29.0835 Y13.8864 Z-0.5893 F600
G01 X29.0615 Y13.8118 Z-0.6113 F600
G01 X29.0358 Y13.7371 Z-0.6370 F600
G01 X29.0062 Y13.6624 Z-0.6666 F600
G01 X28.9728 Y13.5877 Z-0.6999 F600
G01 X28.8948 Y13.4383 Z-0.7780 F600
G01 X28.8652 Y13.3637 Z-0.8076 F600
G01 X28.8833 Y13.2890 Z-0.7895 F600
G01 X28.9316 Y13.0649 Z-0.7412 F600
G01 X28.9735 Y12.8409 Z-0.6993 F600
G01 X28.9858 Y12.7662 Z-0.6870 F600
G01 X29.0093 Y12.6168 Z-0.6634 F600
G01 X29.0200 Y12.5421 Z-0.6528 F600
G01 X29.0396 Y12.3928 Z-0.6332 F600
G01 X29.0488 Y12.3181 Z-0.6240 F600
G01 X29.0725 Y12.0940 Z-0.6003 F600
G01 X29.0914 Y11.8700 Z-0.5814 F600
G01 X29.1058 Y11.6459 Z-0.5670 F600
G01 X29.1098 Y11.5713 Z-0.5630 F600
G01 X29.1194 Y11.3472 Z-0.5534 F600
G01 X29.1250 Y11.1232 Z-0.5478 F600
G01 X29.1261 Y11.0485 Z-0.5466 F600
G01 X29.1279 Y10.8244 Z-0.5449 F600
G01 X29.1254 Y10.5257 Z-0.5474 F600
G01 X29.1201 Y10.3016 Z-0.5527 F600
G01 X29.1081 Y10.0029 Z-0.5646 F600
G01 X29.0949 Y9.7788 Z-0.5779 F600
G01 X29.0775 Y9.5548 Z-0.5953 F600
G01 X29.0709 Y9.4801 Z-0.6019 F600
G01 X29.0479 Y9.2561 Z-0.6249 F600
G01 X29.0199 Y9.0320 Z-0.6529 F600
G01 X28.9864 Y8.8080 Z-0.6864 F600
G01 X28.9736 Y8.7333 Z-0.6991 F600
G01 X28.9470 Y8.5839 Z-0.7258 F600
G01 X28.9325 Y8.5092 Z-0.7403 F600
G01 X28.9012 Y8.3599 Z-0.7716 F600
G01 X28.8848 Y8.2852 Z-0.7880 F600
G01 X28.8487 Y8.1358 Z-0.8241 F600
G01 X28.8331 Y8.0857 Z-0.8333 F600
G01 X28.7949 Y8.0764 Z-0.8044 F600
G01 X28.7587 Y8.0675 Z-0.7777 F600
G01 X28.7242 Y8.0588 Z-0.7526 F600
G01 X28.6911 Y8.0500 Z-0.7288 F600
G01 X28.6593 Y8.0410 Z-0.7062 F600
G01 X28.6288 Y8.0320 Z-0.6846 F600
G01 X28.5995 Y8.0229 Z-0.6642 F600
G01 X28.5713 Y8.0138 Z-0.6447 F600
G01 X28.5441 Y8.0046 Z-0.6261 F600
G01 X28.5180 Y7.9956 Z-0.6087 F600
G01 X28.4930 Y7.9869 Z-0.5925 F600
G01 X28.4689 Y7.9786 Z-0.5774 F600
G01 X28.4381 Y7.9675 Z-0.5585 F600
G01 X28.4085 Y7.9562 Z-0.5408 F600
G01 X28.3801 Y7.9449 Z-0.5240 F600
G01 X28.3529 Y7.9334 Z-0.5083 F600
G01 X28.3268 Y7.9219 Z-0.4935 F600
G01 X28.3016 Y7.9102 Z-0.4796 F600
G01 X28.2774 Y7.8986 Z-0.4666 F600
G01 X28.2541 Y7.8874 Z-0.4548 F600
G01 X28.2315 Y7.8765 Z-0.4442 F600
G01 X28.2043 Y7.8628 Z-0.4318 F600
G01 X28.1782 Y7.8488 Z-0.4204 F600
G01 X28.1531 Y7.8347 Z-0.4098 F600
G01 X28.1289 Y7.8204 Z-0.4001 F600
G01 X28.1055 Y7.8059 Z-0.3912 F600
G01 X28.0830 Y7.7912 Z-0.3831 F600
G01 X28.0610 Y7.7769 Z-0.3761 F600
G01 X28.0396 Y7.7627 Z-0.3703 F600
G01 X28.0188 Y7.7483 Z-0.3651 F600
G01 X27.9946 Y7.7307 Z-0.3597 F600
G01 X27.9712 Y7.7126 Z-0.3551 F600
G01 X27.9486 Y7.6942 Z-0.3513 F600
G01 X27.9266 Y7.6754 Z-0.3483 F600
G01 X27.9053 Y7.6561 Z-0.3461 F600
G01 X27.8845 Y7.6364 Z-0.3446 F600
G01 X27.8642 Y7.6164 Z-0.3442 F600
G01 X27.8440 Y7.5963 Z-0.3451 F600
G01 X27.7097 Y7.4616 Z-0.3553 F600
G01 X27.6777 Y7.4309 Z-0.3574 F600
G01 X27.5659 Y7.3330 Z-0.3672 F600
G01 X27.5351 Y7.3068 Z-0.3693 F600
G01 X27.4787 Y7.2611 Z-0.3726 F600
G01 X27.4206 Y7.2172 Z-0.3784 F600
G01 X27.3908 Y7.1954 Z-0.3808 F600
G01 X27.2742 Y7.1134 Z-0.3885 F600
G01 X27.2455 Y7.0953 Z-0.3910 F600
G01 X27.0980 Y7.0075 Z-0.4015 F600
G01 X27.0369 Y6.9746 Z-0.4048 F600
G01 X26.9484 Y6.9310 Z-0.4119 F600
G01 X26.8858 Y6.9023 Z-0.4150 F600
G01 X26.7972 Y6.8636 Z-0.4201 F600
G01 X26.6427 Y6.8073 Z-0.4290 F600
G01 X26.5773 Y6.7861 Z-0.4309 F600
G01 X26.4850 Y6.7603 Z-0.4367 F600
G01 X26.3235 Y6.7213 Z-0.4424 F600
G01 X26.1570 Y6.6935 Z-0.4493 F600
G01 X26.0869 Y6.6840 Z-0.4503 F600
G01 X25.9853 Y6.6739 Z-0.4544 F600
G01 X25.8416 Y6.6648 Z-0.4579 F600
G01 X25.8077 Y6.6632 Z-0.4582 F600
G01 X25.7342 Y6.6630 Z-0.4601 F600
G01 X25.6607 Y6.6634 Z-0.4626 F600
G01 X25.6262 Y6.6640 Z-0.4633 F600
G01 X25.5579 Y6.6662 Z-0.4638 F600
G01 X25.4897 Y6.6698 Z-0.4656 F600
G01 X25.3912 Y6.6774 Z-0.4698 F600
G01 X25.2594 Y6.6910 Z-0.4727 F600
G01 X25.1937 Y6.7001 Z-0.4764 F600
G01 X25.1576 Y6.7061 Z-0.4781 F600
G01 X24.9884 Y6.7360 Z-0.4843 F600
G01 X24.9468 Y6.7456 Z-0.4867 F600
G01 X24.7843 Y6.7868 Z-0.4947 F600
G01 X24.7476 Y6.7968 Z-0.4960 F600
G01 X24.6696 Y6.8223 Z-0.5002 F600
G01 X24.5600 Y6.8600 Z-0.5067 F600
G01 X24.4847 Y6.8885 Z-0.5092 F600
G01 X24.3826 Y6.9323 Z-0.5163 F600
G01 X24.3108 Y6.9661 Z-0.5194 F600
G01 X24.2143 Y7.0133 Z-0.5242 F600
G01 X24.0552 Y7.1049 Z-0.5326 F600
G01 X23.9890 Y7.1469 Z-0.5344 F600
G01 X23.9035 Y7.2059 Z-0.5397 F600
G01 X23.8403 Y7.2525 Z-0.5413 F600
G01 X23.7574 Y7.3158 Z-0.5443 F600
G01 X23.6177 Y7.4373 Z-0.5488 F600
G01 X23.5597 Y7.4922 Z-0.5490 F600
G01 X23.4829 Y7.5700 Z-0.5520 F600
G01 X23.4277 Y7.6295 Z-0.5518 F600
G01 X23.3518 Y7.7143 Z-0.5527 F600
G01 X23.2480 Y7.8434 Z-0.5534 F600
G01 X23.2236 Y7.8763 Z-0.5540 F600
G01 X23.1276 Y8.0129 Z-0.5560 F600
G01 X23.1021 Y8.0515 Z-0.5569 F600
G01 X23.0148 Y8.1927 Z-0.5607 F600
G01 X22.9918 Y8.2319 Z-0.5617 F600
G01 X22.9130 Y8.3774 Z-0.5669 F600
G01 X22.8924 Y8.4171 Z-0.5679 F600
G01 X22.8218 Y8.5666 Z-0.5739 F600
G01 X22.8033 Y8.6070 Z-0.5750 F600
G01 X22.7716 Y8.6835 Z-0.5779 F600
G01 X22.7404 Y8.7602 Z-0.5814 F600
G01 X22.7241 Y8.8016 Z-0.5827 F600
G01 X22.6957 Y8.8797 Z-0.5852 F600
G01 X22.6683 Y8.9582 Z-0.5889 F600
G01 X22.6541 Y9.0008 Z-0.5904 F600
G01 X22.6289 Y9.0805 Z-0.5924 F600
G01 X22.6052 Y9.1608 Z-0.5961 F600
G01 X22.5929 Y9.2049 Z-0.5976 F600
G01 X22.5710 Y9.2863 Z-0.5994 F600
G01 X22.5507 Y9.3683 Z-0.6027 F600
G01 X22.5401 Y9.4140 Z-0.6042 F600
G01 X22.5219 Y9.4973 Z-0.6059 F600
G01 X22.5045 Y9.5808 Z-0.6085 F600
G01 X22.4956 Y9.6286 Z-0.6099 F600
G01 X22.4809 Y9.7136 Z-0.6115 F600
G01 X22.4606 Y9.8380 Z-0.6144 F600
G01 X22.4317 Y10.0640 Z-0.6178 F600
G01 X22.4111 Y10.2965 Z-0.6202 F600
G01 X22.3985 Y10.5355 Z-0.6213 F600
G01 X22.3965 Y10.6048 Z-0.6206 F600
G01 X22.3938 Y10.7804 Z-0.6207 F600
G01 X22.3939 Y10.8473 Z-0.6196 F600
G01 X22.3946 Y10.9142 Z-0.6190 F600
G01 X22.3967 Y11.0169 Z-0.6186 F600
G01 X22.4015 Y11.1487 Z-0.6161 F600
G01 X22.4050 Y11.2146 Z-0.6159 F600
G01 X22.4079 Y11.2596 Z-0.6152 F600
G01 X22.4141 Y11.3461 Z-0.6133 F600
G01 X22.4208 Y11.4327 Z-0.6119 F600
G01 X22.4262 Y11.4868 Z-0.6112 F600
G01 X22.4451 Y11.6573 Z-0.6072 F600
G01 X22.4523 Y11.7097 Z-0.6064 F600
G01 X22.4775 Y11.8776 Z-0.6022 F600
G01 X22.4863 Y11.9286 Z-0.6011 F600
G01 X22.5181 Y12.0939 Z-0.5970 F600
G01 X22.5284 Y12.1436 Z-0.5955 F600
G01 X22.5669 Y12.3062 Z-0.5916 F600
G01 X22.5790 Y12.3548 Z-0.5900 F600
G01 X22.6243 Y12.5147 Z-0.5863 F600
G01 X22.6384 Y12.5623 Z-0.5848 F600
G01 X22.6641 Y12.6410 Z-0.5827 F600
G01 X22.6905 Y12.7195 Z-0.5814 F600
G01 X22.6641 Y12.6410 Z-0.5827 F600
G01 X22.6384 Y12.5623 Z-0.5848 F600
G01 X22.6243 Y12.5147 Z-0.5863 F600
G01 X22.5790 Y12.3548 Z-0.5900 F600
G01 X22.5669 Y12.3062 Z-0.5916 F600
G01 X22.5284 Y12.1436 Z-0.5955 F600
G01 X22.5181 Y12.0939 Z-0.5970 F600
G01 X22.4863 Y11.9286 Z-0.6011 F600
G01 X22.4775 Y11.8776 Z-0.6022 F600
G01 X22.4523 Y11.7097 Z-0.6064 F600
G01 X22.4451 Y11.6573 Z-0.6072 F600
G01 X22.4262 Y11.4868 Z-0.6112 F600
G01 X22.4208 Y11.4327 Z-0.6119 F600
G01 X22.4141 Y11.3461 Z-0.6133 F600
G01 X22.4079 Y11.2596 Z-0.6152 F600
G01 X22.4050 Y11.2146 Z-0.6159 F600
G01 X22.4015 Y11.1487 Z-0.6161 F600
G01 X22.3967 Y11.0169 Z-0.6186 F600
G01 X22.3946 Y10.9142 Z-0.6190 F600
G01 X22.3939 Y10.8473 Z-0.6196 F600
G01 X22.3938 Y10.7804 Z-0.6207 F600
G01 X22.3965 Y10.6048 Z-0.6206 F600
G01 X22.3985 Y10.5355 Z-0.6213 F600
G01 X22.4111 Y10.2965 Z-0.6202 F600
G01 X22.4317 Y10.0640 Z-0.6178 F600
G01 X22.4606 Y9.8380 Z-0.6144 F600
G01 X22.4809 Y9.7136 Z-0.6115 F600
G01 X22.4956 Y9.6286 Z-0.6099 F600
G01 X22.5045 Y9.5808 Z-0.6085 F600
G01 X22.5219 Y9.4973 Z-0.6059 F600
G01 X22.5401 Y9.4140 Z-0.6042 F600
G01 X22.5507 Y9.3683 Z-0.6027 F600
G01 X22.5710 Y9.2863 Z-0.5994 F600
G01 X22.5929 Y9.2049 Z-0.5976 F600
G01 X22.6052 Y9.1608 Z-0.5961 F600
G01 X22.6289 Y9.0805 Z-0.5924 F600
G01 X22.6541 Y9.0008 Z-0.5904 F600
G01 X22.6683 Y8.9582 Z-0.5889 F600
G01 X22.6957 Y8.8797 Z-0.5852 F600
G01 X22.7241 Y8.8016 Z-0.5827 F600
G01 X22.7404 Y8.7602 Z-0.5814 F600
G01 X22.7716 Y8.6835 Z-0.5779 F600
G01 X22.8033 Y8.6070 Z-0.5750 F600
G01 X22.8218 Y8.5666 Z-0.5739 F600
G01 X22.8924 Y8.4171 Z-0.5679 F600
G01 X22.9130 Y8.3774 Z-0.5669 F600
G01 X22.9918 Y8.2319 Z-0.5617 F600
G01 X23.0148 Y8.1927 Z-0.5607 F600
G01 X23.1021 Y8.0515 Z-0.5569 F600
G01 X23.1276 Y8.0129 Z-0.5560 F600
G01 X23.2236 Y7.8763 Z-0.5540 F600
G01 X23.2480 Y7.8434 Z-0.5534 F600
G01 X23.3518 Y7.7143 Z-0.5527 F600
G01 X23.4277 Y7.6295 Z-0.5518 F600
G01 X23.4829 Y7.5700 Z-0.5520 F600
G01 X23.5597 Y7.4922 Z-0.5490 F600
G01 X23.6177 Y7.4373 Z-0.5488 F600
G01 X23.7574 Y7.3158 Z-0.5443 F600
G01 X23.8403 Y7.2525 Z-0.5413 F600
G01 X23.9035 Y7.2059 Z-0.5397 F600
G01 X23.9890 Y7.1469 Z-0.5344 F600
G01 X24.0552 Y7.1049 Z-0.5326 F600
G01 X24.2143 Y7.0133 Z-0.5242 F600
G01 X24.3108 Y6.9661 Z-0.5194 F600
G01 X24.3826 Y6.9323 Z-0.5163 F600
G01 X24.4847 Y6.8885 Z-0.5092 F600
G01 X24.5600 Y6.8600 Z-0.5067 F600
G01 X24.6696 Y6.8223 Z-0.5002 F600
G01 X24.7476 Y6.7968 Z-0.4960 F600
G01 X24.7843 Y6.7868 Z-0.4947 F600
G01 X24.9468 Y6.7456 Z-0.4867 F600
G01 X24.9884 Y6.7360 Z-0.4843 F600
G01 X25.1576 Y6.7061 Z-0.4781 F600
G01 X25.1937 Y6.7001 Z-0.4764 F600
G01 X25.2594 Y6.6910 Z-0.4727 F600
G01 X25.3912 Y6.6774 Z-0.4698 F600
G01 X25.4897 Y6.6698 Z-0.4656 F600
G01 X25.5579 Y6.6662 Z-0.4638 F600
G01 X25.6262 Y6.6640 Z-0.4633 F600
G01 X25.6607 Y6.6634 Z-0.4626 F600
G01 X25.7342 Y6.6630 Z-0.4601 F600
G01 X25.8077 Y6.6632 Z-0.4582 F600
G01 X25.8416 Y6.6648 Z-0.4579 F600
G01 X25.9853 Y6.6739 Z-0.4544 F600
G01 X26.0869 Y6.6840 Z-0.4503 F600
G01 X26.1570 Y6.6935 Z-0.4493 F600
G01 X26.3235 Y6.7213 Z-0.4424 F600
G01 X26.4850 Y6.7603 Z-0.4367 F600
G01 X26.5773 Y6.7861 Z-0.4309 F600
G01 X26.6427 Y6.8073 Z-0.4290 F600
G01 X26.7972 Y6.8636 Z-0.4201 F600
G01 X26.8858 Y6.9023 Z-0.4150 F600
G01 X26.9484 Y6.9310 Z-0.4119 F600
G01 X27.0369 Y6.9746 Z-0.4048 F600
G01 X27.0980 Y7.0075 Z-0.4015 F600
G01 X27.2455 Y7.0953 Z-0.3910 F600
G01 X27.2742 Y7.1134 Z-0.3885 F600
G01 X27.3908 Y7.1954 Z-0.3808 F600
G01 X27.4206 Y7.2172 Z-0.3784 F600
G01 X27.4787 Y7.2611 Z-0.3726 F600
G01 X27.5351 Y7.3068 Z-0.3693 F600
G01 X27.5659 Y7.3330 Z-0.3672 F600
G01 X27.6777 Y7.4309 Z-0.3574 F600
G01 X27.7097 Y7.4616 Z-0.3553 F600
G01 X27.8440 Y7.5963 Z-0.3451 F600
G01 X27.8642 Y7.6164 Z-0.3442 F600
G01 X27.8845 Y7.6364 Z-0.3446 F600
G01 X27.9053 Y7.6561 Z-0.3461 F600
G01 X27.9266 Y7.6754 Z-0.3483 F600
G01 X27.9486 Y7.6942 Z-0.3513 F600
G01 X27.9712 Y7.7126 Z-0.3551 F600
G01 X27.9946 Y7.7307 Z-0.3597 F600
G01 X28.0188 Y7.7483 Z-0.3651 F600
G01 X28.0396 Y7.7627 Z-0.3703 F600
G01 X28.0610 Y7.7769 Z-0.3761 F600
G01 X28.0830 Y7.7912 Z-0.3831 F600
G01 X28.1055 Y7.8059 Z-0.3912 F600
G01 X28.1289 Y7.8204 Z-0.4001 F600
G01 X28.1531 Y7.8347 Z-0.4098 F600
G01 X28.1782 Y7.8488 Z-0.4204 F600
G01 X28.2043 Y7.8628 Z-0.4318 F600
G01 X28.2315 Y7.8765 Z-0.4442 F600
G01 X28.2541 Y7.8874 Z-0.4548 F600
G01 X28.2774 Y7.8986 Z-0.4666 F600
G01 X28.3016 Y7.9102 Z-0.4796 F600
G01 X28.3268 Y7.9219 Z-0.4935 F600
G01 X28.3529 Y7.9334 Z-0.5083 F600
G01 X28.3801 Y7.9449 Z-0.5240 F600
G01 X28.4085 Y7.9562 Z-0.5408 F600
G01 X28.4381 Y7.9675 Z-0.5585 F600
G01 X28.4689 Y7.9786 Z-0.5774 F600
G01 X28.4930 Y7.9869 Z-0.5925 F600
G01 X28.5180 Y7.9956 Z-0.6087 F600
G01 X28.5441 Y8.0046 Z-0.6261 F600
G01 X28.5713 Y8.0138 Z-0.6447 F600
G01 X28.5995 Y8.0229 Z-0.6642 F600
G01 X28.6288 Y8.0320 Z-0.6846 F600
G01 X28.6593 Y8.0410 Z-0.7062 F600
G01 X28.6911 Y8.0500 Z-0.7288 F600
G01 X28.7242 Y8.0588 Z-0.7526 F600
G01 X28.7587 Y8.0675 Z-0.7777 F600
G01 X28.7949 Y8.0764 Z-0.8044 F600
G01 X28.8331 Y8.0857 Z-0.8333 F600
G01 X28.8499 Y8.0611 Z-0.8229 F600
G01 X28.8863 Y7.9864 Z-0.7865 F600
G01 X28.9193 Y7.9118 Z-0.7535 F600
G01 X28.9488 Y7.8371 Z-0.7240 F600
G01 X28.9749 Y7.7624 Z-0.6979 F600
G01 X28.9976 Y7.6877 Z-0.6752 F600
G01 X29.0168 Y7.6130 Z-0.6560 F600
G01 X29.0326 Y7.5383 Z-0.6402 F600
G01 X29.0449 Y7.4637 Z-0.6278 F600
G01 X29.0539 Y7.3890 Z-0.6189 F600
G01 X29.0593 Y7.3143 Z-0.6134 F600
G01 X29.0611 Y7.2499 Z-0.6113 F600
G01 X29.0594 Y6.8940 Z-0.6093 F600
G01 X29.0552 Y6.6762 Z-0.6068 F600
G01 X29.0494 Y6.4588 Z-0.6047 F600
G01 X29.0362 Y6.1579 Z-0.5999 F600
G01 X29.0335 Y6.1090 Z-0.5990 F600
G01 X29.0191 Y5.8985 Z-0.5946 F600
G01 X29.0137 Y5.8284 Z-0.5937 F600
G01 X29.0094 Y5.7798 Z-0.5927 F600
G01 X29.0017 Y5.6983 Z-0.5904 F600
G01 X28.9844 Y5.5357 Z-0.5874 F600
G01 X28.9789 Y5.4886 Z-0.5862 F600
G01 X28.9576 Y5.3386 Z-0.5829 F600
G01 X28.9397 Y5.2280 Z-0.5818 F600
G01 X28.9268 Y5.1593 Z-0.5800 F600
G01 X28.9125 Y5.0909 Z-0.5798 F600
G01 X28.8896 Y4.9888 Z-0.5797 F600
G01 X28.8342 Y4.7949 Z-0.5816 F600
G01 X28.7778 Y4.6347 Z-0.5826 F600
G01 X28.7508 Y4.5687 Z-0.5811 F600
G01 X28.7183 Y4.4945 F600
G01 X28.6889 Y4.4334 Z-0.5786 F600
G01 X28.6500 Y4.3571 Z-0.5769 F600
G01 X28.5749 Y4.2252 Z-0.5715 F600
G01 X28.4919 Y4.0985 Z-0.5658 F600
G01 X28.4528 Y4.0439 Z-0.5620 F600
G01 X28.4011 Y3.9759 Z-0.5590 F600
G01 X28.3587 Y3.9234 Z-0.5548 F600
G01 X28.3021 Y3.8569 Z-0.5508 F600
G01 X28.2558 Y3.8069 Z-0.5468 F600
G01 X28.1938 Y3.7412 Z-0.5416 F600
G01 X28.0750 Y3.6295 Z-0.5323 F600
G01 X28.0216 Y3.5841 Z-0.5280 F600
G01 X27.9453 Y3.5216 Z-0.5227 F600
G01 X27.8886 Y3.4782 Z-0.5178 F600
G01 X27.8043 Y3.4177 Z-0.5129 F600
G01 X27.7439 Y3.3766 Z-0.5079 F600
G01 X27.6540 Y3.3203 Z-0.5036 F600
G01 X27.5898 Y3.2826 Z-0.4991 F600
G01 X27.4953 Y3.2311 Z-0.4951 F600
G01 X27.3596 Y3.1646 Z-0.4883 F600
G01 X27.3261 Y3.1502 Z-0.4873 F600
G01 X27.1837 Y3.0916 Z-0.4816 F600
G01 X27.1461 Y3.0778 Z-0.4805 F600
G01 X26.9971 Y3.0274 Z-0.4760 F600
G01 X26.9552 Y3.0144 Z-0.4747 F600
G01 X26.7997 Y2.9722 Z-0.4714 F600
G01 X26.7533 Y2.9605 Z-0.4700 F600
G01 X26.5915 Y2.9261 Z-0.4675 F600
G01 X26.5404 Y2.9162 Z-0.4663 F600
G01 X26.3724 Y2.8896 Z-0.4646 F600
G01 X26.3274 Y2.8830 Z-0.4638 F600
G01 X26.1315 Y2.8617 Z-0.4625 F600
G01 X26.0931 Y2.8581 Z-0.4619 F600
G01 X25.8904 Y2.8454 Z-0.4612 F600
G01 X25.8481 Y2.8434 Z-0.4608 F600
G01 X25.6386 Y2.8392 Z-0.4606 F600
G01 X25.5901 Z-0.4604 F600
G01 X25.4249 Y2.8429 Z-0.4603 F600
G01 X25.3423 Y2.8455 Z-0.4610 F600
G01 X25.2934 Y2.8484 Z-0.4616 F600
G01 X25.1346 Y2.8599 Z-0.4618 F600
G01 X25.0554 Y2.8676 Z-0.4637 F600
G01 X25.0122 Y2.8723 Z-0.4642 F600
G01 X24.9361 Y2.8817 F600
G01 X24.7842 Y2.9043 Z-0.4679 F600
G01 X24.7469 Y2.9105 Z-0.4684 F600
G01 X24.6741 Y2.9249 Z-0.4695 F600
G01 X24.4975 Y2.9630 Z-0.4745 F600
G01 X24.3592 Y3.0012 Z-0.4787 F600
G01 X24.2645 Y3.0294 Z-0.4827 F600
G01 X24.1329 Y3.0754 Z-0.4872 F600
G01 X24.0474 Y3.1083 Z-0.4922 F600
G01 X23.9227 Y3.1621 Z-0.4972 F600
G01 X23.8458 Y3.1988 Z-0.5028 F600
G01 X23.7282 Y3.2606 Z-0.5082 F600
G01 X23.6499 Y3.3060 Z-0.5145 F600
G01 X23.5760 Y3.3522 Z-0.5181 F600
G01 X23.4779 Y3.4187 Z-0.5264 F600
G01 X23.4090 Y3.4704 Z-0.5308 F600
G01 X23.3276 Y3.5368 Z-0.5401 F600
G01 X23.2822 Y3.5770 Z-0.5437 F600
G01 X23.2341 Y3.6227 Z-0.5498 F600
G01 X23.1503 Y3.7105 Z-0.5581 F600
G01 X23.1128 Y3.7558 Z-0.5620 F600
G01 X23.0718 Y3.7980 Z-0.5612 F600
G01 X23.0411 Y3.8481 Z-0.5688 F600
G01 X22.9921 Y3.8834 Z-0.5530 F600
G01 X22.9774 Y3.9438 Z-0.5752 F600
G01 X22.9305 Y3.9819 Z-0.5582 F600
G01 X22.9195 Y4.0430 Z-0.5794 F600
G01 X22.8882 Y4.0920 Z-0.5770 F600
G01 X22.8674 Y4.1474 Z-0.5824 F600
G01 X22.8426 Y4.2025 Z-0.5840 F600
G01 X22.8211 Y4.2584 Z-0.5845 F600
G01 X22.7802 Y4.3129 Z-0.5664 F600
G01 X22.6570 Y4.4184 Z-0.4801 F600
G01 X22.5455 Y4.5203 Z-0.3957 F600
G01 X22.5228 Y4.5418 Z-0.3778 F600
G01 X22.4090 Y4.6528 Z-0.2847 F600
G01 X22.3766 Y4.6854 Z-0.2573 F600
G01 X22.2601 Y4.8061 Z-0.1549 F600
G01 X22.2178 Y4.8513 Z-0.1165 F600
G01 X22.0981 Y4.9825 Z-0.0042 F600
G01 X22.0457 Y5.0416 Z0.0465 F600
G01 X21.9241 Y5.1824 Z0.1678 F600
G01 X22.0530 Y5.0332 Z0.0392 F600
G01 X22.1178 Y4.9609 Z-0.0227 F600
G01 X22.2477 Y4.8189 Z-0.1441 F600
G01 X22.3787 Y4.6832 Z-0.2590 F600
G01 X22.5105 Y4.5538 Z-0.3677 F600
G01 X22.5768 Y4.4918 Z-0.4193 F600
G01 X22.6433 Y4.4310 Z-0.4697 F600
G01 X22.7102 Y4.3727 Z-0.5175 F600
G01 X22.7772 Y4.3155 Z-0.5642 F600
G01 X22.8579 Y4.3505 Z-0.5178 F600
G01 X23.0404 Y4.5623 Z-0.2814 F600
G01 X23.1309 Y4.6628 Z-0.1687 F600
G01 X23.2208 Y4.7598 Z-0.0596 F600
G01 X23.3103 Y4.8536 Z0.0464 F600
G01 X23.4437 Y4.9891 Z0.2000 F600
G01 X23.3032 Y4.8464 Z0.0382 F600
G00 Z6.0000 F480
G00 X33.8518 Y6.0380 F1000
G00 Z0.7000 F480
G01 Z0.1620 F600
G01 X33.7758 Y6.1140 Z0.0860 F600
G01 X33.0917 Y6.7981 Z-0.5981 F600
G01 X32.3310 Y6.0374 Z0.1626 F600
G01 X33.0784 Y6.7848 Z-0.5848 F600
G01 X33.0917 Y6.8595 Z-0.5981 F600
G01 Y14.5579 F600
G01 X33.0784 Y14.6327 Z-0.5848 F600
G01 X32.3317 Y15.3795 Z0.1620 F600
G01 X33.0917 Y14.6194 Z-0.5981 F600
G01 X33.8525 Y15.3801 Z0.1626 F600
G01 X33.1050 Y14.6327 Z-0.5848 F600
G00 Z6.0000 F480
G00 X35.4783 Y15.3809 F1000
G00 Z0.7000 F480
G01 Z0.1634 F600
G01 X35.5514 Y15.3077 Z0.0903 F600
G01 X36.0635 Y14.7967 Z-0.4207 F600
G01 X35.4417 Y14.1760 Z0.2000 F600
G01 X36.0624 Y14.7967 Z-0.4207 F600
G01 X36.0635 F600
G01 X36.6339 Z-0.4211 F600
G01 X36.6720 Z-0.4236 F600
G01 X36.7105 Z-0.4285 F600
G01 X36.7555 Z-0.4371 F600
G01 X36.8020 Z-0.4491 F600
G01 X36.8567 Z-0.4672 F600
G01 X36.9217 Z-0.4936 F600
G01 X37.0001 Z-0.5320 F600
G01 X37.0972 Z-0.5877 F600
G01 X37.2329 Z-0.6779 F600
G01 X37.4059 Y14.8085 Z-0.8004 F600
G01 Y14.8408 Z-0.7810 F600
G01 Y14.8821 Z-0.7573 F600
G01 Y14.9215 Z-0.7359 F600
G01 Y14.9592 Z-0.7164 F600
G01 Y14.9955 Z-0.6989 F600
G01 Y15.0304 Z-0.6830 F600
G01 Y15.0641 Z-0.6688 F600
G01 Y15.0968 Z-0.6560 F600
G01 Y15.1364 Z-0.6419 F600
G01 Y15.1748 Z-0.6299 F600
G01 Y15.2122 Z-0.6198 F600
G01 Y15.2488 Z-0.6114 F600
G01 Y15.2847 Z-0.6047 F600
G01 Y15.3270 Z-0.5988 F600
G01 Y15.3689 Z-0.5951 F600
G01 Y15.4105 Z-0.5937 F600
G01 Y17.2607 F600
G01 X37.3451 Y17.3359 Z-0.5329 F600
G01 X36.6122 Y17.7497 Z0.2000 F600
G01 X37.2033 Y17.4160 Z-0.3911 F600
G01 X37.4250 Y17.3355 Z-0.5745 F600
G01 X38.1784 Y18.6700 Z0.1789 F600
G01 X37.4186 Y17.3241 Z-0.5809 F600
G01 X37.4059 Y17.2493 Z-0.5937 F600
G01 Y15.3967 Z-0.5939 F600
G01 Y15.3480 Z-0.5967 F600
G01 Y15.2988 Z-0.6025 F600
G01 Y15.2488 Z-0.6114 F600
G01 Y15.1899 Z-0.6256 F600
G01 Y15.1207 Z-0.6473 F600
G01 Y15.0474 Z-0.6757 F600
G01 Y14.9592 Z-0.7164 F600
G01 Y14.8514 Z-0.7749 F600
G01 X37.4330 Y14.7967 Z-0.7864 F600
G01 X37.4727 Z-0.7558 F600
G01 X37.5101 Z-0.7277 F600
G01 X37.5454 Z-0.7018 F600
G01 X37.5788 Z-0.6779 F600
G01 X37.6105 Z-0.6557 F600
G01 X37.6406 Z-0.6353 F600
G01 X37.6694 Z-0.6163 F600
G01 X37.6969 Z-0.5987 F600
G01 X37.7232 Z-0.5824 F600
G01 X37.7568 Z-0.5625 F600
G01 X37.7887 Z-0.5444 F600
G01 X37.8191 Z-0.5280 F600
G01 X37.8483 Z-0.5132 F600
G01 X37.8764 Z-0.4998 F600
G01 X37.9034 Z-0.4877 F600
G01 X37.9296 Z-0.4769 F600
G01 X37.9550 Z-0.4672 F600
G01 X37.9858 Z-0.4565 F600
G01 X38.0157 Z-0.4474 F600
G01 X38.0448 Z-0.4397 F600
G01 X38.0732 Z-0.4335 F600
G01 X38.1012 Z-0.4285 F600
G01 X38.1343 Z-0.4242 F600
G01 X38.1670 Z-0.4216 F600
G01 X38.1995 Z-0.4207 F600
G01 X39.1549 F600
G01 X39.2313 Y14.8442 Z-0.3732 F600
G01 X39.7681 Y15.3809 Z0.1635 F600
G01 X39.1838 Y14.7967 Z-0.4207 F600
G01 X39.7664 Y14.2142 Z0.1618 F600
G01 X39.2313 Y14.7492 Z-0.3732 F600
G01 X39.1549 Y14.7967 Z-0.4207 F600
G01 X38.1778 Z-0.4211 F600
G01 X38.1398 Z-0.4236 F600
G01 X38.1012 Z-0.4285 F600
G01 X38.0562 Z-0.4371 F600
G01 X38.0097 Z-0.4491 F600
G01 X37.9550 Z-0.4672 F600
G01 X37.8900 Z-0.4936 F600
G01 X37.8116 Z-0.5320 F600
G01 X37.7145 Z-0.5877 F600
G01 X37.5788 Z-0.6779 F600
G01 X37.4059 Y14.7850 Z-0.8004 F600
G01 Y14.7526 Z-0.7810 F600
G01 Y14.7113 Z-0.7573 F600
G01 Y14.6719 Z-0.7359 F600
G01 Y14.6342 Z-0.7164 F600
G01 Y14.5980 Z-0.6989 F600
G01 Y14.5631 Z-0.6830 F600
G01 Y14.5293 Z-0.6688 F600
G01 Y14.4966 Z-0.6560 F600
G01 Y14.4570 Z-0.6419 F600
G01 Y14.4186 Z-0.6299 F600
G01 Y14.3812 Z-0.6198 F600
G01 Y14.3447 Z-0.6114 F600
G01 Y14.3088 Z-0.6047 F600
G01 Y14.2664 Z-0.5988 F600
G01 Y14.2245 Z-0.5951 F600
G01 X37.4075 Y8.5007 Z-0.5935 F600
G01 X37.4105 Y8.3671 Z-0.5936 F600
G01 X37.4147 Y8.2406 Z-0.5947 F600
G01 X37.4180 Y8.1723 Z-0.5953 F600
G01 X37.4247 Y8.0587 Z-0.5973 F600
G01 X37.4285 Y8.0058 Z-0.5985 F600
G01 X37.4334 Y7.9503 Z-0.5999 F600
G01 X37.4388 Y7.8945 Z-0.6018 F600
G01 X37.4440 Y7.8454 Z-0.6039 F600
G01 X37.4518 Y7.7840 Z-0.6067 F600
G01 X37.4579 Y7.7412 Z-0.6090 F600
G01 X37.4760 Y7.6334 Z-0.6170 F600
G01 X37.5023 Y7.5146 Z-0.6289 F600
G01 X37.5349 Y7.4014 Z-0.6436 F600
G01 X37.5667 Y7.3112 Z-0.6569 F600
G01 X37.6054 Y7.2222 Z-0.6696 F600
G01 X37.6562 Y7.1390 Z-0.6751 F600
G01 X37.7169 Y7.0626 Z-0.6750 F600
G01 X37.7856 Y6.9934 Z-0.6703 F600
G01 X37.8597 Y6.9310 Z-0.6632 F600
G01 X37.9379 Y6.8757 Z-0.6541 F600
G01 X38.0197 Y6.8280 Z-0.6425 F600
G01 X38.1036 Y6.7873 Z-0.6296 F600
G01 X38.1986 Y6.7486 Z-0.6151 F600
G01 X38.3026 Y6.7141 Z-0.6005 F600
G01 X38.4047 Y6.6870 Z-0.5877 F600
G01 X38.5046 Y6.6660 Z-0.5768 F600
G01 X38.5665 Y6.6553 Z-0.5710 F600
G01 X38.6026 Y6.6501 Z-0.5676 F600
G01 X38.6611 Y6.6424 Z-0.5630 F600
G01 X38.6991 Y6.6382 Z-0.5602 F600
G01 X38.7547 Y6.6334 Z-0.5562 F600
G01 X38.7947 Y6.6303 Z-0.5538 F600
G01 X38.8477 Y6.6272 Z-0.5510 F600
G01 X38.8897 Y6.6255 Z-0.5488 F600
G01 X38.9407 Y6.6243 Z-0.5464 F600
G01 X38.9848 Y6.6240 Z-0.5444 F600
G01 X39.0339 Y6.6244 Z-0.5423 F600
G01 X39.0802 Y6.6255 Z-0.5405 F600
G01 X39.1215 Y6.6269 Z-0.5389 F600
G01 X39.1581 Y6.6286 Z-0.5376 F600
G01 X39.1920 Y6.6344 Z-0.5325 F600
G01 X39.2602 Y6.7177 Z-0.4518 F600
G01 X39.3952 Y6.8868 Z-0.2913 F600
G01 X39.5759 Y7.1211 Z-0.0752 F600
G01 X39.8046 Y7.4277 Z0.2000 F600
G01 X39.7084 Y7.2977 Z0.0842 F600
G01 X39.5117 Y7.0369 Z-0.1521 F600
G01 X39.3760 Y6.8624 Z-0.3142 F600
G01 X39.2353 Y6.6870 Z-0.4814 F600
G01 X39.2175 Y6.6079 Z-0.5117 F600
G01 X39.2999 Y6.5451 Z-0.4405 F600
G01 X39.4673 Y6.4201 Z-0.2954 F600
G01 X39.7252 Y6.2337 Z-0.0710 F600
G01 X40.0082 Y6.0363 Z0.1765 F600
G01 X39.7021 Y6.2503 Z-0.0912 F600
G00 Z6.0000 F480
G00 X48.0637 Y11.3523 F1000
G00 Z0.7000 F480
G01 Z-0.7278 F600
G01 X48.0909 Y11.2763 Z-0.7006 F600
G01 X48.1150 Y11.2003 Z-0.6765 F600
G01 X48.1355 Y11.1242 Z-0.6560 F600
G01 X48.1524 Y11.0482 Z-0.6390 F600
G01 X48.1658 Y10.9722 Z-0.6257 F600
G01 X48.1756 Y10.8962 Z-0.6159 F600
G01 X48.1818 Y10.8202 Z-0.6097 F600
G01 X48.1844 Y10.7442 Z-0.6071 F600
G01 X48.1845 Y10.2121 Z-0.6070 F600
G01 X48.1831 Y9.9085 Z-0.6085 F600
G01 X48.1790 Y9.6940 Z-0.6130 F600
G01 X48.1715 Y9.4714 Z-0.6213 F600
G01 X48.1640 Y9.3129 Z-0.6300 F600
G01 X48.1594 Y9.2336 Z-0.6353 F600
G01 X48.1488 Y9.0730 Z-0.6474 F600
G01 X48.1366 Y8.9275 Z-0.6616 F600
G01 X48.1298 Y8.8547 Z-0.6694 F600
G01 X48.1130 Y8.6974 Z-0.6887 F600
G01 X48.0917 Y8.5315 Z-0.7137 F600
G01 X48.0792 Y8.4486 Z-0.7279 F600
G01 X48.0654 Y8.3610 Z-0.7440 F600
G01 X48.0528 Y8.2860 Z-0.7588 F600
G01 X48.0242 Y8.1360 Z-0.7921 F600
G01 X48.0064 Y8.0534 Z-0.8129 F600
G01 X48.0402 Y7.9884 Z-0.7818 F600
G01 X48.0761 Y7.9235 Z-0.7488 F600
G01 X48.1090 Y7.8585 Z-0.7186 F600
G01 X48.1475 Y7.7751 Z-0.6843 F600
G01 X48.1787 Y7.6991 Z-0.6575 F600
G01 X48.2060 Y7.6229 Z-0.6345 F600
G01 X48.2328 Y7.5363 Z-0.6136 F600
G01 X48.2500 Y7.4706 Z-0.6014 F600
G01 X48.2644 Y7.4048 Z-0.5921 F600
G01 X48.2788 Y7.3231 Z-0.5850 F600
G01 X48.2865 Y7.2676 Z-0.5831 F600
G01 X48.2928 Y7.2120 Z-0.5826 F600
G01 X48.3028 Y7.1308 Z-0.5825 F600
G01 X48.3161 Y7.0413 Z-0.5822 F600
G01 X48.3294 Y6.9647 Z-0.5816 F600
G01 X48.3369 Y6.9255 F600
G01 X48.3449 Y6.8865 Z-0.5810 F600
G01 X48.3591 Y6.8214 Z-0.5804 F600
G01 X48.3684 Y6.7827 Z-0.5799 F600
G01 X48.4060 Y6.7504 Z-0.5504 F600
G01 X48.5504 Y6.6382 Z-0.4382 F600
G01 X48.6910 Y6.5327 Z-0.3327 F600
G01 X48.8283 Y6.4334 Z-0.2334 F600
G01 X48.9626 Y6.3397 Z-0.1397 F600
G01 X49.0942 Y6.2512 Z-0.0512 F600
G01 X49.2235 Y6.1674 Z0.0326 F600
G01 X49.3508 Y6.0879 Z0.1121 F600
G01 X49.4590 Y6.0227 Z0.1773 F600
G01 X49.3833 Y6.0680 Z0.1320 F600
G01 X49.2317 Y6.1622 Z0.0378 F600
G01 X49.1559 Y6.2109 Z-0.0109 F600
G01 X49.0044 Y6.3112 Z-0.1112 F600
G01 X48.8528 Y6.4158 Z-0.2158 F600
G01 X48.7013 Y6.5251 Z-0.3251 F600
G01 X48.5497 Y6.6387 Z-0.4387 F600
G01 X48.3981 Y6.7566 Z-0.5566 F600
G01 X48.3224 Y6.7191 Z-0.5191 F600
G01 X48.2466 Y6.6178 Z-0.4178 F600
G01 X48.1708 Y6.5130 Z-0.3130 F600
G01 X48.0950 Y6.4050 Z-0.2050 F600
G01 X48.0193 Y6.2938 Z-0.0938 F600
G01 X47.9435 Y6.1793 Z0.0207 F600
G01 X47.8484 Y6.0295 Z0.1706 F600
G01 X47.9230 Y6.1472 Z0.0528 F600
G01 X48.0541 Y6.3458 Z-0.1458 F600
G01 X48.1309 Y6.4570 Z-0.2570 F600
G01 X48.2465 Y6.6177 Z-0.4177 F600
G01 X48.3664 Y6.7910 Z-0.5800 F600
G01 X48.3537 Y6.8441 Z-0.5806 F600
G01 X48.3339 Y6.9408 Z-0.5817 F600
G01 X48.3261 Y6.9823 Z-0.5816 F600
G01 X48.3160 Y7.0416 Z-0.5822 F600
G01 X48.3006 Y7.1466 Z-0.5824 F600
G01 X48.2952 Y7.1904 F600
G01 X48.2842 Y7.2860 Z-0.5835 F600
G01 X48.2782 Y7.3266 Z-0.5852 F600
G01 X48.2701 Y7.3741 Z-0.5887 F600
G01 X48.2610 Y7.4219 Z-0.5942 F600
G01 X48.2502 Y7.4700 Z-0.6013 F600
G01 X48.2378 Y7.5184 Z-0.6100 F600
G01 X48.2215 Y7.5742 Z-0.6220 F600
G01 X48.2033 Y7.6312 Z-0.6368 F600
G01 X48.1825 Y7.6891 Z-0.6542 F600
G01 X48.1559 Y7.7556 Z-0.6771 F600
G01 X48.1254 Y7.8240 Z-0.7037 F600
G01 X48.0910 Y7.8947 Z-0.7350 F600
G01 X48.0471 Y7.9763 Z-0.7754 F600
G01 X47.9977 Y8.0452 Z-0.8090 F600
G01 X47.9623 Y8.0342 Z-0.7826 F600
G01 X47.9284 Y8.0232 Z-0.7575 F600
G01 X47.8959 Y8.0122 Z-0.7338 F600
G01 X47.8647 Y8.0012 Z-0.7112 F600
G01 X47.8348 Y7.9902 Z-0.6897 F600
G01 X47.8062 Y7.9796 Z-0.6698 F600
G01 X47.7789 Y7.9695 Z-0.6512 F600
G01 X47.7526 Y7.9596 Z-0.6338 F600
G01 X47.7272 Y7.9496 Z-0.6172 F600
G01 X47.7027 Y7.9396 Z-0.6013 F600
G01 X47.6790 Y7.9296 Z-0.5862 F600
G01 X47.6487 Y7.9162 Z-0.5671 F600
G01 X47.6196 Y7.9028 Z-0.5491 F600
G01 X47.5918 Y7.8894 Z-0.5323 F600
G01 X47.5652 Y7.8765 Z-0.5169 F600
G01 X47.5397 Y7.8640 Z-0.5030 F600
G01 X47.5150 Y7.8515 Z-0.4898 F600
G01 X47.4913 Y7.8389 Z-0.4775 F600
G01 X47.4684 Y7.8262 Z-0.4658 F600
G01 X47.4463 Y7.8134 Z-0.4549 F600
G01 X47.4198 Y7.7974 Z-0.4422 F600
G01 X47.3943 Y7.7813 Z-0.4305 F600
G01 X47.3697 Y7.7657 Z-0.4203 F600
G01 X47.3459 Y7.7503 Z-0.4112 F600
G01 X47.3230 Y7.7346 Z-0.4029 F600
G01 X47.3008 Y7.7188 Z-0.3953 F600
G01 X47.2794 Y7.7028 Z-0.3884 F600
G01 X47.2588 Y7.6866 Z-0.3822 F600
G01 X47.2387 Y7.6702 Z-0.3766 F600
G01 X47.2191 Y7.6540 Z-0.3721 F600
G01 X47.1961 Y7.6345 Z-0.3679 F600
G01 X47.1738 Y7.6147 Z-0.3645 F600
G01 X47.1522 Y7.5945 Z-0.3620 F600
G01 X47.1245 Y7.5679 Z-0.3591 F600
G01 X47.0687 Y7.5155 Z-0.3544 F600
G01 X47.0118 Y7.4642 Z-0.3511 F600
G01 X46.9665 Y7.4238 Z-0.3481 F600
G01 X46.9096 Y7.3760 Z-0.3456 F600
G01 X46.8523 Y7.3288 Z-0.3438 F600
G01 X46.8075 Y7.2924 Z-0.3420 F600
G01 X46.6923 Y7.2055 Z-0.3405 F600
G01 X46.6482 Y7.1730 Z-0.3398 F600
G01 X46.5327 Y7.0938 Z-0.3405 F600
G01 X46.4896 Y7.0651 Z-0.3406 F600
G01 X46.3741 Y6.9931 Z-0.3430 F600
G01 X46.3326 Y6.9679 Z-0.3435 F600
G01 X46.2174 Y6.9029 Z-0.3471 F600
G01 X46.1775 Y6.8810 Z-0.3479 F600
G01 X46.1204 Y6.8516 Z-0.3498 F600
G01 X46.0630 Y6.8227 Z-0.3522 F600
G01 X46.0250 Y6.8040 Z-0.3534 F600
G01 X45.9684 Y6.7774 Z-0.3551 F600
G01 X45.9114 Y6.7519 Z-0.3580 F600
G01 X45.8754 Y6.7362 Z-0.3594 F600
G01 X45.8194 Y6.7125 Z-0.3609 F600
G01 X45.7629 Y6.6900 Z-0.3638 F600
G01 X45.7292 Y6.6772 Z-0.3653 F600
G01 X45.6179 Y6.6365 Z-0.3692 F600
G01 X45.5841 Y6.6254 Z-0.3709 F600
G01 X45.4725 Y6.5903 Z-0.3753 F600
G01 X45.4373 Y6.5796 Z-0.3764 F600
G01 X45.3240 Y6.5493 Z-0.3815 F600
G01 X45.2884 Y6.5402 Z-0.3828 F600
G01 X45.2313 Y6.5264 Z-0.3846 F600
G01 X45.1738 Y6.5137 Z-0.3876 F600
G01 X45.1376 Y6.5062 Z-0.3891 F600
G01 X45.0797 Y6.4946 Z-0.3911 F600
G01 X45.0217 Y6.4835 Z-0.3935 F600
G01 X44.9849 Y6.4775 Z-0.3953 F600
G01 X44.8675 Y6.4592 Z-0.3999 F600
G01 X44.8302 Y6.4541 Z-0.4013 F600
G01 X44.7112 Y6.4407 Z-0.4066 F600
G01 X44.6732 Y6.4367 Z-0.4079 F600
G01 X44.6131 Y6.4315 Z-0.4100 F600
G01 X44.5529 Y6.4272 Z-0.4130 F600
G01 X44.5140 Y6.4248 Z-0.4145 F600
G01 X44.4532 Y6.4216 Z-0.4164 F600
G01 X44.3923 Y6.4190 Z-0.4191 F600
G01 X44.3525 Y6.4181 Z-0.4209 F600
G01 X44.2293 Y6.4165 Z-0.4254 F600
G01 X44.1886 Y6.4169 Z-0.4272 F600
G01 X44.0639 Y6.4204 Z-0.4328 F600
G01 X44.0182 Y6.4222 Z-0.4345 F600
G01 X43.8730 Y6.4325 Z-0.4422 F600
G01 X43.8256 Y6.4364 Z-0.4444 F600
G01 X43.7556 Y6.4444 Z-0.4485 F600
G01 X43.6856 Y6.4530 Z-0.4533 F600
G01 X43.6428 Y6.4587 Z-0.4558 F600
G01 X43.5754 Y6.4694 Z-0.4601 F600
G01 X43.5081 Y6.4814 Z-0.4656 F600
G01 X43.4700 Y6.4885 Z-0.4683 F600
G01 X43.4052 Y6.5018 Z-0.4726 F600
G01 X43.3074 Y6.5253 Z-0.4818 F600
G01 X43.2454 Y6.5416 Z-0.4865 F600
G01 X43.1551 Y6.5683 Z-0.4957 F600
G01 X43.0959 Y6.5879 Z-0.5012 F600
G01 X43.0131 Y6.6165 Z-0.5096 F600
G01 X42.8813 Y6.6705 Z-0.5243 F600
G01 X42.8276 Y6.6952 Z-0.5300 F600
G01 X42.7597 Y6.7290 Z-0.5391 F600
G01 X42.7086 Y6.7560 Z-0.5446 F600
G01 X42.6470 Y6.7902 Z-0.5524 F600
G01 X42.5437 Y6.8555 Z-0.5660 F600
G01 X42.4979 Y6.8870 Z-0.5710 F600
G01 X42.4483 Y6.9234 Z-0.5784 F600
G01 X42.3597 Y6.9934 Z-0.5889 F600
G01 X42.3193 Y7.0296 Z-0.5938 F600
G01 X42.2782 Y7.0671 Z-0.5993 F600
G01 X42.2396 Y7.1046 Z-0.6029 F600
G01 X42.1980 Y7.1470 Z-0.6077 F600
G01 X42.0960 Y7.2635 Z-0.6190 F600
G01 X42.0524 Y7.3214 Z-0.6238 F600
G01 X42.0087 Y7.3806 Z-0.6293 F600
G01 X41.9696 Y7.4400 Z-0.6325 F600
G01 X41.9043 Y7.4809 Z-0.6036 F600
G01 X41.8995 Y7.5601 Z-0.6401 F600
G01 X41.8402 Y7.6825 Z-0.6461 F600
G01 X41.7897 Y7.8089 Z-0.6496 F600
G01 X41.7409 Y7.8654 Z-0.6240 F600
G01 X41.7481 Y7.9417 Z-0.6517 F600
G01 X41.7303 Y8.0116 Z-0.6535 F600
G01 X41.7160 Y8.0831 Z-0.6531 F600
G01 X41.7015 Y8.1602 Z-0.6533 F600
G01 X41.6832 Y8.3205 Z-0.6525 F600
G01 X41.6796 Y8.3977 Z-0.6517 F600
G01 X41.6768 Y8.4750 Z-0.6516 F600
G01 X41.6763 Y8.5320 Z-0.6506 F600
G01 X41.6776 Y8.5831 F600
G01 X41.6797 Y8.6281 Z-0.6496 F600
G01 X41.6827 Y8.6766 Z-0.6491 F600
G01 X41.6918 Y8.7672 Z-0.6474 F600
G01 X41.6981 Y8.8107 Z-0.6463 F600
G01 X41.7049 Y8.8551 Z-0.6456 F600
G01 X41.7127 Y8.8979 Z-0.6439 F600
G01 X41.7212 Y8.9408 Z-0.6429 F600
G01 X41.7313 Y8.9829 Z-0.6414 F600
G01 X41.7531 Y9.0663 Z-0.6380 F600
G01 X41.7787 Y9.1482 Z-0.6341 F600
G01 X41.7907 Y9.1898 Z-0.6301 F600
G01 X41.8084 Y9.2292 Z-0.6300 F600
G01 X41.8243 Y9.2699 Z-0.6276 F600
G01 X41.8419 Y9.3097 Z-0.6250 F600
G01 X41.8617 Y9.3532 Z-0.6224 F600
G01 X41.8807 Y9.3922 Z-0.6193 F600
G01 X41.9036 Y9.4367 Z-0.6167 F600
G01 X41.9241 Y9.4741 Z-0.6138 F600
G01 X41.9475 Y9.5162 Z-0.6108 F600
G01 X41.9941 Y9.5917 Z-0.6052 F600
G01 X42.0172 Y9.6265 Z-0.6021 F600
G01 X42.0429 Y9.6637 Z-0.5995 F600
G01 X42.0672 Y9.6972 Z-0.5961 F600
G01 X42.0938 Y9.7328 Z-0.5931 F600
G01 X42.1473 Y9.7989 Z-0.5867 F600
G01 X42.1743 Y9.8298 Z-0.5831 F600
G01 X42.2037 Y9.8622 Z-0.5800 F600
G01 X42.2319 Y9.8919 Z-0.5762 F600
G01 X42.2627 Y9.9235 Z-0.5726 F600
G01 X42.3251 Y9.9822 Z-0.5651 F600
G01 X42.3561 Y10.0094 Z-0.5610 F600
G01 X42.3950 Y10.0421 Z-0.5568 F600
G01 X42.4272 Y10.0681 Z-0.5526 F600
G01 X42.4722 Y10.1029 Z-0.5478 F600
G01 X42.5524 Y10.1611 Z-0.5393 F600
G01 X42.6359 Y10.2163 Z-0.5317 F600
G01 X42.6714 Y10.2382 Z-0.5286 F600
G01 X42.7225 Y10.2686 Z-0.5248 F600
G01 X42.7590 Y10.2894 Z-0.5216 F600
G01 X42.8123 Y10.3181 Z-0.5183 F600
G01 X42.8499 Y10.3376 Z-0.5155 F600
G01 X42.9053 Y10.3648 Z-0.5123 F600
G01 X42.9440 Y10.3828 Z-0.5100 F600
G01 X43.0015 Y10.4086 Z-0.5069 F600
G01 X43.1010 Y10.4493 Z-0.5022 F600
G01 X43.2038 Y10.4867 Z-0.4983 F600
G01 X43.2455 Y10.5005 Z-0.4968 F600
G01 X43.2976 Y10.5172 Z-0.4954 F600
G01 X43.3302 Y10.5269 Z-0.4939 F600
G01 X43.3820 Y10.5416 Z-0.4920 F600
G01 X43.4784 Y10.5670 Z-0.4882 F600
G01 X43.5174 Y10.5764 Z-0.4869 F600
G01 X43.6284 Y10.6024 Z-0.4830 F600
G01 X43.6707 Y10.6115 Z-0.4819 F600
G01 X43.7961 Y10.6376 Z-0.4781 F600
G01 X43.9324 Y10.6636 Z-0.4746 F600
G01 X44.0794 Y10.6894 Z-0.4713 F600
G01 X44.2878 Y10.7230 Z-0.4672 F600
G01 X44.3462 Y10.7317 Z-0.4663 F600
G01 X44.9514 Y10.8161 Z-0.4583 F600
G01 X45.3166 Y10.8705 Z-0.4535 F600
G01 X45.5951 Y10.9163 Z-0.4491 F600
G01 X45.6620 Y10.9278 Z-0.4477 F600
G01 X45.9015 Y10.9714 Z-0.4433 F600
G01 X45.9800 Y10.9865 Z-0.4413 F600
G01 X46.1401 Y11.0184 Z-0.4380 F600
G01 X46.3696 Y11.0677 Z-0.4318 F600
G01 X46.5741 Y11.1159 Z-0.4253 F600
G01 X46.6637 Y11.1386 Z-0.4221 F600
G01 X46.8316 Y11.1833 Z-0.4156 F600
G01 X46.9273 Y11.2110 Z-0.4110 F600
G01 X47.0043 Y11.2341 Z-0.4076 F600
G01 X47.0810 Y11.2585 Z-0.4029 F600
G01 X47.1719 Y11.2880 Z-0.3980 F600
G01 X47.2429 Y11.3088 Z-0.3977 F600
G01 X47.3151 Y11.3251 Z-0.4019 F600
G01 X47.4075 Y11.3402 Z-0.4145 F600
G01 X47.4763 Y11.3475 Z-0.4289 F600
G01 X47.5462 Y11.3512 Z-0.4471 F600
G01 X47.6024 Y11.3516 Z-0.4644 F600
G01 X47.6596 Z-0.4858 F600
G01 X47.7281 Z-0.5167 F600
G01 X47.8118 Z-0.5612 F600
G01 X47.9264 Z-0.6319 F600
G01 X48.0673 Y11.3618 Z-0.7241 F600
G01 X48.0821 Y11.4018 Z-0.7094 F600
G01 X48.0956 Y11.4412 Z-0.6958 F600
G01 X48.1081 Y11.4800 Z-0.6834 F600
G01 X48.1194 Y11.5183 Z-0.6721 F600
G01 X48.1297 Y11.5561 Z-0.6618 F600
G01 X48.1390 Y11.5935 Z-0.6525 F600
G01 X48.1474 Y11.6305 Z-0.6441 F600
G01 X48.1548 Y11.6672 Z-0.6367 F600
G01 X48.1614 Y11.7036 Z-0.6301 F600
G01 X48.1671 Y11.7397 Z-0.6244 F600
G01 X48.1728 Y11.7827 Z-0.6186 F600
G01 X48.1774 Y11.8254 Z-0.6141 F600
G01 X48.1808 Y11.8679 Z-0.6106 F600
G01 X48.1831 Y11.9103 Z-0.6083 F600
G01 X48.1843 Y11.9526 Z-0.6071 F600
G01 X48.1877 Y12.3418 Z-0.6022 F600
G01 X48.1870 Y12.4443 Z-0.6016 F600
G01 X48.1842 Y12.5705 Z-0.6018 F600
G01 X48.1802 Y12.6736 Z-0.6029 F600
G01 X48.1737 Y12.7924 Z-0.6054 F600
G01 X48.1657 Y12.8974 Z-0.6085 F600
G01 X48.1549 Y13.0088 Z-0.6129 F600
G01 X48.1419 Y13.1167 Z-0.6180 F600
G01 X48.1344 Y13.1689 Z-0.6212 F600
G01 X48.1264 Y13.2210 Z-0.6237 F600
G01 X48.1059 Y13.3326 Z-0.6303 F600
G01 X48.0949 Y13.3810 Z-0.6329 F600
G01 X48.0824 Y13.4291 Z-0.6340 F600
G01 X48.0486 Y13.5429 Z-0.6375 F600
G01 X48.0333 Y13.5873 Z-0.6390 F600
G01 X48.0178 Y13.6315 Z-0.6401 F600
G01 X47.9708 Y13.7470 Z-0.6427 F600
G01 X47.9522 Y13.7876 Z-0.6438 F600
G01 X47.9328 Y13.8277 Z-0.6441 F600
G01 X47.8701 Y13.9424 Z-0.6448 F600
G01 X47.8475 Y13.9786 Z-0.6449 F600
G01 X47.8243 Y14.0144 Z-0.6441 F600
G01 X47.7432 Y14.1234 Z-0.6406 F600
G01 X47.7161 Y14.1546 Z-0.6387 F600
G01 X47.6884 Y14.1854 Z-0.6361 F600
G01 X47.5880 Y14.2814 Z-0.6250 F600
G01 X47.5255 Y14.3332 Z-0.6177 F600
G01 X47.4160 Y14.4135 Z-0.6050 F600
G01 X47.3702 Y14.4440 Z-0.6002 F600
G01 X47.3239 Y14.4738 Z-0.5945 F600
G01 X47.2115 Y14.5402 Z-0.5821 F600
G01 X47.1622 Y14.5670 Z-0.5775 F600
G01 X47.1124 Y14.5930 Z-0.5720 F600
G01 X46.9986 Y14.6478 Z-0.5611 F600
G01 X46.9458 Y14.6709 Z-0.5566 F600
G01 X46.8926 Y14.6933 Z-0.5514 F600
G01 X46.7784 Y14.7368 Z-0.5411 F600
G01 X46.6652 Y14.7747 Z-0.5313 F600
G01 X46.5516 Y14.8079 Z-0.5218 F600
G01 X46.4917 Y14.8238 Z-0.5176 F600
G01 X46.4315 Y14.8388 Z-0.5125 F600
G01 X46.3194 Y14.8642 Z-0.5048 F600
G01 X46.1922 Y14.8886 Z-0.4966 F600
G01 X46.0814 Y14.9067 Z-0.4900 F600
G01 X45.9470 Y14.9254 Z-0.4833 F600
G01 X45.8372 Y14.9376 Z-0.4782 F600
G01 X45.7664 Y14.9443 Z-0.4759 F600
G01 X45.6955 Y14.9501 Z-0.4727 F600
G01 X45.5862 Y14.9576 Z-0.4693 F600
G01 X45.4370 Y14.9642 Z-0.4650 F600
G01 X45.3276 Y14.9671 Z-0.4628 F600
G01 X45.1707 Y14.9679 Z-0.4599 F600
G01 X45.1560 Z-0.4597 F600
G01 X45.0958 Y14.9673 Z-0.4586 F600
G01 X44.9396 Y14.9626 Z-0.4567 F600
G01 X44.8822 Y14.9604 Z-0.4555 F600
G01 X44.7298 Y14.9507 Z-0.4541 F600
G01 X44.6752 Y14.9467 Z-0.4533 F600
G01 X44.6009 Y14.9399 Z-0.4523 F600
G01 X44.5267 Y14.9323 Z-0.4522 F600
G01 X44.4749 Y14.9266 Z-0.4517 F600
G01 X44.4025 Y14.9177 Z-0.4506 F600
G01 X44.3303 Y14.9073 Z-0.4510 F600
G01 X44.2813 Y14.8998 Z-0.4509 F600
G01 X44.2109 Y14.8884 Z-0.4501 F600
G01 X44.1408 Y14.8755 Z-0.4508 F600
G01 X44.0946 Y14.8663 Z-0.4511 F600
G01 X44.0263 Y14.8520 Z-0.4509 F600
G01 X43.9581 Y14.8369 Z-0.4517 F600
G01 X43.9148 Y14.8261 Z-0.4525 F600
G01 X43.7825 Y14.7913 Z-0.4540 F600
G01 X43.7422 Y14.7791 Z-0.4553 F600
G01 X43.6142 Y14.7383 Z-0.4585 F600
G01 X43.5767 Y14.7253 Z-0.4597 F600
G01 X43.4535 Y14.6780 Z-0.4651 F600
G01 X43.4191 Y14.6644 Z-0.4663 F600
G01 X43.3603 Y14.6383 Z-0.4695 F600
G01 X43.3017 Y14.6114 Z-0.4735 F600
G01 X43.2718 Y14.5973 Z-0.4752 F600
G01 X43.2158 Y14.5696 Z-0.4782 F600
G01 X43.1608 Y14.5400 Z-0.4833 F600
G01 X43.0831 Y14.4956 Z-0.4892 F600
G01 X43.0309 Y14.4646 Z-0.4938 F600
G01 X42.9126 Y14.3847 Z-0.5062 F600
G01 X42.8501 Y14.3382 Z-0.5127 F600
G01 X42.8049 Y14.3024 Z-0.5188 F600
G01 X42.7493 Y14.2560 Z-0.5246 F600
G01 X42.7067 Y14.2193 Z-0.5297 F600
G01 X42.6186 Y14.1339 Z-0.5411 F600
G01 X42.5749 Y14.0886 Z-0.5453 F600
G01 X42.5385 Y14.0485 Z-0.5504 F600
G01 X42.4662 Y13.9622 Z-0.5584 F600
G01 X42.4318 Y13.9175 Z-0.5611 F600
G01 X42.4007 Y13.8749 Z-0.5649 F600
G01 X42.3381 Y13.7827 Z-0.5700 F600
G01 X42.3040 Y13.7281 Z-0.5721 F600
G01 X42.2766 Y13.6816 Z-0.5748 F600
G01 X42.2165 Y13.5739 Z-0.5779 F600
G01 X42.1843 Y13.5089 Z-0.5798 F600
G01 X42.1596 Y13.4581 Z-0.5814 F600
G01 X42.1274 Y13.3878 Z-0.5820 F600
G01 X42.0427 Y13.3351 Z-0.5265 F600
G01 X41.9120 Y13.2595 Z-0.4339 F600
G01 X41.7402 Y13.1555 Z-0.3077 F600
G01 X41.5539 Y13.0376 Z-0.1656 F600
G01 X41.4975 Y13.0009 Z-0.1217 F600
G01 X41.2865 Y12.8599 Z0.0466 F600
G01 X41.0992 Y12.7306 Z0.2000 F600
G01 X41.3082 Y12.8748 Z0.0288 F600
G01 X41.5578 Y13.0401 Z-0.1686 F600
G01 X41.7236 Y13.1454 Z-0.2954 F600
G01 X41.8887 Y13.2458 Z-0.4172 F600
G01 X42.0531 Y13.3412 Z-0.5339 F600
G01 X42.1321 Y13.3656 Z-0.5688 F600
G01 X42.2551 Y13.1569 Z-0.3786 F600
G01 X42.3788 Y12.9538 Z-0.1941 F600
G01 X42.5032 Y12.7562 Z-0.0151 F600
G01 X42.6286 Y12.5654 Z0.1570 F600
G01 X42.5194 Y12.7315 Z0.0072 F600
G01 X42.6286 Y12.5654 Z0.1570 F600
G01 X42.5032 Y12.7562 Z-0.0151 F600
G01 X42.3788 Y12.9538 Z-0.1941 F600
G01 X42.2551 Y13.1569 Z-0.3786 F600
G01 X42.1321 Y13.3656 Z-0.5688 F600
G01 X42.0531 Y13.3412 Z-0.5339 F600
G01 X41.8887 Y13.2458 Z-0.4172 F600
G01 X41.7236 Y13.1454 Z-0.2954 F600
G01 X41.5578 Y13.0401 Z-0.1686 F600
G01 X41.3082 Y12.8748 Z0.0288 F600
G01 X41.0992 Y12.7306 Z0.2000 F600
G01 X41.2865 Y12.8599 Z0.0466 F600
G01 X41.4975 Y13.0009 Z-0.1217 F600
G01 X41.5539 Y13.0376 Z-0.1656 F600
G01 X41.7402 Y13.1555 Z-0.3077 F600
G01 X41.9120 Y13.2595 Z-0.4339 F600
G01 X42.0427 Y13.3351 Z-0.5265 F600
G01 X42.1274 Y13.3878 Z-0.5820 F600
G01 X42.1596 Y13.4581 Z-0.5814 F600
G01 X42.1843 Y13.5089 Z-0.5798 F600
G01 X42.2165 Y13.5739 Z-0.5779 F600
G01 X42.2766 Y13.6816 Z-0.5748 F600
G01 X42.3040 Y13.7281 Z-0.5721 F600
G01 X42.3381 Y13.7827 Z-0.5700 F600
G01 X42.4007 Y13.8749 Z-0.5649 F600
G01 X42.4318 Y13.9175 Z-0.5611 F600
G01 X42.4662 Y13.9622 Z-0.5584 F600
G01 X42.5385 Y14.0485 Z-0.5504 F600
G01 X42.5749 Y14.0886 Z-0.5453 F600
G01 X42.6186 Y14.1339 Z-0.5411 F600
G01 X42.7067 Y14.2193 Z-0.5297 F600
G01 X42.7493 Y14.2560 Z-0.5246 F600
G01 X42.8049 Y14.3024 Z-0.5188 F600
G01 X42.8501 Y14.3382 Z-0.5127 F600
G01 X42.9126 Y14.3847 Z-0.5062 F600
G01 X43.0309 Y14.4646 Z-0.4938 F600
G01 X43.0831 Y14.4956 Z-0.4892 F600
G01 X43.1608 Y14.5400 Z-0.4833 F600
G01 X43.2158 Y14.5696 Z-0.4782 F600
G01 X43.2718 Y14.5973 Z-0.4752 F600
G01 X43.3017 Y14.6114 Z-0.4735 F600
G01 X43.3603 Y14.6383 Z-0.4695 F600
G01 X43.4191 Y14.6644 Z-0.4663 F600
G01 X43.4535 Y14.6780 Z-0.4651 F600
G01 X43.5767 Y14.7253 Z-0.4597 F600
G01 X43.6142 Y14.7383 Z-0.4585 F600
G01 X43.7422 Y14.7791 Z-0.4553 F600
G01 X43.7825 Y14.7913 Z-0.4540 F600
G01 X43.9148 Y14.8261 Z-0.4525 F600
G01 X43.9581 Y14.8369 Z-0.4517 F600
G01 X44.0263 Y14.8520 Z-0.4509 F600
G01 X44.0946 Y14.8663 Z-0.4511 F600
G01 X44.1408 Y14.8755 Z-0.4508 F600
G01 X44.2109 Y14.8884 Z-0.4501 F600
G01 X44.2813 Y14.8998 Z-0.4509 F600
G01 X44.3303 Y14.9073 Z-0.4510 F600
G01 X44.4025 Y14.9177 Z-0.4506 F600
G01 X44.4749 Y14.9266 Z-0.4517 F600
G01 X44.5267 Y14.9323 Z-0.4522 F600
G01 X44.6009 Y14.9399 Z-0.4523 F600
G01 X44.6752 Y14.9467 Z-0.4533 F600
G01 X44.7298 Y14.9507 Z-0.4541 F600
G01 X44.8822 Y14.9604 Z-0.4555 F600
G01 X44.9396 Y14.9626 Z-0.4567 F600
G01 X45.0958 Y14.9673 Z-0.4586 F600
G01 X45.1560 Y14.9679 Z-0.4597 F600
G00 Z6.0000 F480
G00 X52.2191 Y18.2110 F1000
G00 Z0.7000 F480
G01 Z-0.5890 F600
G01 X51.4301 Y19.0000 Z0.2000 F600
G01 X52.2282 Y18.2019 Z-0.5981 F600
G01 X52.9887 Y18.9624 Z0.1624 F600
G01 X52.2372 Y18.2110 Z-0.5890 F600
G01 X52.2282 Y18.1358 Z-0.5981 F600
G01 Y6.8642 F600
G01 X52.2372 Y6.7890 Z-0.5890 F600
G01 X52.9883 Y6.0380 Z0.1620 F600
G01 X52.2282 Y6.7981 Z-0.5981 F600
G01 X51.4301 Y6.0000 Z0.2000 F600
G01 X52.2191 Y6.7890 Z-0.5890 F600
G01 X51.4681 Y6.0380 Z0.1620 F600
G00 Z6.0000 F480
G00 X61.0800 Y6.0374 F1000
G00 Z0.7000 F480
G01 Z0.1626 F600
G01 X61.7565 Y6.7139 Z-0.5139 F600
G01 X61.0426 Y6.0000 Z0.2000 F600
G01 X61.9028 Y6.8602 Z-0.6602 F600
G01 X61.0426 Y6.0000 Z0.2000 F600
G01 X61.7565 Y6.7139 Z-0.5139 F600
G01 X61.9028 Y6.8602 Z-0.6602 F600
G01 X62.7256 Y6.0374 Z0.1626 F600
G01 X61.9739 Y6.7890 Z-0.5890 F600
G01 X61.9028 Y6.8642 Z-0.6602 F600
G01 Y18.1358 F600
G01 X62.0491 Y18.2861 Z-0.5139 F600
G01 X62.7254 Y18.9624 Z0.1624 F600
G01 X61.9028 Y18.1398 Z-0.6602 F600
G01 X61.0800 Y18.9626 Z0.1626 F600
G01 X61.8316 Y18.2110 Z-0.5890 F600
G00 Z6.0000 F480
G00 X65.6297 Y6.0380 F1000
G00 Z0.7000 F480
G01 Z0.1620 F600
G01 X66.3898 Y6.7981 Z-0.5981 F600
G01 X67.1499 Y6.0380 Z0.1620 F600
G01 X66.4053 Y6.7827 Z-0.5827 F600
G01 X66.3898 Y6.8572 Z-0.5981 F600
G01 X66.3931 Y11.4736 Z-0.6014 F600
G01 X66.3969 Y11.6342 Z-0.6051 F600
G01 X66.4003 Y11.7411 Z-0.6086 F600
G01 X66.4066 Y11.8941 Z-0.6149 F600
G01 X66.4121 Y12.0006 Z-0.6203 F600
G01 X66.4209 Y12.1463 Z-0.6292 F600
G01 X66.4285 Y12.2532 Z-0.6368 F600
G01 X66.4399 Y12.3918 Z-0.6482 F600
G01 X66.4501 Y12.4999 Z-0.6584 F600
G01 X66.4641 Y12.6317 Z-0.6724 F600
G01 X66.4773 Y12.7421 Z-0.6856 F600
G01 X66.4940 Y12.8674 Z-0.7022 F600
G01 X66.5108 Y12.9815 Z-0.7191 F600
G01 X66.5302 Y13.1006 Z-0.7385 F600
G01 X66.5748 Y13.2458 Z-0.7481 F600
G01 X66.5300 Y13.2834 Z-0.7383 F600
G01 X66.4880 Y13.3634 Z-0.6962 F600
G01 X66.4519 Y13.4400 Z-0.6601 F600
G01 X66.4239 Y13.5064 Z-0.6322 F600
G01 X66.3997 Y13.5708 Z-0.6080 F600
G01 X66.3789 Y13.6334 Z-0.5872 F600
G01 X66.3631 Y13.6878 Z-0.5714 F600
G01 X66.3496 Y13.7412 Z-0.5579 F600
G01 X66.3382 Y13.7937 Z-0.5465 F600
G01 X66.3300 Y13.8390 Z-0.5382 F600
G01 X66.3232 Y13.8839 Z-0.5315 F600
G01 X66.3179 Y13.9284 Z-0.5261 F600
G01 X66.3139 Y13.9727 Z-0.5222 F600
G01 X66.3114 Y14.0167 Z-0.5196 F600
G01 X66.3102 Y14.0543 Z-0.5185 F600
G01 X66.3100 Y14.6364 Z-0.5183 F600
G01 X66.3216 Y14.7108 Z-0.5067 F600
G01 X66.9911 Y15.3803 Z0.1628 F600
G01 X66.3100 Y14.6992 Z-0.5183 F600
G01 X65.6295 Y15.3797 Z0.1622 F600
G01 X66.3018 Y14.7074 Z-0.5100 F600
G01 X65.6295 Y15.3797 Z0.1622 F600
G01 X66.3100 Y14.6992 Z-0.5183 F600
G01 X66.9911 Y15.3803 Z0.1628 F600
G01 X66.3216 Y14.7108 Z-0.5067 F600
G01 X66.3100 Y14.6364 Z-0.5183 F600
G01 X66.3102 Y14.0543 Z-0.5185 F600
G01 X66.3114 Y14.0167 Z-0.5196 F600
G01 X66.3139 Y13.9727 Z-0.5222 F600
G01 X66.3179 Y13.9284 Z-0.5261 F600
G01 X66.3232 Y13.8839 Z-0.5315 F600
G01 X66.3300 Y13.8390 Z-0.5382 F600
G01 X66.3382 Y13.7937 Z-0.5465 F600
G01 X66.3496 Y13.7412 Z-0.5579 F600
G01 X66.3631 Y13.6878 Z-0.5714 F600
G01 X66.3789 Y13.6334 Z-0.5872 F600
G01 X66.3997 Y13.5708 Z-0.6080 F600
G01 X66.4239 Y13.5064 Z-0.6322 F600
G01 X66.4519 Y13.4400 Z-0.6601 F600
G01 X66.4880 Y13.3634 Z-0.6962 F600
G01 X66.5300 Y13.2834 Z-0.7383 F600
G01 X66.5748 Y13.2458 Z-0.7481 F600
G01 X66.5515 Y13.2197 Z-0.7598 F600
G01 X66.6850 Y13.2879 Z-0.6619 F600
G01 X66.8259 Y13.3481 Z-0.5579 F600
G01 X66.9484 Y13.4085 Z-0.4747 F600
G01 X67.0535 Y13.4683 Z-0.4106 F600
G01 X67.1030 Y13.4994 Z-0.3839 F600
G01 X67.1500 Y13.5318 Z-0.3600 F600
G01 X67.2314 Y13.5938 Z-0.3255 F600
G01 X67.2709 Y13.6270 Z-0.3125 F600
G01 X67.3083 Y13.6617 Z-0.3021 F600
G01 X67.3743 Y13.7291 Z-0.2916 F600
G01 X67.4064 Y13.7654 Z-0.2909 F600
G01 X67.4367 Y13.8031 Z-0.2924 F600
G01 X67.4971 Y13.8765 Z-0.2988 F600
G01 X67.5591 Y13.9484 Z-0.3074 F600
G01 X67.6270 Y14.0207 Z-0.3168 F600
G01 X67.7193 Y14.1128 Z-0.3299 F600
G01 X67.7949 Y14.1823 Z-0.3396 F600
G01 X67.8918 Y14.2662 Z-0.3525 F600
G01 X67.9740 Y14.3307 Z-0.3618 F600
G01 X68.0756 Y14.4062 Z-0.3743 F600
G01 X68.1641 Y14.4649 Z-0.3831 F600
G01 X68.2172 Y14.4986 Z-0.3894 F600
G01 X68.2709 Y14.5310 Z-0.3943 F600
G01 X68.3650 Y14.5836 Z-0.4032 F600
G01 X68.4205 Y14.6127 Z-0.4089 F600
G01 X68.4768 Y14.6401 Z-0.4129 F600
G01 X68.5758 Y14.6860 Z-0.4218 F600
G01 X68.6925 Y14.7326 Z-0.4299 F600
G01 X68.7961 Y14.7700 Z-0.4376 F600
G01 X68.9171 Y14.8079 Z-0.4454 F600
G01 X69.0241 Y14.8363 Z-0.4515 F600
G01 X69.1495 Y14.8656 Z-0.4594 F600
G01 X69.2588 Y14.8852 Z-0.4642 F600
G01 X69.3236 Y14.8957 Z-0.4682 F600
G01 X69.3885 Y14.9049 Z-0.4710 F600
G01 X69.4992 Y14.9170 Z-0.4759 F600
G01 X69.5662 Y14.9233 Z-0.4799 F600
G01 X69.6331 Y14.9273 Z-0.4818 F600
G01 X69.7253 Y14.9318 Z-0.4856 F600
G01 X69.7674 Y14.9332 Z-0.4879 F600
G01 X69.8094 Y14.9341 Z-0.4897 F600
G01 X69.8838 Y14.9334 Z-0.4925 F600
G01 X69.9659 Y14.9317 Z-0.4966 F600
G01 X70.0413 Y14.9289 Z-0.5010 F600
G01 X70.1214 Y14.9234 Z-0.5051 F600
G01 X70.1976 Y14.9166 Z-0.5094 F600
G01 X70.2759 Y14.9076 Z-0.5140 F600
G01 X70.3528 Y14.8969 Z-0.5187 F600
G01 X70.4293 Y14.8846 Z-0.5238 F600
G01 X70.5068 Y14.8698 Z-0.5288 F600
G01 X70.5814 Y14.8539 Z-0.5343 F600
G01 X70.6592 Y14.8348 Z-0.5398 F600
G01 X70.6957 Y14.8252 Z-0.5430 F600
G01 X70.7320 Y14.8150 Z-0.5454 F600
G01 X70.8100 Y14.7917 Z-0.5517 F600
G01 X70.8455 Y14.7800 Z-0.5546 F600
G01 X70.8808 Y14.7680 Z-0.5573 F600
G01 X70.9584 Y14.7401 Z-0.5639 F600
G01 X71.0276 Y14.7127 Z-0.5698 F600
G01 X71.1043 Y14.6798 Z-0.5766 F600
G01 X71.1718 Y14.6490 Z-0.5831 F600
G01 X71.2462 Y14.6117 Z-0.5898 F600
G01 X71.2788 Y14.5948 Z-0.5933 F600
G01 X71.3843 Y14.5356 Z-0.6035 F600
G01 X71.4453 Y14.4981 Z-0.6094 F600
G01 X71.5176 Y14.4506 Z-0.6168 F600
G01 X71.5751 Y14.4103 Z-0.6228 F600
G01 X71.6457 Y14.3568 Z-0.6300 F600
G01 X71.6989 Y14.3129 Z-0.6350 F600
G01 X71.7663 Y14.2528 Z-0.6410 F600
G01 X71.8150 Y14.2052 Z-0.6447 F600
G01 X71.8775 Y14.1383 Z-0.6487 F600
G01 X71.9209 Y14.0866 Z-0.6504 F600
G01 X71.9764 Y14.0129 Z-0.6509 F600
G01 X72.0144 Y13.9574 Z-0.6506 F600
G01 X72.0633 Y13.8792 Z-0.6495 F600
G01 X72.0969 Y13.8208 Z-0.6485 F600
G01 X72.1397 Y13.7396 Z-0.6469 F600
G01 X72.1689 Y13.6784 Z-0.6455 F600
G01 X72.2054 Y13.5952 Z-0.6435 F600
G01 X72.2308 Y13.5315 Z-0.6420 F600
G01 X72.2614 Y13.4467 Z-0.6401 F600
G01 X72.2837 Y13.3785 Z-0.6388 F600
G01 X72.3077 Y13.2958 Z-0.6368 F600
G01 X72.3272 Y13.2210 Z-0.6350 F600
G01 X72.3456 Y13.1410 Z-0.6330 F600
G01 X72.3610 Y13.0594 Z-0.6298 F600
G01 X72.3737 Y12.9812 Z-0.6263 F600
G01 X72.3802 Y12.9372 Z-0.6247 F600
G01 X72.3861 Y12.8931 Z-0.6225 F600
G01 X72.3957 Y12.8162 Z-0.6195 F600
G01 X72.4056 Y12.7217 Z-0.6157 F600
G01 X72.4127 Y12.6456 Z-0.6130 F600
G01 X72.4207 Y12.5447 Z-0.6099 F600
G01 X72.4258 Y12.4687 Z-0.6077 F600
G01 X72.4320 Y12.3614 Z-0.6052 F600
G01 X72.4355 Y12.2849 Z-0.6035 F600
G01 X72.4398 Y12.1711 Z-0.6016 F600
G01 X72.4445 Y11.9735 Z-0.5993 F600
G01 X72.4465 Y11.6908 Z-0.5981 F600
G01 Y6.8668 F600
G01 X72.4398 Y6.7914 Z-0.5914 F600
G01 X71.6861 Y6.0377 Z0.1623 F600
G01 X72.4465 Y6.7981 Z-0.5981 F600
G01 X73.2065 Y6.0380 Z0.1620 F600
G01 X72.4549 Y6.7896 Z-0.5896 F600
G00 Z6.0000 F480
G00 X78.4064 Y6.6244 F1000
G00 Z0.7000 F480
G01 Z-0.5423 F600
G01 X78.4526 Y6.6255 Z-0.5405 F600
G01 X78.4940 Y6.6269 Z-0.5389 F600
G01 X78.5306 Y6.6286 Z-0.5376 F600
G01 X78.5645 Y6.6344 Z-0.5325 F600
G01 X78.6327 Y6.7177 Z-0.4518 F600
G01 X78.7677 Y6.8868 Z-0.2913 F600
G01 X78.9483 Y7.1211 Z-0.0752 F600
G01 X79.1770 Y7.4277 Z0.2000 F600
G01 X79.0809 Y7.2977 Z0.0842 F600
G01 X78.8842 Y7.0369 Z-0.1521 F600
G01 X78.7484 Y6.8624 Z-0.3142 F600
G01 X78.6077 Y6.6870 Z-0.4814 F600
G01 X78.5900 Y6.6079 Z-0.5117 F600
G01 X78.6723 Y6.5451 Z-0.4405 F600
G01 X78.8398 Y6.4201 Z-0.2954 F600
G01 X79.0977 Y6.2337 Z-0.0710 F600
G01 X79.3807 Y6.0363 Z0.1765 F600
G01 X79.0745 Y6.2503 Z-0.0912 F600
G01 X78.8040 Y6.4465 Z-0.3265 F600
G01 X78.5944 Y6.6045 Z-0.5078 F600
G01 X78.5290 Y6.6285 Z-0.5376 F600
G01 X78.4901 Y6.6267 Z-0.5391 F600
G01 X78.4306 Y6.6250 Z-0.5413 F600
G01 X78.3730 Y6.6239 Z-0.5436 F600
G01 X78.2991 Y6.6244 Z-0.5470 F600
G01 X78.2456 Y6.6262 Z-0.5497 F600
G01 X78.1854 Y6.6290 Z-0.5528 F600
G01 X78.1289 Y6.6332 Z-0.5561 F600
G01 X78.0434 Y6.6413 Z-0.5623 F600
G01 X77.9896 Y6.6480 Z-0.5663 F600
G01 X77.9125 Y6.6594 Z-0.5733 F600
G01 X77.8615 Y6.6690 Z-0.5784 F600
G01 X77.7932 Y6.6830 Z-0.5859 F600
G01 X77.7451 Y6.6949 Z-0.5915 F600
G01 X77.6860 Y6.7107 Z-0.5991 F600
G01 X77.6408 Y6.7247 Z-0.6050 F600
G01 X77.5957 Y6.7394 Z-0.6115 F600
G01 X77.5489 Y6.7571 Z-0.6184 F600
G01 X77.4693 Y6.7904 Z-0.6306 F600
G01 X77.4017 Y6.8230 Z-0.6410 F600
G01 X77.3457 Y6.8539 Z-0.6491 F600
G01 X77.3005 Y6.8822 Z-0.6553 F600
G01 X77.2554 Y6.9136 Z-0.6604 F600
G01 X77.2084 Y6.9501 Z-0.6655 F600
G01 X77.1673 Y6.9850 Z-0.6694 F600
G01 X77.1005 Y7.0504 Z-0.6743 F600
G01 X77.0488 Y7.1114 Z-0.6755 F600
G01 X77.0065 Y7.1722 Z-0.6736 F600
G01 X76.9756 Y7.2267 Z-0.6691 F600
G01 X76.9583 Y7.2640 Z-0.6638 F600
G01 X76.9294 Y7.3373 Z-0.6528 F600
G01 X76.9105 Y7.3909 Z-0.6451 F600
G01 X76.8946 Y7.4426 Z-0.6376 F600
G01 X76.8738 Y7.5185 Z-0.6285 F600
G01 X76.8600 Y7.5772 Z-0.6217 F600
G01 X76.8411 Y7.6733 Z-0.6138 F600
G01 X76.8307 Y7.7390 Z-0.6092 F600
G01 X76.8213 Y7.8048 Z-0.6056 F600
G01 X76.8156 Y7.8534 Z-0.6035 F600
G01 X76.8080 Y7.9259 Z-0.6005 F600
G01 X76.8016 Y7.9985 Z-0.5987 F600
G01 X76.7972 Y8.0572 Z-0.5973 F600
G01 X76.7924 Y8.1364 Z-0.5957 F600
G01 X76.7855 Y8.2837 Z-0.5942 F600
G01 X76.7829 Y8.3696 Z-0.5936 F600
G01 X76.7783 Y14.1968 Z-0.5939 F600
G01 Y14.2454 Z-0.5967 F600
G01 Y14.2946 Z-0.6025 F600
G01 Y14.3447 Z-0.6114 F600
G01 Y14.4036 Z-0.6256 F600
G01 Y14.4727 Z-0.6473 F600
G01 Y14.5461 Z-0.6757 F600
G01 Y14.6342 Z-0.7164 F600
G01 Y14.7421 Z-0.7749 F600
G01 X76.7512 Y14.7967 Z-0.7864 F600
G01 X76.7114 Z-0.7558 F600
G01 X76.6741 Z-0.7277 F600
G01 X76.6388 Z-0.7018 F600
G01 X76.6054 Z-0.6779 F600
G01 X76.5737 Z-0.6557 F600
G01 X76.5436 Z-0.6353 F600
G01 X76.5148 Z-0.6163 F600
G01 X76.4873 Z-0.5987 F600
G01 X76.4610 Z-0.5824 F600
G01 X76.4274 Z-0.5625 F600
G01 X76.3955 Z-0.5444 F600
G01 X76.3650 Z-0.5280 F600
G01 X76.3358 Z-0.5132 F600
G01 X76.3078 Z-0.4998 F600
G01 X76.2807 Z-0.4877 F600
G01 X76.2546 Z-0.4769 F600
G01 X76.2292 Z-0.4672 F600
G01 X76.1984 Z-0.4565 F600
G01 X76.1685 Z-0.4474 F600
G01 X76.1394 Z-0.4397 F600
G01 X76.1109 Z-0.4335 F600
G01 X76.0830 Z-0.4285 F600
G01 X76.0499 Z-0.4242 F600
G01 X76.0172 Z-0.4216 F600
G01 X75.9847 Z-0.4207 F600
G01 X75.4360 F600
G01 X74.8141 Y14.1760 Z0.2000 F600
G01 X75.4349 Y14.7967 Z-0.4207 F600
G01 X74.8507 Y15.3809 Z0.1634 F600
G01 X75.4360 Y14.7967 Z-0.4207 F600
G01 X76.0063 Z-0.4211 F600
G01 X76.0444 Z-0.4236 F600
G01 X76.0830 Z-0.4285 F600
G01 X76.1280 Z-0.4371 F600
G01 X76.1744 Z-0.4491 F600
G01 X76.2292 Z-0.4672 F600
G01 X76.2941 Z-0.4936 F600
G01 X76.3725 Z-0.5320 F600
G01 X76.4696 Z-0.5877 F600
G01 X76.6054 Z-0.6779 F600
G01 X76.7783 Y14.8085 Z-0.8004 F600
G01 Y14.8408 Z-0.7810 F600
G01 Y14.8821 Z-0.7573 F600
G01 Y14.9215 Z-0.7359 F600
G01 Y14.9592 Z-0.7164 F600
G01 Y14.9955 Z-0.6989 F600
G01 Y15.0304 Z-0.6830 F600
G01 Y15.0641 Z-0.6688 F600
G01 Y15.0968 Z-0.6560 F600
G01 Y15.1364 Z-0.6420 F600
G01 Y15.1748 Z-0.6299 F600
G01 Y15.2122 Z-0.6198 F600
G01 Y15.2488 Z-0.6114 F600
G01 Y15.2846 Z-0.6047 F600
G01 Y15.3270 Z-0.5988 F600
G01 Y15.3689 Z-0.5951 F600
G01 Y15.4105 Z-0.5937 F600
G01 Y17.2607 F600
G01 X76.7176 Y17.3359 Z-0.5329 F600
G01 X75.9847 Y17.7497 Z0.2000 F600
G01 X76.5757 Y17.4160 Z-0.3911 F600
G01 X76.7975 Y17.3355 Z-0.5745 F600
G01 X77.5509 Y18.6700 Z0.1789 F600
G01 X76.7910 Y17.3241 Z-0.5809 F600
G01 X76.7783 Y17.2493 Z-0.5937 F600
G01 Y15.3967 Z-0.5939 F600
G01 Y15.3480 Z-0.5967 F600
G01 Y15.2988 Z-0.6025 F600
G01 Y15.2488 Z-0.6114 F600
G01 Y15.1899 Z-0.6256 F600
G01 Y15.1207 Z-0.6473 F600
G01 Y15.0474 Z-0.6757 F600
G01 Y14.9592 Z-0.7164 F600
G01 Y14.8514 Z-0.7749 F600
G01 X76.8054 Y14.7967 Z-0.7864 F600
G01 X76.8452 Z-0.7558 F600
G01 X76.8826 Z-0.7277 F600
G01 X76.9178 Z-0.7018 F600
G01 X76.9512 Z-0.6779 F600
G01 X76.9829 Z-0.6557 F600
G01 X77.0131 Z-0.6353 F600
G01 X77.0418 Z-0.6163 F600
G01 X77.0693 Z-0.5987 F600
G01 X77.0957 Z-0.5824 F600
G01 X77.1292 Z-0.5625 F600
G01 X77.1611 Z-0.5444 F600
G01 X77.1916 Z-0.5280 F600
G01 X77.2208 Z-0.5132 F600
G01 X77.2488 Z-0.4998 F600
G01 X77.2759 Z-0.4877 F600
G01 X77.3021 Z-0.4769 F600
G01 X77.3275 Z-0.4672 F600
G01 X77.3582 Z-0.4565 F600
G01 X77.3881 Z-0.4474 F600
G01 X77.4172 Z-0.4397 F600
G01 X77.4457 Z-0.4335 F600
G01 X77.4737 Z-0.4285 F600
G01 X77.5067 Z-0.4242 F600
G01 X77.5394 Z-0.4216 F600
G01 X77.5720 Z-0.4207 F600
G01 X78.5274 F600
G01 X78.6038 Y14.8442 Z-0.3732 F600
G01 X79.1405 Y15.3809 Z0.1635 F600
G01 X78.5563 Y14.7967 Z-0.4207 F600
G01 X79.1388 Y14.2142 Z0.1618 F600
G01 X78.6038 Y14.7492 Z-0.3732 F600
G00 Z6.0000 F480
G00 X81.8924 Y10.9580 F1000
G00 Z0.7000 F480
G01 Z-0.4572 F600
G01 X81.9671 Y10.9570 Z-0.4562 F600
G01 X87.2719 Y10.9589 Z-0.4581 F600
G01 X87.3466 Y10.9650 Z-0.4641 F600
G01 X87.4213 Y10.9753 Z-0.4745 F600
G01 X87.4960 Y10.9899 Z-0.4891 F600
G01 X87.5707 Y11.0088 Z-0.5079 F600
G01 X87.6454 Y11.0319 Z-0.5310 F600
G01 X87.7202 Y11.0592 Z-0.5584 F600
G01 X87.7949 Y11.0908 Z-0.5900 F600
G01 X87.8696 Y11.1267 Z-0.6259 F600
G01 X87.9443 Y11.1668 Z-0.6660 F600
G01 X88.0190 Y11.1555 Z-0.6547 F600
G01 X88.1684 Y11.0140 Z-0.5132 F600
G01 X88.4673 Y10.7204 Z-0.2196 F600
G01 X88.8782 Y10.3008 Z0.2000 F600
G01 X88.4283 Y10.7589 Z-0.2581 F600
G01 X88.1301 Y11.0507 Z-0.5499 F600
G01 X88.0507 Y11.1257 Z-0.6248 F600
G01 X87.9858 Y11.2015 Z-0.6852 F600
G01 X88.0013 Y11.2819 Z-0.6651 F600
G01 X88.0155 Y11.4031 Z-0.6399 F600
G01 X88.0196 Y11.4809 Z-0.6280 F600
G01 X88.0202 Y11.5583 Z-0.6198 F600
G01 X88.0123 Y11.6727 Z-0.6122 F600
G01 X87.9937 Y11.8210 Z-0.6093 F600
G01 X87.9780 Y11.9282 Z-0.6053 F600
G01 X87.9539 Y12.0714 Z-0.6019 F600
G01 X87.9345 Y12.1721 Z-0.5976 F600
G01 X87.9199 Y12.2413 Z-0.5953 F600
G01 X87.9047 Y12.3103 Z-0.5937 F600
G01 X87.8817 Y12.4047 Z-0.5893 F600
G01 X87.8644 Y12.4714 Z-0.5866 F600
G01 X87.8462 Y12.5379 Z-0.5849 F600
G01 X87.8197 Y12.6263 Z-0.5804 F600
G01 X87.7997 Y12.6907 Z-0.5773 F600
G01 X87.7784 Y12.7545 Z-0.5756 F600
G01 X87.7255 Y12.8993 Z-0.5678 F600
G01 X87.7012 Y12.9606 Z-0.5661 F600
G01 X87.6547 Y13.0681 Z-0.5601 F600
G01 X87.6191 Y13.1469 Z-0.5566 F600
G01 X87.6017 Y13.1821 Z-0.5552 F600
G01 X87.5628 Y13.2580 Z-0.5508 F600
G01 X87.5232 Y13.3336 Z-0.5471 F600
G01 X87.4171 Y13.5108 Z-0.5381 F600
G01 X87.3003 Y13.6787 Z-0.5301 F600
G01 X87.2252 Y13.7726 Z-0.5262 F600
G01 X87.1723 Y13.8373 Z-0.5235 F600
G01 X87.1464 Y13.8670 Z-0.5222 F600
G01 X87.0335 Y13.9886 Z-0.5174 F600
G01 X87.0053 Y14.0176 Z-0.5159 F600
G01 X86.8875 Y14.1305 Z-0.5111 F600
G01 X86.8591 Y14.1565 Z-0.5097 F600
G01 X86.7363 Y14.2608 Z-0.5050 F600
G01 X86.7076 Y14.2842 Z-0.5035 F600
G01 X86.5798 Y14.3798 Z-0.4988 F600
G01 X86.4842 Y14.4447 Z-0.4948 F600
G01 X86.4177 Y14.4880 Z-0.4927 F600
G01 X86.3186 Y14.5466 Z-0.4886 F600
G01 X86.2495 Y14.5855 Z-0.4867 F600
G01 X86.2176 Y14.6028 Z-0.4852 F600
G01 X86.1464 Y14.6381 Z-0.4825 F600
G01 X86.0748 Y14.6725 Z-0.4808 F600
G01 X86.0408 Y14.6882 Z-0.4794 F600
G01 X85.9671 Y14.7191 Z-0.4767 F600
G01 X85.8930 Y14.7490 Z-0.4751 F600
G01 X85.8566 Y14.7630 Z-0.4738 F600
G01 X85.7803 Y14.7895 Z-0.4712 F600
G01 X85.7037 Y14.8148 Z-0.4699 F600
G01 X85.6643 Y14.8272 Z-0.4686 F600
G01 X85.5855 Y14.8491 Z-0.4663 F600
G01 X85.5064 Y14.8698 Z-0.4652 F600
G01 X85.4638 Y14.8804 Z-0.4640 F600
G01 X85.3824 Y14.8975 Z-0.4622 F600
G01 X85.3008 Y14.9136 Z-0.4613 F600
G01 X85.2546 Y14.9221 Z-0.4601 F600
G01 X85.1707 Y14.9342 Z-0.4589 F600
G01 X85.0867 Y14.9458 Z-0.4583 F600
G01 X85.0366 Y14.9519 Z-0.4573 F600
G01 X84.8638 Y14.9659 Z-0.4564 F600
G01 X84.8209 Y14.9687 Z-0.4561 F600
G01 X84.6212 Y14.9738 Z-0.4559 F600
G01 X84.5856 Y14.9733 Z-0.4563 F600
G01 X84.3794 Y14.9673 Z-0.4573 F600
G01 X84.3448 Y14.9653 Z-0.4576 F600
G01 X84.1444 Y14.9473 Z-0.4606 F600
G01 X84.1025 Y14.9426 Z-0.4608 F600
G01 X83.9296 Y14.9160 Z-0.4651 F600
G01 X83.8806 Y14.9077 Z-0.4657 F600
G01 X83.7967 Y14.8902 Z-0.4676 F600
G01 X83.7130 Y14.8714 Z-0.4708 F600
G01 X83.6680 Y14.8606 Z-0.4719 F600
G01 X83.5865 Y14.8392 Z-0.4732 F600
G01 X83.5057 Y14.8152 Z-0.4773 F600
G01 X83.4644 Y14.8022 Z-0.4787 F600
G01 X83.3856 Y14.7762 Z-0.4803 F600
G01 X83.3074 Y14.7480 Z-0.4841 F600
G01 X83.2693 Y14.7331 Z-0.4859 F600
G01 X83.1175 Y14.6702 Z-0.4911 F600
G01 X83.0823 Y14.6535 Z-0.4930 F600
G01 X82.9362 Y14.5807 Z-0.4995 F600
G01 X82.9029 Y14.5633 Z-0.5004 F600
G01 X82.8326 Y14.5224 Z-0.5038 F600
G01 X82.7626 Y14.4810 Z-0.5078 F600
G01 X82.7312 Y14.4617 Z-0.5090 F600
G01 X82.6628 Y14.4177 Z-0.5109 F600
G01 X82.5958 Y14.3714 Z-0.5155 F600
G01 X82.5659 Y14.3500 Z-0.5170 F600
G01 X82.5001 Y14.3014 Z-0.5191 F600
G01 X82.4352 Y14.2517 Z-0.5225 F600
G01 X82.4063 Y14.2278 Z-0.5243 F600
G01 X82.2808 Y14.1208 Z-0.5298 F600
G01 X82.2520 Y14.0948 Z-0.5311 F600
G01 X82.1326 Y13.9782 Z-0.5379 F600
G01 X82.1040 Y13.9493 Z-0.5390 F600
G01 X82.0462 Y13.8873 Z-0.5415 F600
G01 X81.9899 Y13.8239 Z-0.5459 F600
G01 X81.9640 Y13.7940 Z-0.5473 F600
G01 X81.9093 Y13.7284 Z-0.5492 F600
G01 X81.8564 Y13.6612 Z-0.5536 F600
G01 X81.8344 Y13.6317 Z-0.5553 F600
G01 X81.7346 Y13.4926 Z-0.5607 F600
G01 X81.7145 Y13.4614 Z-0.5625 F600
G01 X81.6241 Y13.3148 Z-0.5689 F600
G01 X81.6047 Y13.2820 Z-0.5697 F600
G01 X81.5637 Y13.2053 Z-0.5729 F600
G01 X81.5234 Y13.1282 Z-0.5768 F600
G01 X81.4815 Y13.0431 Z-0.5788 F600
G01 X81.4542 Y12.9828 Z-0.5814 F600
G01 X81.4277 Y12.9222 Z-0.5849 F600
G01 X81.3698 Y12.7790 Z-0.5887 F600
G01 X81.3465 Y12.7158 Z-0.5922 F600
G01 X81.2962 Y12.5642 Z-0.5973 F600
G01 X81.2751 Y12.4988 Z-0.5998 F600
G01 X81.2148 Y12.2704 Z-0.6088 F600
G01 X81.1936 Y12.1719 Z-0.6124 F600
G01 X81.1653 Y12.0305 Z-0.6186 F600
G01 X81.1476 Y11.9257 Z-0.6218 F600
G01 X81.1266 Y11.7790 Z-0.6291 F600
G01 X81.1130 Y11.6676 Z-0.6325 F600
G01 X81.1068 Y11.5915 Z-0.6372 F600
G01 X81.1040 Y11.5150 Z-0.6454 F600
G01 X81.1044 Y11.4749 Z-0.6507 F600
G01 X81.1087 Y11.3956 Z-0.6629 F600
G01 X81.1168 Y11.3160 Z-0.6788 F600
G01 X81.1284 Y11.2359 Z-0.6984 F600
G01 X81.1366 Y11.1932 Z-0.7099 F600
G01 X81.1561 Y11.1110 Z-0.7341 F600
G01 X81.1848 Y11.0007 Z-0.7691 F600
G01 X81.3364 Y10.9951 Z-0.6666 F600
G01 X81.4546 Y10.9871 Z-0.5945 F600
G01 X81.5412 Y10.9812 Z-0.5493 F600
G01 X81.6123 Y10.9764 Z-0.5179 F600
G01 X81.6718 Y10.9724 Z-0.4961 F600
G01 X81.7220 Y10.9690 Z-0.4813 F600
G01 X81.7703 Y10.9657 Z-0.4703 F600
G01 X81.8115 Y10.9630 Z-0.4636 F600
G01 X81.8520 Y10.9602 Z-0.4594 F600
G01 X81.8115 Y10.9630 Z-0.4636 F600
G01 X81.7703 Y10.9657 Z-0.4703 F600
G01 X81.7220 Y10.9690 Z-0.4813 F600
G01 X81.6718 Y10.9724 Z-0.4961 F600
G01 X81.6123 Y10.9764 Z-0.5179 F600
G01 X81.5412 Y10.9812 Z-0.5493 F600
G01 X81.4546 Y10.9871 Z-0.5945 F600
G01 X81.3364 Y10.9951 Z-0.6666 F600
G01 X81.1848 Y11.0007 Z-0.7691 F600
G01 X81.1795 Y11.0285 Z-0.7622 F600
G01 X81.1616 Y10.9485 Z-0.7489 F600
G01 X81.1144 Y10.8208 Z-0.7050 F600
G01 X81.0894 Y10.7377 Z-0.6815 F600
G01 X81.0686 Y10.6546 Z-0.6623 F600
G01 X81.0465 Y10.5239 Z-0.6387 F600
G01 X81.0383 Y10.4430 Z-0.6290 F600
G01 X81.0341 Y10.3621 Z-0.6232 F600
G01 X81.0339 Y10.3156 Z-0.6212 F600
G01 X81.0374 Y10.2374 Z-0.6201 F600
G01 X81.0479 Y10.0813 Z-0.6213 F600
G01 X81.0511 Y10.0394 Z-0.6211 F600
G01 X81.0586 Y9.9639 Z-0.6209 F600
G01 X81.0747 Y9.8130 Z-0.6215 F600
G01 X81.0897 Y9.7028 Z-0.6212 F600
G01 X81.1115 Y9.5570 Z-0.6213 F600
G01 X81.1306 Y9.4540 Z-0.6209 F600
G01 X81.1581 Y9.3134 Z-0.6206 F600
G01 X81.2141 Y9.0817 Z-0.6193 F600
G01 X81.2792 Y8.8618 Z-0.6173 F600
G01 X81.3531 Y8.6531 Z-0.6146 F600
G01 X81.4313 Y8.4651 Z-0.6112 F600
G01 X81.4842 Y8.3539 Z-0.6087 F600
G01 X81.5217 Y8.2768 Z-0.6070 F600
G01 X81.5792 Y8.1717 Z-0.6038 F600
G01 X81.6207 Y8.0979 Z-0.6019 F600
G01 X81.6829 Y7.9983 Z-0.5980 F600
G01 X81.7284 Y7.9278 Z-0.5959 F600
G01 X81.7956 Y7.8329 Z-0.5914 F600
G01 X81.8452 Y7.7656 Z-0.5890 F600
G01 X81.9178 Y7.6748 Z-0.5838 F600
G01 X81.9715 Y7.6109 Z-0.5814 F600
G01 X82.0501 Y7.5236 Z-0.5757 F600
G01 X82.1075 Y7.4634 Z-0.5732 F600
G01 X82.1908 Y7.3813 Z-0.5672 F600
G01 X82.2514 Y7.3256 Z-0.5651 F600
G01 X82.3386 Y7.2497 Z-0.5589 F600
G01 X82.4010 Y7.1966 Z-0.5548 F600
G01 X82.5586 Y7.0783 Z-0.5453 F600
G01 X82.6547 Y7.0130 Z-0.5382 F600
G01 X82.7238 Y6.9689 Z-0.5348 F600
G01 X82.8251 Y6.9081 Z-0.5268 F600
G01 X82.8970 Y6.8678 Z-0.5229 F600
G01 X83.0797 Y6.7760 Z-0.5109 F600
G01 X83.1167 Y6.7593 Z-0.5086 F600
G01 X83.2728 Y6.6951 Z-0.5002 F600
G01 X83.3137 Y6.6790 Z-0.4974 F600
G01 X83.3947 Y6.6506 Z-0.4926 F600
G01 X83.4762 Y6.6237 Z-0.4895 F600
G01 X83.5216 Y6.6095 Z-0.4870 F600
G01 X83.6057 Y6.5847 Z-0.4816 F600
G01 X83.6904 Y6.5629 Z-0.4791 F600
G01 X83.7297 Y6.5534 Z-0.4778 F600
G01 X83.8609 Y6.5241 Z-0.4711 F600
G01 X83.9268 Y6.5114 Z-0.4698 F600
G01 X84.0957 Y6.4849 Z-0.4642 F600
G01 X84.1638 Y6.4751 Z-0.4625 F600
G01 X84.2007 Y6.4713 Z-0.4622 F600
G01 X84.4120 Y6.4525 Z-0.4579 F600
G01 X84.4529 Y6.4504 Z-0.4577 F600
G01 X84.6710 Y6.4440 Z-0.4562 F600
G01 X84.7167 Y6.4439 Z-0.4559 F600
G01 X84.8779 Y6.4480 Z-0.4560 F600
G01 X84.9584 Y6.4514 Z-0.4575 F600
G01 X85.0032 Y6.4544 Z-0.4582 F600
G01 X85.0808 Y6.4606 Z-0.4584 F600
G01 X85.1583 Y6.4680 Z-0.4598 F600
G01 X85.2358 Y6.4765 Z-0.4623 F600
G01 X85.2751 Y6.4813 Z-0.4631 F600
G01 X85.3496 Y6.4926 Z-0.4643 F600
G01 X85.4984 Y6.5177 Z-0.4696 F600
G01 X85.5321 Y6.5244 Z-0.4707 F600
G01 X85.6747 Y6.5576 Z-0.4761 F600
G01 X85.7457 Y6.5752 Z-0.4799 F600
G01 X85.9102 Y6.6247 Z-0.4871 F600
G01 X85.9778 Y6.6474 Z-0.4921 F600
G01 X86.0659 Y6.6802 Z-0.4962 F600
G01 X86.1306 Y6.7058 Z-0.5001 F600
G01 X86.1949 Y6.7326 Z-0.5052 F600
G01 X86.2752 Y6.7690 Z-0.5090 F600
G01 X86.3976 Y6.8298 Z-0.5186 F600
G01 X86.4707 Y6.8697 Z-0.5224 F600
G01 X86.5866 Y6.9381 Z-0.5319 F600
G01 X86.6533 Y6.9813 Z-0.5355 F600
G01 X86.7628 Y7.0572 Z-0.5449 F600
G01 X86.8241 Y7.1038 Z-0.5483 F600
G01 X86.9273 Y7.1872 Z-0.5576 F600
G01 X86.9852 Y7.2381 Z-0.5610 F600
G01 X87.0817 Y7.3283 Z-0.5701 F600
G01 X87.1583 Y7.4067 Z-0.5753 F600
G01 X87.2180 Y7.4707 Z-0.5813 F600
G01 X87.2958 Y7.5608 Z-0.5865 F600
G01 X87.3510 Y7.6286 Z-0.5920 F600
G01 X87.4034 Y7.6969 Z-0.5951 F600
G01 X87.4421 Y7.7501 Z-0.5981 F600
G01 X87.4803 Y7.8037 Z-0.6020 F600
G01 X87.5225 Y7.8673 Z-0.6039 F600
G01 X87.5585 Y7.9230 Z-0.6061 F600
G01 X87.5936 Y7.9794 Z-0.6094 F600
G01 X87.6664 Y8.1060 Z-0.6122 F600
G01 X87.7089 Y8.1589 Z-0.6029 F600
G01 X87.9465 Y8.2846 Z-0.4489 F600
G01 X88.2050 Y8.4318 Z-0.2711 F600
G01 X88.4867 Y8.6034 Z-0.0663 F600
G01 X88.5509 Y8.6441 Z-0.0180 F600
G01 X88.7935 Y8.8024 Z0.1689 F600
G01 X88.5441 Y8.6396 Z-0.0233 F600
G01 X88.4616 Y8.5880 Z-0.0846 F600
G01 X88.2146 Y8.4373 Z-0.2646 F600
G01 X87.9689 Y8.2968 Z-0.4341 F600
G01 X87.7244 Y8.1669 Z-0.5931 F600
G01 X87.6544 Y8.2160 Z-0.5529 F600
G01 X87.5303 Y8.4434 Z-0.3424 F600
G01 X87.3423 Y8.7701 Z-0.0413 F600
G01 X87.2161 Y8.9802 Z0.1517 F600
G01 X87.3312 Y8.7887 Z-0.0242 F600
G00 Z6.0000 F480
G00 X90.8583 Y6.0380 F1000
G00 Z0.7000 F480
G01 Z0.1620 F600
G01 X91.6051 Y6.7848 Z-0.5848 F600
G01 X90.8203 Y6.0000 Z0.2000 F600
G01 X91.6184 Y6.7981 Z-0.5981 F600
G01 X92.3784 Y6.0380 Z0.1620 F600
G01 X91.6321 Y6.7844 Z-0.5844 F600
G01 X91.6184 Y6.8591 Z-0.5981 F600
G01 X91.6207 Y11.1962 Z-0.6004 F600
G01 X91.6233 Y11.3279 Z-0.6031 F600
G01 X91.6257 Y11.4158 Z-0.6055 F600
G01 X91.6302 Y11.5456 Z-0.6099 F600
G01 X91.6338 Y11.6334 Z-0.6135 F600
G01 X91.6400 Y11.7613 Z-0.6198 F600
G01 X91.6449 Y11.8492 Z-0.6247 F600
G01 X91.6530 Y11.9754 Z-0.6327 F600
G01 X91.6592 Y12.0635 Z-0.6390 F600
G01 X91.6690 Y12.1882 Z-0.6488 F600
G01 X91.6767 Y12.2767 Z-0.6564 F600
G01 X91.6883 Y12.3998 Z-0.6681 F600
G01 X91.6974 Y12.4888 Z-0.6772 F600
G01 X91.7109 Y12.6106 Z-0.6906 F600
G01 X91.7216 Y12.7004 Z-0.7013 F600
G01 X91.7369 Y12.8209 Z-0.7166 F600
G01 X91.7492 Y12.9115 Z-0.7289 F600
G01 X91.7664 Y13.0309 Z-0.7461 F600
G01 X91.7810 Y13.1254 Z-0.7607 F600
G01 X91.9744 Y13.2269 Z-0.6134 F600
G01 X92.1559 Y13.3160 Z-0.4812 F600
G01 X92.2339 Y13.3603 Z-0.4299 F600
G01 X92.3055 Y13.4051 Z-0.3867 F600
G01 X92.3716 Y13.4509 Z-0.3509 F600
G01 X92.4304 Y13.4961 Z-0.3233 F600
G01 X92.4869 Y13.5442 Z-0.3015 F600
G01 X92.5363 Y13.5910 Z-0.2869 F600
G01 X92.5611 Y13.6163 Z-0.2817 F600
G01 X92.5849 Y13.6423 Z-0.2778 F600
G01 X92.6274 Y13.6925 Z-0.2751 F600
G01 X92.6489 Y13.7197 Z-0.2760 F600
G01 X92.6694 Y13.7478 Z-0.2783 F600
G01 X92.7081 Y13.8020 Z-0.2853 F600
G01 X92.7495 Y13.8580 Z-0.2939 F600
G01 X92.7908 Y13.9121 Z-0.3034 F600
G01 X92.8127 Y13.9394 Z-0.3086 F600
G01 X92.8347 Y13.9665 Z-0.3136 F600
G01 X92.8794 Y14.0198 Z-0.3247 F600
G01 X92.9256 Y14.0730 Z-0.3371 F600
G01 X92.9729 Y14.1245 Z-0.3496 F600
G01 X93.0214 Y14.1755 Z-0.3632 F600
G01 X93.0716 Y14.2262 Z-0.3778 F600
G01 X93.1217 Y14.2742 Z-0.3922 F600
G01 X93.1762 Y14.3246 Z-0.4088 F600
G01 X93.2281 Y14.3696 Z-0.4241 F600
G01 X93.2874 Y14.4192 Z-0.4424 F600
G01 X93.3143 Y14.4403 Z-0.4507 F600
G01 X93.3413 Y14.4612 Z-0.4586 F600
G01 X93.4056 Y14.5093 Z-0.4786 F600
G01 X93.4618 Y14.5478 Z-0.4951 F600
G01 X93.5315 Y14.5926 Z-0.5155 F600
G01 X93.5607 Y14.6102 Z-0.5239 F600
G01 X93.5901 Y14.6274 Z-0.5321 F600
G01 X93.6652 Y14.6667 Z-0.5511 F600
G01 X93.6960 Y14.6810 Z-0.5583 F600
G01 X93.7270 Y14.6946 Z-0.5646 F600
G01 X93.8068 Y14.7252 Z-0.5796 F600
G01 X93.8390 Y14.7361 Z-0.5853 F600
G01 X93.9541 Y14.7685 Z-0.6021 F600
G01 X94.0210 Y14.7824 Z-0.6097 F600
G01 X94.1054 Y14.7950 Z-0.6171 F600
G01 X94.1744 Y14.8015 Z-0.6215 F600
G01 X94.2604 Y14.8044 Z-0.6245 F600
G01 X94.3385 Y14.8031 Z-0.6254 F600
G01 X94.4261 Y14.7985 Z-0.6260 F600
G01 X94.5041 Y14.7913 Z-0.6257 F600
G01 X94.5907 Y14.7797 Z-0.6244 F600
G01 X94.6685 Y14.7666 Z-0.6228 F600
G01 X94.7535 Y14.7495 Z-0.6208 F600
G01 X94.8309 Y14.7306 Z-0.6179 F600
G01 X94.9137 Y14.7077 Z-0.6147 F600
G01 X95.0207 Y14.5016 Z-0.4451 F600
G01 X95.0723 Y14.3949 Z-0.3595 F600
G01 X95.1139 Y14.3059 Z-0.2896 F600
G01 X95.1623 Y14.1988 Z-0.2069 F600
G01 X95.1964 Y14.1208 Z-0.1479 F600
G01 X95.2419 Y14.0129 Z-0.0676 F600
G01 X95.2700 Y13.9439 Z-0.0173 F600
G01 X95.3130 Y13.8348 Z0.0610 F600
G01 X95.3364 Y13.7732 Z0.1044 F600
G01 X95.3770 Y13.6627 Z0.1809 F600
G01 X95.3359 Y13.7744 Z0.1035 F600
G01 X95.2629 Y13.9620 Z-0.0302 F600
G01 X95.1832 Y14.1521 Z-0.1711 F600
G01 X95.0963 Y14.3448 Z-0.3196 F600
G01 X95.0019 Y14.5403 Z-0.4762 F600
G01 X94.9511 Y14.6394 Z-0.5583 F600
G01 X94.9466 Y14.7213 Z-0.5910 F600
G01 X95.1415 Y14.8095 Z-0.4390 F600
G01 X95.3445 Y14.8946 Z-0.2784 F600
G01 X95.4482 Y14.9363 Z-0.1956 F600
G01 X95.8645 Y14.9422 Z0.1926 F600
G01 X95.8915 Y15.0927 Z0.1656 F600
G01 X95.8502 Y15.1589 Z0.1931 F600
G01 X95.6430 Y15.0388 Z-0.0141 F600
G01 X95.5394 Y14.9763 Z-0.1177 F600
G01 X95.4475 Y14.9360 Z-0.1962 F600
G01 X95.3901 Y14.9133 Z-0.2421 F600
G01 X95.2240 Y14.8452 Z-0.3740 F600
G01 X95.1841 Y14.8282 Z-0.4056 F600
G01 X95.0038 Y14.7484 Z-0.5468 F600
G01 X94.9306 Y14.7138 Z-0.6034 F600
G01 X94.8716 Y14.7203 Z-0.6164 F600
G01 X94.7502 Y14.7503 Z-0.6209 F600
G01 X94.6875 Y14.7631 Z-0.6221 F600
G01 X94.6327 Y14.7732 Z-0.6241 F600
G01 X94.5729 Y14.7825 Z-0.6245 F600
G01 X94.5185 Y14.7899 Z-0.6256 F600
G01 X94.4068 Y14.8002 Z-0.6260 F600
G01 X94.3510 Y14.8027 Z-0.6254 F600
G01 X94.2971 Y14.8044 Z-0.6255 F600
G01 X94.2031 Y14.8031 Z-0.6223 F600
G01 X94.1440 Y14.7988 Z-0.6197 F600
G01 X94.0864 Y14.7927 Z-0.6154 F600
G01 X94.0297 Y14.7840 Z-0.6105 F600
G01 X93.9733 Y14.7727 Z-0.6045 F600
G01 X93.9160 Y14.7592 Z-0.5967 F600
G01 X93.8577 Y14.7420 Z-0.5883 F600
G01 X93.7972 Y14.7219 Z-0.5778 F600
G01 X93.7344 Y14.6977 Z-0.5660 F600
G01 X93.6786 Y14.6730 Z-0.5542 F600
G01 X93.6194 Y14.6436 Z-0.5394 F600
G01 X93.5442 Y14.6002 Z-0.5192 F600
G01 X93.4966 Y14.5714 Z-0.5055 F600
G01 X93.4119 Y14.5135 Z-0.4805 F600
G01 X93.3517 Y14.4693 Z-0.4617 F600
G01 X93.3081 Y14.4355 Z-0.4489 F600
G01 X93.2395 Y14.3795 Z-0.4274 F600
G01 X93.1949 Y14.3409 Z-0.4144 F600
G01 X93.1200 Y14.2725 Z-0.3917 F600
G01 X93.0745 Y14.2290 Z-0.3786 F600
G01 X93.0415 Y14.1966 Z-0.3689 F600
G01 X92.9493 Y14.0995 Z-0.3431 F600
G01 X92.9139 Y14.0595 Z-0.3340 F600
G01 X92.8674 Y14.0060 Z-0.3215 F600
G01 X92.8225 Y13.9514 Z-0.3108 F600
G01 X92.7850 Y13.9046 Z-0.3019 F600
G01 X92.7399 Y13.8450 Z-0.2919 F600
G01 X92.6955 Y13.7850 Z-0.2827 F600
G01 X92.6741 Y13.7546 Z-0.2790 F600
G01 X92.6571 Y13.7307 Z-0.2768 F600
G01 X92.6395 Y13.7076 Z-0.2755 F600
G01 X92.6212 Y13.6850 Z-0.2751 F600
G01 X92.6025 Y13.6628 Z-0.2758 F600
G01 X92.5862 Y13.6438 Z-0.2777 F600
G01 X92.5693 Y13.6251 Z-0.2803 F600
G01 X92.5518 Y13.6066 Z-0.2836 F600
G01 X92.5336 Y13.5884 Z-0.2876 F600
G01 X92.5147 Y13.5704 Z-0.2923 F600
G01 X92.4954 Y13.5521 Z-0.2985 F600
G01 X92.4752 Y13.5337 Z-0.3057 F600
G01 X92.4542 Y13.5155 Z-0.3137 F600
G01 X92.4321 Y13.4974 Z-0.3226 F600
G01 X92.4089 Y13.4794 Z-0.3326 F600
G01 X92.3888 Y13.4639 Z-0.3421 F600
G01 X92.3679 Y13.4482 Z-0.3528 F600
G01 X92.3460 Y13.4325 Z-0.3644 F600
G01 X92.3230 Y13.4167 Z-0.3769 F600
G01 X92.2989 Y13.4009 Z-0.3904 F600
G01 X92.2736 Y13.3850 Z-0.4050 F600
G01 X92.2524 Y13.3717 Z-0.4181 F600
G01 X92.2303 Y13.3581 Z-0.4322 F600
G01 X92.2071 Y13.3444 Z-0.4473 F600
G01 X92.1828 Y13.3306 Z-0.4633 F600
G01 X92.1573 Y13.3168 Z-0.4803 F600
G01 X92.1306 Y13.3028 Z-0.4984 F600
G01 X92.1025 Y13.2884 Z-0.5182 F600
G01 X92.0727 Y13.2731 Z-0.5399 F600
G01 X92.0493 Y13.2615 Z-0.5572 F600
G01 X92.0248 Y13.2499 Z-0.5754 F600
G01 X91.9993 Y13.2381 Z-0.5946 F600
G01 X91.9727 Y13.2262 Z-0.6147 F600
G01 X91.9449 Y13.2142 Z-0.6359 F600
G01 X91.9157 Y13.2017 Z-0.6587 F600
G01 X91.8848 Y13.1886 Z-0.6834 F600
G01 X91.8522 Y13.1750 Z-0.7097 F600
G01 X91.8180 Y13.1613 Z-0.7375 F600
G01 X91.7837 Y13.1505 Z-0.7635 F600
G01 X91.7381 Y13.2325 Z-0.7179 F600
G01 X91.6990 Y13.3108 Z-0.6787 F600
G01 X91.6654 Y13.3860 Z-0.6451 F600
G01 X91.6394 Y13.4514 Z-0.6192 F600
G01 X91.6171 Y13.5148 Z-0.5968 F600
G01 X91.5999 Y13.5698 Z-0.5797 F600
G01 X91.5852 Y13.6237 Z-0.5649 F600
G01 X91.5727 Y13.6767 Z-0.5524 F600
G01 X91.5622 Y13.7288 Z-0.5420 F600
G01 X91.5548 Y13.7739 Z-0.5345 F600
G01 X91.5487 Y13.8186 Z-0.5285 F600
G01 X91.5441 Y13.8629 Z-0.5239 F600
G01 X91.5409 Y13.9070 Z-0.5207 F600
G01 X91.5392 Y13.9447 Z-0.5190 F600
G01 X91.5386 Y13.9824 Z-0.5183 F600
G01 X91.5385 Y14.6285 F600
G01 X91.5430 Y14.7036 Z-0.5138 F600
G01 X92.2193 Y15.3799 Z0.1624 F600
G01 X91.5385 Y14.6992 Z-0.5183 F600
G01 X90.8203 Y15.4175 Z0.2000 F600
G01 X91.5303 Y14.7074 Z-0.5100 F600
G00 Z6.0000 F480
G00 X98.0336 Y14.7967 F1000
G00 Z0.7000 F480
G01 Z-0.7864 F600
G01 X97.9938 Z-0.7558 F600
G01 X97.9564 Z-0.7277 F600
G01 X97.9212 Z-0.7018 F600
G01 X97.8878 Z-0.6779 F600
G01 X97.8561 Z-0.6557 F600
G01 X97.8260 Z-0.6353 F600
G01 X97.7972 Z-0.6163 F600
G01 X97.7697 Z-0.5987 F600
G01 X97.7434 Z-0.5824 F600
G01 X97.7098 Z-0.5625 F600
G01 X97.6779 Z-0.5444 F600
G01 X97.6474 Z-0.5280 F600
G01 X97.6182 Z-0.5132 F600
G01 X97.5902 Z-0.4998 F600
G01 X97.5631 Z-0.4877 F600
G01 X97.5369 Z-0.4769 F600
G01 X97.5116 Z-0.4672 F600
G01 X97.4808 Z-0.4565 F600
G01 X97.4509 Z-0.4474 F600
G01 X97.4218 Z-0.4397 F600
G01 X97.3933 Z-0.4335 F600
G01 X97.3654 Z-0.4285 F600
G01 X97.3323 Z-0.4242 F600
G01 X97.2996 Z-0.4216 F600
G01 X97.2670 Z-0.4207 F600
G01 X96.4879 F600
G01 X96.4137 Y14.7325 Z-0.3566 F600
G01 X95.8936 Y14.2125 Z0.1635 F600
G01 X96.4048 Y14.7237 Z-0.3477 F600
G01 X96.4376 Y14.7967 Z-0.3805 F600
G01 X96.0311 Y14.8698 Z0.0260 F600
G01 X95.8646 Y14.9428 Z0.1925 F600
G01 X95.8908 Y15.0888 Z0.1663 F600
G01 X95.8576 Y15.1619 Z0.2000 F600
G01 X95.9830 Y15.2349 Z0.0741 F600
G01 X95.9666 Y15.3079 Z0.0905 F600
G01 X95.8571 Y15.4175 Z0.2000 F600
G01 X95.9684 Y15.3062 Z0.0887 F600
G01 X96.0426 Y15.2482 Z0.0307 F600
G01 X96.1168 Y15.2130 Z-0.0044 F600
G01 X96.1910 Y15.1596 Z-0.0579 F600
G01 X96.2652 Y15.0879 Z-0.1295 F600
G01 X96.3394 Y14.9980 Z-0.2195 F600
G01 X96.4879 Y14.7967 Z-0.4207 F600
G01 X97.2887 Z-0.4211 F600
G01 X97.3268 Z-0.4236 F600
G01 X97.3654 Z-0.4285 F600
G01 X97.4104 Z-0.4371 F600
G01 X97.4568 Z-0.4491 F600
G01 X97.5116 Z-0.4672 F600
G01 X97.5765 Z-0.4936 F600
G01 X97.6549 Z-0.5320 F600
G01 X97.7520 Z-0.5877 F600
G01 X97.8878 Z-0.6779 F600
G01 X98.0607 Y14.8085 Z-0.8004 F600
G01 Y14.8408 Z-0.7810 F600
G01 Y14.8821 Z-0.7573 F600
G01 Y14.9215 Z-0.7359 F600
G01 Y14.9592 Z-0.7164 F600
G01 Y14.9955 Z-0.6989 F600
G01 Y15.0304 Z-0.6830 F600
G01 Y15.0641 Z-0.6688 F600
G01 Y15.0968 Z-0.6560 F600
G01 Y15.1364 Z-0.6420 F600
G01 Y15.1748 Z-0.6299 F600
G01 Y15.2122 Z-0.6198 F600
G01 Y15.2488 Z-0.6114 F600
G01 Y15.2846 Z-0.6047 F600
G01 Y15.3270 Z-0.5988 F600
G01 Y15.3689 Z-0.5951 F600
G01 Y15.4105 Z-0.5937 F600
G01 X98.0608 Y16.3039 F600
G01 X98.0622 Y16.4431 Z-0.5949 F600
G01 X98.0635 Y16.5047 Z-0.5956 F600
G01 X98.0656 Y16.5663 Z-0.5972 F600
G01 X98.0699 Y16.6689 Z-0.5990 F600
G01 X98.0765 Y16.7663 Z-0.6024 F600
G01 X98.0808 Y16.8213 Z-0.6039 F600
G01 X98.0894 Y16.9098 Z-0.6076 F600
G01 X98.1053 Y17.0408 Z-0.6131 F600
G01 X98.1246 Y17.1585 Z-0.6198 F600
G01 X98.1328 Y17.2036 Z-0.6219 F600
G01 X98.1453 Y17.2625 Z-0.6261 F600
G01 X98.1649 Y17.3459 Z-0.6312 F600
G01 X98.1769 Y17.3906 Z-0.6335 F600
G01 X98.1990 Y17.4619 Z-0.6384 F600
G01 X98.2182 Y17.5176 Z-0.6409 F600
G01 X98.2404 Y17.5726 Z-0.6422 F600
G01 X98.2733 Y17.6424 Z-0.6441 F600
G01 X98.3079 Y17.7089 Z-0.6438 F600
G01 X98.3463 Y17.7719 Z-0.6437 F600
G01 X98.3876 Y17.8328 Z-0.6425 F600
G01 X98.4325 Y17.8925 Z-0.6400 F600
G01 X98.4829 Y17.9503 Z-0.6380 F600
G01 X98.5377 Y18.0082 Z-0.6341 F600
G01 X98.5991 Y18.0647 Z-0.6307 F600
G01 X98.6671 Y18.1210 Z-0.6264 F600
G01 X98.7337 Y18.1697 Z-0.6221 F600
G01 X98.8006 Y18.2121 Z-0.6173 F600
G01 X98.8781 Y18.2555 Z-0.6102 F600
G01 X98.9679 Y18.2977 Z-0.6021 F600
G01 X99.0191 Y18.3199 Z-0.5973 F600
G01 X99.0706 Y18.3385 Z-0.5926 F600
G01 X99.1319 Y18.3602 Z-0.5873 F600
G01 X99.1866 Y18.3772 Z-0.5817 F600
G01 X99.2583 Y18.3969 Z-0.5765 F600
G01 X99.3164 Y18.4112 Z-0.5711 F600
G01 X99.3982 Y18.4288 Z-0.5655 F600
G01 X99.4597 Y18.4400 Z-0.5607 F600
G01 X99.5514 Y18.4546 Z-0.5549 F600
G01 X99.6812 Y18.4702 Z-0.5470 F600
G01 X99.7177 Y18.4732 Z-0.5454 F600
G01 X99.7858 Y18.4781 Z-0.5418 F600
G01 X99.8882 Y18.4839 Z-0.5376 F600
G01 X100.0083 Y18.4872 Z-0.5326 F600
G01 X100.1321 Y18.4863 Z-0.5288 F600
G01 X100.1795 Y18.4855 Z-0.5270 F600
G01 X100.2596 Y18.4827 Z-0.5249 F600
G01 X100.3907 Y18.4758 Z-0.5213 F600
G01 X100.4893 Y18.4687 Z-0.5189 F600
G01 X100.5254 Y18.4656 Z-0.5181 F600
G01 X100.5802 Y18.5004 Z-0.4772 F600
G01 X100.6801 Y18.5748 Z-0.3913 F600
G01 X100.9648 Y18.7817 Z-0.1458 F600
G01 X101.3204 Y19.0318 Z0.1623 F600
G01 X101.1468 Y18.9108 Z0.0117 F600
G01 X100.8065 Y18.6676 Z-0.2824 F600
G01 X100.5582 Y18.4839 Z-0.4961 F600
G01 X100.5801 Y18.4047 Z-0.4611 F600
G01 X100.7801 Y18.1440 Z-0.2198 F600
G01 X100.9712 Y17.8848 Z0.0125 F600
G01 X101.1108 Y17.6891 Z0.1833 F600
G01 X100.9726 Y17.8829 Z0.0142 F600
G00 Z6.0000 F480
G00 X100.6517 Y14.2142 F1000
G00 Z0.7000 F480
G01 Z0.1618 F600
G01 X100.5752 Y14.2907 Z0.0853 F600
G01 X100.1163 Y14.7496 Z-0.3736 F600
G01 X100.0399 Y14.7967 Z-0.4207 F600
G01 X100.1163 Y14.8438 Z-0.3736 F600
G01 X100.6535 Y15.3809 Z0.1635 F600
G01 X100.0692 Y14.7967 Z-0.4207 F600
G01 X100.0399 F600
G01 X98.8327 Z-0.4211 F600
G01 X98.7946 Z-0.4236 F600
G01 X98.7560 Z-0.4285 F600
G01 X98.7111 Z-0.4371 F600
G01 X98.6646 Z-0.4491 F600
G01 X98.6098 Z-0.4672 F600
G01 X98.5449 Z-0.4936 F600
G01 X98.4665 Z-0.5320 F600
G01 X98.3694 Z-0.5877 F600
G01 X98.2336 Z-0.6779 F600
G01 X98.0607 Y14.7850 Z-0.8004 F600
G01 Y14.7526 Z-0.7810 F600
G01 Y14.7113 Z-0.7573 F600
G01 Y14.6719 Z-0.7359 F600
G01 Y14.6342 Z-0.7164 F600
G01 Y14.5980 Z-0.6989 F600
G01 Y14.5631 Z-0.6830 F600
G01 Y14.5293 Z-0.6688 F600
G01 Y14.4966 Z-0.6560 F600
G01 Y14.4570 Z-0.6420 F600
G01 Y14.4186 Z-0.6299 F600
G01 Y14.3812 Z-0.6198 F600
G01 Y14.3447 Z-0.6114 F600
G01 Y14.3088 Z-0.6047 F600
G01 Y14.2664 Z-0.5988 F600
G01 Y14.2245 Z-0.5951 F600
G01 Y6.8626 Z-0.5937 F600
G01 X98.0668 Y6.7876 Z-0.5876 F600
G01 X98.8166 Y6.0378 Z0.1622 F600
G01 X98.0607 Y6.7937 Z-0.5937 F600
G01 X97.3045 Y6.0375 Z0.1625 F600
G01 X98.0546 Y6.7876 Z-0.5876 F600
G00 Z6.0000 F480
G00 X102.2494 Y8.3205 F1000
G00 Z0.7000 F480
G01 Z-0.6525 F600
G01 X102.2458 Y8.3977 Z-0.6517 F600
G01 X102.2429 Y8.4750 Z-0.6516 F600
G01 X102.2425 Y8.5320 Z-0.6506 F600
G01 X102.2437 Y8.5831 F600
G01 X102.2459 Y8.6281 Z-0.6496 F600
G01 X102.2489 Y8.6766 Z-0.6491 F600
G01 X102.2580 Y8.7672 Z-0.6474 F600
G01 X102.2642 Y8.8107 Z-0.6463 F600
G01 X102.2711 Y8.8551 Z-0.6456 F600
G01 X102.2789 Y8.8980 Z-0.6439 F600
G01 X102.2874 Y8.9408 Z-0.6429 F600
G01 X102.2974 Y8.9829 Z-0.6414 F600
G01 X102.3193 Y9.0663 Z-0.6380 F600
G01 X102.3448 Y9.1483 Z-0.6341 F600
G01 X102.3569 Y9.1898 Z-0.6301 F600
G01 X102.3746 Y9.2292 Z-0.6300 F600
G01 X102.3905 Y9.2699 Z-0.6276 F600
G01 X102.4081 Y9.3097 Z-0.6250 F600
G01 X102.4279 Y9.3532 Z-0.6224 F600
G01 X102.4468 Y9.3922 Z-0.6193 F600
G01 X102.4697 Y9.4367 Z-0.6167 F600
G01 X102.4902 Y9.4741 Z-0.6138 F600
G01 X102.5137 Y9.5162 Z-0.6108 F600
G01 X102.5602 Y9.5917 Z-0.6052 F600
G01 X102.5833 Y9.6264 Z-0.6021 F600
G01 X102.6091 Y9.6637 Z-0.5995 F600
G01 X102.6334 Y9.6972 Z-0.5961 F600
G01 X102.6599 Y9.7328 Z-0.5931 F600
G01 X102.7135 Y9.7989 Z-0.5867 F600
G01 X102.7405 Y9.8298 Z-0.5831 F600
G01 X102.7699 Y9.8622 Z-0.5800 F600
G01 X102.7981 Y9.8919 Z-0.5762 F600
G01 X102.8289 Y9.9235 Z-0.5726 F600
G01 X102.8913 Y9.9822 Z-0.5651 F600
G01 X102.9222 Y10.0094 Z-0.5610 F600
G01 X102.9612 Y10.0421 Z-0.5568 F600
G01 X102.9934 Y10.0681 Z-0.5526 F600
G01 X103.0384 Y10.1029 Z-0.5478 F600
G01 X103.1186 Y10.1611 Z-0.5394 F600
G01 X103.2020 Y10.2163 Z-0.5317 F600
G01 X103.2376 Y10.2382 Z-0.5286 F600
G01 X103.2887 Y10.2686 Z-0.5248 F600
G01 X103.3252 Y10.2894 Z-0.5216 F600
G01 X103.3785 Y10.3181 Z-0.5183 F600
G01 X103.4161 Y10.3376 Z-0.5155 F600
G01 X103.4715 Y10.3648 Z-0.5123 F600
G01 X103.5102 Y10.3828 Z-0.5100 F600
G01 X103.5677 Y10.4086 Z-0.5069 F600
G01 X103.6671 Y10.4493 Z-0.5022 F600
G01 X103.7699 Y10.4867 Z-0.4983 F600
G01 X103.8117 Y10.5005 Z-0.4968 F600
G01 X103.8638 Y10.5172 Z-0.4954 F600
G01 X103.8963 Y10.5269 Z-0.4939 F600
G01 X103.9482 Y10.5416 Z-0.4920 F600
G01 X104.0445 Y10.5670 Z-0.4882 F600
G01 X104.0836 Y10.5764 Z-0.4869 F600
G01 X104.1946 Y10.6024 Z-0.4830 F600
G01 X104.2369 Y10.6115 Z-0.4819 F600
G01 X104.3623 Y10.6375 Z-0.4781 F600
G01 X104.4986 Y10.6636 Z-0.4746 F600
G01 X104.6455 Y10.6894 Z-0.4713 F600
G01 X104.8540 Y10.7230 Z-0.4672 F600
G01 X104.9123 Y10.7317 Z-0.4663 F600
G01 X105.5175 Y10.8161 Z-0.4583 F600
G01 X105.8828 Y10.8705 Z-0.4535 F600
G01 X106.1613 Y10.9163 Z-0.4491 F600
G01 X106.2282 Y10.9278 Z-0.4477 F600
G01 X106.4677 Y10.9714 Z-0.4433 F600
G01 X106.5461 Y10.9865 Z-0.4413 F600
G01 X106.7063 Y11.0184 Z-0.4380 F600
G01 X106.9357 Y11.0677 Z-0.4318 F600
G01 X107.1403 Y11.1159 Z-0.4253 F600
G01 X107.2298 Y11.1386 Z-0.4221 F600
G01 X107.3978 Y11.1833 Z-0.4155 F600
G01 X107.4934 Y11.2110 Z-0.4110 F600
G01 X107.5705 Y11.2341 Z-0.4076 F600
G01 X107.6472 Y11.2585 Z-0.4029 F600
G01 X107.7381 Y11.2880 Z-0.3980 F600
G01 X107.8090 Y11.3088 Z-0.3977 F600
G01 X107.8813 Y11.3251 Z-0.4019 F600
G01 X107.9737 Y11.3402 Z-0.4145 F600
G01 X108.0424 Y11.3475 Z-0.4289 F600
G01 X108.1124 Y11.3512 Z-0.4471 F600
G01 X108.1686 Y11.3516 Z-0.4644 F600
G01 X108.2257 Z-0.4858 F600
G01 X108.2943 Z-0.5167 F600
G01 X108.3779 Z-0.5612 F600
G01 X108.4926 Z-0.6319 F600
G01 X108.6335 Y11.3618 Z-0.7241 F600
G01 X108.6482 Y11.4018 Z-0.7094 F600
G01 X108.6618 Y11.4412 Z-0.6958 F600
G01 X108.6742 Y11.4800 Z-0.6834 F600
G01 X108.6855 Y11.5183 Z-0.6721 F600
G01 X108.6958 Y11.5561 Z-0.6618 F600
G01 X108.7052 Y11.5935 Z-0.6525 F600
G01 X108.7135 Y11.6305 Z-0.6441 F600
G01 X108.7210 Y11.6672 Z-0.6367 F600
G01 X108.7275 Y11.7036 Z-0.6301 F600
G01 X108.7333 Y11.7396 Z-0.6244 F600
G01 X108.7390 Y11.7827 Z-0.6186 F600
G01 X108.7436 Y11.8254 Z-0.6141 F600
G01 X108.7470 Y11.8679 Z-0.6106 F600
G01 X108.7493 Y11.9103 Z-0.6083 F600
G01 X108.7505 Y11.9526 Z-0.6071 F600
G01 X108.7538 Y12.3418 Z-0.6022 F600
G01 X108.7532 Y12.4443 Z-0.6016 F600
G01 X108.7503 Y12.5705 Z-0.6018 F600
G01 X108.7464 Y12.6736 Z-0.6029 F600
G01 X108.7399 Y12.7924 Z-0.6054 F600
G01 X108.7319 Y12.8974 Z-0.6085 F600
G01 X108.7211 Y13.0088 Z-0.6129 F600
G01 X108.7080 Y13.1167 Z-0.6180 F600
G01 X108.7006 Y13.1689 Z-0.6212 F600
G01 X108.6925 Y13.2210 Z-0.6238 F600
G01 X108.6721 Y13.3326 Z-0.6303 F600
G01 X108.6611 Y13.3810 Z-0.6329 F600
G01 X108.6486 Y13.4291 Z-0.6340 F600
G01 X108.6147 Y13.5429 Z-0.6375 F600
G01 X108.5995 Y13.5873 Z-0.6390 F600
G01 X108.5839 Y13.6315 Z-0.6401 F600
G01 X108.5369 Y13.7470 Z-0.6427 F600
G01 X108.5183 Y13.7876 Z-0.6438 F600
G01 X108.4989 Y13.8277 Z-0.6441 F600
G01 X108.4363 Y13.9424 Z-0.6448 F600
G01 X108.4137 Y13.9786 Z-0.6449 F600
G01 X108.3904 Y14.0144 Z-0.6441 F600
G01 X108.3094 Y14.1234 Z-0.6406 F600
G01 X108.2823 Y14.1546 Z-0.6387 F600
G01 X108.2546 Y14.1854 Z-0.6361 F600
G01 X108.1541 Y14.2814 Z-0.6250 F600
G01 X108.0916 Y14.3332 Z-0.6177 F600
G01 X107.9822 Y14.4135 Z-0.6050 F600
G01 X107.9364 Y14.4440 Z-0.6002 F600
G01 X107.8901 Y14.4738 Z-0.5945 F600
G01 X107.7776 Y14.5402 Z-0.5821 F600
G01 X107.7284 Y14.5670 Z-0.5775 F600
G01 X107.6786 Y14.5930 Z-0.5720 F600
G01 X107.5647 Y14.6478 Z-0.5611 F600
G01 X107.5119 Y14.6709 Z-0.5566 F600
G01 X107.4588 Y14.6933 Z-0.5514 F600
G01 X107.3445 Y14.7368 Z-0.5411 F600
G01 X107.2314 Y14.7747 Z-0.5313 F600
G01 X107.1178 Y14.8079 Z-0.5218 F600
G01 X107.0579 Y14.8238 Z-0.5176 F600
G01 X106.9976 Y14.8388 Z-0.5125 F600
G01 X106.8856 Y14.8642 Z-0.5048 F600
G01 X106.7584 Y14.8886 Z-0.4966 F600
G01 X106.6475 Y14.9067 Z-0.4900 F600
G01 X106.5132 Y14.9254 Z-0.4833 F600
G01 X106.4034 Y14.9376 Z-0.4782 F600
G01 X106.3326 Y14.9443 Z-0.4759 F600
G01 X106.2617 Y14.9501 Z-0.4727 F600
G01 X106.1524 Y14.9576 Z-0.4693 F600
G01 X106.0031 Y14.9642 Z-0.4650 F600
G01 X105.8938 Y14.9671 Z-0.4628 F600
G01 X105.7369 Y14.9679 Z-0.4599 F600
G01 X105.6341 Y14.9665 Z-0.4582 F600
G01 X105.4879 Y14.9620 Z-0.4564 F600
G01 X105.3913 Y14.9569 Z-0.4549 F600
G01 X105.2530 Y14.9477 Z-0.4536 F600
G01 X105.1575 Y14.9390 Z-0.4523 F600
G01 X105.0923 Y14.9323 Z-0.4522 F600
G01 X105.0271 Y14.9249 Z-0.4514 F600
G01 X104.9325 Y14.9125 Z-0.4508 F600
G01 X104.8712 Y14.9036 Z-0.4511 F600
G01 X104.8099 Y14.8937 Z-0.4504 F600
G01 X104.7157 Y14.8772 Z-0.4506 F600
G01 X104.6583 Y14.8658 Z-0.4511 F600
G01 X104.6009 Y14.8538 Z-0.4510 F600
G01 X104.5066 Y14.8327 Z-0.4522 F600
G01 X104.3994 Y14.8048 Z-0.4533 F600
G01 X104.3047 Y14.7779 Z-0.4554 F600
G01 X104.2048 Y14.7461 Z-0.4579 F600
G01 X104.1094 Y14.7125 Z-0.4611 F600
G01 X104.0166 Y14.6768 Z-0.4652 F600
G01 X103.9203 Y14.6355 Z-0.4699 F600
G01 X103.8773 Y14.6158 Z-0.4729 F600
G01 X103.8344 Y14.5956 Z-0.4754 F600
G01 X103.7374 Y14.5457 Z-0.4822 F600
G01 X103.6977 Y14.5235 Z-0.4857 F600
G01 X103.6584 Y14.5009 Z-0.4885 F600
G01 X103.5622 Y14.4414 Z-0.4976 F600
G01 X103.4877 Y14.3908 Z-0.5053 F600
G01 X103.3977 Y14.3235 Z-0.5152 F600
G01 X103.3614 Y14.2945 Z-0.5200 F600
G01 X103.3259 Y14.2647 Z-0.5236 F600
G01 X103.2429 Y14.1905 Z-0.5336 F600
G01 X103.2084 Y14.1569 Z-0.5381 F600
G01 X103.1742 Y14.1231 Z-0.5422 F600
G01 X103.0996 Y14.0426 Z-0.5511 F600
G01 X103.0354 Y13.9658 Z-0.5581 F600
G01 X102.9704 Y13.8797 Z-0.5645 F600
G01 X102.9114 Y13.7933 Z-0.5694 F600
G01 X102.8556 Y13.7034 Z-0.5735 F600
G01 X102.8282 Y13.6558 Z-0.5757 F600
G01 X102.8015 Y13.6079 Z-0.5770 F600
G01 X102.7537 Y13.5155 Z-0.5796 F600
G01 X102.7285 Y13.4636 Z-0.5813 F600
G01 X102.7042 Y13.4112 Z-0.5819 F600
G01 X102.7450 Y13.2858 Z-0.4960 F600
G01 X102.8446 Y13.1174 Z-0.3426 F600
G01 X102.9161 Y12.9998 Z-0.2358 F600
G01 X103.0221 Y12.8305 Z-0.0823 F600
G01 X103.0856 Y12.7315 Z0.0072 F600
G01 X103.2261 Y12.5177 Z0.2000 F600
G01 X103.0694 Y12.7562 Z-0.0151 F600
G01 X102.9449 Y12.9538 Z-0.1941 F600
G01 X102.8212 Y13.1569 Z-0.3786 F600
G01 X102.6983 Y13.3656 Z-0.5688 F600
G01 X102.6192 Y13.3412 Z-0.5339 F600
G01 X102.4548 Y13.2458 Z-0.4172 F600
G01 X102.2897 Y13.1454 Z-0.2954 F600
G01 X102.1240 Y13.0401 Z-0.1686 F600
G01 X101.8743 Y12.8748 Z0.0288 F600
G01 X101.7029 Y12.7564 Z0.1693 F600
G01 X101.8527 Y12.8599 Z0.0466 F600
G00 Z6.0000 F480
G00 X102.2458 Y8.3977 F1000
G00 Z0.7000 F480
G01 Z-0.6517 F600
G01 X102.2494 Y8.3205 Z-0.6525 F600
G01 X102.2677 Y8.1602 Z-0.6533 F600
G01 X102.2821 Y8.0831 Z-0.6531 F600
G01 X102.2965 Y8.0116 Z-0.6535 F600
G01 X102.3143 Y7.9417 Z-0.6517 F600
G01 X102.3071 Y7.8654 Z-0.6240 F600
G01 X102.3559 Y7.8089 Z-0.6496 F600
G01 X102.4064 Y7.6825 Z-0.6461 F600
G01 X102.4657 Y7.5601 Z-0.6401 F600
G01 X102.4705 Y7.4809 Z-0.6036 F600
G01 X102.5358 Y7.4400 Z-0.6325 F600
G01 X102.5749 Y7.3806 Z-0.6293 F600
G01 X102.6186 Y7.3214 Z-0.6238 F600
G01 X102.6622 Y7.2635 Z-0.6190 F600
G01 X102.7642 Y7.1470 Z-0.6077 F600
G01 X102.8058 Y7.1046 Z-0.6029 F600
G01 X102.8443 Y7.0671 Z-0.5993 F600
G01 X102.8855 Y7.0296 Z-0.5938 F600
G01 X102.9259 Y6.9934 Z-0.5889 F600
G01 X103.0145 Y6.9234 Z-0.5784 F600
G01 X103.0640 Y6.8870 Z-0.5710 F600
G01 X103.1098 Y6.8555 Z-0.5660 F600
G01 X103.2132 Y6.7902 Z-0.5524 F600
G01 X103.2748 Y6.7560 Z-0.5446 F600
G01 X103.3258 Y6.7290 Z-0.5391 F600
G01 X103.3938 Y6.6952 Z-0.5300 F600
G01 X103.4475 Y6.6705 Z-0.5243 F600
G01 X103.5792 Y6.6165 Z-0.5096 F600
G01 X103.6621 Y6.5879 Z-0.5012 F600
G01 X103.7213 Y6.5683 Z-0.4957 F600
G01 X103.8115 Y6.5416 Z-0.4865 F600
G01 X103.8736 Y6.5253 Z-0.4818 F600
G01 X103.9714 Y6.5018 Z-0.4726 F600
G01 X104.0362 Y6.4885 Z-0.4683 F600
G01 X104.0743 Y6.4814 Z-0.4656 F600
G01 X104.1416 Y6.4694 Z-0.4601 F600
G01 X104.2089 Y6.4587 Z-0.4558 F600
G01 X104.2518 Y6.4530 Z-0.4533 F600
G01 X104.3218 Y6.4444 Z-0.4485 F600
G01 X104.3918 Y6.4364 Z-0.4444 F600
G01 X104.4392 Y6.4325 Z-0.4422 F600
G01 X104.5844 Y6.4222 Z-0.4345 F600
G01 X104.6301 Y6.4204 Z-0.4328 F600
G01 X104.7547 Y6.4169 Z-0.4272 F600
G01 X104.7955 Y6.4165 Z-0.4254 F600
G01 X104.9186 Y6.4181 Z-0.4209 F600
G01 X104.9584 Y6.4190 Z-0.4191 F600
G01 X105.0193 Y6.4216 Z-0.4164 F600
G01 X105.0802 Y6.4248 Z-0.4145 F600
G01 X105.1190 Y6.4272 Z-0.4130 F600
G01 X105.1793 Y6.4315 Z-0.4100 F600
G01 X105.2394 Y6.4367 Z-0.4079 F600
G01 X105.2774 Y6.4407 Z-0.4066 F600
G01 X105.3964 Y6.4541 Z-0.4013 F600
G01 X105.4337 Y6.4592 Z-0.3999 F600
G01 X105.5511 Y6.4775 Z-0.3953 F600
G01 X105.5879 Y6.4835 Z-0.3935 F600
G01 X105.6459 Y6.4946 Z-0.3911 F600
G01 X105.7038 Y6.5062 Z-0.3891 F600
G01 X105.7400 Y6.5137 Z-0.3876 F600
G01 X105.7974 Y6.5264 Z-0.3846 F600
G01 X105.8546 Y6.5402 Z-0.3828 F600
G01 X105.8902 Y6.5493 Z-0.3815 F600
G01 X106.0035 Y6.5796 Z-0.3764 F600
G01 X106.0386 Y6.5903 Z-0.3753 F600
G01 X106.1503 Y6.6254 Z-0.3709 F600
G01 X106.1840 Y6.6365 Z-0.3692 F600
G01 X106.2953 Y6.6772 Z-0.3653 F600
G01 X106.3291 Y6.6900 Z-0.3638 F600
G01 X106.3856 Y6.7125 Z-0.3609 F600
G01 X106.4416 Y6.7362 Z-0.3594 F600
G01 X106.4775 Y6.7519 Z-0.3580 F600
G01 X106.5346 Y6.7774 Z-0.3551 F600
G01 X106.5911 Y6.8040 Z-0.3534 F600
G01 X106.6291 Y6.8227 Z-0.3522 F600
G01 X106.6865 Y6.8516 Z-0.3498 F600
G01 X106.7437 Y6.8810 Z-0.3479 F600
G01 X106.7835 Y6.9029 Z-0.3471 F600
G01 X106.8987 Y6.9679 Z-0.3435 F600
G01 X106.9403 Y6.9931 Z-0.3430 F600
G01 X107.0558 Y7.0651 Z-0.3406 F600
G01 X107.0988 Y7.0938 Z-0.3405 F600
G01 X107.2143 Y7.1730 Z-0.3398 F600
G01 X107.2585 Y7.2055 Z-0.3405 F600
G01 X107.3736 Y7.2924 Z-0.3420 F600
G01 X107.4185 Y7.3288 Z-0.3437 F600
G01 X107.4758 Y7.3760 Z-0.3456 F600
G01 X107.5327 Y7.4238 Z-0.3481 F600
G01 X107.5780 Y7.4642 Z-0.3511 F600
G01 X107.6348 Y7.5155 Z-0.3544 F600
G01 X107.6907 Y7.5679 Z-0.3591 F600
G01 X107.7183 Y7.5945 Z-0.3620 F600
G01 X107.7399 Y7.6147 Z-0.3645 F600
G01 X107.7622 Y7.6345 Z-0.3679 F600
G01 X107.7853 Y7.6539 Z-0.3721 F600
G01 X107.8049 Y7.6702 Z-0.3766 F600
G01 X107.8249 Y7.6866 Z-0.3822 F600
G01 X107.8456 Y7.7028 Z-0.3884 F600
G01 X107.8670 Y7.7188 Z-0.3953 F600
G01 X107.8892 Y7.7346 Z-0.4029 F600
G01 X107.9121 Y7.7503 Z-0.4112 F600
G01 X107.9358 Y7.7657 Z-0.4203 F600
G01 X107.9605 Y7.7813 Z-0.4305 F600
G01 X107.9859 Y7.7974 Z-0.4421 F600
G01 X108.0125 Y7.8134 Z-0.4549 F600
G01 X108.0346 Y7.8262 Z-0.4658 F600
G01 X108.0575 Y7.8388 Z-0.4775 F600
G01 X108.0812 Y7.8515 Z-0.4898 F600
G01 X108.1058 Y7.8640 Z-0.5029 F600
G01 X108.1314 Y7.8765 Z-0.5169 F600
G01 X108.1580 Y7.8894 Z-0.5323 F600
G01 X108.1858 Y7.9028 Z-0.5491 F600
G01 X108.2148 Y7.9162 Z-0.5671 F600
G01 X108.2452 Y7.9296 Z-0.5862 F600
G01 X108.2688 Y7.9396 Z-0.6013 F600
G01 X108.2934 Y7.9496 Z-0.6172 F600
G01 X108.3187 Y7.9596 Z-0.6338 F600
G01 X108.3450 Y7.9695 Z-0.6512 F600
G01 X108.3724 Y7.9796 Z-0.6698 F600
G01 X108.4010 Y7.9902 Z-0.6897 F600
G01 X108.4309 Y8.0012 Z-0.7112 F600
G01 X108.4621 Y8.0122 Z-0.7338 F600
G01 X108.4946 Y8.0232 Z-0.7575 F600
G01 X108.5285 Y8.0342 Z-0.7826 F600
G01 X108.5639 Y8.0452 Z-0.8090 F600
G01 X108.6133 Y7.9763 Z-0.7754 F600
G01 X108.6572 Y7.8947 Z-0.7350 F600
G01 X108.6916 Y7.8240 Z-0.7037 F600
G01 X108.7220 Y7.7557 Z-0.6771 F600
G01 X108.7487 Y7.6891 Z-0.6542 F600
G01 X108.7694 Y7.6312 Z-0.6368 F600
G01 X108.7877 Y7.5742 Z-0.6220 F600
G01 X108.8039 Y7.5184 Z-0.6100 F600
G01 X108.8163 Y7.4700 Z-0.6013 F600
G01 X108.8271 Y7.4219 Z-0.5942 F600
G01 X108.8363 Y7.3741 Z-0.5887 F600
G01 X108.8444 Y7.3266 Z-0.5852 F600
G01 X108.8503 Y7.2860 Z-0.5835 F600
G01 X108.8614 Y7.1904 Z-0.5824 F600
G01 X108.8668 Y7.1466 F600
G01 X108.8822 Y7.0416 Z-0.5822 F600
G01 X108.8923 Y6.9823 Z-0.5816 F600
G01 X108.9001 Y6.9408 Z-0.5817 F600
G01 X108.9199 Y6.8441 Z-0.5806 F600
G01 X108.9326 Y6.7910 Z-0.5800 F600
G01 X108.8127 Y6.6177 Z-0.4177 F600
G01 X108.6971 Y6.4569 Z-0.2569 F600
G01 X108.6203 Y6.3457 Z-0.1457 F600
G01 X108.4891 Y6.1472 Z0.0528 F600
G01 X108.4146 Y6.0294 Z0.1706 F600
G01 X108.5096 Y6.1793 Z0.0207 F600
G01 X108.5854 Y6.2938 Z-0.0938 F600
G01 X108.6612 Y6.4050 Z-0.2050 F600
G01 X108.7370 Y6.5129 Z-0.3129 F600
G01 X108.8128 Y6.6178 Z-0.4178 F600
G01 X108.8885 Y6.7191 Z-0.5191 F600
G01 X108.9643 Y6.7566 Z-0.5566 F600
G01 X109.1159 Y6.6387 Z-0.4387 F600
G01 X109.2674 Y6.5251 Z-0.3251 F600
G01 X109.4190 Y6.4158 Z-0.2158 F600
G01 X109.5705 Y6.3112 Z-0.1112 F600
G01 X109.7221 Y6.2109 Z-0.0109 F600
G01 X109.7979 Y6.1622 Z0.0378 F600
G01 X109.9494 Y6.0680 Z0.1320 F600
G01 X110.0252 Y6.0227 Z0.1773 F600
G01 X109.9170 Y6.0879 Z0.1121 F600
G01 X109.7897 Y6.1674 Z0.0326 F600
G01 X109.6604 Y6.2512 Z-0.0512 F600
G01 X109.5288 Y6.3397 Z-0.1397 F600
G01 X109.3945 Y6.4334 Z-0.2334 F600
G01 X109.2572 Y6.5327 Z-0.3327 F600
G01 X109.1165 Y6.6382 Z-0.4382 F600
G01 X108.9722 Y6.7504 Z-0.5504 F600
G01 X108.9346 Y6.7827 Z-0.5799 F600
G01 X108.9253 Y6.8214 Z-0.5804 F600
G01 X108.9110 Y6.8865 Z-0.5811 F600
G01 X108.9030 Y6.9255 Z-0.5816 F600
G01 X108.8956 Y6.9647 F600
G01 X108.8822 Y7.0413 Z-0.5822 F600
G01 X108.8690 Y7.1308 Z-0.5825 F600
G01 X108.8590 Y7.2120 Z-0.5826 F600
G01 X108.8527 Y7.2676 Z-0.5831 F600
G01 X108.8450 Y7.3231 Z-0.5850 F600
G01 X108.8306 Y7.4048 Z-0.5921 F600
G01 X108.8162 Y7.4706 Z-0.6014 F600
G01 X108.7989 Y7.5363 Z-0.6136 F600
G01 X108.7722 Y7.6229 Z-0.6345 F600
G01 X108.7449 Y7.6991 Z-0.6575 F600
G01 X108.7137 Y7.7751 Z-0.6843 F600
G01 X108.6752 Y7.8585 Z-0.7186 F600
G01 X108.6422 Y7.9235 Z-0.7488 F600
G01 X108.6064 Y7.9884 Z-0.7818 F600
G01 X108.5726 Y8.0534 Z-0.8129 F600
G01 X108.5904 Y8.1360 Z-0.7921 F600
G01 X108.6190 Y8.2860 Z-0.7588 F600
G01 X108.6315 Y8.3609 Z-0.7440 F600
G01 X108.6454 Y8.4486 Z-0.7279 F600
G01 X108.6578 Y8.5315 Z-0.7137 F600
G01 X108.6792 Y8.6974 Z-0.6887 F600
G01 X108.6960 Y8.8547 Z-0.6694 F600
G01 X108.7028 Y8.9275 Z-0.6616 F600
G01 X108.7149 Y9.0730 Z-0.6474 F600
G01 X108.7256 Y9.2336 Z-0.6353 F600
G01 X108.7302 Y9.3129 Z-0.6300 F600
G01 X108.7377 Y9.4714 Z-0.6213 F600
G01 X108.7452 Y9.6940 Z-0.6130 F600
G01 X108.7492 Y9.9085 Z-0.6085 F600
G01 X108.7507 Y10.2121 Z-0.6070 F600
G01 X108.7506 Y10.7442 Z-0.6071 F600
G01 X108.7480 Y10.8202 Z-0.6097 F600
G01 X108.7417 Y10.8962 Z-0.6159 F600
G01 X108.7320 Y10.9722 Z-0.6257 F600
G01 X108.7186 Y11.0482 Z-0.6390 F600
G01 X108.7017 Y11.1242 Z-0.6560 F600
G01 X108.6811 Y11.2003 Z-0.6765 F600
G01 X108.6570 Y11.2763 Z-0.7006 F600
G01 X108.6298 Y11.3523 Z-0.7278 F600
G00 Z6.0000 F480
G00 X113.2814 Y7.5484 F1000
G00 Z0.7000 F480
G01 Z-0.5499 F600
G01 X113.3354 Y7.4872 Z-0.5453 F600
G01 X113.3912 Y7.4277 Z-0.5432 F600
G01 X113.5309 Y7.2887 Z-0.5343 F600
G01 X113.6169 Y7.2135 Z-0.5299 F600
G01 X113.6775 Y7.1618 Z-0.5269 F600
G01 X113.7657 Y7.0912 Z-0.5204 F600
G01 X113.8295 Y7.0444 Z-0.5183 F600
G01 X113.9221 Y6.9804 Z-0.5125 F600
G01 X113.9877 Y6.9363 Z-0.5086 F600
G01 X114.1540 Y6.8396 Z-0.5008 F600
G01 X114.2560 Y6.7866 Z-0.4948 F600
G01 X114.3278 Y6.7524 Z-0.4926 F600
G01 X114.3615 Y6.7370 Z-0.4910 F600
G01 X114.4352 Y6.7046 Z-0.4863 F600
G01 X114.5096 Y6.6743 Z-0.4837 F600
G01 X114.5466 Y6.6607 Z-0.4827 F600
G01 X114.7003 Y6.6068 Z-0.4758 F600
G01 X114.7408 Y6.5943 Z-0.4743 F600
G01 X114.9007 Y6.5513 Z-0.4699 F600
G01 X114.9449 Y6.5401 Z-0.4680 F600
G01 X115.0275 Y6.5224 Z-0.4653 F600
G01 X115.1103 Y6.5065 Z-0.4644 F600
G01 X115.1588 Y6.4979 Z-0.4632 F600
G01 X115.2440 Y6.4840 Z-0.4601 F600
G01 X115.3296 Y6.4731 Z-0.4599 F600
G01 X115.3714 Y6.4684 Z-0.4596 F600
G01 X115.5035 Y6.4559 Z-0.4568 F600
G01 X115.5696 Y6.4512 Z-0.4569 F600
G01 X115.6044 Y6.4497 Z-0.4571 F600
G01 X115.8086 Y6.4437 Z-0.4559 F600
G01 X115.8493 Y6.4442 Z-0.4564 F600
G01 X115.9946 Y6.4480 Z-0.4571 F600
G01 X116.0373 Y6.4498 Z-0.4570 F600
G01 X116.1792 Y6.4612 Z-0.4590 F600
G01 X116.2190 Y6.4649 Z-0.4592 F600
G01 X116.2884 Y6.4731 Z-0.4597 F600
G01 X116.3575 Y6.4828 Z-0.4615 F600
G01 X116.3946 Y6.4884 Z-0.4621 F600
G01 X116.4622 Y6.4996 Z-0.4623 F600
G01 X116.5296 Y6.5125 Z-0.4644 F600
G01 X116.5640 Y6.5199 Z-0.4653 F600
G01 X116.6957 Y6.5502 Z-0.4675 F600
G01 X116.7276 Y6.5589 Z-0.4686 F600
G01 X116.8556 Y6.5967 Z-0.4722 F600
G01 X116.9476 Y6.6279 Z-0.4744 F600
G01 X117.0096 Y6.6507 Z-0.4770 F600
G01 X117.0982 Y6.6856 Z-0.4787 F600
G01 X117.1584 Y6.7117 Z-0.4816 F600
G01 X117.3020 Y6.7798 Z-0.4861 F600
G01 X117.4402 Y6.8564 Z-0.4920 F600
G01 X117.5194 Y6.9044 Z-0.4943 F600
G01 X117.5739 Y6.9399 Z-0.4975 F600
G01 X117.6506 Y6.9924 Z-0.5000 F600
G01 X117.7038 Y7.0304 Z-0.5024 F600
G01 X117.8291 Y7.1291 Z-0.5083 F600
G01 X117.9010 Y7.1916 Z-0.5117 F600
G01 X117.9502 Y7.2363 Z-0.5149 F600
G01 X118.0191 Y7.3018 Z-0.5176 F600
G01 X118.0657 Y7.3494 Z-0.5212 F600
G01 X118.1732 Y7.4675 Z-0.5279 F600
G01 X118.2315 Y7.5392 Z-0.5321 F600
G01 X118.2724 Y7.5912 Z-0.5356 F600
G01 X118.3276 Y7.6649 Z-0.5385 F600
G01 X118.3655 Y7.7193 Z-0.5422 F600
G01 X118.4519 Y7.8529 Z-0.5488 F600
G01 X118.4987 Y7.9338 Z-0.5526 F600
G01 X118.5313 Y7.9924 Z-0.5559 F600
G01 X118.5757 Y8.0765 Z-0.5585 F600
G01 X118.6056 Y8.1374 Z-0.5616 F600
G01 X118.6737 Y8.2887 Z-0.5673 F600
G01 X118.7108 Y8.3817 Z-0.5703 F600
G01 X118.7355 Y8.4469 Z-0.5730 F600
G01 X118.7703 Y8.5443 Z-0.5749 F600
G01 X118.8123 Y8.6043 Z-0.5563 F600
G01 X119.0115 Y8.7307 Z-0.4053 F600
G01 X119.2258 Y8.8734 Z-0.2362 F600
G01 X119.2888 Y8.9166 Z-0.1853 F600
G01 X119.4562 Y9.0340 Z-0.0472 F600
G01 X119.5312 Y9.0878 Z0.0158 F600
G01 X119.7035 Y9.2140 Z0.1632 F600
G01 X119.4528 Y9.0316 Z-0.0501 F600
G01 X119.2855 Y8.9143 Z-0.1880 F600
G01 X119.0356 Y8.7461 Z-0.3870 F600
G01 X118.8699 Y8.6404 Z-0.5131 F600
G01 X118.7872 Y8.5892 Z-0.5746 F600
G01 X118.5317 Y8.9621 Z-0.2377 F600
G01 X118.4033 Y9.1439 Z-0.0739 F600
G01 X118.1770 Y9.4495 Z0.2000 F600
G01 X118.3461 Y9.2222 Z-0.0037 F600
G01 X118.1770 Y9.4495 Z0.2000 F600
G01 X118.4033 Y9.1439 Z-0.0739 F600
G01 X118.5317 Y8.9621 Z-0.2377 F600
G01 X118.7872 Y8.5892 Z-0.5746 F600
G01 X118.8699 Y8.6404 Z-0.5131 F600
G01 X119.0356 Y8.7461 Z-0.3870 F600
G01 X119.2855 Y8.9143 Z-0.1880 F600
G01 X119.4528 Y9.0316 Z-0.0501 F600
G01 X119.7035 Y9.2140 Z0.1632 F600
G01 X119.5312 Y9.0878 Z0.0158 F600
G01 X119.4562 Y9.0340 Z-0.0472 F600
G01 X119.2888 Y8.9166 Z-0.1853 F600
G01 X119.2258 Y8.8734 Z-0.2362 F600
G01 X119.0115 Y8.7307 Z-0.4053 F600
G01 X118.8123 Y8.6043 Z-0.5563 F600
G01 X118.7703 Y8.5443 Z-0.5749 F600
G01 X118.7355 Y8.4469 Z-0.5730 F600
G01 X118.7108 Y8.3817 Z-0.5703 F600
G01 X118.6737 Y8.2887 Z-0.5673 F600
G01 X118.6056 Y8.1374 Z-0.5616 F600
G01 X118.5757 Y8.0765 Z-0.5585 F600
G01 X118.5313 Y7.9924 Z-0.5559 F600
G01 X118.4987 Y7.9338 Z-0.5526 F600
G01 X118.4519 Y7.8529 Z-0.5488 F600
G01 X118.3655 Y7.7193 Z-0.5422 F600
G01 X118.3276 Y7.6649 Z-0.5385 F600
G01 X118.2724 Y7.5912 Z-0.5356 F600
G01 X118.2315 Y7.5392 Z-0.5321 F600
G01 X118.1732 Y7.4675 Z-0.5279 F600
G01 X118.0657 Y7.3494 Z-0.5212 F600
G01 X118.0191 Y7.3018 Z-0.5176 F600
G01 X117.9502 Y7.2363 Z-0.5149 F600
G01 X117.9010 Y7.1916 Z-0.5117 F600
G01 X117.8291 Y7.1291 Z-0.5083 F600
G01 X117.7038 Y7.0304 Z-0.5024 F600
G01 X117.6506 Y6.9924 Z-0.5000 F600
G01 X117.5739 Y6.9399 Z-0.4975 F600
G01 X117.5194 Y6.9044 Z-0.4943 F600
G01 X117.4402 Y6.8564 Z-0.4920 F600
G01 X117.3020 Y6.7798 Z-0.4861 F600
G01 X117.1584 Y6.7117 Z-0.4816 F600
G01 X117.0982 Y6.6856 Z-0.4787 F600
G01 X117.0096 Y6.6507 Z-0.4770 F600
G01 X116.9476 Y6.6279 Z-0.4744 F600
G01 X116.8556 Y6.5967 Z-0.4722 F600
G01 X116.7276 Y6.5589 Z-0.4686 F600
G01 X116.6957 Y6.5502 Z-0.4675 F600
G01 X116.5640 Y6.5199 Z-0.4653 F600
G01 X116.5296 Y6.5125 Z-0.4644 F600
G01 X116.4622 Y6.4996 Z-0.4623 F600
G01 X116.3946 Y6.4884 Z-0.4621 F600
G01 X116.3575 Y6.4828 Z-0.4615 F600
G01 X116.2884 Y6.4731 Z-0.4597 F600
G01 X116.2190 Y6.4649 Z-0.4592 F600
G01 X116.1792 Y6.4612 Z-0.4590 F600
G01 X116.0373 Y6.4498 Z-0.4570 F600
G01 X115.9946 Y6.4480 Z-0.4571 F600
G01 X115.8493 Y6.4442 Z-0.4564 F600
G01 X115.8086 Y6.4437 Z-0.4559 F600
G01 X115.6044 Y6.4497 Z-0.4571 F600
G01 X115.5696 Y6.4512 Z-0.4569 F600
G01 X115.5035 Y6.4559 Z-0.4568 F600
G01 X115.3714 Y6.4684 Z-0.4596 F600
G01 X115.3296 Y6.4731 Z-0.4599 F600
G01 X115.2440 Y6.4840 Z-0.4601 F600
G01 X115.1588 Y6.4979 Z-0.4632 F600
G01 X115.1103 Y6.5065 Z-0.4644 F600
G01 X115.0275 Y6.5224 Z-0.4653 F600
G01 X114.9449 Y6.5401 Z-0.4680 F600
G01 X114.9007 Y6.5513 Z-0.4699 F600
G01 X114.7408 Y6.5943 Z-0.4743 F600
G01 X114.7003 Y6.6068 Z-0.4758 F600
G01 X114.5466 Y6.6607 Z-0.4827 F600
G01 X114.5096 Y6.6743 Z-0.4837 F600
G01 X114.4352 Y6.7046 Z-0.4863 F600
G01 X114.3615 Y6.7370 Z-0.4910 F600
G01 X114.3278 Y6.7524 Z-0.4926 F600
G01 X114.2560 Y6.7866 Z-0.4948 F600
G01 X114.1540 Y6.8396 Z-0.5008 F600
G01 X113.9877 Y6.9363 Z-0.5086 F600
G01 X113.9221 Y6.9804 Z-0.5125 F600
G01 X113.8295 Y7.0444 Z-0.5183 F600
G01 X113.7657 Y7.0912 Z-0.5204 F600
G01 X113.6775 Y7.1618 Z-0.5269 F600
G01 X113.6169 Y7.2135 Z-0.5299 F600
G01 X113.5309 Y7.2887 Z-0.5343 F600
G01 X113.3912 Y7.4277 Z-0.5432 F600
G01 X113.3354 Y7.4872 Z-0.5453 F600
G01 X113.2814 Y7.5484 Z-0.5499 F600
G01 X113.2699 Y7.5615 Z-0.5509 F600
G01 X113.2354 Y7.6033 Z-0.5523 F600
G01 X113.1664 Y7.6902 Z-0.5573 F600
G01 X113.1332 Y7.7350 Z-0.5600 F600
G01 X113.1009 Y7.7803 Z-0.5617 F600
G01 X113.0386 Y7.8711 Z-0.5670 F600
G01 X112.9782 Y7.9687 Z-0.5710 F600
G01 X112.9229 Y8.0629 Z-0.5759 F600
G01 X112.8673 Y8.1678 Z-0.5799 F600
G01 X112.8192 Y8.2649 Z-0.5841 F600
G01 X112.7684 Y8.3770 Z-0.5882 F600
G01 X112.7270 Y8.4764 Z-0.5915 F600
G01 X112.6811 Y8.5958 Z-0.5956 F600
G01 X112.6461 Y8.6970 Z-0.5982 F600
G01 X112.6053 Y8.8237 Z-0.6021 F600
G01 X112.5762 Y8.9265 Z-0.6040 F600
G01 X112.5405 Y9.0606 Z-0.6076 F600
G01 X112.5168 Y9.1648 Z-0.6089 F600
G01 X112.4866 Y9.3061 Z-0.6120 F600
G01 X112.4677 Y9.4116 Z-0.6129 F600
G01 X112.4429 Y9.5602 Z-0.6155 F600
G01 X112.4285 Y9.6669 Z-0.6160 F600
G01 X112.4092 Y9.8227 Z-0.6181 F600
G01 X112.3989 Y9.9309 Z-0.6183 F600
G01 X112.3850 Y10.0938 Z-0.6198 F600
G01 X112.3787 Y10.2034 Z-0.6196 F600
G01 X112.3702 Y10.3735 Z-0.6207 F600
G01 X112.3678 Y10.4736 Z-0.6201 F600
G01 X112.3646 Y10.6729 Z-0.6205 F600
G01 X112.3655 Y10.7733 Z-0.6197 F600
G01 X112.3683 Y10.9481 Z-0.6195 F600
G01 X112.3728 Y11.0592 Z-0.6183 F600
G01 X112.3813 Y11.2271 Z-0.6175 F600
G01 X112.3896 Y11.3367 Z-0.6161 F600
G01 X112.3963 Y11.4172 Z-0.6158 F600
G01 X112.4037 Y11.4976 Z-0.6148 F600
G01 X112.4158 Y11.6058 Z-0.6132 F600
G01 X112.4252 Y11.6829 Z-0.6128 F600
G01 X112.4355 Y11.7599 Z-0.6115 F600
G01 X112.4518 Y11.8667 Z-0.6098 F600
G01 X112.4637 Y11.9404 Z-0.6094 F600
G01 X112.4770 Y12.0138 Z-0.6077 F600
G01 X112.4975 Y12.1194 Z-0.6059 F600
G01 X112.5121 Y12.1896 Z-0.6054 F600
G01 X112.5281 Y12.2595 Z-0.6035 F600
G01 X112.5533 Y12.3639 Z-0.6018 F600
G01 X112.5708 Y12.4305 Z-0.6010 F600
G01 X112.5892 Y12.4969 Z-0.5992 F600
G01 X112.6192 Y12.6002 Z-0.5977 F600
G01 X112.6396 Y12.6633 Z-0.5965 F600
G01 X112.6604 Y12.7262 Z-0.5948 F600
G01 X112.6957 Y12.8282 Z-0.5935 F600
G01 X112.7418 Y12.9473 Z-0.5908 F600
G01 X112.7833 Y13.0477 Z-0.5892 F600
G01 X112.8342 Y13.1599 Z-0.5869 F600
G01 X112.8825 Y13.2582 Z-0.5847 F600
G01 X112.9383 Y13.3635 Z-0.5825 F600
G01 X112.9941 Y13.4589 Z-0.5794 F600
G01 X113.0244 Y13.5081 Z-0.5785 F600
G01 X113.0553 Y13.5570 Z-0.5769 F600
G01 X113.1183 Y13.6490 Z-0.5734 F600
G01 X113.1512 Y13.6948 Z-0.5725 F600
G01 X113.1853 Y13.7396 Z-0.5699 F600
G01 X113.2551 Y13.8276 Z-0.5668 F600
G01 X113.3278 Y13.9105 Z-0.5622 F600
G01 X113.4135 Y14.0012 Z-0.5577 F600
G01 X113.4673 Y14.0540 Z-0.5549 F600
G01 X113.5217 Y14.1062 Z-0.5512 F600
G01 X113.6247 Y14.1968 Z-0.5443 F600
G01 X113.6822 Y14.2428 Z-0.5403 F600
G01 X113.7400 Y14.2883 Z-0.5356 F600
G01 X113.8511 Y14.3685 Z-0.5272 F600
G01 X113.9112 Y14.4087 Z-0.5235 F600
G01 X113.9719 Y14.4480 Z-0.5186 F600
G01 X114.0888 Y14.5180 Z-0.5107 F600
G01 X114.1516 Y14.5522 Z-0.5069 F600
G01 X114.2147 Y14.5860 Z-0.5025 F600
G01 X114.3360 Y14.6456 Z-0.4958 F600
G01 X114.4663 Y14.7037 Z-0.4898 F600
G01 X114.5911 Y14.7523 Z-0.4839 F600
G01 X114.6586 Y14.7764 Z-0.4820 F600
G01 X114.7266 Y14.7992 Z-0.4786 F600
G01 X114.8533 Y14.8378 Z-0.4747 F600
G01 X114.9941 Y14.8741 Z-0.4705 F600
G01 X115.1221 Y14.9016 Z-0.4670 F600
G01 X115.1952 Y14.9152 Z-0.4661 F600
G01 X115.2684 Y14.9275 Z-0.4641 F600
G01 X115.3967 Y14.9453 Z-0.4620 F600
G01 X115.4727 Y14.9530 Z-0.4610 F600
G01 X115.5488 Y14.9601 Z-0.4594 F600
G01 X115.6768 Y14.9683 Z-0.4580 F600
G01 X115.8346 Y14.9730 Z-0.4570 F600
G01 X115.9442 Y14.9720 Z-0.4553 F600
G01 X116.0490 Y14.9691 Z-0.4555 F600
G01 X116.1422 Y14.9639 Z-0.4561 F600
G01 X116.2440 Y14.9550 Z-0.4568 F600
G01 X116.3378 Y14.9453 Z-0.4590 F600
G01 X116.3873 Y14.9384 Z-0.4601 F600
G01 X116.4367 Y14.9309 Z-0.4607 F600
G01 X116.5308 Y14.9151 Z-0.4634 F600
G01 X116.5790 Y14.9061 Z-0.4656 F600
G01 X116.6270 Y14.8961 Z-0.4668 F600
G01 X116.7211 Y14.8738 Z-0.4700 F600
G01 X116.8148 Y14.8497 Z-0.4749 F600
G01 X116.9083 Y14.8207 Z-0.4786 F600
G01 X116.9994 Y14.7905 Z-0.4838 F600
G01 X117.0918 Y14.7554 Z-0.4887 F600
G01 X117.1802 Y14.7188 Z-0.4941 F600
G01 X117.2709 Y14.6772 Z-0.4998 F600
G01 X117.3566 Y14.6342 Z-0.5054 F600
G01 X117.4446 Y14.5861 Z-0.5114 F600
G01 X117.5276 Y14.5364 Z-0.5170 F600
G01 X117.6121 Y14.4818 Z-0.5230 F600
G01 X117.6921 Y14.4255 Z-0.5285 F600
G01 X117.7746 Y14.3627 Z-0.5343 F600
G01 X117.8511 Y14.2997 Z-0.5397 F600
G01 X117.9307 Y14.2283 Z-0.5452 F600
G01 X118.0030 Y14.1588 Z-0.5507 F600
G01 X118.0763 Y14.0812 Z-0.5555 F600
G01 X118.1443 Y14.0051 Z-0.5610 F600
G01 X118.2107 Y13.9221 Z-0.5647 F600
G01 X118.2425 Y13.8807 Z-0.5674 F600
G01 X118.2737 Y13.8389 Z-0.5694 F600
G01 X118.3331 Y13.7518 Z-0.5725 F600
G01 X118.3626 Y13.7071 Z-0.5750 F600
G01 X118.3907 Y13.6615 Z-0.5759 F600
G01 X118.4433 Y13.5713 Z-0.5786 F600
G01 X118.4701 Y13.5230 Z-0.5806 F600
G01 X118.4953 Y13.4740 Z-0.5808 F600
G01 X118.5413 Y13.3813 Z-0.5828 F600
G01 X118.5650 Y13.3295 Z-0.5840 F600
G01 X118.5741 Y13.2712 Z-0.5690 F600
G01 X118.4487 Y13.0538 Z-0.3733 F600
G01 X118.3337 Y12.8618 Z-0.2010 F600
G01 X118.2342 Y12.7024 Z-0.0587 F600
G01 X118.1746 Y12.6095 Z0.0240 F600
G01 X118.0701 Y12.4510 Z0.1648 F600
G01 X118.1972 Y12.6439 Z-0.0065 F600
G01 X118.3792 Y12.9357 Z-0.2671 F600
G01 X118.4991 Y13.1394 Z-0.4502 F600
G01 X118.5587 Y13.2434 Z-0.5438 F600
G01 X118.6316 Y13.2610 Z-0.5501 F600
G01 X118.7975 Y13.1669 Z-0.4319 F600
G01 X118.9641 Y13.0675 Z-0.3082 F600
G01 X119.0478 Y13.0153 Z-0.2438 F600
G01 X119.2998 Y12.8531 Z-0.0451 F600
G01 X119.5536 Y12.6797 Z0.1650 F600
G01 X119.3130 Y12.8441 Z-0.0342 F600
G00 Z6.0000 F480
G00 X121.5540 Y11.0285 F1000
G00 Z0.7000 F480
G01 Z-0.7622 F600
G01 X121.5306 Y11.1110 Z-0.7341 F600
G01 X121.5111 Y11.1932 Z-0.7099 F600
G01 X121.5029 Y11.2359 Z-0.6984 F600
G01 X121.4913 Y11.3160 Z-0.6788 F600
G01 X121.4832 Y11.3956 Z-0.6629 F600
G01 X121.4789 Y11.4749 Z-0.6507 F600
G01 X121.4785 Y11.5150 Z-0.6454 F600
G01 X121.4813 Y11.5915 Z-0.6372 F600
G01 X121.4875 Y11.6676 Z-0.6325 F600
G01 X121.5011 Y11.7790 Z-0.6291 F600
G01 X121.5221 Y11.9257 Z-0.6218 F600
G01 X121.5398 Y12.0305 Z-0.6186 F600
G01 X121.5681 Y12.1719 Z-0.6124 F600
G01 X121.5893 Y12.2704 Z-0.6088 F600
G01 X121.6496 Y12.4988 Z-0.5998 F600
G01 X121.6707 Y12.5642 Z-0.5973 F600
G01 X121.7210 Y12.7158 Z-0.5922 F600
G01 X121.7443 Y12.7790 Z-0.5887 F600
G01 X121.8022 Y12.9222 Z-0.5849 F600
G01 X121.8287 Y12.9828 Z-0.5814 F600
G01 X121.8560 Y13.0431 Z-0.5788 F600
G01 X121.8979 Y13.1282 Z-0.5768 F600
G01 X121.9382 Y13.2053 Z-0.5729 F600
G01 X121.9792 Y13.2820 Z-0.5697 F600
G01 X121.9986 Y13.3148 Z-0.5689 F600
G01 X122.0890 Y13.4614 Z-0.5625 F600
G01 X122.1091 Y13.4926 Z-0.5607 F600
G01 X122.2089 Y13.6317 Z-0.5553 F600
G01 X122.2309 Y13.6612 Z-0.5536 F600
G01 X122.2837 Y13.7284 Z-0.5492 F600
G01 X122.3385 Y13.7940 Z-0.5473 F600
G01 X122.3644 Y13.8239 Z-0.5459 F600
G01 X122.4207 Y13.8873 Z-0.5415 F600
G01 X122.4785 Y13.9493 Z-0.5390 F600
G01 X122.5071 Y13.9782 Z-0.5379 F600
G01 X122.6265 Y14.0948 Z-0.5311 F600
G01 X122.6553 Y14.1208 Z-0.5298 F600
G01 X122.7808 Y14.2278 Z-0.5243 F600
G01 X122.8096 Y14.2517 Z-0.5225 F600
G01 X122.8746 Y14.3014 Z-0.5191 F600
G01 X122.9404 Y14.3500 Z-0.5170 F600
G01 X122.9703 Y14.3714 Z-0.5155 F600
G01 X123.0373 Y14.4177 Z-0.5109 F600
G01 X123.1057 Y14.4617 Z-0.5090 F600
G01 X123.1371 Y14.4810 Z-0.5078 F600
G01 X123.2071 Y14.5224 Z-0.5038 F600
G01 X123.2774 Y14.5633 Z-0.5004 F600
G01 X123.3107 Y14.5807 Z-0.4995 F600
G01 X123.4568 Y14.6535 Z-0.4930 F600
G01 X123.4920 Y14.6702 Z-0.4911 F600
G01 X123.6438 Y14.7331 Z-0.4859 F600
G01 X123.6819 Y14.7480 Z-0.4841 F600
G01 X123.7600 Y14.7762 Z-0.4803 F600
G01 X123.8389 Y14.8022 Z-0.4787 F600
G01 X123.8802 Y14.8152 Z-0.4773 F600
G01 X123.9610 Y14.8392 Z-0.4732 F600
G01 X124.0425 Y14.8606 Z-0.4719 F600
G01 X124.0875 Y14.8714 Z-0.4708 F600
G01 X124.1712 Y14.8902 Z-0.4676 F600
G01 X124.2551 Y14.9077 Z-0.4657 F600
G01 X124.3041 Y14.9160 Z-0.4651 F600
G01 X124.4769 Y14.9426 Z-0.4608 F600
G01 X124.5189 Y14.9473 Z-0.4606 F600
G01 X124.7193 Y14.9653 Z-0.4576 F600
G01 X124.7539 Y14.9673 Z-0.4573 F600
G01 X124.9601 Y14.9733 Z-0.4563 F600
G01 X124.9956 Y14.9738 Z-0.4559 F600
G01 X125.1954 Y14.9687 Z-0.4561 F600
G01 X125.2383 Y14.9659 Z-0.4564 F600
G01 X125.4111 Y14.9519 Z-0.4573 F600
G01 X125.4612 Y14.9458 Z-0.4583 F600
G01 X125.5452 Y14.9342 Z-0.4589 F600
G01 X125.6291 Y14.9221 Z-0.4601 F600
G01 X125.6753 Y14.9136 Z-0.4613 F600
G01 X125.7569 Y14.8975 Z-0.4622 F600
G01 X125.8383 Y14.8804 Z-0.4640 F600
G01 X125.8809 Y14.8698 Z-0.4652 F600
G01 X125.9600 Y14.8491 Z-0.4663 F600
G01 X126.0388 Y14.8272 Z-0.4686 F600
G01 X126.0782 Y14.8148 Z-0.4699 F600
G01 X126.1548 Y14.7895 Z-0.4712 F600
G01 X126.2311 Y14.7630 Z-0.4738 F600
G01 X126.2675 Y14.7490 Z-0.4751 F600
G01 X126.3416 Y14.7191 Z-0.4767 F600
G01 X126.4153 Y14.6882 Z-0.4794 F600
G01 X126.4493 Y14.6725 Z-0.4808 F600
G01 X126.5209 Y14.6381 Z-0.4825 F600
G01 X126.5920 Y14.6028 Z-0.4852 F600
G01 X126.6240 Y14.5855 Z-0.4867 F600
G01 X126.6931 Y14.5466 Z-0.4886 F600
G01 X126.7922 Y14.4880 Z-0.4927 F600
G01 X126.8587 Y14.4447 Z-0.4948 F600
G01 X126.9543 Y14.3798 Z-0.4988 F600
G01 X127.0821 Y14.2842 Z-0.5035 F600
G01 X127.1108 Y14.2608 Z-0.5050 F600
G01 X127.2336 Y14.1565 Z-0.5097 F600
G01 X127.2620 Y14.1305 Z-0.5111 F600
G01 X127.3798 Y14.0176 Z-0.5159 F600
G01 X127.4081 Y13.9886 Z-0.5174 F600
G01 X127.5209 Y13.8670 Z-0.5223 F600
G01 X127.5468 Y13.8373 Z-0.5235 F600
G01 X127.5997 Y13.7726 Z-0.5262 F600
G01 X127.6748 Y13.6787 Z-0.5301 F600
G01 X127.7916 Y13.5108 Z-0.5381 F600
G01 X127.8977 Y13.3336 Z-0.5471 F600
G01 X127.9373 Y13.2580 Z-0.5508 F600
G01 X127.9762 Y13.1821 Z-0.5552 F600
G01 X127.9936 Y13.1469 Z-0.5567 F600
G01 X128.0292 Y13.0681 Z-0.5601 F600
G01 X128.0757 Y12.9606 Z-0.5661 F600
G01 X128.1000 Y12.8994 Z-0.5678 F600
G01 X128.1528 Y12.7545 Z-0.5756 F600
G01 X128.1742 Y12.6907 Z-0.5773 F600
G01 X128.1942 Y12.6263 Z-0.5804 F600
G01 X128.2207 Y12.5379 Z-0.5849 F600
G01 X128.2389 Y12.4714 Z-0.5866 F600
G01 X128.2562 Y12.4047 Z-0.5893 F600
G01 X128.2792 Y12.3103 Z-0.5937 F600
G01 X128.2944 Y12.2413 Z-0.5953 F600
G01 X128.3090 Y12.1721 Z-0.5976 F600
G01 X128.3284 Y12.0714 Z-0.6019 F600
G01 X128.3525 Y11.9282 Z-0.6053 F600
G01 X128.3682 Y11.8210 Z-0.6093 F600
G01 X128.3868 Y11.6727 Z-0.6122 F600
G01 X128.3947 Y11.5583 Z-0.6198 F600
G01 X128.3941 Y11.4809 Z-0.6280 F600
G01 X128.3899 Y11.4031 Z-0.6399 F600
G01 X128.3758 Y11.2819 Z-0.6651 F600
G01 X128.3603 Y11.2015 Z-0.6852 F600
G01 X128.4252 Y11.1257 Z-0.6248 F600
G01 X128.5046 Y11.0507 Z-0.5499 F600
G01 X128.8028 Y10.7589 Z-0.2581 F600
G01 X129.2527 Y10.3008 Z0.2000 F600
G01 X128.8418 Y10.7204 Z-0.2196 F600
G01 X128.5429 Y11.0140 Z-0.5132 F600
G01 X128.3935 Y11.1555 Z-0.6547 F600
G01 X128.3188 Y11.1668 Z-0.6660 F600
G01 X128.2441 Y11.1267 Z-0.6259 F600
G01 X128.1694 Y11.0908 Z-0.5900 F600
G01 X128.0947 Y11.0592 Z-0.5584 F600
G01 X128.0199 Y11.0319 Z-0.5310 F600
G01 X127.9452 Y11.0088 Z-0.5079 F600
G01 X127.8705 Y10.9899 Z-0.4891 F600
G01 X127.7958 Y10.9753 Z-0.4745 F600
G01 X127.7211 Y10.9650 Z-0.4641 F600
G01 X127.6464 Y10.9589 Z-0.4581 F600
G01 X122.3416 Y10.9570 Z-0.4562 F600
G01 X122.2669 Y10.9580 Z-0.4572 F600
G01 X122.2265 Y10.9602 Z-0.4594 F600
G01 X122.1860 Y10.9630 Z-0.4636 F600
G01 X122.1448 Y10.9657 Z-0.4703 F600
G01 X122.0965 Y10.9690 Z-0.4813 F600
G01 X122.0463 Y10.9724 Z-0.4961 F600
G01 X121.9868 Y10.9764 Z-0.5179 F600
G01 X121.9157 Y10.9812 Z-0.5493 F600
G01 X121.8292 Y10.9871 Z-0.5945 F600
G01 X121.7109 Y10.9951 Z-0.6666 F600
G01 X121.5593 Y11.0007 Z-0.7691 F600
G01 X121.5445 Y10.9679 Z-0.7562 F600
G01 X121.5272 Y10.9275 Z-0.7413 F600
G01 X121.5118 Y10.8870 Z-0.7267 F600
G01 X121.4977 Y10.8471 Z-0.7133 F600
G01 X121.4847 Y10.8078 Z-0.7010 F600
G01 X121.4728 Y10.7689 Z-0.6898 F600
G01 X121.4619 Y10.7305 Z-0.6797 F600
G01 X121.4521 Y10.6925 Z-0.6706 F600
G01 X121.4432 Y10.6549 Z-0.6624 F600
G01 X121.4354 Y10.6175 Z-0.6549 F600
G01 X121.4291 Y10.5802 Z-0.6478 F600
G01 X121.4236 Y10.5432 Z-0.6416 F600
G01 X121.4189 Y10.5065 Z-0.6363 F600
G01 X121.4145 Y10.4628 Z-0.6310 F600
G01 X121.4112 Y10.4193 Z-0.6269 F600
G01 X121.4091 Y10.3760 Z-0.6239 F600
G01 X121.4082 Y10.3329 Z-0.6220 F600
G01 X121.4092 Y10.2899 Z-0.6204 F600
G01 X121.4113 Y10.2470 Z-0.6200 F600
G01 X121.4239 Y10.0581 Z-0.6214 F600
G01 X121.4338 Y9.9571 Z-0.6209 F600
G01 X121.4488 Y9.8167 Z-0.6215 F600
G01 X121.4622 Y9.7163 Z-0.6212 F600
G01 X121.4824 Y9.5809 Z-0.6213 F600
G01 X121.4998 Y9.4813 Z-0.6210 F600
G01 X121.5253 Y9.3509 Z-0.6207 F600
G01 X121.5469 Y9.2520 Z-0.6203 F600
G01 X121.5776 Y9.1267 Z-0.6195 F600
G01 X121.6038 Y9.0288 Z-0.6189 F600
G01 X121.6397 Y8.9085 Z-0.6177 F600
G01 X121.6710 Y8.8118 Z-0.6168 F600
G01 X121.7120 Y8.6967 Z-0.6151 F600
G01 X121.7487 Y8.6014 Z-0.6137 F600
G01 X121.7947 Y8.4915 Z-0.6117 F600
G01 X121.8371 Y8.3981 Z-0.6097 F600
G01 X121.8882 Y8.2934 Z-0.6074 F600
G01 X121.9364 Y8.2025 Z-0.6046 F600
G01 X121.9924 Y8.1029 Z-0.6020 F600
G01 X122.0466 Y8.0150 Z-0.5986 F600
G01 X122.1075 Y7.9207 Z-0.5957 F600
G01 X122.1675 Y7.8364 Z-0.5915 F600
G01 X122.2334 Y7.7473 Z-0.5882 F600
G01 X122.2988 Y7.6671 Z-0.5835 F600
G01 X122.3341 Y7.6251 Z-0.5819 F600
G01 X122.3698 Y7.5835 Z-0.5797 F600
G01 X122.3684 Y7.5850 Z-0.5798 F600
G01 X122.4246 Y7.5236 Z-0.5757 F600
G01 X122.4820 Y7.4635 Z-0.5732 F600
G01 X122.5653 Y7.3814 Z-0.5672 F600
G01 X122.6259 Y7.3256 Z-0.5651 F600
G01 X122.7131 Y7.2497 Z-0.5589 F600
G01 X122.7755 Y7.1966 Z-0.5548 F600
G01 X122.9331 Y7.0783 Z-0.5453 F600
G01 X123.0292 Y7.0130 Z-0.5382 F600
G01 X123.0983 Y6.9689 Z-0.5348 F600
G01 X123.1996 Y6.9081 Z-0.5268 F600
G01 X123.2715 Y6.8678 Z-0.5229 F600
G01 X123.4542 Y6.7760 Z-0.5109 F600
G01 X123.4912 Y6.7593 Z-0.5087 F600
G01 X123.6473 Y6.6951 Z-0.5002 F600
G01 X123.6882 Y6.6790 Z-0.4974 F600
G01 X123.7692 Y6.6506 Z-0.4926 F600
G01 X123.8507 Y6.6237 Z-0.4895 F600
G01 X123.8961 Y6.6095 Z-0.4870 F600
G01 X123.9802 Y6.5847 Z-0.4816 F600
G01 X124.0649 Y6.5629 Z-0.4791 F600
G01 X124.1042 Y6.5534 Z-0.4778 F600
G01 X124.2354 Y6.5241 Z-0.4711 F600
G01 X124.3013 Y6.5114 Z-0.4698 F600
G01 X124.4702 Y6.4849 Z-0.4642 F600
G01 X124.5383 Y6.4751 Z-0.4625 F600
G01 X124.5752 Y6.4713 Z-0.4622 F600
G01 X124.7865 Y6.4525 Z-0.4579 F600
G01 X124.8274 Y6.4504 Z-0.4577 F600
G01 X125.0455 Y6.4440 Z-0.4562 F600
G01 X125.0912 Y6.4439 Z-0.4559 F600
G01 X125.2524 Y6.4480 Z-0.4560 F600
G01 X125.3329 Y6.4514 Z-0.4575 F600
G01 X125.3777 Y6.4544 Z-0.4582 F600
G01 X125.4553 Y6.4606 Z-0.4584 F600
G01 X125.5328 Y6.4680 Z-0.4598 F600
G01 X125.6103 Y6.4765 Z-0.4623 F600
G01 X125.6496 Y6.4813 Z-0.4631 F600
G01 X125.7241 Y6.4926 Z-0.4643 F600
G01 X125.8729 Y6.5177 Z-0.4696 F600
G01 X125.9066 Y6.5244 Z-0.4707 F600
G01 X126.0492 Y6.5576 Z-0.4761 F600
G01 X126.1202 Y6.5752 Z-0.4799 F600
G01 X126.2847 Y6.6247 Z-0.4871 F600
G01 X126.3523 Y6.6474 Z-0.4921 F600
G01 X126.4404 Y6.6802 Z-0.4962 F600
G01 X126.5051 Y6.7058 Z-0.5001 F600
G01 X126.5694 Y6.7326 Z-0.5052 F600
G01 X126.6497 Y6.7690 Z-0.5090 F600
G01 X126.7721 Y6.8298 Z-0.5186 F600
G01 X126.8452 Y6.8697 Z-0.5224 F600
G01 X126.9611 Y6.9381 Z-0.5319 F600
G01 X127.0278 Y6.9813 Z-0.5355 F600
G01 X127.1373 Y7.0572 Z-0.5449 F600
G01 X127.1986 Y7.1038 Z-0.5483 F600
G01 X127.3017 Y7.1872 Z-0.5576 F600
G01 X127.3597 Y7.2381 Z-0.5610 F600
G01 X127.4562 Y7.3283 Z-0.5701 F600
G01 X127.5328 Y7.4067 Z-0.5753 F600
G01 X127.5925 Y7.4707 Z-0.5813 F600
G01 X127.6703 Y7.5608 Z-0.5865 F600
G01 X127.7255 Y7.6286 Z-0.5920 F600
G01 X127.7779 Y7.6969 Z-0.5951 F600
G01 X127.8166 Y7.7501 Z-0.5981 F600
G01 X127.8548 Y7.8037 Z-0.6020 F600
G01 X127.8970 Y7.8673 Z-0.6039 F600
G01 X127.9330 Y7.9230 Z-0.6061 F600
G01 X127.9681 Y7.9794 Z-0.6094 F600
G01 X128.0409 Y8.1060 Z-0.6122 F600
G01 X128.0834 Y8.1589 Z-0.6029 F600
G01 X128.3210 Y8.2846 Z-0.4489 F600
G01 X128.5795 Y8.4318 Z-0.2711 F600
G01 X128.8612 Y8.6034 Z-0.0663 F600
G01 X128.9254 Y8.6441 Z-0.0180 F600
G01 X129.1680 Y8.8024 Z0.1689 F600
G01 X128.9186 Y8.6396 Z-0.0233 F600
G01 X128.8361 Y8.5880 Z-0.0846 F600
G01 X128.5891 Y8.4373 Z-0.2645 F600
G01 X128.3434 Y8.2968 Z-0.4341 F600
G01 X128.0989 Y8.1669 Z-0.5931 F600
G01 X128.0289 Y8.2160 Z-0.5529 F600
G01 X127.9048 Y8.4434 Z-0.3424 F600
G01 X127.7168 Y8.7701 Z-0.0413 F600
G01 X127.5590 Y9.0327 Z0.2000 F600
G01 X127.7729 Y8.6741 Z-0.1297 F600
G01 X127.5590 Y9.0327 Z0.2000 F600
G01 X127.7168 Y8.7701 Z-0.0413 F600
G01 X127.9048 Y8.4434 Z-0.3424 F600
G01 X128.0289 Y8.2160 Z-0.5529 F600
G01 X128.0989 Y8.1669 Z-0.5931 F600
G01 X128.3434 Y8.2968 Z-0.4341 F600
G01 X128.5891 Y8.4373 Z-0.2645 F600
G01 X128.8361 Y8.5880 Z-0.0846 F600
G01 X128.9186 Y8.6396 Z-0.0233 F600
G01 X129.1680 Y8.8024 Z0.1689 F600
G01 X128.9254 Y8.6441 Z-0.0180 F600
G01 X128.8612 Y8.6034 Z-0.0663 F600
G01 X128.5795 Y8.4318 Z-0.2711 F600
G01 X128.3210 Y8.2846 Z-0.4489 F600
G01 X128.0834 Y8.1589 Z-0.6029 F600
G01 X128.0409 Y8.1060 Z-0.6122 F600
G01 X127.9681 Y7.9794 Z-0.6094 F600
G01 X127.9330 Y7.9230 Z-0.6061 F600
G01 X127.8970 Y7.8673 Z-0.6039 F600
G01 X127.8548 Y7.8037 Z-0.6020 F600
G01 X127.8166 Y7.7501 Z-0.5981 F600
G01 X127.7779 Y7.6969 Z-0.5951 F600
G01 X127.7255 Y7.6286 Z-0.5920 F600
G01 X127.6703 Y7.5608 Z-0.5865 F600
G01 X127.5925 Y7.4707 Z-0.5813 F600
G01 X127.5328 Y7.4067 Z-0.5753 F600
G01 X127.4562 Y7.3283 Z-0.5701 F600
G01 X127.3597 Y7.2381 Z-0.5610 F600
G01 X127.3017 Y7.1872 Z-0.5576 F600
G01 X127.1986 Y7.1038 Z-0.5483 F600
G01 X127.1373 Y7.0572 Z-0.5449 F600
G01 X127.0278 Y6.9813 Z-0.5355 F600
G01 X126.9611 Y6.9381 Z-0.5319 F600
G01 X126.8452 Y6.8697 Z-0.5224 F600
G01 X126.7721 Y6.8298 Z-0.5186 F600
G01 X126.6497 Y6.7690 Z-0.5090 F600
G01 X126.5694 Y6.7326 Z-0.5052 F600
G01 X126.5051 Y6.7058 Z-0.5001 F600
G01 X126.4404 Y6.6802 Z-0.4962 F600
G01 X126.3523 Y6.6474 Z-0.4921 F600
G01 X126.2847 Y6.6247 Z-0.4871 F600
G01 X126.1202 Y6.5752 Z-0.4799 F600
G01 X126.0492 Y6.5576 Z-0.4761 F600
G01 X125.9066 Y6.5244 Z-0.4707 F600
G01 X125.8729 Y6.5177 Z-0.4696 F600
G01 X125.7241 Y6.4926 Z-0.4643 F600
G01 X125.6496 Y6.4813 Z-0.4631 F600
G01 X125.6103 Y6.4765 Z-0.4623 F600
G01 X125.5328 Y6.4680 Z-0.4598 F600
G01 X125.4553 Y6.4606 Z-0.4584 F600
G01 X125.3777 Y6.4544 Z-0.4582 F600
G01 X125.3329 Y6.4514 Z-0.4575 F600
G01 X125.2524 Y6.4480 Z-0.4560 F600
G01 X125.0912 Y6.4439 Z-0.4559 F600
G01 X125.0455 Y6.4440 Z-0.4562 F600
G01 X124.8274 Y6.4504 Z-0.4577 F600
G01 X124.7865 Y6.4525 Z-0.4579 F600
G01 X124.5752 Y6.4713 Z-0.4622 F600
G01 X124.5383 Y6.4751 Z-0.4625 F600
G01 X124.4702 Y6.4849 Z-0.4642 F600
G01 X124.3013 Y6.5114 Z-0.4698 F600
G01 X124.2354 Y6.5241 Z-0.4711 F600
G01 X124.1042 Y6.5534 Z-0.4778 F600
G01 X124.0649 Y6.5629 Z-0.4791 F600
G01 X123.9802 Y6.5847 Z-0.4816 F600
G01 X123.8961 Y6.6095 Z-0.4870 F600
G01 X123.8507 Y6.6237 Z-0.4895 F600
G01 X123.7692 Y6.6506 Z-0.4926 F600
G01 X123.6882 Y6.6790 Z-0.4974 F600
G01 X123.6473 Y6.6951 Z-0.5002 F600
G01 X123.4912 Y6.7593 Z-0.5087 F600
G01 X123.4542 Y6.7760 Z-0.5109 F600
G01 X123.2715 Y6.8678 Z-0.5229 F600
G01 X123.1996 Y6.9081 Z-0.5268 F600
G01 X123.0983 Y6.9689 Z-0.5348 F600
G01 X123.0292 Y7.0130 Z-0.5382 F600
G01 X122.9331 Y7.0783 Z-0.5453 F600
G01 X122.7755 Y7.1966 Z-0.5548 F600
G01 X122.7131 Y7.2497 Z-0.5589 F600
G01 X122.6259 Y7.3256 Z-0.5651 F600
G01 X122.5653 Y7.3814 Z-0.5672 F600
G01 X122.4820 Y7.4635 Z-0.5732 F600
G01 X122.4246 Y7.5236 Z-0.5757 F600
G01 X122.3684 Y7.5850 Z-0.5798 F600
G00 Z6.0000 F480
G00 X33.0202 Y18.2734 F1000
G00 Z0.7000 F480
G01 Z-0.5266 F600
G01 X32.2937 Y19.0000 Z0.2000 F600
G01 X33.0917 Y18.2019 Z-0.5981 F600
G01 X33.8516 Y18.9618 Z0.1618 F600
G01 X33.2397 Y18.3499 Z-0.4501 F600
G01 X33.0917 Y18.1969 Z-0.5981 F600
G01 Y17.9675 F600
G01 X33.1632 Y17.8910 Z-0.5266 F600
G01 X33.8518 Y17.2024 Z0.1620 F600
G01 X33.0917 Y17.9625 Z-0.5981 F600
G01 X32.3317 Y17.2024 Z0.1620 F600
G00 Z6.0000 F480
G00 X32.3317 Y17.2024 Z6.0000 F1000
G01 Z-0.0380 F600
G01 X33.0917 Y17.9625 Z-0.7981 F600
G01 X33.8518 Y17.2024 Z-0.0380 F600
G01 X33.1632 Y17.8910 Z-0.7266 F600
G01 X33.0917 Y17.9675 Z-0.7981 F600
G01 Y18.1969 F600
G01 X33.2397 Y18.3499 Z-0.6501 F600
G01 X33.8516 Y18.9618 Z-0.0382 F600
G01 X33.0917 Y18.2019 Z-0.7981 F600
G01 X32.2937 Y19.0000 Z0.0000 F600
G01 X33.0202 Y18.2734 Z-0.7266 F600
G00 Z6.0000 F480
G00 X33.1050 Y14.6327 F1000
G01 Z-0.7848 F600
G01 X33.8525 Y15.3801 Z-0.0374 F600
G01 X33.0917 Y14.6194 Z-0.7981 F600
G01 X32.3317 Y15.3795 Z-0.0380 F600
G01 X33.0784 Y14.6327 Z-0.7848 F600
G01 X33.0917 Y14.5579 Z-0.7981 F600
G01 Y6.8595 F600
G01 X33.0784 Y6.7848 Z-0.7848 F600
G01 X32.3310 Y6.0374 Z-0.0374 F600
G01 X33.0917 Y6.7981 Z-0.7981 F600
G01 X33.7758 Y6.1140 Z-0.1140 F600
G01 X33.8518 Y6.0380 Z-0.0380 F600
G00 Z6.0000 F480
G00 X39.7021 Y6.2503 F1000
G01 Z-0.2912 F600
G01 X40.0082 Y6.0363 Z-0.0235 F600
G01 X39.7252 Y6.2337 Z-0.2710 F600
G01 X39.4673 Y6.4201 Z-0.4954 F600
G01 X39.2999 Y6.5451 Z-0.6405 F600
G01 X39.2175 Y6.6079 Z-0.7117 F600
G01 X39.2353 Y6.6870 Z-0.6814 F600
G01 X39.3760 Y6.8624 Z-0.5142 F600
G01 X39.5117 Y7.0369 Z-0.3521 F600
G01 X39.7084 Y7.2977 Z-0.1158 F600
G01 X39.8046 Y7.4277 Z0.0000 F600
G01 X39.5759 Y7.1211 Z-0.2752 F600
G01 X39.3952 Y6.8868 Z-0.4913 F600
G01 X39.2602 Y6.7177 Z-0.6518 F600
G01 X39.1920 Y6.6344 Z-0.7325 F600
G01 X39.1581 Y6.6286 Z-0.7376 F600
G01 X39.1215 Y6.6269 Z-0.7389 F600
G01 X39.0802 Y6.6255 Z-0.7405 F600
G01 X39.0339 Y6.6244 Z-0.7423 F600
G01 X38.9848 Y6.6240 Z-0.7444 F600
G01 X38.9407 Y6.6243 Z-0.7464 F600
G01 X38.8897 Y6.6255 Z-0.7488 F600
G01 X38.8477 Y6.6272 Z-0.7510 F600
G01 X38.7947 Y6.6303 Z-0.7538 F600
G01 X38.7547 Y6.6334 Z-0.7562 F600
G01 X38.6991 Y6.6382 Z-0.7602 F600
G01 X38.6611 Y6.6424 Z-0.7630 F600
G01 X38.6026 Y6.6501 Z-0.7676 F600
G01 X38.5665 Y6.6553 Z-0.7710 F600
G01 X38.5046 Y6.6660 Z-0.7768 F600
G01 X38.4047 Y6.6870 Z-0.7877 F600
G01 X38.3026 Y6.7141 Z-0.8005 F600
G01 X38.1986 Y6.7486 Z-0.8151 F600
G01 X38.1036 Y6.7873 Z-0.8296 F600
G01 X38.0197 Y6.8280 Z-0.8425 F600
G01 X37.9379 Y6.8757 Z-0.8541 F600
G01 X37.8597 Y6.9310 Z-0.8632 F600
G01 X37.7856 Y6.9934 Z-0.8703 F600
G01 X37.7169 Y7.0626 Z-0.8750 F600
G01 X37.6562 Y7.1390 Z-0.8751 F600
G01 X37.6054 Y7.2222 Z-0.8696 F600
G01 X37.5667 Y7.3112 Z-0.8569 F600
G01 X37.5349 Y7.4014 Z-0.8436 F600
G01 X37.5023 Y7.5146 Z-0.8289 F600
G01 X37.4760 Y7.6334 Z-0.8170 F600
G01 X37.4579 Y7.7412 Z-0.8090 F600
G01 X37.4518 Y7.7840 Z-0.8067 F600
G01 X37.4440 Y7.8454 Z-0.8039 F600
G01 X37.4388 Y7.8945 Z-0.8018 F600
G01 X37.4334 Y7.9503 Z-0.7999 F600
G01 X37.4285 Y8.0058 Z-0.7985 F600
G01 X37.4247 Y8.0587 Z-0.7973 F600
G01 X37.4180 Y8.1723 Z-0.7953 F600
G01 X37.4147 Y8.2406 Z-0.7947 F600
G01 X37.4105 Y8.3671 Z-0.7936 F600
G01 X37.4075 Y8.5007 Z-0.7935 F600
G01 X37.4059 Y14.2245 Z-0.7951 F600
G01 Y14.2664 Z-0.7988 F600
G01 Y14.3088 Z-0.8047 F600
G01 Y14.3447 Z-0.8114 F600
G01 Y14.3812 Z-0.8198 F600
G01 Y14.4186 Z-0.8299 F600
G01 Y14.4570 Z-0.8419 F600
G01 Y14.4966 Z-0.8560 F600
G01 Y14.5293 Z-0.8688 F600
G01 Y14.5631 Z-0.8830 F600
G01 Y14.5980 Z-0.8989 F600
G01 Y14.6342 Z-0.9164 F600
G01 Y14.6719 Z-0.9359 F600
G01 Y14.7113 Z-0.9573 F600
G01 Y14.7526 Z-0.9810 F600
G01 Y14.7850 Z-1.0004 F600
G01 X37.5788 Y14.7967 Z-0.8779 F600
G01 X37.7145 Z-0.7877 F600
G01 X37.8116 Z-0.7320 F600
G01 X37.8900 Z-0.6936 F600
G01 X37.9550 Z-0.6672 F600
G01 X38.0097 Z-0.6491 F600
G01 X38.0562 Z-0.6371 F600
G01 X38.1012 Z-0.6285 F600
G01 X38.1398 Z-0.6236 F600
G01 X38.1778 Z-0.6211 F600
G01 X39.1549 Z-0.6207 F600
G01 X39.2313 Y14.7492 Z-0.5732 F600
G01 X39.7664 Y14.2142 Z-0.0382 F600
G01 X39.1838 Y14.7967 Z-0.6207 F600
G01 X39.7681 Y15.3809 Z-0.0365 F600
G01 X39.2313 Y14.8442 Z-0.5732 F600
G01 X39.1549 Y14.7967 Z-0.6207 F600
G01 X38.1995 F600
G01 X38.1670 Z-0.6216 F600
G01 X38.1343 Z-0.6242 F600
G01 X38.1012 Z-0.6285 F600
G01 X38.0732 Z-0.6335 F600
G01 X38.0448 Z-0.6397 F600
G01 X38.0157 Z-0.6474 F600
G01 X37.9858 Z-0.6565 F600
G01 X37.9550 Z-0.6672 F600
G01 X37.9296 Z-0.6769 F600
G01 X37.9034 Z-0.6877 F600
G01 X37.8764 Z-0.6998 F600
G01 X37.8483 Z-0.7132 F600
G01 X37.8191 Z-0.7280 F600
G01 X37.7887 Z-0.7444 F600
G01 X37.7568 Z-0.7625 F600
G01 X37.7232 Z-0.7824 F600
G01 X37.6969 Z-0.7987 F600
G01 X37.6694 Z-0.8163 F600
G01 X37.6406 Z-0.8353 F600
G01 X37.6105 Z-0.8557 F600
G01 X37.5788 Z-0.8779 F600
G01 X37.5454 Z-0.9018 F600
G01 X37.5101 Z-0.9277 F600
G01 X37.4727 Z-0.9558 F600
G01 X37.4330 Z-0.9864 F600
G01 X37.4059 Y14.8514 Z-0.9749 F600
G01 Y14.9592 Z-0.9164 F600
G01 Y15.0474 Z-0.8757 F600
G01 Y15.1207 Z-0.8473 F600
G01 Y15.1899 Z-0.8256 F600
G01 Y15.2488 Z-0.8114 F600
G01 Y15.2988 Z-0.8025 F600
G01 Y15.3480 Z-0.7967 F600
G01 Y15.3967 Z-0.7939 F600
G01 Y17.2493 Z-0.7937 F600
G01 X37.4186 Y17.3241 Z-0.7809 F600
G01 X38.1784 Y18.6700 Z-0.0211 F600
G01 X37.4250 Y17.3355 Z-0.7745 F600
G01 X37.2033 Y17.4160 Z-0.5911 F600
G01 X36.6122 Y17.7497 Z0.0000 F600
G01 X37.3451 Y17.3359 Z-0.7329 F600
G01 X37.4059 Y17.2607 Z-0.7937 F600
G01 Y15.4105 F600
G01 Y15.3689 Z-0.7951 F600
G01 Y15.3270 Z-0.7988 F600
G01 Y15.2847 Z-0.8047 F600
G01 Y15.2488 Z-0.8114 F600
G01 Y15.2122 Z-0.8198 F600
G01 Y15.1748 Z-0.8299 F600
G01 Y15.1364 Z-0.8419 F600
G01 Y15.0968 Z-0.8560 F600
G01 Y15.0641 Z-0.8688 F600
G01 Y15.0304 Z-0.8830 F600
G01 Y14.9955 Z-0.8989 F600
G01 Y14.9592 Z-0.9164 F600
G01 Y14.9215 Z-0.9359 F600
G01 Y14.8821 Z-0.9573 F600
G01 Y14.8408 Z-0.9810 F600
G01 Y14.8085 Z-1.0004 F600
G01 X37.2329 Y14.7967 Z-0.8779 F600
G01 X37.0972 Z-0.7877 F600
G01 X37.0001 Z-0.7320 F600
G01 X36.9217 Z-0.6936 F600
G01 X36.8567 Z-0.6672 F600
G01 X36.8020 Z-0.6491 F600
G01 X36.7555 Z-0.6371 F600
G01 X36.7105 Z-0.6285 F600
G01 X36.6720 Z-0.6236 F600
G01 X36.6339 Z-0.6211 F600
G01 X36.0635 Z-0.6207 F600
G01 X36.0624 F600
G01 X35.4417 Y14.1760 Z0.0000 F600
G01 X36.0635 Y14.7967 Z-0.6207 F600
G01 X35.5514 Y15.3077 Z-0.1097 F600
G01 X35.4783 Y15.3809 Z-0.0366 F600
G00 Z6.0000 F480
G00 X45.1560 Y14.9679 F1000
G01 Z-0.6597 F600
G01 X45.0958 Y14.9673 Z-0.6586 F600
G01 X44.9396 Y14.9626 Z-0.6567 F600
G01 X44.8822 Y14.9604 Z-0.6555 F600
G01 X44.7298 Y14.9507 Z-0.6541 F600
G01 X44.6752 Y14.9467 Z-0.6533 F600
G01 X44.6009 Y14.9399 Z-0.6523 F600
G01 X44.5267 Y14.9323 Z-0.6522 F600
G01 X44.4749 Y14.9266 Z-0.6517 F600
G01 X44.4025 Y14.9177 Z-0.6506 F600
G01 X44.3303 Y14.9073 Z-0.6510 F600
G01 X44.2813 Y14.8998 Z-0.6509 F600
G01 X44.2109 Y14.8884 Z-0.6501 F600
G01 X44.1408 Y14.8755 Z-0.6508 F600
G01 X44.0946 Y14.8663 Z-0.6511 F600
G01 X44.0263 Y14.8520 Z-0.6509 F600
G01 X43.9581 Y14.8369 Z-0.6517 F600
G01 X43.9148 Y14.8261 Z-0.6525 F600
G01 X43.7825 Y14.7913 Z-0.6540 F600
G01 X43.7422 Y14.7791 Z-0.6553 F600
G01 X43.6142 Y14.7383 Z-0.6585 F600
G01 X43.5767 Y14.7253 Z-0.6597 F600
G01 X43.4535 Y14.6780 Z-0.6651 F600
G01 X43.4191 Y14.6644 Z-0.6663 F600
G01 X43.3603 Y14.6383 Z-0.6695 F600
G01 X43.3017 Y14.6114 Z-0.6735 F600
G01 X43.2718 Y14.5973 Z-0.6752 F600
G01 X43.2158 Y14.5696 Z-0.6782 F600
G01 X43.1608 Y14.5400 Z-0.6833 F600
G01 X43.0831 Y14.4956 Z-0.6892 F600
G01 X43.0309 Y14.4646 Z-0.6938 F600
G01 X42.9126 Y14.3847 Z-0.7062 F600
G01 X42.8501 Y14.3382 Z-0.7127 F600
G01 X42.8049 Y14.3024 Z-0.7188 F600
G01 X42.7493 Y14.2560 Z-0.7246 F600
G01 X42.7067 Y14.2193 Z-0.7297 F600
G01 X42.6186 Y14.1339 Z-0.7411 F600
G01 X42.5749 Y14.0886 Z-0.7453 F600
G01 X42.5385 Y14.0485 Z-0.7504 F600
G01 X42.4662 Y13.9622 Z-0.7584 F600
G01 X42.4318 Y13.9175 Z-0.7611 F600
G01 X42.4007 Y13.8749 Z-0.7649 F600
G01 X42.3381 Y13.7827 Z-0.7700 F600
G01 X42.3040 Y13.7281 Z-0.7721 F600
G01 X42.2766 Y13.6816 Z-0.7748 F600
G01 X42.2165 Y13.5739 Z-0.7779 F600
G01 X42.1843 Y13.5089 Z-0.7798 F600
G01 X42.1596 Y13.4581 Z-0.7814 F600
G01 X42.1274 Y13.3878 Z-0.7820 F600
G01 X42.0427 Y13.3351 Z-0.7265 F600
G01 X41.9120 Y13.2595 Z-0.6339 F600
G01 X41.7402 Y13.1555 Z-0.5077 F600
G01 X41.5539 Y13.0376 Z-0.3656 F600
G01 X41.4975 Y13.0009 Z-0.3217 F600
G01 X41.2865 Y12.8599 Z-0.1534 F600
G01 X41.0992 Y12.7306 Z0.0000 F600
G01 X41.3082 Y12.8748 Z-0.1712 F600
G01 X41.5578 Y13.0401 Z-0.3686 F600
G01 X41.7236 Y13.1454 Z-0.4954 F600
G01 X41.8887 Y13.2458 Z-0.6172 F600
G01 X42.0531 Y13.3412 Z-0.7339 F600
G01 X42.1321 Y13.3656 Z-0.7688 F600
G01 X42.2551 Y13.1569 Z-0.5786 F600
G01 X42.3788 Y12.9538 Z-0.3941 F600
G01 X42.5032 Y12.7562 Z-0.2151 F600
G01 X42.6286 Y12.5654 Z-0.0430 F600
G01 X42.5194 Y12.7315 Z-0.1928 F600
G01 X42.6286 Y12.5654 Z-0.0430 F600
G01 X42.5032 Y12.7562 Z-0.2151 F600
G01 X42.3788 Y12.9538 Z-0.3941 F600
G01 X42.2551 Y13.1569 Z-0.5786 F600
G01 X42.1321 Y13.3656 Z-0.7688 F600
G01 X42.0531 Y13.3412 Z-0.7339 F600
G01 X41.8887 Y13.2458 Z-0.6172 F600
G01 X41.7236 Y13.1454 Z-0.4954 F600
G01 X41.5578 Y13.0401 Z-0.3686 F600
G01 X41.3082 Y12.8748 Z-0.1712 F600
G01 X41.0992 Y12.7306 Z0.0000 F600
G01 X41.2865 Y12.8599 Z-0.1534 F600
G01 X41.4975 Y13.0009 Z-0.3217 F600
G01 X41.5539 Y13.0376 Z-0.3656 F600
G01 X41.7402 Y13.1555 Z-0.5077 F600
G01 X41.9120 Y13.2595 Z-0.6339 F600
G01 X42.0427 Y13.3351 Z-0.7265 F600
G01 X42.1274 Y13.3878 Z-0.7820 F600
G01 X42.1596 Y13.4581 Z-0.7814 F600
G01 X42.1843 Y13.5089 Z-0.7798 F600
G01 X42.2165 Y13.5739 Z-0.7779 F600
G01 X42.2766 Y13.6816 Z-0.7748 F600
G01 X42.3040 Y13.7281 Z-0.7721 F600
G01 X42.3381 Y13.7827 Z-0.7700 F600
G01 X42.4007 Y13.8749 Z-0.7649 F600
G01 X42.4318 Y13.9175 Z-0.7611 F600
G01 X42.4662 Y13.9622 Z-0.7584 F600
G01 X42.5385 Y14.0485 Z-0.7504 F600
G01 X42.5749 Y14.0886 Z-0.7453 F600
G01 X42.6186 Y14.1339 Z-0.7411 F600
G01 X42.7067 Y14.2193 Z-0.7297 F600
G01 X42.7493 Y14.2560 Z-0.7246 F600
G01 X42.8049 Y14.3024 Z-0.7188 F600
G01 X42.8501 Y14.3382 Z-0.7127 F600
G01 X42.9126 Y14.3847 Z-0.7062 F600
G01 X43.0309 Y14.4646 Z-0.6938 F600
G01 X43.0831 Y14.4956 Z-0.6892 F600
G01 X43.1608 Y14.5400 Z-0.6833 F600
G01 X43.2158 Y14.5696 Z-0.6782 F600
G01 X43.2718 Y14.5973 Z-0.6752 F600
G01 X43.3017 Y14.6114 Z-0.6735 F600
G01 X43.3603 Y14.6383 Z-0.6695 F600
G01 X43.4191 Y14.6644 Z-0.6663 F600
G01 X43.4535 Y14.6780 Z-0.6651 F600
G01 X43.5767 Y14.7253 Z-0.6597 F600
G01 X43.6142 Y14.7383 Z-0.6585 F600
G01 X43.7422 Y14.7791 Z-0.6553 F600
G01 X43.7825 Y14.7913 Z-0.6540 F600
G01 X43.9148 Y14.8261 Z-0.6525 F600
G01 X43.9581 Y14.8369 Z-0.6517 F600
G01 X44.0263 Y14.8520 Z-0.6509 F600
G01 X44.0946 Y14.8663 Z-0.6511 F600
G01 X44.1408 Y14.8755 Z-0.6508 F600
G01 X44.2109 Y14.8884 Z-0.6501 F600
G01 X44.2813 Y14.8998 Z-0.6509 F600
G01 X44.3303 Y14.9073 Z-0.6510 F600
G01 X44.4025 Y14.9177 Z-0.6506 F600
G01 X44.4749 Y14.9266 Z-0.6517 F600
G01 X44.5267 Y14.9323 Z-0.6522 F600
G01 X44.6009 Y14.9399 Z-0.6523 F600
G01 X44.6752 Y14.9467 Z-0.6533 F600
G01 X44.7298 Y14.9507 Z-0.6541 F600
G01 X44.8822 Y14.9604 Z-0.6555 F600
G01 X44.9396 Y14.9626 Z-0.6567 F600
G01 X45.0958 Y14.9673 Z-0.6586 F600
G01 X45.1560 Y14.9679 Z-0.6597 F600
G01 X45.1707 Z-0.6599 F600
G01 X45.3276 Y14.9671 Z-0.6628 F600
G01 X45.4370 Y14.9642 Z-0.6650 F600
G01 X45.5862 Y14.9576 Z-0.6693 F600
G01 X45.6955 Y14.9501 Z-0.6727 F600
G01 X45.7664 Y14.9443 Z-0.6759 F600
G01 X45.8372 Y14.9376 Z-0.6782 F600
G01 X45.9470 Y14.9254 Z-0.6833 F600
G01 X46.0814 Y14.9067 Z-0.6900 F600
G01 X46.1922 Y14.8886 Z-0.6966 F600
G01 X46.3194 Y14.8642 Z-0.7048 F600
G01 X46.4315 Y14.8388 Z-0.7125 F600
G01 X46.4917 Y14.8238 Z-0.7176 F600
G01 X46.5516 Y14.8079 Z-0.7218 F600
G01 X46.6652 Y14.7747 Z-0.7313 F600
G01 X46.7784 Y14.7368 Z-0.7411 F600
G01 X46.8926 Y14.6933 Z-0.7514 F600
G01 X46.9458 Y14.6709 Z-0.7566 F600
G01 X46.9986 Y14.6478 Z-0.7611 F600
G01 X47.1124 Y14.5930 Z-0.7720 F600
G01 X47.1622 Y14.5670 Z-0.7775 F600
G01 X47.2115 Y14.5402 Z-0.7821 F600
G01 X47.3239 Y14.4738 Z-0.7945 F600
G01 X47.3702 Y14.4440 Z-0.8002 F600
G01 X47.4160 Y14.4135 Z-0.8050 F600
G01 X47.5255 Y14.3332 Z-0.8177 F600
G01 X47.5880 Y14.2814 Z-0.8250 F600
G01 X47.6884 Y14.1854 Z-0.8361 F600
G01 X47.7161 Y14.1546 Z-0.8387 F600
G01 X47.7432 Y14.1234 Z-0.8406 F600
G01 X47.8243 Y14.0144 Z-0.8441 F600
G01 X47.8475 Y13.9786 Z-0.8449 F600
G01 X47.8701 Y13.9424 Z-0.8448 F600
G01 X47.9328 Y13.8277 Z-0.8441 F600
G01 X47.9522 Y13.7876 Z-0.8438 F600
G01 X47.9708 Y13.7470 Z-0.8427 F600
G01 X48.0178 Y13.6315 Z-0.8401 F600
G01 X48.0333 Y13.5873 Z-0.8390 F600
G01 X48.0486 Y13.5429 Z-0.8375 F600
G01 X48.0824 Y13.4291 Z-0.8340 F600
G01 X48.0949 Y13.3810 Z-0.8329 F600
G01 X48.1059 Y13.3326 Z-0.8303 F600
G01 X48.1264 Y13.2210 Z-0.8237 F600
G01 X48.1344 Y13.1689 Z-0.8212 F600
G01 X48.1419 Y13.1167 Z-0.8180 F600
G01 X48.1549 Y13.0088 Z-0.8129 F600
G01 X48.1657 Y12.8974 Z-0.8085 F600
G01 X48.1737 Y12.7924 Z-0.8054 F600
G01 X48.1802 Y12.6736 Z-0.8029 F600
G01 X48.1842 Y12.5705 Z-0.8018 F600
G01 X48.1870 Y12.4443 Z-0.8016 F600
G01 X48.1877 Y12.3418 Z-0.8022 F600
G01 X48.1843 Y11.9526 Z-0.8071 F600
G01 X48.1831 Y11.9103 Z-0.8083 F600
G01 X48.1808 Y11.8679 Z-0.8106 F600
G01 X48.1774 Y11.8254 Z-0.8141 F600
G01 X48.1728 Y11.7827 Z-0.8186 F600
G01 X48.1671 Y11.7397 Z-0.8244 F600
G01 X48.1614 Y11.7036 Z-0.8301 F600
G01 X48.1548 Y11.6672 Z-0.8367 F600
G01 X48.1474 Y11.6305 Z-0.8441 F600
G01 X48.1390 Y11.5935 Z-0.8525 F600
G01 X48.1297 Y11.5561 Z-0.8618 F600
G01 X48.1194 Y11.5183 Z-0.8721 F600
G01 X48.1081 Y11.4800 Z-0.8834 F600
G01 X48.0956 Y11.4412 Z-0.8958 F600
G01 X48.0821 Y11.4018 Z-0.9094 F600
G01 X48.0673 Y11.3618 Z-0.9241 F600
G01 X47.9264 Y11.3516 Z-0.8319 F600
G01 X47.8118 Z-0.7612 F600
G01 X47.7281 Z-0.7167 F600
G01 X47.6596 Z-0.6858 F600
G01 X47.6024 Z-0.6644 F600
G01 X47.5462 Y11.3512 Z-0.6471 F600
G01 X47.4763 Y11.3475 Z-0.6289 F600
G01 X47.4075 Y11.3402 Z-0.6145 F600
G01 X47.3151 Y11.3251 Z-0.6019 F600
G01 X47.2429 Y11.3088 Z-0.5977 F600
G01 X47.1719 Y11.2880 Z-0.5980 F600
G01 X47.0810 Y11.2585 Z-0.6029 F600
G01 X47.0043 Y11.2341 Z-0.6076 F600
G01 X46.9273 Y11.2110 Z-0.6110 F600
G01 X46.8316 Y11.1833 Z-0.6156 F600
G01 X46.6637 Y11.1386 Z-0.6221 F600
G01 X46.5741 Y11.1159 Z-0.6253 F600
G01 X46.3696 Y11.0677 Z-0.6318 F600
G01 X46.1401 Y11.0184 Z-0.6380 F600
G01 X45.9800 Y10.9865 Z-0.6413 F600
G01 X45.9015 Y10.9714 Z-0.6433 F600
G01 X45.6620 Y10.9278 Z-0.6477 F600
G01 X45.5951 Y10.9163 Z-0.6491 F600
G01 X45.3166 Y10.8705 Z-0.6535 F600
G01 X44.9514 Y10.8161 Z-0.6583 F600
G01 X44.3462 Y10.7317 Z-0.6663 F600
G01 X44.2878 Y10.7230 Z-0.6672 F600
G01 X44.0794 Y10.6894 Z-0.6713 F600
G01 X43.9324 Y10.6636 Z-0.6746 F600
G01 X43.7961 Y10.6376 Z-0.6781 F600
G01 X43.6707 Y10.6115 Z-0.6819 F600
G01 X43.6284 Y10.6024 Z-0.6830 F600
G01 X43.5174 Y10.5764 Z-0.6869 F600
G01 X43.4784 Y10.5670 Z-0.6882 F600
G01 X43.3820 Y10.5416 Z-0.6920 F600
G01 X43.3302 Y10.5269 Z-0.6939 F600
G01 X43.2976 Y10.5172 Z-0.6954 F600
G01 X43.2455 Y10.5005 Z-0.6968 F600
G01 X43.2038 Y10.4867 Z-0.6983 F600
G01 X43.1010 Y10.4493 Z-0.7022 F600
G01 X43.0015 Y10.4086 Z-0.7069 F600
G01 X42.9440 Y10.3828 Z-0.7100 F600
G01 X42.9053 Y10.3648 Z-0.7123 F600
G01 X42.8499 Y10.3376 Z-0.7155 F600
G01 X42.8123 Y10.3181 Z-0.7183 F600
G01 X42.7590 Y10.2894 Z-0.7216 F600
G01 X42.7225 Y10.2686 Z-0.7248 F600
G01 X42.6714 Y10.2382 Z-0.7286 F600
G01 X42.6359 Y10.2163 Z-0.7317 F600
G01 X42.5524 Y10.1611 Z-0.7393 F600
G01 X42.4722 Y10.1029 Z-0.7478 F600
G01 X42.4272 Y10.0681 Z-0.7526 F600
G01 X42.3950 Y10.0421 Z-0.7568 F600
G01 X42.3561 Y10.0094 Z-0.7610 F600
G01 X42.3251 Y9.9822 Z-0.7651 F600
G01 X42.2627 Y9.9235 Z-0.7726 F600
G01 X42.2319 Y9.8919 Z-0.7762 F600
G01 X42.2037 Y9.8622 Z-0.7800 F600
G01 X42.1743 Y9.8298 Z-0.7831 F600
G01 X42.1473 Y9.7989 Z-0.7867 F600
G01 X42.0938 Y9.7328 Z-0.7931 F600
G01 X42.0672 Y9.6972 Z-0.7961 F600
G01 X42.0429 Y9.6637 Z-0.7995 F600
G01 X42.0172 Y9.6265 Z-0.8021 F600
G01 X41.9941 Y9.5917 Z-0.8052 F600
G01 X41.9475 Y9.5162 Z-0.8108 F600
G01 X41.9241 Y9.4741 Z-0.8138 F600
G01 X41.9036 Y9.4367 Z-0.8167 F600
G01 X41.8807 Y9.3922 Z-0.8193 F600
G01 X41.8617 Y9.3532 Z-0.8224 F600
G01 X41.8419 Y9.3097 Z-0.8250 F600
G01 X41.8243 Y9.2699 Z-0.8276 F600
G01 X41.8084 Y9.2292 Z-0.8300 F600
G01 X41.7907 Y9.1898 Z-0.8301 F600
G01 X41.7787 Y9.1482 Z-0.8341 F600
G01 X41.7531 Y9.0663 Z-0.8380 F600
G01 X41.7313 Y8.9829 Z-0.8414 F600
G01 X41.7212 Y8.9408 Z-0.8429 F600
G01 X41.7127 Y8.8979 Z-0.8439 F600
G01 X41.7049 Y8.8551 Z-0.8456 F600
G01 X41.6981 Y8.8107 Z-0.8463 F600
G01 X41.6918 Y8.7672 Z-0.8474 F600
G01 X41.6827 Y8.6766 Z-0.8491 F600
G01 X41.6797 Y8.6281 Z-0.8496 F600
G01 X41.6776 Y8.5831 Z-0.8506 F600
G01 X41.6763 Y8.5320 F600
G01 X41.6768 Y8.4750 Z-0.8516 F600
G01 X41.6796 Y8.3977 Z-0.8517 F600
G01 X41.6832 Y8.3205 Z-0.8525 F600
G01 X41.7015 Y8.1602 Z-0.8533 F600
G01 X41.7160 Y8.0831 Z-0.8531 F600
G01 X41.7303 Y8.0116 Z-0.8535 F600
G01 X41.7481 Y7.9417 Z-0.8517 F600
G01 X41.7409 Y7.8654 Z-0.8240 F600
G01 X41.7897 Y7.8089 Z-0.8496 F600
G01 X41.8402 Y7.6825 Z-0.8461 F600
G01 X41.8995 Y7.5601 Z-0.8401 F600
G01 X41.9043 Y7.4809 Z-0.8036 F600
G01 X41.9696 Y7.4400 Z-0.8325 F600
G01 X42.0087 Y7.3806 Z-0.8293 F600
G01 X42.0524 Y7.3214 Z-0.8238 F600
G01 X42.0960 Y7.2635 Z-0.8190 F600
G01 X42.1980 Y7.1470 Z-0.8077 F600
G01 X42.2396 Y7.1046 Z-0.8029 F600
G01 X42.2782 Y7.0671 Z-0.7993 F600
G01 X42.3193 Y7.0296 Z-0.7938 F600
G01 X42.3597 Y6.9934 Z-0.7889 F600
G01 X42.4483 Y6.9234 Z-0.7784 F600
G01 X42.4979 Y6.8870 Z-0.7710 F600
G01 X42.5437 Y6.8555 Z-0.7660 F600
G01 X42.6470 Y6.7902 Z-0.7524 F600
G01 X42.7086 Y6.7560 Z-0.7446 F600
G01 X42.7597 Y6.7290 Z-0.7391 F600
G01 X42.8276 Y6.6952 Z-0.7300 F600
G01 X42.8813 Y6.6705 Z-0.7243 F600
G01 X43.0131 Y6.6165 Z-0.7096 F600
G01 X43.0959 Y6.5879 Z-0.7012 F600
G01 X43.1551 Y6.5683 Z-0.6957 F600
G01 X43.2454 Y6.5416 Z-0.6865 F600
G01 X43.3074 Y6.5253 Z-0.6818 F600
G01 X43.4052 Y6.5018 Z-0.6726 F600
G01 X43.4700 Y6.4885 Z-0.6683 F600
G01 X43.5081 Y6.4814 Z-0.6656 F600
G01 X43.5754 Y6.4694 Z-0.6601 F600
G01 X43.6428 Y6.4587 Z-0.6558 F600
G01 X43.6856 Y6.4530 Z-0.6533 F600
G01 X43.7556 Y6.4444 Z-0.6485 F600
G01 X43.8256 Y6.4364 Z-0.6444 F600
G01 X43.8730 Y6.4325 Z-0.6422 F600
G01 X44.0182 Y6.4222 Z-0.6345 F600
G01 X44.0639 Y6.4204 Z-0.6328 F600
G01 X44.1886 Y6.4169 Z-0.6272 F600
G01 X44.2293 Y6.4165 Z-0.6254 F600
G01 X44.3525 Y6.4181 Z-0.6209 F600
G01 X44.3923 Y6.4190 Z-0.6191 F600
G01 X44.4532 Y6.4216 Z-0.6164 F600
G01 X44.5140 Y6.4248 Z-0.6145 F600
G01 X44.5529 Y6.4272 Z-0.6130 F600
G01 X44.6131 Y6.4315 Z-0.6100 F600
G01 X44.6732 Y6.4367 Z-0.6079 F600
G01 X44.7112 Y6.4407 Z-0.6066 F600
G01 X44.8302 Y6.4541 Z-0.6013 F600
G01 X44.8675 Y6.4592 Z-0.5999 F600
G01 X44.9849 Y6.4775 Z-0.5953 F600
G01 X45.0217 Y6.4835 Z-0.5935 F600
G01 X45.0797 Y6.4946 Z-0.5911 F600
G01 X45.1376 Y6.5062 Z-0.5891 F600
G01 X45.1738 Y6.5137 Z-0.5876 F600
G01 X45.2313 Y6.5264 Z-0.5846 F600
G01 X45.2884 Y6.5402 Z-0.5828 F600
G01 X45.3240 Y6.5493 Z-0.5815 F600
G01 X45.4373 Y6.5796 Z-0.5764 F600
G01 X45.4725 Y6.5903 Z-0.5753 F600
G01 X45.5841 Y6.6254 Z-0.5709 F600
G01 X45.6179 Y6.6365 Z-0.5692 F600
G01 X45.7292 Y6.6772 Z-0.5653 F600
G01 X45.7629 Y6.6900 Z-0.5638 F600
G01 X45.8194 Y6.7125 Z-0.5609 F600
G01 X45.8754 Y6.7362 Z-0.5594 F600
G01 X45.9114 Y6.7519 Z-0.5580 F600
G01 X45.9684 Y6.7774 Z-0.5551 F600
G01 X46.0250 Y6.8040 Z-0.5534 F600
G01 X46.0630 Y6.8227 Z-0.5522 F600
G01 X46.1204 Y6.8516 Z-0.5498 F600
G01 X46.1775 Y6.8810 Z-0.5479 F600
G01 X46.2174 Y6.9029 Z-0.5471 F600
G01 X46.3326 Y6.9679 Z-0.5435 F600
G01 X46.3741 Y6.9931 Z-0.5430 F600
G01 X46.4896 Y7.0651 Z-0.5406 F600
G01 X46.5327 Y7.0938 Z-0.5405 F600
G01 X46.6482 Y7.1730 Z-0.5398 F600
G01 X46.6923 Y7.2055 Z-0.5405 F600
G01 X46.8075 Y7.2924 Z-0.5420 F600
G01 X46.8523 Y7.3288 Z-0.5438 F600
G01 X46.9096 Y7.3760 Z-0.5456 F600
G01 X46.9665 Y7.4238 Z-0.5481 F600
G01 X47.0118 Y7.4642 Z-0.5511 F600
G01 X47.0687 Y7.5155 Z-0.5544 F600
G01 X47.1245 Y7.5679 Z-0.5591 F600
G01 X47.1522 Y7.5945 Z-0.5620 F600
G01 X47.1738 Y7.6147 Z-0.5645 F600
G01 X47.1961 Y7.6345 Z-0.5679 F600
G01 X47.2191 Y7.6540 Z-0.5721 F600
G01 X47.2387 Y7.6702 Z-0.5766 F600
G01 X47.2588 Y7.6866 Z-0.5822 F600
G01 X47.2794 Y7.7028 Z-0.5884 F600
G01 X47.3008 Y7.7188 Z-0.5953 F600
G01 X47.3230 Y7.7346 Z-0.6029 F600
G01 X47.3459 Y7.7503 Z-0.6112 F600
G01 X47.3697 Y7.7657 Z-0.6203 F600
G01 X47.3943 Y7.7813 Z-0.6305 F600
G01 X47.4198 Y7.7974 Z-0.6422 F600
G01 X47.4463 Y7.8134 Z-0.6549 F600
G01 X47.4684 Y7.8262 Z-0.6658 F600
G01 X47.4913 Y7.8389 Z-0.6775 F600
G01 X47.5150 Y7.8515 Z-0.6898 F600
G01 X47.5397 Y7.8640 Z-0.7030 F600
G01 X47.5652 Y7.8765 Z-0.7169 F600
G01 X47.5918 Y7.8894 Z-0.7323 F600
G01 X47.6196 Y7.9028 Z-0.7491 F600
G01 X47.6487 Y7.9162 Z-0.7671 F600
G01 X47.6790 Y7.9296 Z-0.7862 F600
G01 X47.7027 Y7.9396 Z-0.8013 F600
G01 X47.7272 Y7.9496 Z-0.8172 F600
G01 X47.7526 Y7.9596 Z-0.8338 F600
G01 X47.7789 Y7.9695 Z-0.8512 F600
G01 X47.8062 Y7.9796 Z-0.8698 F600
G01 X47.8348 Y7.9902 Z-0.8897 F600
G01 X47.8647 Y8.0012 Z-0.9112 F600
G01 X47.8959 Y8.0122 Z-0.9338 F600
G01 X47.9284 Y8.0232 Z-0.9575 F600
G01 X47.9623 Y8.0342 Z-0.9826 F600
G01 X47.9977 Y8.0452 Z-1.0090 F600
G01 X48.0471 Y7.9763 Z-0.9754 F600
G01 X48.0910 Y7.8947 Z-0.9350 F600
G01 X48.1254 Y7.8240 Z-0.9037 F600
G01 X48.1559 Y7.7556 Z-0.8771 F600
G01 X48.1825 Y7.6891 Z-0.8542 F600
G01 X48.2033 Y7.6312 Z-0.8368 F600
G01 X48.2215 Y7.5742 Z-0.8220 F600
G01 X48.2378 Y7.5184 Z-0.8100 F600
G01 X48.2502 Y7.4700 Z-0.8013 F600
G01 X48.2610 Y7.4219 Z-0.7942 F600
G01 X48.2701 Y7.3741 Z-0.7887 F600
G01 X48.2782 Y7.3266 Z-0.7852 F600
G01 X48.2842 Y7.2860 Z-0.7835 F600
G01 X48.2952 Y7.1904 Z-0.7824 F600
G01 X48.3006 Y7.1466 F600
G01 X48.3160 Y7.0416 Z-0.7822 F600
G01 X48.3261 Y6.9823 Z-0.7816 F600
G01 X48.3339 Y6.9408 Z-0.7817 F600
G01 X48.3537 Y6.8441 Z-0.7806 F600
G01 X48.3664 Y6.7910 Z-0.7800 F600
G01 X48.2465 Y6.6177 Z-0.6177 F600
G01 X48.1309 Y6.4570 Z-0.4570 F600
G01 X48.0541 Y6.3458 Z-0.3458 F600
G01 X47.9230 Y6.1472 Z-0.1472 F600
G01 X47.8484 Y6.0295 Z-0.0294 F600
G01 X47.9435 Y6.1793 Z-0.1793 F600
G01 X48.0193 Y6.2938 Z-0.2938 F600
G01 X48.0950 Y6.4050 Z-0.4050 F600
G01 X48.1708 Y6.5130 Z-0.5130 F600
G01 X48.2466 Y6.6178 Z-0.6178 F600
G01 X48.3224 Y6.7191 Z-0.7191 F600
G01 X48.3981 Y6.7566 Z-0.7566 F600
G01 X48.5497 Y6.6387 Z-0.6387 F600
G01 X48.7013 Y6.5251 Z-0.5251 F600
G01 X48.8528 Y6.4158 Z-0.4158 F600
G01 X49.0044 Y6.3112 Z-0.3112 F600
G01 X49.1559 Y6.2109 Z-0.2109 F600
G01 X49.2317 Y6.1622 Z-0.1622 F600
G01 X49.3833 Y6.0680 Z-0.0680 F600
G01 X49.4590 Y6.0227 Z-0.0227 F600
G01 X49.3508 Y6.0879 Z-0.0879 F600
G01 X49.2235 Y6.1674 Z-0.1674 F600
G01 X49.0942 Y6.2512 Z-0.2512 F600
G01 X48.9626 Y6.3397 Z-0.3397 F600
G01 X48.8283 Y6.4334 Z-0.4334 F600
G01 X48.6910 Y6.5327 Z-0.5327 F600
G01 X48.5504 Y6.6382 Z-0.6382 F600
G01 X48.4060 Y6.7504 Z-0.7504 F600
G01 X48.3684 Y6.7827 Z-0.7799 F600
G01 X48.3591 Y6.8214 Z-0.7804 F600
G01 X48.3449 Y6.8865 Z-0.7810 F600
G01 X48.3369 Y6.9255 Z-0.7816 F600
G01 X48.3294 Y6.9647 F600
G01 X48.3161 Y7.0413 Z-0.7822 F600
G01 X48.3028 Y7.1308 Z-0.7825 F600
G01 X48.2928 Y7.2120 Z-0.7826 F600
G01 X48.2865 Y7.2676 Z-0.7831 F600
G01 X48.2788 Y7.3231 Z-0.7850 F600
G01 X48.2644 Y7.4048 Z-0.7921 F600
G01 X48.2500 Y7.4706 Z-0.8014 F600
G01 X48.2328 Y7.5363 Z-0.8136 F600
G01 X48.2060 Y7.6229 Z-0.8345 F600
G01 X48.1787 Y7.6991 Z-0.8575 F600
G01 X48.1475 Y7.7751 Z-0.8843 F600
G01 X48.1090 Y7.8585 Z-0.9186 F600
G01 X48.0761 Y7.9235 Z-0.9488 F600
G01 X48.0402 Y7.9884 Z-0.9818 F600
G01 X48.0064 Y8.0534 Z-1.0129 F600
G01 X48.0242 Y8.1360 Z-0.9921 F600
G01 X48.0528 Y8.2860 Z-0.9588 F600
G01 X48.0654 Y8.3610 Z-0.9440 F600
G01 X48.0792 Y8.4486 Z-0.9279 F600
G01 X48.0917 Y8.5315 Z-0.9137 F600
G01 X48.1130 Y8.6974 Z-0.8887 F600
G01 X48.1298 Y8.8547 Z-0.8694 F600
G01 X48.1366 Y8.9275 Z-0.8616 F600
G01 X48.1488 Y9.0730 Z-0.8474 F600
G01 X48.1594 Y9.2336 Z-0.8353 F600
G01 X48.1640 Y9.3129 Z-0.8300 F600
G01 X48.1715 Y9.4714 Z-0.8213 F600
G01 X48.1790 Y9.6940 Z-0.8130 F600
G01 X48.1831 Y9.9085 Z-0.8085 F600
G01 X48.1845 Y10.2121 Z-0.8070 F600
G01 X48.1844 Y10.7442 Z-0.8071 F600
G01 X48.1818 Y10.8202 Z-0.8097 F600
G01 X48.1756 Y10.8962 Z-0.8159 F600
G01 X48.1658 Y10.9722 Z-0.8257 F600
G01 X48.1524 Y11.0482 Z-0.8390 F600
G01 X48.1355 Y11.1242 Z-0.8560 F600
G01 X48.1150 Y11.2003 Z-0.8765 F600
G01 X48.0909 Y11.2763 Z-0.9006 F600
G01 X48.0637 Y11.3523 Z-0.9278 F600
G00 Z6.0000 F480
G00 X51.4681 Y6.0380 F1000
G01 Z-0.0380 F600
G01 X52.2191 Y6.7890 Z-0.7890 F600
G01 X51.4301 Y6.0000 Z0.0000 F600
G01 X52.2282 Y6.7981 Z-0.7981 F600
G01 X52.9883 Y6.0380 Z-0.0380 F600
G01 X52.2372 Y6.7890 Z-0.7890 F600
G01 X52.2282 Y6.8642 Z-0.7981 F600
G01 Y18.1358 F600
G01 X52.2372 Y18.2110 Z-0.7890 F600
G01 X52.9887 Y18.9624 Z-0.0376 F600
G01 X52.2282 Y18.2019 Z-0.7981 F600
G01 X51.4301 Y19.0000 Z0.0000 F600
G01 X52.2191 Y18.2110 Z-0.7890 F600
G00 Z6.0000 F480
G00 X61.8316 F1000
G01 Z-0.7890 F600
G01 X61.0800 Y18.9626 Z-0.0374 F600
G01 X61.9028 Y18.1398 Z-0.8602 F600
G01 X62.7254 Y18.9624 Z-0.0376 F600
G01 X62.0491 Y18.2861 Z-0.7139 F600
G01 X61.9028 Y18.1358 Z-0.8602 F600
G01 Y6.8642 F600
G01 X61.9739 Y6.7890 Z-0.7890 F600
G01 X62.7256 Y6.0374 Z-0.0374 F600
G01 X61.9028 Y6.8602 Z-0.8602 F600
G01 X61.7565 Y6.7139 Z-0.7139 F600
G01 X61.0426 Y6.0000 Z0.0000 F600
G01 X61.9028 Y6.8602 Z-0.8602 F600
G01 X61.0426 Y6.0000 Z0.0000 F600
G01 X61.7565 Y6.7139 Z-0.7139 F600
G01 X61.0800 Y6.0374 Z-0.0374 F600
G00 Z6.0000 F480
G00 X65.6297 Y6.0380 F1000
G01 Z-0.0380 F600
G01 X66.3898 Y6.7981 Z-0.7981 F600
G01 X67.1499 Y6.0380 Z-0.0380 F600
G01 X66.4053 Y6.7827 Z-0.7827 F600
G01 X66.3898 Y6.8572 Z-0.7981 F600
G01 X66.3931 Y11.4736 Z-0.8014 F600
G01 X66.3969 Y11.6342 Z-0.8051 F600
G01 X66.4003 Y11.7411 Z-0.8086 F600
G01 X66.4066 Y11.8941 Z-0.8149 F600
G01 X66.4121 Y12.0006 Z-0.8203 F600
G01 X66.4209 Y12.1463 Z-0.8292 F600
G01 X66.4285 Y12.2532 Z-0.8368 F600
G01 X66.4399 Y12.3918 Z-0.8482 F600
G01 X66.4501 Y12.4999 Z-0.8584 F600
G01 X66.4641 Y12.6317 Z-0.8724 F600
G01 X66.4773 Y12.7421 Z-0.8856 F600
G01 X66.4940 Y12.8674 Z-0.9022 F600
G01 X66.5108 Y12.9815 Z-0.9191 F600
G01 X66.5302 Y13.1006 Z-0.9385 F600
G01 X66.5748 Y13.2458 Z-0.9481 F600
G01 X66.5300 Y13.2834 Z-0.9383 F600
G01 X66.4880 Y13.3634 Z-0.8962 F600
G01 X66.4519 Y13.4400 Z-0.8601 F600
G01 X66.4239 Y13.5064 Z-0.8322 F600
G01 X66.3997 Y13.5708 Z-0.8080 F600
G01 X66.3789 Y13.6334 Z-0.7872 F600
G01 X66.3631 Y13.6878 Z-0.7714 F600
G01 X66.3496 Y13.7412 Z-0.7579 F600
G01 X66.3382 Y13.7937 Z-0.7465 F600
G01 X66.3300 Y13.8390 Z-0.7382 F600
G01 X66.3232 Y13.8839 Z-0.7315 F600
G01 X66.3179 Y13.9284 Z-0.7261 F600
G01 X66.3139 Y13.9727 Z-0.7222 F600
G01 X66.3114 Y14.0167 Z-0.7196 F600
G01 X66.3102 Y14.0543 Z-0.7185 F600
G01 X66.3100 Y14.6364 Z-0.7183 F600
G01 X66.3216 Y14.7108 Z-0.7067 F600
G01 X66.9911 Y15.3803 Z-0.0372 F600
G01 X66.3100 Y14.6992 Z-0.7183 F600
G01 X65.6295 Y15.3797 Z-0.0378 F600
G01 X66.3018 Y14.7074 Z-0.7100 F600
G01 X65.6295 Y15.3797 Z-0.0378 F600
G01 X66.3100 Y14.6992 Z-0.7183 F600
G01 X66.9911 Y15.3803 Z-0.0372 F600
G01 X66.3216 Y14.7108 Z-0.7067 F600
G01 X66.3100 Y14.6364 Z-0.7183 F600
G01 X66.3102 Y14.0543 Z-0.7185 F600
G01 X66.3114 Y14.0167 Z-0.7196 F600
G01 X66.3139 Y13.9727 Z-0.7222 F600
G01 X66.3179 Y13.9284 Z-0.7261 F600
G01 X66.3232 Y13.8839 Z-0.7315 F600
G01 X66.3300 Y13.8390 Z-0.7382 F600
G01 X66.3382 Y13.7937 Z-0.7465 F600
G01 X66.3496 Y13.7412 Z-0.7579 F600
G01 X66.3631 Y13.6878 Z-0.7714 F600
G01 X66.3789 Y13.6334 Z-0.7872 F600
G01 X66.3997 Y13.5708 Z-0.8080 F600
G01 X66.4239 Y13.5064 Z-0.8322 F600
G01 X66.4519 Y13.4400 Z-0.8601 F600
G01 X66.4880 Y13.3634 Z-0.8962 F600
G01 X66.5300 Y13.2834 Z-0.9383 F600
G01 X66.5748 Y13.2458 Z-0.9481 F600
G01 X66.5515 Y13.2197 Z-0.9598 F600
G01 X66.6850 Y13.2879 Z-0.8619 F600
G01 X66.8259 Y13.3481 Z-0.7579 F600
G01 X66.9484 Y13.4085 Z-0.6747 F600
G01 X67.0535 Y13.4683 Z-0.6106 F600
G01 X67.1030 Y13.4994 Z-0.5839 F600
G01 X67.1500 Y13.5318 Z-0.5600 F600
G01 X67.2314 Y13.5938 Z-0.5255 F600
G01 X67.2709 Y13.6270 Z-0.5125 F600
G01 X67.3083 Y13.6617 Z-0.5021 F600
G01 X67.3743 Y13.7291 Z-0.4916 F600
G01 X67.4064 Y13.7654 Z-0.4909 F600
G01 X67.4367 Y13.8031 Z-0.4924 F600
G01 X67.4971 Y13.8765 Z-0.4988 F600
G01 X67.5591 Y13.9484 Z-0.5074 F600
G01 X67.6270 Y14.0207 Z-0.5168 F600
G01 X67.7193 Y14.1128 Z-0.5299 F600
G01 X67.7949 Y14.1823 Z-0.5396 F600
G01 X67.8918 Y14.2662 Z-0.5525 F600
G01 X67.9740 Y14.3307 Z-0.5618 F600
G01 X68.0756 Y14.4062 Z-0.5743 F600
G01 X68.1641 Y14.4649 Z-0.5831 F600
G01 X68.2172 Y14.4986 Z-0.5894 F600
G01 X68.2709 Y14.5310 Z-0.5943 F600
G01 X68.3650 Y14.5836 Z-0.6032 F600
G01 X68.4205 Y14.6127 Z-0.6089 F600
G01 X68.4768 Y14.6401 Z-0.6129 F600
G01 X68.5758 Y14.6860 Z-0.6218 F600
G01 X68.6925 Y14.7326 Z-0.6299 F600
G01 X68.7961 Y14.7700 Z-0.6376 F600
G01 X68.9171 Y14.8079 Z-0.6454 F600
G01 X69.0241 Y14.8363 Z-0.6515 F600
G01 X69.1495 Y14.8656 Z-0.6594 F600
G01 X69.2588 Y14.8852 Z-0.6642 F600
G01 X69.3236 Y14.8957 Z-0.6682 F600
G01 X69.3885 Y14.9049 Z-0.6710 F600
G01 X69.4992 Y14.9170 Z-0.6759 F600
G01 X69.5662 Y14.9233 Z-0.6799 F600
G01 X69.6331 Y14.9273 Z-0.6818 F600
G01 X69.7253 Y14.9318 Z-0.6856 F600
G01 X69.7674 Y14.9332 Z-0.6879 F600
G01 X69.8094 Y14.9341 Z-0.6897 F600
G01 X69.8838 Y14.9334 Z-0.6925 F600
G01 X69.9659 Y14.9317 Z-0.6966 F600
G01 X70.0413 Y14.9289 Z-0.7010 F600
G01 X70.1214 Y14.9234 Z-0.7051 F600
G01 X70.1976 Y14.9166 Z-0.7094 F600
G01 X70.2759 Y14.9076 Z-0.7140 F600
G01 X70.3528 Y14.8969 Z-0.7187 F600
G01 X70.4293 Y14.8846 Z-0.7238 F600
G01 X70.5068 Y14.8698 Z-0.7288 F600
G01 X70.5814 Y14.8539 Z-0.7343 F600
G01 X70.6592 Y14.8348 Z-0.7398 F600
G01 X70.6957 Y14.8252 Z-0.7430 F600
G01 X70.7320 Y14.8150 Z-0.7454 F600
G01 X70.8100 Y14.7917 Z-0.7517 F600
G01 X70.8455 Y14.7800 Z-0.7546 F600
G01 X70.8808 Y14.7680 Z-0.7573 F600
G01 X70.9584 Y14.7401 Z-0.7639 F600
G01 X71.0276 Y14.7127 Z-0.7698 F600
G01 X71.1043 Y14.6798 Z-0.7766 F600
G01 X71.1718 Y14.6490 Z-0.7831 F600
G01 X71.2462 Y14.6117 Z-0.7898 F600
G01 X71.2788 Y14.5948 Z-0.7933 F600
G01 X71.3843 Y14.5356 Z-0.8035 F600
G01 X71.4453 Y14.4981 Z-0.8094 F600
G01 X71.5176 Y14.4506 Z-0.8168 F600
G01 X71.5751 Y14.4103 Z-0.8228 F600
G01 X71.6457 Y14.3568 Z-0.8300 F600
G01 X71.6989 Y14.3129 Z-0.8350 F600
G01 X71.7663 Y14.2528 Z-0.8410 F600
G01 X71.8150 Y14.2052 Z-0.8447 F600
G01 X71.8775 Y14.1383 Z-0.8487 F600
G01 X71.9209 Y14.0866 Z-0.8504 F600
G01 X71.9764 Y14.0129 Z-0.8509 F600
G01 X72.0144 Y13.9574 Z-0.8506 F600
G01 X72.0633 Y13.8792 Z-0.8495 F600
G01 X72.0969 Y13.8208 Z-0.8485 F600
G01 X72.1397 Y13.7396 Z-0.8469 F600
G01 X72.1689 Y13.6784 Z-0.8455 F600
G01 X72.2054 Y13.5952 Z-0.8435 F600
G01 X72.2308 Y13.5315 Z-0.8420 F600
G01 X72.2614 Y13.4467 Z-0.8401 F600
G01 X72.2837 Y13.3785 Z-0.8388 F600
G01 X72.3077 Y13.2958 Z-0.8368 F600
G01 X72.3272 Y13.2210 Z-0.8350 F600
G01 X72.3456 Y13.1410 Z-0.8330 F600
G01 X72.3610 Y13.0594 Z-0.8298 F600
G01 X72.3737 Y12.9812 Z-0.8263 F600
G01 X72.3802 Y12.9372 Z-0.8247 F600
G01 X72.3861 Y12.8931 Z-0.8225 F600
G01 X72.3957 Y12.8162 Z-0.8195 F600
G01 X72.4056 Y12.7217 Z-0.8157 F600
G01 X72.4127 Y12.6456 Z-0.8130 F600
G01 X72.4207 Y12.5447 Z-0.8099 F600
G01 X72.4258 Y12.4687 Z-0.8077 F600
G01 X72.4320 Y12.3614 Z-0.8052 F600
G01 X72.4355 Y12.2849 Z-0.8035 F600
G01 X72.4398 Y12.1711 Z-0.8016 F600
G01 X72.4445 Y11.9735 Z-0.7993 F600
G01 X72.4465 Y11.6908 Z-0.7981 F600
G01 Y6.8668 F600
G01 X72.4398 Y6.7914 Z-0.7914 F600
G01 X71.6861 Y6.0377 Z-0.0377 F600
G01 X72.4465 Y6.7981 Z-0.7981 F600
G01 X73.2065 Y6.0380 Z-0.0380 F600
G01 X72.4549 Y6.7896 Z-0.7896 F600
G00 Z6.0000 F480
G00 X78.4064 Y6.6244 F1000
G01 Z-0.7423 F600
G01 X78.4526 Y6.6255 Z-0.7405 F600
G01 X78.4940 Y6.6269 Z-0.7389 F600
G01 X78.5306 Y6.6286 Z-0.7376 F600
G01 X78.5645 Y6.6344 Z-0.7325 F600
G01 X78.6327 Y6.7177 Z-0.6518 F600
G01 X78.7677 Y6.8868 Z-0.4913 F600
G01 X78.9483 Y7.1211 Z-0.2752 F600
G01 X79.1770 Y7.4277 Z0.0000 F600
G01 X79.0809 Y7.2977 Z-0.1158 F600
G01 X78.8842 Y7.0369 Z-0.3521 F600
G01 X78.7484 Y6.8624 Z-0.5142 F600
G01 X78.6077 Y6.6870 Z-0.6814 F600
G01 X78.5900 Y6.6079 Z-0.7117 F600
G01 X78.6723 Y6.5451 Z-0.6405 F600
G01 X78.8398 Y6.4201 Z-0.4954 F600
G01 X79.0977 Y6.2337 Z-0.2710 F600
G01 X79.3807 Y6.0363 Z-0.0235 F600
G01 X79.0745 Y6.2503 Z-0.2912 F600
G01 X78.8040 Y6.4465 Z-0.5265 F600
G01 X78.5944 Y6.6045 Z-0.7078 F600
G01 X78.5290 Y6.6285 Z-0.7376 F600
G01 X78.4901 Y6.6267 Z-0.7391 F600
G01 X78.4306 Y6.6250 Z-0.7413 F600
G01 X78.3730 Y6.6239 Z-0.7436 F600
G01 X78.2991 Y6.6244 Z-0.7470 F600
G01 X78.2456 Y6.6262 Z-0.7497 F600
G01 X78.1854 Y6.6290 Z-0.7528 F600
G01 X78.1289 Y6.6332 Z-0.7561 F600
G01 X78.0434 Y6.6413 Z-0.7623 F600
G01 X77.9896 Y6.6480 Z-0.7663 F600
G01 X77.9125 Y6.6594 Z-0.7733 F600
G01 X77.8615 Y6.6690 Z-0.7784 F600
G01 X77.7932 Y6.6830 Z-0.7859 F600
G01 X77.7451 Y6.6949 Z-0.7915 F600
G01 X77.6860 Y6.7107 Z-0.7991 F600
G01 X77.6408 Y6.7247 Z-0.8050 F600
G01 X77.5957 Y6.7394 Z-0.8115 F600
G01 X77.5489 Y6.7571 Z-0.8184 F600
G01 X77.4693 Y6.7904 Z-0.8306 F600
G01 X77.4017 Y6.8230 Z-0.8410 F600
G01 X77.3457 Y6.8539 Z-0.8491 F600
G01 X77.3005 Y6.8822 Z-0.8553 F600
G01 X77.2554 Y6.9136 Z-0.8604 F600
G01 X77.2084 Y6.9501 Z-0.8655 F600
G01 X77.1673 Y6.9850 Z-0.8694 F600
G01 X77.1005 Y7.0504 Z-0.8743 F600
G01 X77.0488 Y7.1114 Z-0.8755 F600
G01 X77.0065 Y7.1722 Z-0.8736 F600
G01 X76.9756 Y7.2267 Z-0.8691 F600
G01 X76.9583 Y7.2640 Z-0.8638 F600
G01 X76.9294 Y7.3373 Z-0.8528 F600
G01 X76.9105 Y7.3909 Z-0.8451 F600
G01 X76.8946 Y7.4426 Z-0.8376 F600
G01 X76.8738 Y7.5185 Z-0.8285 F600
G01 X76.8600 Y7.5772 Z-0.8217 F600
G01 X76.8411 Y7.6733 Z-0.8138 F600
G01 X76.8307 Y7.7390 Z-0.8092 F600
G01 X76.8213 Y7.8048 Z-0.8056 F600
G01 X76.8156 Y7.8534 Z-0.8035 F600
G01 X76.8080 Y7.9259 Z-0.8005 F600
G01 X76.8016 Y7.9985 Z-0.7987 F600
G01 X76.7972 Y8.0572 Z-0.7973 F600
G01 X76.7924 Y8.1364 Z-0.7957 F600
G01 X76.7855 Y8.2837 Z-0.7942 F600
G01 X76.7829 Y8.3696 Z-0.7936 F600
G01 X76.7783 Y14.1968 Z-0.7939 F600
G01 Y14.2454 Z-0.7967 F600
G01 Y14.2946 Z-0.8025 F600
G01 Y14.3447 Z-0.8114 F600
G01 Y14.4036 Z-0.8256 F600
G01 Y14.4727 Z-0.8473 F600
G01 Y14.5461 Z-0.8757 F600
G01 Y14.6342 Z-0.9164 F600
G01 Y14.7421 Z-0.9749 F600
G01 X76.7512 Y14.7967 Z-0.9864 F600
G01 X76.7114 Z-0.9558 F600
G01 X76.6741 Z-0.9277 F600
G01 X76.6388 Z-0.9018 F600
G01 X76.6054 Z-0.8779 F600
G01 X76.5737 Z-0.8557 F600
G01 X76.5436 Z-0.8353 F600
G01 X76.5148 Z-0.8163 F600
G01 X76.4873 Z-0.7987 F600
G01 X76.4610 Z-0.7824 F600
G01 X76.4274 Z-0.7625 F600
G01 X76.3955 Z-0.7444 F600
G01 X76.3650 Z-0.7280 F600
G01 X76.3358 Z-0.7132 F600
G01 X76.3078 Z-0.6998 F600
G01 X76.2807 Z-0.6877 F600
G01 X76.2546 Z-0.6769 F600
G01 X76.2292 Z-0.6672 F600
G01 X76.1984 Z-0.6565 F600
G01 X76.1685 Z-0.6474 F600
G01 X76.1394 Z-0.6397 F600
G01 X76.1109 Z-0.6335 F600
G01 X76.0830 Z-0.6285 F600
G01 X76.0499 Z-0.6242 F600
G01 X76.0172 Z-0.6216 F600
G01 X75.9847 Z-0.6207 F600
G01 X75.4360 F600
G01 X74.8141 Y14.1760 Z0.0000 F600
G01 X75.4349 Y14.7967 Z-0.6207 F600
G01 X74.8507 Y15.3809 Z-0.0366 F600
G01 X75.4360 Y14.7967 Z-0.6207 F600
G01 X76.0063 Z-0.6211 F600
G01 X76.0444 Z-0.6236 F600
G01 X76.0830 Z-0.6285 F600
G01 X76.1280 Z-0.6371 F600
G01 X76.1744 Z-0.6491 F600
G01 X76.2292 Z-0.6672 F600
G01 X76.2941 Z-0.6936 F600
G01 X76.3725 Z-0.7320 F600
G01 X76.4696 Z-0.7877 F600
G01 X76.6054 Z-0.8779 F600
G01 X76.7783 Y14.8085 Z-1.0004 F600
G01 Y14.8408 Z-0.9810 F600
G01 Y14.8821 Z-0.9573 F600
G01 Y14.9215 Z-0.9359 F600
G01 Y14.9592 Z-0.9164 F600
G01 Y14.9955 Z-0.8989 F600
G01 Y15.0304 Z-0.8830 F600
G01 Y15.0641 Z-0.8688 F600
G01 Y15.0968 Z-0.8560 F600
G01 Y15.1364 Z-0.8420 F600
G01 Y15.1748 Z-0.8299 F600
G01 Y15.2122 Z-0.8198 F600
G01 Y15.2488 Z-0.8114 F600
G01 Y15.2846 Z-0.8047 F600
G01 Y15.3270 Z-0.7988 F600
G01 Y15.3689 Z-0.7951 F600
G01 Y15.4105 Z-0.7937 F600
G01 Y17.2607 F600
G01 X76.7176 Y17.3359 Z-0.7329 F600
G01 X75.9847 Y17.7497 Z0.0000 F600
G01 X76.5757 Y17.4160 Z-0.5911 F600
G01 X76.7975 Y17.3355 Z-0.7745 F600
G01 X77.5509 Y18.6700 Z-0.0211 F600
G01 X76.7910 Y17.3241 Z-0.7809 F600
G01 X76.7783 Y17.2493 Z-0.7937 F600
G01 Y15.3967 Z-0.7939 F600
G01 Y15.3480 Z-0.7967 F600
G01 Y15.2988 Z-0.8025 F600
G01 Y15.2488 Z-0.8114 F600
G01 Y15.1899 Z-0.8256 F600
G01 Y15.1207 Z-0.8473 F600
G01 Y15.0474 Z-0.8757 F600
G01 Y14.9592 Z-0.9164 F600
G01 Y14.8514 Z-0.9749 F600
G01 X76.8054 Y14.7967 Z-0.9864 F600
G01 X76.8452 Z-0.9558 F600
G01 X76.8826 Z-0.9277 F600
G01 X76.9178 Z-0.9018 F600
G01 X76.9512 Z-0.8779 F600
G01 X76.9829 Z-0.8557 F600
G01 X77.0131 Z-0.8353 F600
G01 X77.0418 Z-0.8163 F600
G01 X77.0693 Z-0.7987 F600
G01 X77.0957 Z-0.7824 F600
G01 X77.1292 Z-0.7625 F600
G01 X77.1611 Z-0.7444 F600
G01 X77.1916 Z-0.7280 F600
G01 X77.2208 Z-0.7132 F600
G01 X77.2488 Z-0.6998 F600
G01 X77.2759 Z-0.6877 F600
G01 X77.3021 Z-0.6769 F600
G01 X77.3275 Z-0.6672 F600
G01 X77.3582 Z-0.6565 F600
G01 X77.3881 Z-0.6474 F600
G01 X77.4172 Z-0.6397 F600
G01 X77.4457 Z-0.6335 F600
G01 X77.4737 Z-0.6285 F600
G01 X77.5067 Z-0.6242 F600
G01 X77.5394 Z-0.6216 F600
G01 X77.5720 Z-0.6207 F600
G01 X78.5274 F600
G01 X78.6038 Y14.8442 Z-0.5732 F600
G01 X79.1405 Y15.3809 Z-0.0365 F600
G01 X78.5563 Y14.7967 Z-0.6207 F600
G01 X79.1388 Y14.2142 Z-0.0382 F600
G01 X78.6038 Y14.7492 Z-0.5732 F600
G00 Z6.0000 F480
G00 X81.8924 Y10.9580 F1000
G01 Z-0.6572 F600
G01 X81.9671 Y10.9570 Z-0.6562 F600
G01 X87.2719 Y10.9589 Z-0.6581 F600
G01 X87.3466 Y10.9650 Z-0.6641 F600
G01 X87.4213 Y10.9753 Z-0.6745 F600
G01 X87.4960 Y10.9899 Z-0.6891 F600
G01 X87.5707 Y11.0088 Z-0.7079 F600
G01 X87.6454 Y11.0319 Z-0.7310 F600
G01 X87.7202 Y11.0592 Z-0.7584 F600
G01 X87.7949 Y11.0908 Z-0.7900 F600
G01 X87.8696 Y11.1267 Z-0.8259 F600
G01 X87.9443 Y11.1668 Z-0.8660 F600
G01 X88.0190 Y11.1555 Z-0.8547 F600
G01 X88.1684 Y11.0140 Z-0.7132 F600
G01 X88.4673 Y10.7204 Z-0.4196 F600
G01 X88.8782 Y10.3008 Z0.0000 F600
G01 X88.4283 Y10.7589 Z-0.4581 F600
G01 X88.1301 Y11.0507 Z-0.7499 F600
G01 X88.0507 Y11.1257 Z-0.8248 F600
G01 X87.9858 Y11.2015 Z-0.8852 F600
G01 X88.0013 Y11.2819 Z-0.8651 F600
G01 X88.0155 Y11.4031 Z-0.8399 F600
G01 X88.0196 Y11.4809 Z-0.8280 F600
G01 X88.0202 Y11.5583 Z-0.8198 F600
G01 X88.0123 Y11.6727 Z-0.8122 F600
G01 X87.9937 Y11.8210 Z-0.8093 F600
G01 X87.9780 Y11.9282 Z-0.8053 F600
G01 X87.9539 Y12.0714 Z-0.8019 F600
G01 X87.9345 Y12.1721 Z-0.7976 F600
G01 X87.9199 Y12.2413 Z-0.7953 F600
G01 X87.9047 Y12.3103 Z-0.7937 F600
G01 X87.8817 Y12.4047 Z-0.7893 F600
G01 X87.8644 Y12.4714 Z-0.7866 F600
G01 X87.8462 Y12.5379 Z-0.7849 F600
G01 X87.8197 Y12.6263 Z-0.7804 F600
G01 X87.7997 Y12.6907 Z-0.7773 F600
G01 X87.7784 Y12.7545 Z-0.7756 F600
G01 X87.7255 Y12.8993 Z-0.7678 F600
G01 X87.7012 Y12.9606 Z-0.7661 F600
G01 X87.6547 Y13.0681 Z-0.7601 F600
G01 X87.6191 Y13.1469 Z-0.7566 F600
G01 X87.6017 Y13.1821 Z-0.7552 F600
G01 X87.5628 Y13.2580 Z-0.7508 F600
G01 X87.5232 Y13.3336 Z-0.7471 F600
G01 X87.4171 Y13.5108 Z-0.7381 F600
G01 X87.3003 Y13.6787 Z-0.7301 F600
G01 X87.2252 Y13.7726 Z-0.7262 F600
G01 X87.1723 Y13.8373 Z-0.7235 F600
G01 X87.1464 Y13.8670 Z-0.7222 F600
G01 X87.0335 Y13.9886 Z-0.7174 F600
G01 X87.0053 Y14.0176 Z-0.7159 F600
G01 X86.8875 Y14.1305 Z-0.7111 F600
G01 X86.8591 Y14.1565 Z-0.7097 F600
G01 X86.7363 Y14.2608 Z-0.7050 F600
G01 X86.7076 Y14.2842 Z-0.7035 F600
G01 X86.5798 Y14.3798 Z-0.6988 F600
G01 X86.4842 Y14.4447 Z-0.6948 F600
G01 X86.4177 Y14.4880 Z-0.6927 F600
G01 X86.3186 Y14.5466 Z-0.6886 F600
G01 X86.2495 Y14.5855 Z-0.6867 F600
G01 X86.2176 Y14.6028 Z-0.6852 F600
G01 X86.1464 Y14.6381 Z-0.6825 F600
G01 X86.0748 Y14.6725 Z-0.6808 F600
G01 X86.0408 Y14.6882 Z-0.6794 F600
G01 X85.9671 Y14.7191 Z-0.6767 F600
G01 X85.8930 Y14.7490 Z-0.6751 F600
G01 X85.8566 Y14.7630 Z-0.6738 F600
G01 X85.7803 Y14.7895 Z-0.6712 F600
G01 X85.7037 Y14.8148 Z-0.6699 F600
G01 X85.6643 Y14.8272 Z-0.6686 F600
G01 X85.5855 Y14.8491 Z-0.6663 F600
G01 X85.5064 Y14.8698 Z-0.6652 F600
G01 X85.4638 Y14.8804 Z-0.6640 F600
G01 X85.3824 Y14.8975 Z-0.6622 F600
G01 X85.3008 Y14.9136 Z-0.6613 F600
G01 X85.2546 Y14.9221 Z-0.6601 F600
G01 X85.1707 Y14.9342 Z-0.6589 F600
G01 X85.0867 Y14.9458 Z-0.6583 F600
G01 X85.0366 Y14.9519 Z-0.6573 F600
G01 X84.8638 Y14.9659 Z-0.6564 F600
G01 X84.8209 Y14.9687 Z-0.6561 F600
G01 X84.6212 Y14.9738 Z-0.6559 F600
G01 X84.5856 Y14.9733 Z-0.6563 F600
G01 X84.3794 Y14.9673 Z-0.6573 F600
G01 X84.3448 Y14.9653 Z-0.6576 F600
G01 X84.1444 Y14.9473 Z-0.6606 F600
G01 X84.1025 Y14.9426 Z-0.6608 F600
G01 X83.9296 Y14.9160 Z-0.6651 F600
G01 X83.8806 Y14.9077 Z-0.6657 F600
G01 X83.7967 Y14.8902 Z-0.6676 F600
G01 X83.7130 Y14.8714 Z-0.6708 F600
G01 X83.6680 Y14.8606 Z-0.6719 F600
G01 X83.5865 Y14.8392 Z-0.6732 F600
G01 X83.5057 Y14.8152 Z-0.6773 F600
G01 X83.4644 Y14.8022 Z-0.6787 F600
G01 X83.3856 Y14.7762 Z-0.6803 F600
G01 X83.3074 Y14.7480 Z-0.6841 F600
G01 X83.2693 Y14.7331 Z-0.6859 F600
G01 X83.1175 Y14.6702 Z-0.6911 F600
G01 X83.0823 Y14.6535 Z-0.6930 F600
G01 X82.9362 Y14.5807 Z-0.6995 F600
G01 X82.9029 Y14.5633 Z-0.7004 F600
G01 X82.8326 Y14.5224 Z-0.7038 F600
G01 X82.7626 Y14.4810 Z-0.7078 F600
G01 X82.7312 Y14.4617 Z-0.7090 F600
G01 X82.6628 Y14.4177 Z-0.7109 F600
G01 X82.5958 Y14.3714 Z-0.7155 F600
G01 X82.5659 Y14.3500 Z-0.7170 F600
G01 X82.5001 Y14.3014 Z-0.7191 F600
G01 X82.4352 Y14.2517 Z-0.7225 F600
G01 X82.4063 Y14.2278 Z-0.7243 F600
G01 X82.2808 Y14.1208 Z-0.7298 F600
G01 X82.2520 Y14.0948 Z-0.7311 F600
G01 X82.1326 Y13.9782 Z-0.7379 F600
G01 X82.1040 Y13.9493 Z-0.7390 F600
G01 X82.0462 Y13.8873 Z-0.7415 F600
G01 X81.9899 Y13.8239 Z-0.7459 F600
G01 X81.9640 Y13.7940 Z-0.7473 F600
G01 X81.9093 Y13.7284 Z-0.7492 F600
G01 X81.8564 Y13.6612 Z-0.7536 F600
G01 X81.8344 Y13.6317 Z-0.7553 F600
G01 X81.7346 Y13.4926 Z-0.7607 F600
G01 X81.7145 Y13.4614 Z-0.7625 F600
G01 X81.6241 Y13.3148 Z-0.7689 F600
G01 X81.6047 Y13.2820 Z-0.7697 F600
G01 X81.5637 Y13.2053 Z-0.7729 F600
G01 X81.5234 Y13.1282 Z-0.7768 F600
G01 X81.4815 Y13.0431 Z-0.7788 F600
G01 X81.4542 Y12.9828 Z-0.7814 F600
G01 X81.4277 Y12.9222 Z-0.7849 F600
G01 X81.3698 Y12.7790 Z-0.7887 F600
G01 X81.3465 Y12.7158 Z-0.7922 F600
G01 X81.2962 Y12.5642 Z-0.7973 F600
G01 X81.2751 Y12.4988 Z-0.7998 F600
G01 X81.2148 Y12.2704 Z-0.8088 F600
G01 X81.1936 Y12.1719 Z-0.8124 F600
G01 X81.1653 Y12.0305 Z-0.8186 F600
G01 X81.1476 Y11.9257 Z-0.8218 F600
G01 X81.1266 Y11.7790 Z-0.8291 F600
G01 X81.1130 Y11.6676 Z-0.8325 F600
G01 X81.1068 Y11.5915 Z-0.8372 F600
G01 X81.1040 Y11.5150 Z-0.8454 F600
G01 X81.1044 Y11.4749 Z-0.8507 F600
G01 X81.1087 Y11.3956 Z-0.8629 F600
G01 X81.1168 Y11.3160 Z-0.8788 F600
G01 X81.1284 Y11.2359 Z-0.8984 F600
G01 X81.1366 Y11.1932 Z-0.9099 F600
G01 X81.1561 Y11.1110 Z-0.9341 F600
G01 X81.1848 Y11.0007 Z-0.9691 F600
G01 X81.3364 Y10.9951 Z-0.8666 F600
G01 X81.4546 Y10.9871 Z-0.7945 F600
G01 X81.5412 Y10.9812 Z-0.7493 F600
G01 X81.6123 Y10.9764 Z-0.7179 F600
G01 X81.6718 Y10.9724 Z-0.6961 F600
G01 X81.7220 Y10.9690 Z-0.6813 F600
G01 X81.7703 Y10.9657 Z-0.6703 F600
G01 X81.8115 Y10.9630 Z-0.6636 F600
G01 X81.8520 Y10.9602 Z-0.6594 F600
G01 X81.8115 Y10.9630 Z-0.6636 F600
G01 X81.7703 Y10.9657 Z-0.6703 F600
G01 X81.7220 Y10.9690 Z-0.6813 F600
G01 X81.6718 Y10.9724 Z-0.6961 F600
G01 X81.6123 Y10.9764 Z-0.7179 F600
G01 X81.5412 Y10.9812 Z-0.7493 F600
G01 X81.4546 Y10.9871 Z-0.7945 F600
G01 X81.3364 Y10.9951 Z-0.8666 F600
G01 X81.1848 Y11.0007 Z-0.9691 F600
G01 X81.1795 Y11.0285 Z-0.9622 F600
G01 X81.1616 Y10.9485 Z-0.9489 F600
G01 X81.1144 Y10.8208 Z-0.9050 F600
G01 X81.0894 Y10.7377 Z-0.8815 F600
G01 X81.0686 Y10.6546 Z-0.8623 F600
G01 X81.0465 Y10.5239 Z-0.8387 F600
G01 X81.0383 Y10.4430 Z-0.8290 F600
G01 X81.0341 Y10.3621 Z-0.8232 F600
G01 X81.0339 Y10.3156 Z-0.8212 F600
G01 X81.0374 Y10.2374 Z-0.8201 F600
G01 X81.0479 Y10.0813 Z-0.8213 F600
G01 X81.0511 Y10.0394 Z-0.8211 F600
G01 X81.0586 Y9.9639 Z-0.8209 F600
G01 X81.0747 Y9.8130 Z-0.8215 F600
G01 X81.0897 Y9.7028 Z-0.8212 F600
G01 X81.1115 Y9.5570 Z-0.8213 F600
G01 X81.1306 Y9.4540 Z-0.8209 F600
G01 X81.1581 Y9.3134 Z-0.8206 F600
G01 X81.2141 Y9.0817 Z-0.8193 F600
G01 X81.2792 Y8.8618 Z-0.8173 F600
G01 X81.3531 Y8.6531 Z-0.8146 F600
G01 X81.4313 Y8.4651 Z-0.8112 F600
G01 X81.4842 Y8.3539 Z-0.8087 F600
G01 X81.5217 Y8.2768 Z-0.8070 F600
G01 X81.5792 Y8.1717 Z-0.8038 F600
G01 X81.6207 Y8.0979 Z-0.8019 F600
G01 X81.6829 Y7.9983 Z-0.7980 F600
G01 X81.7284 Y7.9278 Z-0.7959 F600
G01 X81.7956 Y7.8329 Z-0.7914 F600
G01 X81.8452 Y7.7656 Z-0.7890 F600
G01 X81.9178 Y7.6748 Z-0.7838 F600
G01 X81.9715 Y7.6109 Z-0.7814 F600
G01 X82.0501 Y7.5236 Z-0.7757 F600
G01 X82.1075 Y7.4634 Z-0.7732 F600
G01 X82.1908 Y7.3813 Z-0.7672 F600
G01 X82.2514 Y7.3256 Z-0.7651 F600
G01 X82.3386 Y7.2497 Z-0.7589 F600
G01 X82.4010 Y7.1966 Z-0.7548 F600
G01 X82.5586 Y7.0783 Z-0.7453 F600
G01 X82.6547 Y7.0130 Z-0.7382 F600
G01 X82.7238 Y6.9689 Z-0.7348 F600
G01 X82.8251 Y6.9081 Z-0.7268 F600
G01 X82.8970 Y6.8678 Z-0.7229 F600
G01 X83.0797 Y6.7760 Z-0.7109 F600
G01 X83.1167 Y6.7593 Z-0.7086 F600
G01 X83.2728 Y6.6951 Z-0.7002 F600
G01 X83.3137 Y6.6790 Z-0.6974 F600
G01 X83.3947 Y6.6506 Z-0.6926 F600
G01 X83.4762 Y6.6237 Z-0.6895 F600
G01 X83.5216 Y6.6095 Z-0.6870 F600
G01 X83.6057 Y6.5847 Z-0.6816 F600
G01 X83.6904 Y6.5629 Z-0.6791 F600
G01 X83.7297 Y6.5534 Z-0.6778 F600
G01 X83.8609 Y6.5241 Z-0.6711 F600
G01 X83.9268 Y6.5114 Z-0.6698 F600
G01 X84.0957 Y6.4849 Z-0.6642 F600
G01 X84.1638 Y6.4751 Z-0.6625 F600
G01 X84.2007 Y6.4713 Z-0.6622 F600
G01 X84.4120 Y6.4525 Z-0.6579 F600
G01 X84.4529 Y6.4504 Z-0.6577 F600
G01 X84.6710 Y6.4440 Z-0.6562 F600
G01 X84.7167 Y6.4439 Z-0.6559 F600
G01 X84.8779 Y6.4480 Z-0.6560 F600
G01 X84.9584 Y6.4514 Z-0.6575 F600
G01 X85.0032 Y6.4544 Z-0.6582 F600
G01 X85.0808 Y6.4606 Z-0.6584 F600
G01 X85.1583 Y6.4680 Z-0.6598 F600
G01 X85.2358 Y6.4765 Z-0.6623 F600
G01 X85.2751 Y6.4813 Z-0.6631 F600
G01 X85.3496 Y6.4926 Z-0.6643 F600
G01 X85.4984 Y6.5177 Z-0.6696 F600
G01 X85.5321 Y6.5244 Z-0.6707 F600
G01 X85.6747 Y6.5576 Z-0.6761 F600
G01 X85.7457 Y6.5752 Z-0.6799 F600
G01 X85.9102 Y6.6247 Z-0.6871 F600
G01 X85.9778 Y6.6474 Z-0.6921 F600
G01 X86.0659 Y6.6802 Z-0.6962 F600
G01 X86.1306 Y6.7058 Z-0.7001 F600
G01 X86.1949 Y6.7326 Z-0.7052 F600
G01 X86.2752 Y6.7690 Z-0.7090 F600
G01 X86.3976 Y6.8298 Z-0.7186 F600
G01 X86.4707 Y6.8697 Z-0.7224 F600
G01 X86.5866 Y6.9381 Z-0.7319 F600
G01 X86.6533 Y6.9813 Z-0.7355 F600
G01 X86.7628 Y7.0572 Z-0.7449 F600
G01 X86.8241 Y7.1038 Z-0.7483 F600
G01 X86.9273 Y7.1872 Z-0.7576 F600
G01 X86.9852 Y7.2381 Z-0.7610 F600
G01 X87.0817 Y7.3283 Z-0.7701 F600
G01 X87.1583 Y7.4067 Z-0.7753 F600
G01 X87.2180 Y7.4707 Z-0.7813 F600
G01 X87.2958 Y7.5608 Z-0.7865 F600
G01 X87.3510 Y7.6286 Z-0.7920 F600
G01 X87.4034 Y7.6969 Z-0.7951 F600
G01 X87.4421 Y7.7501 Z-0.7981 F600
G01 X87.4803 Y7.8037 Z-0.8020 F600
G01 X87.5225 Y7.8673 Z-0.8039 F600
G01 X87.5585 Y7.9230 Z-0.8061 F600
G01 X87.5936 Y7.9794 Z-0.8094 F600
G01 X87.6664 Y8.1060 Z-0.8122 F600
G01 X87.7089 Y8.1589 Z-0.8029 F600
G01 X87.9465 Y8.2846 Z-0.6489 F600
G01 X88.2050 Y8.4318 Z-0.4711 F600
G01 X88.4867 Y8.6034 Z-0.2663 F600
G01 X88.5509 Y8.6441 Z-0.2180 F600
G01 X88.7935 Y8.8024 Z-0.0311 F600
G01 X88.5441 Y8.6396 Z-0.2233 F600
G01 X88.4616 Y8.5880 Z-0.2846 F600
G01 X88.2146 Y8.4373 Z-0.4646 F600
G01 X87.9689 Y8.2968 Z-0.6341 F600
G01 X87.7244 Y8.1669 Z-0.7931 F600
G01 X87.6544 Y8.2160 Z-0.7529 F600
G01 X87.5303 Y8.4434 Z-0.5424 F600
G01 X87.3423 Y8.7701 Z-0.2413 F600
G01 X87.2161 Y8.9802 Z-0.0483 F600
G01 X87.3312 Y8.7887 Z-0.2242 F600
G00 Z6.0000 F480
G00 X90.8583 Y6.0380 F1000
G01 Z-0.0380 F600
G01 X91.6051 Y6.7848 Z-0.7848 F600
G01 X90.8203 Y6.0000 Z0.0000 F600
G01 X91.6184 Y6.7981 Z-0.7981 F600
G01 X92.3784 Y6.0380 Z-0.0380 F600
G01 X91.6321 Y6.7844 Z-0.7844 F600
G01 X91.6184 Y6.8591 Z-0.7981 F600
G01 X91.6207 Y11.1962 Z-0.8004 F600
G01 X91.6233 Y11.3279 Z-0.8031 F600
G01 X91.6257 Y11.4158 Z-0.8055 F600
G01 X91.6302 Y11.5456 Z-0.8099 F600
G01 X91.6338 Y11.6334 Z-0.8135 F600
G01 X91.6400 Y11.7613 Z-0.8198 F600
G01 X91.6449 Y11.8492 Z-0.8247 F600
G01 X91.6530 Y11.9754 Z-0.8327 F600
G01 X91.6592 Y12.0635 Z-0.8390 F600
G01 X91.6690 Y12.1882 Z-0.8488 F600
G01 X91.6767 Y12.2767 Z-0.8564 F600
G01 X91.6883 Y12.3998 Z-0.8681 F600
G01 X91.6974 Y12.4888 Z-0.8772 F600
G01 X91.7109 Y12.6106 Z-0.8906 F600
G01 X91.7216 Y12.7004 Z-0.9013 F600
G01 X91.7369 Y12.8209 Z-0.9166 F600
G01 X91.7492 Y12.9115 Z-0.9289 F600
G01 X91.7664 Y13.0309 Z-0.9461 F600
G01 X91.7810 Y13.1254 Z-0.9607 F600
G01 X91.9744 Y13.2269 Z-0.8134 F600
G01 X92.1559 Y13.3160 Z-0.6812 F600
G01 X92.2339 Y13.3603 Z-0.6299 F600
G01 X92.3055 Y13.4051 Z-0.5867 F600
G01 X92.3716 Y13.4509 Z-0.5509 F600
G01 X92.4304 Y13.4961 Z-0.5233 F600
G01 X92.4869 Y13.5442 Z-0.5015 F600
G01 X92.5363 Y13.5910 Z-0.4869 F600
G01 X92.5611 Y13.6163 Z-0.4817 F600
G01 X92.5849 Y13.6423 Z-0.4778 F600
G01 X92.6274 Y13.6925 Z-0.4751 F600
G01 X92.6489 Y13.7197 Z-0.4760 F600
G01 X92.6694 Y13.7478 Z-0.4783 F600
G01 X92.7081 Y13.8020 Z-0.4853 F600
G01 X92.7495 Y13.8580 Z-0.4939 F600
G01 X92.7908 Y13.9121 Z-0.5034 F600
G01 X92.8127 Y13.9394 Z-0.5086 F600
G01 X92.8347 Y13.9665 Z-0.5136 F600
G01 X92.8794 Y14.0198 Z-0.5247 F600
G01 X92.9256 Y14.0730 Z-0.5371 F600
G01 X92.9729 Y14.1245 Z-0.5496 F600
G01 X93.0214 Y14.1755 Z-0.5632 F600
G01 X93.0716 Y14.2262 Z-0.5778 F600
G01 X93.1217 Y14.2742 Z-0.5922 F600
G01 X93.1762 Y14.3246 Z-0.6088 F600
G01 X93.2281 Y14.3696 Z-0.6241 F600
G01 X93.2874 Y14.4192 Z-0.6424 F600
G01 X93.3143 Y14.4403 Z-0.6507 F600
G01 X93.3413 Y14.4612 Z-0.6586 F600
G01 X93.4056 Y14.5093 Z-0.6786 F600
G01 X93.4618 Y14.5478 Z-0.6951 F600
G01 X93.5315 Y14.5926 Z-0.7155 F600
G01 X93.5607 Y14.6102 Z-0.7239 F600
G01 X93.5901 Y14.6274 Z-0.7321 F600
G01 X93.6652 Y14.6667 Z-0.7511 F600
G01 X93.6960 Y14.6810 Z-0.7583 F600
G01 X93.7270 Y14.6946 Z-0.7646 F600
G01 X93.8068 Y14.7252 Z-0.7796 F600
G01 X93.8390 Y14.7361 Z-0.7853 F600
G01 X93.9541 Y14.7685 Z-0.8021 F600
G01 X94.0210 Y14.7824 Z-0.8097 F600
G01 X94.1054 Y14.7950 Z-0.8171 F600
G01 X94.1744 Y14.8015 Z-0.8215 F600
G01 X94.2604 Y14.8044 Z-0.8245 F600
G01 X94.3385 Y14.8031 Z-0.8254 F600
G01 X94.4261 Y14.7985 Z-0.8260 F600
G01 X94.5041 Y14.7913 Z-0.8257 F600
G01 X94.5907 Y14.7797 Z-0.8244 F600
G01 X94.6685 Y14.7666 Z-0.8228 F600
G01 X94.7535 Y14.7495 Z-0.8208 F600
G01 X94.8309 Y14.7306 Z-0.8179 F600
G01 X94.9137 Y14.7077 Z-0.8147 F600
G01 X95.0207 Y14.5016 Z-0.6451 F600
G01 X95.0723 Y14.3949 Z-0.5595 F600
G01 X95.1139 Y14.3059 Z-0.4896 F600
G01 X95.1623 Y14.1988 Z-0.4069 F600
G01 X95.1964 Y14.1208 Z-0.3479 F600
G01 X95.2419 Y14.0129 Z-0.2676 F600
G01 X95.2700 Y13.9439 Z-0.2173 F600
G01 X95.3130 Y13.8348 Z-0.1390 F600
G01 X95.3364 Y13.7732 Z-0.0956 F600
G01 X95.3770 Y13.6627 Z-0.0191 F600
G01 X95.3359 Y13.7744 Z-0.0965 F600
G01 X95.2629 Y13.9620 Z-0.2302 F600
G01 X95.1832 Y14.1521 Z-0.3711 F600
G01 X95.0963 Y14.3448 Z-0.5196 F600
G01 X95.0019 Y14.5403 Z-0.6762 F600
G01 X94.9511 Y14.6394 Z-0.7583 F600
G01 X94.9466 Y14.7213 Z-0.7910 F600
G01 X95.1415 Y14.8095 Z-0.6390 F600
G01 X95.3445 Y14.8946 Z-0.4784 F600
G01 X95.4482 Y14.9363 Z-0.3956 F600
G01 X95.8645 Y14.9422 Z-0.0074 F600
G01 X95.8915 Y15.0927 Z-0.0344 F600
G01 X95.8502 Y15.1589 Z-0.0069 F600
G01 X95.6430 Y15.0388 Z-0.2141 F600
G01 X95.5394 Y14.9763 Z-0.3177 F600
G01 X95.4475 Y14.9360 Z-0.3962 F600
G01 X95.3901 Y14.9133 Z-0.4421 F600
G01 X95.2240 Y14.8452 Z-0.5740 F600
G01 X95.1841 Y14.8282 Z-0.6056 F600
G01 X95.0038 Y14.7484 Z-0.7468 F600
G01 X94.9306 Y14.7138 Z-0.8034 F600
G01 X94.8716 Y14.7203 Z-0.8164 F600
G01 X94.7502 Y14.7503 Z-0.8209 F600
G01 X94.6875 Y14.7631 Z-0.8221 F600
G01 X94.6327 Y14.7732 Z-0.8241 F600
G01 X94.5729 Y14.7825 Z-0.8245 F600
G01 X94.5185 Y14.7899 Z-0.8256 F600
G01 X94.4068 Y14.8002 Z-0.8260 F600
G01 X94.3510 Y14.8027 Z-0.8254 F600
G01 X94.2971 Y14.8044 Z-0.8255 F600
G01 X94.2031 Y14.8031 Z-0.8223 F600
G01 X94.1440 Y14.7988 Z-0.8197 F600
G01 X94.0864 Y14.7927 Z-0.8154 F600
G01 X94.0297 Y14.7840 Z-0.8105 F600
G01 X93.9733 Y14.7727 Z-0.8045 F600
G01 X93.9160 Y14.7592 Z-0.7967 F600
G01 X93.8577 Y14.7420 Z-0.7883 F600
G01 X93.7972 Y14.7219 Z-0.7778 F600
G01 X93.7344 Y14.6977 Z-0.7660 F600
G01 X93.6786 Y14.6730 Z-0.7542 F600
G01 X93.6194 Y14.6436 Z-0.7394 F600
G01 X93.5442 Y14.6002 Z-0.7192 F600
G01 X93.4966 Y14.5714 Z-0.7055 F600
G01 X93.4119 Y14.5135 Z-0.6805 F600
G01 X93.3517 Y14.4693 Z-0.6617 F600
G01 X93.3081 Y14.4355 Z-0.6489 F600
G01 X93.2395 Y14.3795 Z-0.6274 F600
G01 X93.1949 Y14.3409 Z-0.6144 F600
G01 X93.1200 Y14.2725 Z-0.5917 F600
G01 X93.0745 Y14.2290 Z-0.5786 F600
G01 X93.0415 Y14.1966 Z-0.5689 F600
G01 X92.9493 Y14.0995 Z-0.5431 F600
G01 X92.9139 Y14.0595 Z-0.5340 F600
G01 X92.8674 Y14.0060 Z-0.5215 F600
G01 X92.8225 Y13.9514 Z-0.5108 F600
G01 X92.7850 Y13.9046 Z-0.5019 F600
G01 X92.7399 Y13.8450 Z-0.4919 F600
G01 X92.6955 Y13.7850 Z-0.4827 F600
G01 X92.6741 Y13.7546 Z-0.4790 F600
G01 X92.6571 Y13.7307 Z-0.4768 F600
G01 X92.6395 Y13.7076 Z-0.4755 F600
G01 X92.6212 Y13.6850 Z-0.4751 F600
G01 X92.6025 Y13.6628 Z-0.4758 F600
G01 X92.5862 Y13.6438 Z-0.4777 F600
G01 X92.5693 Y13.6251 Z-0.4803 F600
G01 X92.5518 Y13.6066 Z-0.4836 F600
G01 X92.5336 Y13.5884 Z-0.4876 F600
G01 X92.5147 Y13.5704 Z-0.4923 F600
G01 X92.4954 Y13.5521 Z-0.4985 F600
G01 X92.4752 Y13.5337 Z-0.5057 F600
G01 X92.4542 Y13.5155 Z-0.5137 F600
G01 X92.4321 Y13.4974 Z-0.5226 F600
G01 X92.4089 Y13.4794 Z-0.5326 F600
G01 X92.3888 Y13.4639 Z-0.5421 F600
G01 X92.3679 Y13.4482 Z-0.5528 F600
G01 X92.3460 Y13.4325 Z-0.5644 F600
G01 X92.3230 Y13.4167 Z-0.5769 F600
G01 X92.2989 Y13.4009 Z-0.5904 F600
G01 X92.2736 Y13.3850 Z-0.6050 F600
G01 X92.2524 Y13.3717 Z-0.6181 F600
G01 X92.2303 Y13.3581 Z-0.6322 F600
G01 X92.2071 Y13.3444 Z-0.6473 F600
G01 X92.1828 Y13.3306 Z-0.6633 F600
G01 X92.1573 Y13.3168 Z-0.6803 F600
G01 X92.1306 Y13.3028 Z-0.6984 F600
G01 X92.1025 Y13.2884 Z-0.7182 F600
G01 X92.0727 Y13.2731 Z-0.7399 F600
G01 X92.0493 Y13.2615 Z-0.7572 F600
G01 X92.0248 Y13.2499 Z-0.7754 F600
G01 X91.9993 Y13.2381 Z-0.7946 F600
G01 X91.9727 Y13.2262 Z-0.8147 F600
G01 X91.9449 Y13.2142 Z-0.8359 F600
G01 X91.9157 Y13.2017 Z-0.8587 F600
G01 X91.8848 Y13.1886 Z-0.8834 F600
G01 X91.8522 Y13.1750 Z-0.9097 F600
G01 X91.8180 Y13.1613 Z-0.9375 F600
G01 X91.7837 Y13.1505 Z-0.9635 F600
G01 X91.7381 Y13.2325 Z-0.9179 F600
G01 X91.6990 Y13.3108 Z-0.8787 F600
G01 X91.6654 Y13.3860 Z-0.8451 F600
G01 X91.6394 Y13.4514 Z-0.8192 F600
G01 X91.6171 Y13.5148 Z-0.7968 F600
G01 X91.5999 Y13.5698 Z-0.7797 F600
G01 X91.5852 Y13.6237 Z-0.7649 F600
G01 X91.5727 Y13.6767 Z-0.7524 F600
G01 X91.5622 Y13.7288 Z-0.7420 F600
G01 X91.5548 Y13.7739 Z-0.7345 F600
G01 X91.5487 Y13.8186 Z-0.7285 F600
G01 X91.5441 Y13.8629 Z-0.7239 F600
G01 X91.5409 Y13.9070 Z-0.7207 F600
G01 X91.5392 Y13.9447 Z-0.7190 F600
G01 X91.5386 Y13.9824 Z-0.7183 F600
G01 X91.5385 Y14.6285 F600
G01 X91.5430 Y14.7036 Z-0.7138 F600
G01 X92.2193 Y15.3799 Z-0.0376 F600
G01 X91.5385 Y14.6992 Z-0.7183 F600
G01 X90.8203 Y15.4175 Z0.0000 F600
G01 X91.5303 Y14.7074 Z-0.7100 F600
G00 Z6.0000 F480
G00 X98.0336 Y14.7967 F1000
G01 Z-0.9864 F600
G01 X97.9938 Z-0.9558 F600
G01 X97.9564 Z-0.9277 F600
G01 X97.9212 Z-0.9018 F600
G01 X97.8878 Z-0.8779 F600
G01 X97.8561 Z-0.8557 F600
G01 X97.8260 Z-0.8353 F600
G01 X97.7972 Z-0.8163 F600
G01 X97.7697 Z-0.7987 F600
G01 X97.7434 Z-0.7824 F600
G01 X97.7098 Z-0.7625 F600
G01 X97.6779 Z-0.7444 F600
G01 X97.6474 Z-0.7280 F600
G01 X97.6182 Z-0.7132 F600
G01 X97.5902 Z-0.6998 F600
G01 X97.5631 Z-0.6877 F600
G01 X97.5369 Z-0.6769 F600
G01 X97.5116 Z-0.6672 F600
G01 X97.4808 Z-0.6565 F600
G01 X97.4509 Z-0.6474 F600
G01 X97.4218 Z-0.6397 F600
G01 X97.3933 Z-0.6335 F600
G01 X97.3654 Z-0.6285 F600
G01 X97.3323 Z-0.6242 F600
G01 X97.2996 Z-0.6216 F600
G01 X97.2670 Z-0.6207 F600
G01 X96.4879 F600
G01 X96.4137 Y14.7325 Z-0.5566 F600
G01 X95.8936 Y14.2125 Z-0.0365 F600
G01 X96.4048 Y14.7237 Z-0.5477 F600
G01 X96.4376 Y14.7967 Z-0.5805 F600
G01 X96.0311 Y14.8698 Z-0.1740 F600
G01 X95.8646 Y14.9428 Z-0.0075 F600
G01 X95.8908 Y15.0888 Z-0.0337 F600
G01 X95.8576 Y15.1619 Z-0.0005 F600
G01 X95.9830 Y15.2349 Z-0.1259 F600
G01 X95.9666 Y15.3079 Z-0.1095 F600
G01 X95.8571 Y15.4175 Z0.0000 F600
G01 X95.9684 Y15.3062 Z-0.1113 F600
G01 X96.0426 Y15.2482 Z-0.1693 F600
G01 X96.1168 Y15.2130 Z-0.2044 F600
G01 X96.1910 Y15.1596 Z-0.2579 F600
G01 X96.2652 Y15.0879 Z-0.3295 F600
G01 X96.3394 Y14.9980 Z-0.4195 F600
G01 X96.4879 Y14.7967 Z-0.6207 F600
G01 X97.2887 Z-0.6211 F600
G01 X97.3268 Z-0.6236 F600
G01 X97.3654 Z-0.6285 F600
G01 X97.4104 Z-0.6371 F600
G01 X97.4568 Z-0.6491 F600
G01 X97.5116 Z-0.6672 F600
G01 X97.5765 Z-0.6936 F600
G01 X97.6549 Z-0.7320 F600
G01 X97.7520 Z-0.7877 F600
G01 X97.8878 Z-0.8779 F600
G01 X98.0607 Y14.8085 Z-1.0004 F600
G01 Y14.8408 Z-0.9810 F600
G01 Y14.8821 Z-0.9573 F600
G01 Y14.9215 Z-0.9359 F600
G01 Y14.9592 Z-0.9164 F600
G01 Y14.9955 Z-0.8989 F600
G01 Y15.0304 Z-0.8830 F600
G01 Y15.0641 Z-0.8688 F600
G01 Y15.0968 Z-0.8560 F600
G01 Y15.1364 Z-0.8420 F600
G01 Y15.1748 Z-0.8299 F600
G01 Y15.2122 Z-0.8198 F600
G01 Y15.2488 Z-0.8114 F600
G01 Y15.2846 Z-0.8047 F600
G01 Y15.3270 Z-0.7988 F600
G01 Y15.3689 Z-0.7951 F600
G01 Y15.4105 Z-0.7937 F600
G01 X98.0608 Y16.3039 F600
G01 X98.0622 Y16.4431 Z-0.7949 F600
G01 X98.0635 Y16.5047 Z-0.7956 F600
G01 X98.0656 Y16.5663 Z-0.7972 F600
G01 X98.0699 Y16.6689 Z-0.7990 F600
G01 X98.0765 Y16.7663 Z-0.8024 F600
G01 X98.0808 Y16.8213 Z-0.8039 F600
G01 X98.0894 Y16.9098 Z-0.8076 F600
G01 X98.1053 Y17.0408 Z-0.8131 F600
G01 X98.1246 Y17.1585 Z-0.8198 F600
G01 X98.1328 Y17.2036 Z-0.8219 F600
G01 X98.1453 Y17.2625 Z-0.8261 F600
G01 X98.1649 Y17.3459 Z-0.8312 F600
G01 X98.1769 Y17.3906 Z-0.8335 F600
G01 X98.1990 Y17.4619 Z-0.8384 F600
G01 X98.2182 Y17.5176 Z-0.8409 F600
G01 X98.2404 Y17.5726 Z-0.8422 F600
G01 X98.2733 Y17.6424 Z-0.8441 F600
G01 X98.3079 Y17.7089 Z-0.8438 F600
G01 X98.3463 Y17.7719 Z-0.8437 F600
G01 X98.3876 Y17.8328 Z-0.8425 F600
G01 X98.4325 Y17.8925 Z-0.8400 F600
G01 X98.4829 Y17.9503 Z-0.8380 F600
G01 X98.5377 Y18.0082 Z-0.8341 F600
G01 X98.5991 Y18.0647 Z-0.8307 F600
G01 X98.6671 Y18.1210 Z-0.8264 F600
G01 X98.7337 Y18.1697 Z-0.8221 F600
G01 X98.8006 Y18.2121 Z-0.8173 F600
G01 X98.8781 Y18.2555 Z-0.8102 F600
G01 X98.9679 Y18.2977 Z-0.8021 F600
G01 X99.0191 Y18.3199 Z-0.7973 F600
G01 X99.0706 Y18.3385 Z-0.7926 F600
G01 X99.1319 Y18.3602 Z-0.7873 F600
G01 X99.1866 Y18.3772 Z-0.7817 F600
G01 X99.2583 Y18.3969 Z-0.7765 F600
G01 X99.3164 Y18.4112 Z-0.7711 F600
G01 X99.3982 Y18.4288 Z-0.7655 F600
G01 X99.4597 Y18.4400 Z-0.7607 F600
G01 X99.5514 Y18.4546 Z-0.7549 F600
G01 X99.6812 Y18.4702 Z-0.7470 F600
G01 X99.7177 Y18.4732 Z-0.7454 F600
G01 X99.7858 Y18.4781 Z-0.7418 F600
G01 X99.8882 Y18.4839 Z-0.7376 F600
G01 X100.0083 Y18.4872 Z-0.7326 F600
G01 X100.1321 Y18.4863 Z-0.7288 F600
G01 X100.1795 Y18.4855 Z-0.7270 F600
G01 X100.2596 Y18.4827 Z-0.7249 F600
G01 X100.3907 Y18.4758 Z-0.7213 F600
G01 X100.4893 Y18.4687 Z-0.7189 F600
G01 X100.5254 Y18.4656 Z-0.7181 F600
G01 X100.5802 Y18.5004 Z-0.6772 F600
G01 X100.6801 Y18.5748 Z-0.5913 F600
G01 X100.9648 Y18.7817 Z-0.3458 F600
G01 X101.3204 Y19.0318 Z-0.0377 F600
G01 X101.1468 Y18.9108 Z-0.1883 F600
G01 X100.8065 Y18.6676 Z-0.4824 F600
G01 X100.5582 Y18.4839 Z-0.6961 F600
G01 X100.5801 Y18.4047 Z-0.6611 F600
G01 X100.7801 Y18.1440 Z-0.4198 F600
G01 X100.9712 Y17.8848 Z-0.1875 F600
G01 X101.1108 Y17.6891 Z-0.0167 F600
G01 X100.9726 Y17.8829 Z-0.1858 F600
G00 Z6.0000 F480
G00 X100.6517 Y14.2142 F1000
G01 Z-0.0382 F600
G01 X100.5752 Y14.2907 Z-0.1147 F600
G01 X100.1163 Y14.7496 Z-0.5736 F600
G01 X100.0399 Y14.7967 Z-0.6207 F600
G01 X100.1163 Y14.8438 Z-0.5736 F600
G01 X100.6535 Y15.3809 Z-0.0365 F600
G01 X100.0692 Y14.7967 Z-0.6207 F600
G01 X100.0399 F600
G01 X98.8327 Z-0.6211 F600
G01 X98.7946 Z-0.6236 F600
G01 X98.7560 Z-0.6285 F600
G01 X98.7111 Z-0.6371 F600
G01 X98.6646 Z-0.6491 F600
G01 X98.6098 Z-0.6672 F600
G01 X98.5449 Z-0.6936 F600
G01 X98.4665 Z-0.7320 F600
G01 X98.3694 Z-0.7877 F600
G01 X98.2336 Z-0.8779 F600
G01 X98.0607 Y14.7850 Z-1.0004 F600
G01 Y14.7526 Z-0.9810 F600
G01 Y14.7113 Z-0.9573 F600
G01 Y14.6719 Z-0.9359 F600
G01 Y14.6342 Z-0.9164 F600
G01 Y14.5980 Z-0.8989 F600
G01 Y14.5631 Z-0.8830 F600
G01 Y14.5293 Z-0.8688 F600
G01 Y14.4966 Z-0.8560 F600
G01 Y14.4570 Z-0.8420 F600
G01 Y14.4186 Z-0.8299 F600
G01 Y14.3812 Z-0.8198 F600
G01 Y14.3447 Z-0.8114 F600
G01 Y14.3088 Z-0.8047 F600
G01 Y14.2664 Z-0.7988 F600
G01 Y14.2245 Z-0.7951 F600
G01 Y6.8626 Z-0.7937 F600
G01 X98.0668 Y6.7876 Z-0.7876 F600
G01 X98.8166 Y6.0378 Z-0.0378 F600
G01 X98.0607 Y6.7937 Z-0.7937 F600
G01 X97.3045 Y6.0375 Z-0.0375 F600
G01 X98.0546 Y6.7876 Z-0.7876 F600
G00 Z6.0000 F480
G00 X102.2494 Y8.3205 F1000
G01 Z-0.8525 F600
G01 X102.2458 Y8.3977 Z-0.8517 F600
G01 X102.2429 Y8.4750 Z-0.8516 F600
G01 X102.2425 Y8.5320 Z-0.8506 F600
G01 X102.2437 Y8.5831 F600
G01 X102.2459 Y8.6281 Z-0.8496 F600
G01 X102.2489 Y8.6766 Z-0.8491 F600
G01 X102.2580 Y8.7672 Z-0.8474 F600
G01 X102.2642 Y8.8107 Z-0.8463 F600
G01 X102.2711 Y8.8551 Z-0.8456 F600
G01 X102.2789 Y8.8980 Z-0.8439 F600
G01 X102.2874 Y8.9408 Z-0.8429 F600
G01 X102.2974 Y8.9829 Z-0.8414 F600
G01 X102.3193 Y9.0663 Z-0.8380 F600
G01 X102.3448 Y9.1483 Z-0.8341 F600
G01 X102.3569 Y9.1898 Z-0.8301 F600
G01 X102.3746 Y9.2292 Z-0.8300 F600
G01 X102.3905 Y9.2699 Z-0.8276 F600
G01 X102.4081 Y9.3097 Z-0.8250 F600
G01 X102.4279 Y9.3532 Z-0.8224 F600
G01 X102.4468 Y9.3922 Z-0.8193 F600
G01 X102.4697 Y9.4367 Z-0.8167 F600
G01 X102.4902 Y9.4741 Z-0.8138 F600
G01 X102.5137 Y9.5162 Z-0.8108 F600
G01 X102.5602 Y9.5917 Z-0.8052 F600
G01 X102.5833 Y9.6264 Z-0.8021 F600
G01 X102.6091 Y9.6637 Z-0.7995 F600
G01 X102.6334 Y9.6972 Z-0.7961 F600
G01 X102.6599 Y9.7328 Z-0.7931 F600
G01 X102.7135 Y9.7989 Z-0.7867 F600
G01 X102.7405 Y9.8298 Z-0.7831 F600
G01 X102.7699 Y9.8622 Z-0.7800 F600
G01 X102.7981 Y9.8919 Z-0.7762 F600
G01 X102.8289 Y9.9235 Z-0.7726 F600
G01 X102.8913 Y9.9822 Z-0.7651 F600
G01 X102.9222 Y10.0094 Z-0.7610 F600
G01 X102.9612 Y10.0421 Z-0.7568 F600
G01 X102.9934 Y10.0681 Z-0.7526 F600
G01 X103.0384 Y10.1029 Z-0.7478 F600
G01 X103.1186 Y10.1611 Z-0.7394 F600
G01 X103.2020 Y10.2163 Z-0.7317 F600
G01 X103.2376 Y10.2382 Z-0.7286 F600
G01 X103.2887 Y10.2686 Z-0.7248 F600
G01 X103.3252 Y10.2894 Z-0.7216 F600
G01 X103.3785 Y10.3181 Z-0.7183 F600
G01 X103.4161 Y10.3376 Z-0.7155 F600
G01 X103.4715 Y10.3648 Z-0.7123 F600
G01 X103.5102 Y10.3828 Z-0.7100 F600
G01 X103.5677 Y10.4086 Z-0.7069 F600
G01 X103.6671 Y10.4493 Z-0.7022 F600
G01 X103.7699 Y10.4867 Z-0.6983 F600
G01 X103.8117 Y10.5005 Z-0.6968 F600
G01 X103.8638 Y10.5172 Z-0.6954 F600
G01 X103.8963 Y10.5269 Z-0.6939 F600
G01 X103.9482 Y10.5416 Z-0.6920 F600
G01 X104.0445 Y10.5670 Z-0.6882 F600
G01 X104.0836 Y10.5764 Z-0.6869 F600
G01 X104.1946 Y10.6024 Z-0.6830 F600
G01 X104.2369 Y10.6115 Z-0.6819 F600
G01 X104.3623 Y10.6375 Z-0.6781 F600
G01 X104.4986 Y10.6636 Z-0.6746 F600
G01 X104.6455 Y10.6894 Z-0.6713 F600
G01 X104.8540 Y10.7230 Z-0.6672 F600
G01 X104.9123 Y10.7317 Z-0.6663 F600
G01 X105.5175 Y10.8161 Z-0.6583 F600
G01 X105.8828 Y10.8705 Z-0.6535 F600
G01 X106.1613 Y10.9163 Z-0.6491 F600
G01 X106.2282 Y10.9278 Z-0.6477 F600
G01 X106.4677 Y10.9714 Z-0.6433 F600
G01 X106.5461 Y10.9865 Z-0.6413 F600
G01 X106.7063 Y11.0184 Z-0.6380 F600
G01 X106.9357 Y11.0677 Z-0.6318 F600
G01 X107.1403 Y11.1159 Z-0.6253 F600
G01 X107.2298 Y11.1386 Z-0.6221 F600
G01 X107.3978 Y11.1833 Z-0.6155 F600
G01 X107.4934 Y11.2110 Z-0.6110 F600
G01 X107.5705 Y11.2341 Z-0.6076 F600
G01 X107.6472 Y11.2585 Z-0.6029 F600
G01 X107.7381 Y11.2880 Z-0.5980 F600
G01 X107.8090 Y11.3088 Z-0.5977 F600
G01 X107.8813 Y11.3251 Z-0.6019 F600
G01 X107.9737 Y11.3402 Z-0.6145 F600
G01 X108.0424 Y11.3475 Z-0.6289 F600
G01 X108.1124 Y11.3512 Z-0.6471 F600
G01 X108.1686 Y11.3516 Z-0.6644 F600
G01 X108.2257 Z-0.6858 F600
G01 X108.2943 Z-0.7167 F600
G01 X108.3779 Z-0.7612 F600
G01 X108.4926 Z-0.8319 F600
G01 X108.6335 Y11.3618 Z-0.9241 F600
G01 X108.6482 Y11.4018 Z-0.9094 F600
G01 X108.6618 Y11.4412 Z-0.8958 F600
G01 X108.6742 Y11.4800 Z-0.8834 F600
G01 X108.6855 Y11.5183 Z-0.8721 F600
G01 X108.6958 Y11.5561 Z-0.8618 F600
G01 X108.7052 Y11.5935 Z-0.8525 F600
G01 X108.7135 Y11.6305 Z-0.8441 F600
G01 X108.7210 Y11.6672 Z-0.8367 F600
G01 X108.7275 Y11.7036 Z-0.8301 F600
G01 X108.7333 Y11.7396 Z-0.8244 F600
G01 X108.7390 Y11.7827 Z-0.8186 F600
G01 X108.7436 Y11.8254 Z-0.8141 F600
G01 X108.7470 Y11.8679 Z-0.8106 F600
G01 X108.7493 Y11.9103 Z-0.8083 F600
G01 X108.7505 Y11.9526 Z-0.8071 F600
G01 X108.7538 Y12.3418 Z-0.8022 F600
G01 X108.7532 Y12.4443 Z-0.8016 F600
G01 X108.7503 Y12.5705 Z-0.8018 F600
G01 X108.7464 Y12.6736 Z-0.8029 F600
G01 X108.7399 Y12.7924 Z-0.8054 F600
G01 X108.7319 Y12.8974 Z-0.8085 F600
G01 X108.7211 Y13.0088 Z-0.8129 F600
G01 X108.7080 Y13.1167 Z-0.8180 F600
G01 X108.7006 Y13.1689 Z-0.8212 F600
G01 X108.6925 Y13.2210 Z-0.8238 F600
G01 X108.6721 Y13.3326 Z-0.8303 F600
G01 X108.6611 Y13.3810 Z-0.8329 F600
G01 X108.6486 Y13.4291 Z-0.8340 F600
G01 X108.6147 Y13.5429 Z-0.8375 F600
G01 X108.5995 Y13.5873 Z-0.8390 F600
G01 X108.5839 Y13.6315 Z-0.8401 F600
G01 X108.5369 Y13.7470 Z-0.8427 F600
G01 X108.5183 Y13.7876 Z-0.8438 F600
G01 X108.4989 Y13.8277 Z-0.8441 F600
G01 X108.4363 Y13.9424 Z-0.8448 F600
G01 X108.4137 Y13.9786 Z-0.8449 F600
G01 X108.3904 Y14.0144 Z-0.8441 F600
G01 X108.3094 Y14.1234 Z-0.8406 F600
G01 X108.2823 Y14.1546 Z-0.8387 F600
G01 X108.2546 Y14.1854 Z-0.8361 F600
G01 X108.1541 Y14.2814 Z-0.8250 F600
G01 X108.0916 Y14.3332 Z-0.8177 F600
G01 X107.9822 Y14.4135 Z-0.8050 F600
G01 X107.9364 Y14.4440 Z-0.8002 F600
G01 X107.8901 Y14.4738 Z-0.7945 F600
G01 X107.7776 Y14.5402 Z-0.7821 F600
G01 X107.7284 Y14.5670 Z-0.7775 F600
G01 X107.6786 Y14.5930 Z-0.7720 F600
G01 X107.5647 Y14.6478 Z-0.7611 F600
G01 X107.5119 Y14.6709 Z-0.7566 F600
G01 X107.4588 Y14.6933 Z-0.7514 F600
G01 X107.3445 Y14.7368 Z-0.7411 F600
G01 X107.2314 Y14.7747 Z-0.7313 F600
G01 X107.1178 Y14.8079 Z-0.7218 F600
G01 X107.0579 Y14.8238 Z-0.7176 F600
G01 X106.9976 Y14.8388 Z-0.7125 F600
G01 X106.8856 Y14.8642 Z-0.7048 F600
G01 X106.7584 Y14.8886 Z-0.6966 F600
G01 X106.6475 Y14.9067 Z-0.6900 F600
G01 X106.5132 Y14.9254 Z-0.6833 F600
G01 X106.4034 Y14.9376 Z-0.6782 F600
G01 X106.3326 Y14.9443 Z-0.6759 F600
G01 X106.2617 Y14.9501 Z-0.6727 F600
G01 X106.1524 Y14.9576 Z-0.6693 F600
G01 X106.0031 Y14.9642 Z-0.6650 F600
G01 X105.8938 Y14.9671 Z-0.6628 F600
G01 X105.7369 Y14.9679 Z-0.6599 F600
G01 X105.6341 Y14.9665 Z-0.6582 F600
G01 X105.4879 Y14.9620 Z-0.6564 F600
G01 X105.3913 Y14.9569 Z-0.6549 F600
G01 X105.2530 Y14.9477 Z-0.6536 F600
G01 X105.1575 Y14.9390 Z-0.6523 F600
G01 X105.0923 Y14.9323 Z-0.6522 F600
G01 X105.0271 Y14.9249 Z-0.6514 F600
G01 X104.9325 Y14.9125 Z-0.6508 F600
G01 X104.8712 Y14.9036 Z-0.6511 F600
G01 X104.8099 Y14.8937 Z-0.6504 F600
G01 X104.7157 Y14.8772 Z-0.6506 F600
G01 X104.6583 Y14.8658 Z-0.6511 F600
G01 X104.6009 Y14.8538 Z-0.6510 F600
G01 X104.5066 Y14.8327 Z-0.6522 F600
G01 X104.3994 Y14.8048 Z-0.6533 F600
G01 X104.3047 Y14.7779 Z-0.6554 F600
G01 X104.2048 Y14.7461 Z-0.6579 F600
G01 X104.1094 Y14.7125 Z-0.6611 F600
G01 X104.0166 Y14.6768 Z-0.6652 F600
G01 X103.9203 Y14.6355 Z-0.6699 F600
G01 X103.8773 Y14.6158 Z-0.6729 F600
G01 X103.8344 Y14.5956 Z-0.6754 F600
G01 X103.7374 Y14.5457 Z-0.6822 F600
G01 X103.6977 Y14.5235 Z-0.6857 F600
G01 X103.6584 Y14.5009 Z-0.6885 F600
G01 X103.5622 Y14.4414 Z-0.6976 F600
G01 X103.4877 Y14.3908 Z-0.7053 F600
G01 X103.3977 Y14.3235 Z-0.7152 F600
G01 X103.3614 Y14.2945 Z-0.7200 F600
G01 X103.3259 Y14.2647 Z-0.7236 F600
G01 X103.2429 Y14.1905 Z-0.7336 F600
G01 X103.2084 Y14.1569 Z-0.7381 F600
G01 X103.1742 Y14.1231 Z-0.7422 F600
G01 X103.0996 Y14.0426 Z-0.7511 F600
G01 X103.0354 Y13.9658 Z-0.7581 F600
G01 X102.9704 Y13.8797 Z-0.7645 F600
G01 X102.9114 Y13.7933 Z-0.7694 F600
G01 X102.8556 Y13.7034 Z-0.7735 F600
G01 X102.8282 Y13.6558 Z-0.7757 F600
G01 X102.8015 Y13.6079 Z-0.7770 F600
G01 X102.7537 Y13.5155 Z-0.7796 F600
G01 X102.7285 Y13.4636 Z-0.7813 F600
G01 X102.7042 Y13.4112 Z-0.7819 F600
G01 X102.7450 Y13.2858 Z-0.6960 F600
G01 X102.8446 Y13.1174 Z-0.5426 F600
G01 X102.9161 Y12.9998 Z-0.4358 F600
G01 X103.0221 Y12.8305 Z-0.2823 F600
G01 X103.0856 Y12.7315 Z-0.1928 F600
G01 X103.2261 Y12.5177 Z0.0000 F600
G01 X103.0694 Y12.7562 Z-0.2151 F600
G01 X102.9449 Y12.9538 Z-0.3941 F600
G01 X102.8212 Y13.1569 Z-0.5786 F600
G01 X102.6983 Y13.3656 Z-0.7688 F600
G01 X102.6192 Y13.3412 Z-0.7339 F600
G01 X102.4548 Y13.2458 Z-0.6172 F600
G01 X102.2897 Y13.1454 Z-0.4954 F600
G01 X102.1240 Y13.0401 Z-0.3686 F600
G01 X101.8743 Y12.8748 Z-0.1712 F600
G01 X101.7029 Y12.7564 Z-0.0307 F600
G01 X101.8527 Y12.8599 Z-0.1534 F600
G00 Z6.0000 F480
G00 X102.2458 Y8.3977 F1000
G01 Z-0.8517 F600
G01 X102.2494 Y8.3205 Z-0.8525 F600
G01 X102.2677 Y8.1602 Z-0.8533 F600
G01 X102.2821 Y8.0831 Z-0.8531 F600
G01 X102.2965 Y8.0116 Z-0.8535 F600
G01 X102.3143 Y7.9417 Z-0.8517 F600
G01 X102.3071 Y7.8654 Z-0.8240 F600
G01 X102.3559 Y7.8089 Z-0.8496 F600
G01 X102.4064 Y7.6825 Z-0.8461 F600
G01 X102.4657 Y7.5601 Z-0.8401 F600
G01 X102.4705 Y7.4809 Z-0.8036 F600
G01 X102.5358 Y7.4400 Z-0.8325 F600
G01 X102.5749 Y7.3806 Z-0.8293 F600
G01 X102.6186 Y7.3214 Z-0.8238 F600
G01 X102.6622 Y7.2635 Z-0.8190 F600
G01 X102.7642 Y7.1470 Z-0.8077 F600
G01 X102.8058 Y7.1046 Z-0.8029 F600
G01 X102.8443 Y7.0671 Z-0.7993 F600
G01 X102.8855 Y7.0296 Z-0.7938 F600
G01 X102.9259 Y6.9934 Z-0.7889 F600
G01 X103.0145 Y6.9234 Z-0.7784 F600
G01 X103.0640 Y6.8870 Z-0.7710 F600
G01 X103.1098 Y6.8555 Z-0.7660 F600
G01 X103.2132 Y6.7902 Z-0.7524 F600
G01 X103.2748 Y6.7560 Z-0.7446 F600
G01 X103.3258 Y6.7290 Z-0.7391 F600
G01 X103.3938 Y6.6952 Z-0.7300 F600
G01 X103.4475 Y6.6705 Z-0.7243 F600
G01 X103.5792 Y6.6165 Z-0.7096 F600
G01 X103.6621 Y6.5879 Z-0.7012 F600
G01 X103.7213 Y6.5683 Z-0.6957 F600
G01 X103.8115 Y6.5416 Z-0.6865 F600
G01 X103.8736 Y6.5253 Z-0.6818 F600
G01 X103.9714 Y6.5018 Z-0.6726 F600
G01 X104.0362 Y6.4885 Z-0.6683 F600
G01 X104.0743 Y6.4814 Z-0.6656 F600
G01 X104.1416 Y6.4694 Z-0.6601 F600
G01 X104.2089 Y6.4587 Z-0.6558 F600
G01 X104.2518 Y6.4530 Z-0.6533 F600
G01 X104.3218 Y6.4444 Z-0.6485 F600
G01 X104.3918 Y6.4364 Z-0.6444 F600
G01 X104.4392 Y6.4325 Z-0.6422 F600
G01 X104.5844 Y6.4222 Z-0.6345 F600
G01 X104.6301 Y6.4204 Z-0.6328 F600
G01 X104.7547 Y6.4169 Z-0.6272 F600
G01 X104.7955 Y6.4165 Z-0.6254 F600
G01 X104.9186 Y6.4181 Z-0.6209 F600
G01 X104.9584 Y6.4190 Z-0.6191 F600
G01 X105.0193 Y6.4216 Z-0.6164 F600
G01 X105.0802 Y6.4248 Z-0.6145 F600
G01 X105.1190 Y6.4272 Z-0.6130 F600
G01 X105.1793 Y6.4315 Z-0.6100 F600
G01 X105.2394 Y6.4367 Z-0.6079 F600
G01 X105.2774 Y6.4407 Z-0.6066 F600
G01 X105.3964 Y6.4541 Z-0.6013 F600
G01 X105.4337 Y6.4592 Z-0.5999 F600
G01 X105.5511 Y6.4775 Z-0.5953 F600
G01 X105.5879 Y6.4835 Z-0.5935 F600
G01 X105.6459 Y6.4946 Z-0.5911 F600
G01 X105.7038 Y6.5062 Z-0.5891 F600
G01 X105.7400 Y6.5137 Z-0.5876 F600
G01 X105.7974 Y6.5264 Z-0.5846 F600
G01 X105.8546 Y6.5402 Z-0.5828 F600
G01 X105.8902 Y6.5493 Z-0.5815 F600
G01 X106.0035 Y6.5796 Z-0.5764 F600
G01 X106.0386 Y6.5903 Z-0.5753 F600
G01 X106.1503 Y6.6254 Z-0.5709 F600
G01 X106.1840 Y6.6365 Z-0.5692 F600
G01 X106.2953 Y6.6772 Z-0.5653 F600
G01 X106.3291 Y6.6900 Z-0.5638 F600
G01 X106.3856 Y6.7125 Z-0.5609 F600
G01 X106.4416 Y6.7362 Z-0.5594 F600
G01 X106.4775 Y6.7519 Z-0.5580 F600
G01 X106.5346 Y6.7774 Z-0.5551 F600
G01 X106.5911 Y6.8040 Z-0.5534 F600
G01 X106.6291 Y6.8227 Z-0.5522 F600
G01 X106.6865 Y6.8516 Z-0.5498 F600
G01 X106.7437 Y6.8810 Z-0.5479 F600
G01 X106.7835 Y6.9029 Z-0.5471 F600
G01 X106.8987 Y6.9679 Z-0.5435 F600
G01 X106.9403 Y6.9931 Z-0.5430 F600
G01 X107.0558 Y7.0651 Z-0.5406 F600
G01 X107.0988 Y7.0938 Z-0.5405 F600
G01 X107.2143 Y7.1730 Z-0.5398 F600
G01 X107.2585 Y7.2055 Z-0.5405 F600
G01 X107.3736 Y7.2924 Z-0.5420 F600
G01 X107.4185 Y7.3288 Z-0.5437 F600
G01 X107.4758 Y7.3760 Z-0.5456 F600
G01 X107.5327 Y7.4238 Z-0.5481 F600
G01 X107.5780 Y7.4642 Z-0.5511 F600
G01 X107.6348 Y7.5155 Z-0.5544 F600
G01 X107.6907 Y7.5679 Z-0.5591 F600
G01 X107.7183 Y7.5945 Z-0.5620 F600
G01 X107.7399 Y7.6147 Z-0.5645 F600
G01 X107.7622 Y7.6345 Z-0.5679 F600
G01 X107.7853 Y7.6539 Z-0.5721 F600
G01 X107.8049 Y7.6702 Z-0.5766 F600
G01 X107.8249 Y7.6866 Z-0.5822 F600
G01 X107.8456 Y7.7028 Z-0.5884 F600
G01 X107.8670 Y7.7188 Z-0.5953 F600
G01 X107.8892 Y7.7346 Z-0.6029 F600
G01 X107.9121 Y7.7503 Z-0.6112 F600
G01 X107.9358 Y7.7657 Z-0.6203 F600
G01 X107.9605 Y7.7813 Z-0.6305 F600
G01 X107.9859 Y7.7974 Z-0.6421 F600
G01 X108.0125 Y7.8134 Z-0.6549 F600
G01 X108.0346 Y7.8262 Z-0.6658 F600
G01 X108.0575 Y7.8388 Z-0.6775 F600
G01 X108.0812 Y7.8515 Z-0.6898 F600
G01 X108.1058 Y7.8640 Z-0.7029 F600
G01 X108.1314 Y7.8765 Z-0.7169 F600
G01 X108.1580 Y7.8894 Z-0.7323 F600
G01 X108.1858 Y7.9028 Z-0.7491 F600
G01 X108.2148 Y7.9162 Z-0.7671 F600
G01 X108.2452 Y7.9296 Z-0.7862 F600
G01 X108.2688 Y7.9396 Z-0.8013 F600
G01 X108.2934 Y7.9496 Z-0.8172 F600
G01 X108.3187 Y7.9596 Z-0.8338 F600
G01 X108.3450 Y7.9695 Z-0.8512 F600
G01 X108.3724 Y7.9796 Z-0.8698 F600
G01 X108.4010 Y7.9902 Z-0.8897 F600
G01 X108.4309 Y8.0012 Z-0.9112 F600
G01 X108.4621 Y8.0122 Z-0.9338 F600
G01 X108.4946 Y8.0232 Z-0.9575 F600
G01 X108.5285 Y8.0342 Z-0.9826 F600
G01 X108.5639 Y8.0452 Z-1.0090 F600
G01 X108.6133 Y7.9763 Z-0.9754 F600
G01 X108.6572 Y7.8947 Z-0.9350 F600
G01 X108.6916 Y7.8240 Z-0.9037 F600
G01 X108.7220 Y7.7557 Z-0.8771 F600
G01 X108.7487 Y7.6891 Z-0.8542 F600
G01 X108.7694 Y7.6312 Z-0.8368 F600
G01 X108.7877 Y7.5742 Z-0.8220 F600
G01 X108.8039 Y7.5184 Z-0.8100 F600
G01 X108.8163 Y7.4700 Z-0.8013 F600
G01 X108.8271 Y7.4219 Z-0.7942 F600
G01 X108.8363 Y7.3741 Z-0.7887 F600
G01 X108.8444 Y7.3266 Z-0.7852 F600
G01 X108.8503 Y7.2860 Z-0.7835 F600
G01 X108.8614 Y7.1904 Z-0.7824 F600
G01 X108.8668 Y7.1466 F600
G01 X108.8822 Y7.0416 Z-0.7822 F600
G01 X108.8923 Y6.9823 Z-0.7816 F600
G01 X108.9001 Y6.9408 Z-0.7817 F600
G01 X108.9199 Y6.8441 Z-0.7806 F600
G01 X108.9326 Y6.7910 Z-0.7800 F600
G01 X108.8127 Y6.6177 Z-0.6177 F600
G01 X108.6971 Y6.4569 Z-0.4569 F600
G01 X108.6203 Y6.3457 Z-0.3457 F600
G01 X108.4891 Y6.1472 Z-0.1472 F600
G01 X108.4146 Y6.0294 Z-0.0294 F600
G01 X108.5096 Y6.1793 Z-0.1793 F600
G01 X108.5854 Y6.2938 Z-0.2938 F600
G01 X108.6612 Y6.4050 Z-0.4050 F600
G01 X108.7370 Y6.5129 Z-0.5129 F600
G01 X108.8128 Y6.6178 Z-0.6178 F600
G01 X108.8885 Y6.7191 Z-0.7191 F600
G01 X108.9643 Y6.7566 Z-0.7566 F600
G01 X109.1159 Y6.6387 Z-0.6387 F600
G01 X109.2674 Y6.5251 Z-0.5251 F600
G01 X109.4190 Y6.4158 Z-0.4158 F600
G01 X109.5705 Y6.3112 Z-0.3112 F600
G01 X109.7221 Y6.2109 Z-0.2109 F600
G01 X109.7979 Y6.1622 Z-0.1622 F600
G01 X109.9494 Y6.0680 Z-0.0680 F600
G01 X110.0252 Y6.0227 Z-0.0227 F600
G01 X109.9170 Y6.0879 Z-0.0879 F600
G01 X109.7897 Y6.1674 Z-0.1674 F600
G01 X109.6604 Y6.2512 Z-0.2512 F600
G01 X109.5288 Y6.3397 Z-0.3397 F600
G01 X109.3945 Y6.4334 Z-0.4334 F600
G01 X109.2572 Y6.5327 Z-0.5327 F600
G01 X109.1165 Y6.6382 Z-0.6382 F600
G01 X108.9722 Y6.7504 Z-0.7504 F600
G01 X108.9346 Y6.7827 Z-0.7799 F600
G01 X108.9253 Y6.8214 Z-0.7804 F600
G01 X108.9110 Y6.8865 Z-0.7811 F600
G01 X108.9030 Y6.9255 Z-0.7816 F600
G01 X108.8956 Y6.9647 F600
G01 X108.8822 Y7.0413 Z-0.7822 F600
G01 X108.8690 Y7.1308 Z-0.7825 F600
G01 X108.8590 Y7.2120 Z-0.7826 F600
G01 X108.8527 Y7.2676 Z-0.7831 F600
G01 X108.8450 Y7.3231 Z-0.7850 F600
G01 X108.8306 Y7.4048 Z-0.7921 F600
G01 X108.8162 Y7.4706 Z-0.8014 F600
G01 X108.7989 Y7.5363 Z-0.8136 F600
G01 X108.7722 Y7.6229 Z-0.8345 F600
G01 X108.7449 Y7.6991 Z-0.8575 F600
G01 X108.7137 Y7.7751 Z-0.8843 F600
G01 X108.6752 Y7.8585 Z-0.9186 F600
G01 X108.6422 Y7.9235 Z-0.9488 F600
G01 X108.6064 Y7.9884 Z-0.9818 F600
G01 X108.5726 Y8.0534 Z-1.0129 F600
G01 X108.5904 Y8.1360 Z-0.9921 F600
G01 X108.6190 Y8.2860 Z-0.9588 F600
G01 X108.6315 Y8.3609 Z-0.9440 F600
G01 X108.6454 Y8.4486 Z-0.9279 F600
G01 X108.6578 Y8.5315 Z-0.9137 F600
G01 X108.6792 Y8.6974 Z-0.8887 F600
G01 X108.6960 Y8.8547 Z-0.8694 F600
G01 X108.7028 Y8.9275 Z-0.8616 F600
G01 X108.7149 Y9.0730 Z-0.8474 F600
G01 X108.7256 Y9.2336 Z-0.8353 F600
G01 X108.7302 Y9.3129 Z-0.8300 F600
G01 X108.7377 Y9.4714 Z-0.8213 F600
G01 X108.7452 Y9.6940 Z-0.8130 F600
G01 X108.7492 Y9.9085 Z-0.8085 F600
G01 X108.7507 Y10.2121 Z-0.8070 F600
G01 X108.7506 Y10.7442 Z-0.8071 F600
G01 X108.7480 Y10.8202 Z-0.8097 F600
G01 X108.7417 Y10.8962 Z-0.8159 F600
G01 X108.7320 Y10.9722 Z-0.8257 F600
G01 X108.7186 Y11.0482 Z-0.8390 F600
G01 X108.7017 Y11.1242 Z-0.8560 F600
G01 X108.6811 Y11.2003 Z-0.8765 F600
G01 X108.6570 Y11.2763 Z-0.9006 F600
G01 X108.6298 Y11.3523 Z-0.9278 F600
G00 Z6.0000 F480
G00 X113.2814 Y7.5484 F1000
G01 Z-0.7499 F600
G01 X113.3354 Y7.4872 Z-0.7453 F600
G01 X113.3912 Y7.4277 Z-0.7432 F600
G01 X113.5309 Y7.2887 Z-0.7343 F600
G01 X113.6169 Y7.2135 Z-0.7299 F600
G01 X113.6775 Y7.1618 Z-0.7269 F600
G01 X113.7657 Y7.0912 Z-0.7204 F600
G01 X113.8295 Y7.0444 Z-0.7183 F600
G01 X113.9221 Y6.9804 Z-0.7125 F600
G01 X113.9877 Y6.9363 Z-0.7086 F600
G01 X114.1540 Y6.8396 Z-0.7008 F600
G01 X114.2560 Y6.7866 Z-0.6948 F600
G01 X114.3278 Y6.7524 Z-0.6926 F600
G01 X114.3615 Y6.7370 Z-0.6910 F600
G01 X114.4352 Y6.7046 Z-0.6863 F600
G01 X114.5096 Y6.6743 Z-0.6837 F600
G01 X114.5466 Y6.6607 Z-0.6827 F600
G01 X114.7003 Y6.6068 Z-0.6758 F600
G01 X114.7408 Y6.5943 Z-0.6743 F600
G01 X114.9007 Y6.5513 Z-0.6699 F600
G01 X114.9449 Y6.5401 Z-0.6680 F600
G01 X115.0275 Y6.5224 Z-0.6653 F600
G01 X115.1103 Y6.5065 Z-0.6644 F600
G01 X115.1588 Y6.4979 Z-0.6632 F600
G01 X115.2440 Y6.4840 Z-0.6601 F600
G01 X115.3296 Y6.4731 Z-0.6599 F600
G01 X115.3714 Y6.4684 Z-0.6596 F600
G01 X115.5035 Y6.4559 Z-0.6568 F600
G01 X115.5696 Y6.4512 Z-0.6569 F600
G01 X115.6044 Y6.4497 Z-0.6571 F600
G01 X115.8086 Y6.4437 Z-0.6559 F600
G01 X115.8493 Y6.4442 Z-0.6564 F600
G01 X115.9946 Y6.4480 Z-0.6571 F600
G01 X116.0373 Y6.4498 Z-0.6570 F600
G01 X116.1792 Y6.4612 Z-0.6590 F600
G01 X116.2190 Y6.4649 Z-0.6592 F600
G01 X116.2884 Y6.4731 Z-0.6597 F600
G01 X116.3575 Y6.4828 Z-0.6615 F600
G01 X116.3946 Y6.4884 Z-0.6621 F600
G01 X116.4622 Y6.4996 Z-0.6623 F600
G01 X116.5296 Y6.5125 Z-0.6644 F600
G01 X116.5640 Y6.5199 Z-0.6653 F600
G01 X116.6957 Y6.5502 Z-0.6675 F600
G01 X116.7276 Y6.5589 Z-0.6686 F600
G01 X116.8556 Y6.5967 Z-0.6722 F600
G01 X116.9476 Y6.6279 Z-0.6744 F600
G01 X117.0096 Y6.6507 Z-0.6770 F600
G01 X117.0982 Y6.6856 Z-0.6787 F600
G01 X117.1584 Y6.7117 Z-0.6816 F600
G01 X117.3020 Y6.7798 Z-0.6861 F600
G01 X117.4402 Y6.8564 Z-0.6920 F600
G01 X117.5194 Y6.9044 Z-0.6943 F600
G01 X117.5739 Y6.9399 Z-0.6975 F600
G01 X117.6506 Y6.9924 Z-0.7000 F600
G01 X117.7038 Y7.0304 Z-0.7024 F600
G01 X117.8291 Y7.1291 Z-0.7083 F600
G01 X117.9010 Y7.1916 Z-0.7117 F600
G01 X117.9502 Y7.2363 Z-0.7149 F600
G01 X118.0191 Y7.3018 Z-0.7176 F600
G01 X118.0657 Y7.3494 Z-0.7212 F600
G01 X118.1732 Y7.4675 Z-0.7279 F600
G01 X118.2315 Y7.5392 Z-0.7321 F600
G01 X118.2724 Y7.5912 Z-0.7356 F600
G01 X118.3276 Y7.6649 Z-0.7385 F600
G01 X118.3655 Y7.7193 Z-0.7422 F600
G01 X118.4519 Y7.8529 Z-0.7488 F600
G01 X118.4987 Y7.9338 Z-0.7526 F600
G01 X118.5313 Y7.9924 Z-0.7559 F600
G01 X118.5757 Y8.0765 Z-0.7585 F600
G01 X118.6056 Y8.1374 Z-0.7616 F600
G01 X118.6737 Y8.2887 Z-0.7673 F600
G01 X118.7108 Y8.3817 Z-0.7703 F600
G01 X118.7355 Y8.4469 Z-0.7730 F600
G01 X118.7703 Y8.5443 Z-0.7749 F600
G01 X118.8123 Y8.6043 Z-0.7563 F600
G01 X119.0115 Y8.7307 Z-0.6053 F600
G01 X119.2258 Y8.8734 Z-0.4362 F600
G01 X119.2888 Y8.9166 Z-0.3853 F600
G01 X119.4562 Y9.0340 Z-0.2472 F600
G01 X119.5312 Y9.0878 Z-0.1842 F600
G01 X119.7035 Y9.2140 Z-0.0368 F600
G01 X119.4528 Y9.0316 Z-0.2501 F600
G01 X119.2855 Y8.9143 Z-0.3880 F600
G01 X119.0356 Y8.7461 Z-0.5870 F600
G01 X118.8699 Y8.6404 Z-0.7131 F600
G01 X118.7872 Y8.5892 Z-0.7746 F600
G01 X118.5317 Y8.9621 Z-0.4377 F600
G01 X118.4033 Y9.1439 Z-0.2739 F600
G01 X118.1770 Y9.4495 Z0.0000 F600
G01 X118.3461 Y9.2222 Z-0.2037 F600
G01 X118.1770 Y9.4495 Z0.0000 F600
G01 X118.4033 Y9.1439 Z-0.2739 F600
G01 X118.5317 Y8.9621 Z-0.4377 F600
G01 X118.7872 Y8.5892 Z-0.7746 F600
G01 X118.8699 Y8.6404 Z-0.7131 F600
G01 X119.0356 Y8.7461 Z-0.5870 F600
G01 X119.2855 Y8.9143 Z-0.3880 F600
G01 X119.4528 Y9.0316 Z-0.2501 F600
G01 X119.7035 Y9.2140 Z-0.0368 F600
G01 X119.5312 Y9.0878 Z-0.1842 F600
G01 X119.4562 Y9.0340 Z-0.2472 F600
G01 X119.2888 Y8.9166 Z-0.3853 F600
G01 X119.2258 Y8.8734 Z-0.4362 F600
G01 X119.0115 Y8.7307 Z-0.6053 F600
G01 X118.8123 Y8.6043 Z-0.7563 F600
G01 X118.7703 Y8.5443 Z-0.7749 F600
G01 X118.7355 Y8.4469 Z-0.7730 F600
G01 X118.7108 Y8.3817 Z-0.7703 F600
G01 X118.6737 Y8.2887 Z-0.7673 F600
G01 X118.6056 Y8.1374 Z-0.7616 F600
G01 X118.5757 Y8.0765 Z-0.7585 F600
G01 X118.5313 Y7.9924 Z-0.7559 F600
G01 X118.4987 Y7.9338 Z-0.7526 F600
G01 X118.4519 Y7.8529 Z-0.7488 F600
G01 X118.3655 Y7.7193 Z-0.7422 F600
G01 X118.3276 Y7.6649 Z-0.7385 F600
G01 X118.2724 Y7.5912 Z-0.7356 F600
G01 X118.2315 Y7.5392 Z-0.7321 F600
G01 X118.1732 Y7.4675 Z-0.7279 F600
G01 X118.0657 Y7.3494 Z-0.7212 F600
G01 X118.0191 Y7.3018 Z-0.7176 F600
G01 X117.9502 Y7.2363 Z-0.7149 F600
G01 X117.9010 Y7.1916 Z-0.7117 F600
G01 X117.8291 Y7.1291 Z-0.7083 F600
G01 X117.7038 Y7.0304 Z-0.7024 F600
G01 X117.6506 Y6.9924 Z-0.7000 F600
G01 X117.5739 Y6.9399 Z-0.6975 F600
G01 X117.5194 Y6.9044 Z-0.6943 F600
G01 X117.4402 Y6.8564 Z-0.6920 F600
G01 X117.3020 Y6.7798 Z-0.6861 F600
G01 X117.1584 Y6.7117 Z-0.6816 F600
G01 X117.0982 Y6.6856 Z-0.6787 F600
G01 X117.0096 Y6.6507 Z-0.6770 F600
G01 X116.9476 Y6.6279 Z-0.6744 F600
G01 X116.8556 Y6.5967 Z-0.6722 F600
G01 X116.7276 Y6.5589 Z-0.6686 F600
G01 X116.6957 Y6.5502 Z-0.6675 F600
G01 X116.5640 Y6.5199 Z-0.6653 F600
G01 X116.5296 Y6.5125 Z-0.6644 F600
G01 X116.4622 Y6.4996 Z-0.6623 F600
G01 X116.3946 Y6.4884 Z-0.6621 F600
G01 X116.3575 Y6.4828 Z-0.6615 F600
G01 X116.2884 Y6.4731 Z-0.6597 F600
G01 X116.2190 Y6.4649 Z-0.6592 F600
G01 X116.1792 Y6.4612 Z-0.6590 F600
G01 X116.0373 Y6.4498 Z-0.6570 F600
G01 X115.9946 Y6.4480 Z-0.6571 F600
G01 X115.8493 Y6.4442 Z-0.6564 F600
G01 X115.8086 Y6.4437 Z-0.6559 F600
G01 X115.6044 Y6.4497 Z-0.6571 F600
G01 X115.5696 Y6.4512 Z-0.6569 F600
G01 X115.5035 Y6.4559 Z-0.6568 F600
G01 X115.3714 Y6.4684 Z-0.6596 F600
G01 X115.3296 Y6.4731 Z-0.6599 F600
G01 X115.2440 Y6.4840 Z-0.6601 F600
G01 X115.1588 Y6.4979 Z-0.6632 F600
G01 X115.1103 Y6.5065 Z-0.6644 F600
G01 X115.0275 Y6.5224 Z-0.6653 F600
G01 X114.9449 Y6.5401 Z-0.6680 F600
G01 X114.9007 Y6.5513 Z-0.6699 F600
G01 X114.7408 Y6.5943 Z-0.6743 F600
G01 X114.7003 Y6.6068 Z-0.6758 F600
G01 X114.5466 Y6.6607 Z-0.6827 F600
G01 X114.5096 Y6.6743 Z-0.6837 F600
G01 X114.4352 Y6.7046 Z-0.6863 F600
G01 X114.3615 Y6.7370 Z-0.6910 F600
G01 X114.3278 Y6.7524 Z-0.6926 F600
G01 X114.2560 Y6.7866 Z-0.6948 F600
G01 X114.1540 Y6.8396 Z-0.7008 F600
G01 X113.9877 Y6.9363 Z-0.7086 F600
G01 X113.9221 Y6.9804 Z-0.7125 F600
G01 X113.8295 Y7.0444 Z-0.7183 F600
G01 X113.7657 Y7.0912 Z-0.7204 F600
G01 X113.6775 Y7.1618 Z-0.7269 F600
G01 X113.6169 Y7.2135 Z-0.7299 F600
G01 X113.5309 Y7.2887 Z-0.7343 F600
G01 X113.3912 Y7.4277 Z-0.7432 F600
G01 X113.3354 Y7.4872 Z-0.7453 F600
G01 X113.2814 Y7.5484 Z-0.7499 F600
G01 X113.2699 Y7.5615 Z-0.7509 F600
G01 X113.2354 Y7.6033 Z-0.7523 F600
G01 X113.1664 Y7.6902 Z-0.7573 F600
G01 X113.1332 Y7.7350 Z-0.7600 F600
G01 X113.1009 Y7.7803 Z-0.7617 F600
G01 X113.0386 Y7.8711 Z-0.7670 F600
G01 X112.9782 Y7.9687 Z-0.7710 F600
G01 X112.9229 Y8.0629 Z-0.7759 F600
G01 X112.8673 Y8.1678 Z-0.7799 F600
G01 X112.8192 Y8.2649 Z-0.7841 F600
G01 X112.7684 Y8.3770 Z-0.7882 F600
G01 X112.7270 Y8.4764 Z-0.7915 F600
G01 X112.6811 Y8.5958 Z-0.7956 F600
G01 X112.6461 Y8.6970 Z-0.7982 F600
G01 X112.6053 Y8.8237 Z-0.8021 F600
G01 X112.5762 Y8.9265 Z-0.8040 F600
G01 X112.5405 Y9.0606 Z-0.8076 F600
G01 X112.5168 Y9.1648 Z-0.8089 F600
G01 X112.4866 Y9.3061 Z-0.8120 F600
G01 X112.4677 Y9.4116 Z-0.8129 F600
G01 X112.4429 Y9.5602 Z-0.8155 F600
G01 X112.4285 Y9.6669 Z-0.8160 F600
G01 X112.4092 Y9.8227 Z-0.8181 F600
G01 X112.3989 Y9.9309 Z-0.8183 F600
G01 X112.3850 Y10.0938 Z-0.8198 F600
G01 X112.3787 Y10.2034 Z-0.8196 F600
G01 X112.3702 Y10.3735 Z-0.8207 F600
G01 X112.3678 Y10.4736 Z-0.8201 F600
G01 X112.3646 Y10.6729 Z-0.8205 F600
G01 X112.3655 Y10.7733 Z-0.8197 F600
G01 X112.3683 Y10.9481 Z-0.8195 F600
G01 X112.3728 Y11.0592 Z-0.8183 F600
G01 X112.3813 Y11.2271 Z-0.8175 F600
G01 X112.3896 Y11.3367 Z-0.8161 F600
G01 X112.3963 Y11.4172 Z-0.8158 F600
G01 X112.4037 Y11.4976 Z-0.8148 F600
G01 X112.4158 Y11.6058 Z-0.8132 F600
G01 X112.4252 Y11.6829 Z-0.8128 F600
G01 X112.4355 Y11.7599 Z-0.8115 F600
G01 X112.4518 Y11.8667 Z-0.8098 F600
G01 X112.4637 Y11.9404 Z-0.8094 F600
G01 X112.4770 Y12.0138 Z-0.8077 F600
G01 X112.4975 Y12.1194 Z-0.8059 F600
G01 X112.5121 Y12.1896 Z-0.8054 F600
G01 X112.5281 Y12.2595 Z-0.8035 F600
G01 X112.5533 Y12.3639 Z-0.8018 F600
G01 X112.5708 Y12.4305 Z-0.8010 F600
G01 X112.5892 Y12.4969 Z-0.7992 F600
G01 X112.6192 Y12.6002 Z-0.7977 F600
G01 X112.6396 Y12.6633 Z-0.7965 F600
G01 X112.6604 Y12.7262 Z-0.7948 F600
G01 X112.6957 Y12.8282 Z-0.7935 F600
G01 X112.7418 Y12.9473 Z-0.7908 F600
G01 X112.7833 Y13.0477 Z-0.7892 F600
G01 X112.8342 Y13.1599 Z-0.7869 F600
G01 X112.8825 Y13.2582 Z-0.7847 F600
G01 X112.9383 Y13.3635 Z-0.7825 F600
G01 X112.9941 Y13.4589 Z-0.7794 F600
G01 X113.0244 Y13.5081 Z-0.7785 F600
G01 X113.0553 Y13.5570 Z-0.7769 F600
G01 X113.1183 Y13.6490 Z-0.7734 F600
G01 X113.1512 Y13.6948 Z-0.7725 F600
G01 X113.1853 Y13.7396 Z-0.7699 F600
G01 X113.2551 Y13.8276 Z-0.7668 F600
G01 X113.3278 Y13.9105 Z-0.7622 F600
G01 X113.4135 Y14.0012 Z-0.7577 F600
G01 X113.4673 Y14.0540 Z-0.7549 F600
G01 X113.5217 Y14.1062 Z-0.7512 F600
G01 X113.6247 Y14.1968 Z-0.7443 F600
G01 X113.6822 Y14.2428 Z-0.7403 F600
G01 X113.7400 Y14.2883 Z-0.7356 F600
G01 X113.8511 Y14.3685 Z-0.7272 F600
G01 X113.9112 Y14.4087 Z-0.7235 F600
G01 X113.9719 Y14.4480 Z-0.7186 F600
G01 X114.0888 Y14.5180 Z-0.7107 F600
G01 X114.1516 Y14.5522 Z-0.7069 F600
G01 X114.2147 Y14.5860 Z-0.7025 F600
G01 X114.3360 Y14.6456 Z-0.6958 F600
G01 X114.4663 Y14.7037 Z-0.6898 F600
G01 X114.5911 Y14.7523 Z-0.6839 F600
G01 X114.6586 Y14.7764 Z-0.6820 F600
G01 X114.7266 Y14.7992 Z-0.6786 F600
G01 X114.8533 Y14.8378 Z-0.6747 F600
G01 X114.9941 Y14.8741 Z-0.6705 F600
G01 X115.1221 Y14.9016 Z-0.6670 F600
G01 X115.1952 Y14.9152 Z-0.6661 F600
G01 X115.2684 Y14.9275 Z-0.6641 F600
G01 X115.3967 Y14.9453 Z-0.6620 F600
G01 X115.4727 Y14.9530 Z-0.6610 F600
G01 X115.5488 Y14.9601 Z-0.6594 F600
G01 X115.6768 Y14.9683 Z-0.6580 F600
G01 X115.8346 Y14.9730 Z-0.6570 F600
G01 X115.9442 Y14.9720 Z-0.6553 F600
G01 X116.0490 Y14.9691 Z-0.6555 F600
G01 X116.1422 Y14.9639 Z-0.6561 F600
G01 X116.2440 Y14.9550 Z-0.6568 F600
G01 X116.3378 Y14.9453 Z-0.6590 F600
G01 X116.3873 Y14.9384 Z-0.6601 F600
G01 X116.4367 Y14.9309 Z-0.6607 F600
G01 X116.5308 Y14.9151 Z-0.6634 F600
G01 X116.5790 Y14.9061 Z-0.6656 F600
G01 X116.6270 Y14.8961 Z-0.6668 F600
G01 X116.7211 Y14.8738 Z-0.6700 F600
G01 X116.8148 Y14.8497 Z-0.6749 F600
G01 X116.9083 Y14.8207 Z-0.6786 F600
G01 X116.9994 Y14.7905 Z-0.6838 F600
G01 X117.0918 Y14.7554 Z-0.6887 F600
G01 X117.1802 Y14.7188 Z-0.6941 F600
G01 X117.2709 Y14.6772 Z-0.6998 F600
G01 X117.3566 Y14.6342 Z-0.7054 F600
G01 X117.4446 Y14.5861 Z-0.7114 F600
G01 X117.5276 Y14.5364 Z-0.7170 F600
G01 X117.6121 Y14.4818 Z-0.7230 F600
G01 X117.6921 Y14.4255 Z-0.7285 F600
G01 X117.7746 Y14.3627 Z-0.7343 F600
G01 X117.8511 Y14.2997 Z-0.7397 F600
G01 X117.9307 Y14.2283 Z-0.7452 F600
G01 X118.0030 Y14.1588 Z-0.7507 F600
G01 X118.0763 Y14.0812 Z-0.7555 F600
G01 X118.1443 Y14.0051 Z-0.7610 F600
G01 X118.2107 Y13.9221 Z-0.7647 F600
G01 X118.2425 Y13.8807 Z-0.7674 F600
G01 X118.2737 Y13.8389 Z-0.7694 F600
G01 X118.3331 Y13.7518 Z-0.7725 F600
G01 X118.3626 Y13.7071 Z-0.7750 F600
G01 X118.3907 Y13.6615 Z-0.7759 F600
G01 X118.4433 Y13.5713 Z-0.7786 F600
G01 X118.4701 Y13.5230 Z-0.7806 F600
G01 X118.4953 Y13.4740 Z-0.7808 F600
G01 X118.5413 Y13.3813 Z-0.7828 F600
G01 X118.5650 Y13.3295 Z-0.7840 F600
G01 X118.5741 Y13.2712 Z-0.7690 F600
G01 X118.4487 Y13.0538 Z-0.5733 F600
G01 X118.3337 Y12.8618 Z-0.4010 F600
G01 X118.2342 Y12.7024 Z-0.2587 F600
G01 X118.1746 Y12.6095 Z-0.1760 F600
G01 X118.0701 Y12.4510 Z-0.0352 F600
G01 X118.1972 Y12.6439 Z-0.2065 F600
G01 X118.3792 Y12.9357 Z-0.4671 F600
G01 X118.4991 Y13.1394 Z-0.6502 F600
G01 X118.5587 Y13.2434 Z-0.7438 F600
G01 X118.6316 Y13.2610 Z-0.7501 F600
G01 X118.7975 Y13.1669 Z-0.6319 F600
G01 X118.9641 Y13.0675 Z-0.5082 F600
G01 X119.0478 Y13.0153 Z-0.4438 F600
G01 X119.2998 Y12.8531 Z-0.2451 F600
G01 X119.5536 Y12.6797 Z-0.0350 F600
G01 X119.3130 Y12.8441 Z-0.2342 F600
G00 Z6.0000 F480
G00 X121.5540 Y11.0285 F1000
G01 Z-0.9622 F600
G01 X121.5306 Y11.1110 Z-0.9341 F600
G01 X121.5111 Y11.1932 Z-0.9099 F600
G01 X121.5029 Y11.2359 Z-0.8984 F600
G01 X121.4913 Y11.3160 Z-0.8788 F600
G01 X121.4832 Y11.3956 Z-0.8629 F600
G01 X121.4789 Y11.4749 Z-0.8507 F600
G01 X121.4785 Y11.5150 Z-0.8454 F600
G01 X121.4813 Y11.5915 Z-0.8372 F600
G01 X121.4875 Y11.6676 Z-0.8325 F600
G01 X121.5011 Y11.7790 Z-0.8291 F600
G01 X121.5221 Y11.9257 Z-0.8218 F600
G01 X121.5398 Y12.0305 Z-0.8186 F600
G01 X121.5681 Y12.1719 Z-0.8124 F600
G01 X121.5893 Y12.2704 Z-0.8088 F600
G01 X121.6496 Y12.4988 Z-0.7998 F600
G01 X121.6707 Y12.5642 Z-0.7973 F600
G01 X121.7210 Y12.7158 Z-0.7922 F600
G01 X121.7443 Y12.7790 Z-0.7887 F600
G01 X121.8022 Y12.9222 Z-0.7849 F600
G01 X121.8287 Y12.9828 Z-0.7814 F600
G01 X121.8560 Y13.0431 Z-0.7788 F600
G01 X121.8979 Y13.1282 Z-0.7768 F600
G01 X121.9382 Y13.2053 Z-0.7729 F600
G01 X121.9792 Y13.2820 Z-0.7697 F600
G01 X121.9986 Y13.3148 Z-0.7689 F600
G01 X122.0890 Y13.4614 Z-0.7625 F600
G01 X122.1091 Y13.4926 Z-0.7607 F600
G01 X122.2089 Y13.6317 Z-0.7553 F600
G01 X122.2309 Y13.6612 Z-0.7536 F600
G01 X122.2837 Y13.7284 Z-0.7492 F600
G01 X122.3385 Y13.7940 Z-0.7473 F600
G01 X122.3644 Y13.8239 Z-0.7459 F600
G01 X122.4207 Y13.8873 Z-0.7415 F600
G01 X122.4785 Y13.9493 Z-0.7390 F600
G01 X122.5071 Y13.9782 Z-0.7379 F600
G01 X122.6265 Y14.0948 Z-0.7311 F600
G01 X122.6553 Y14.1208 Z-0.7298 F600
G01 X122.7808 Y14.2278 Z-0.7243 F600
G01 X122.8096 Y14.2517 Z-0.7225 F600
G01 X122.8746 Y14.3014 Z-0.7191 F600
G01 X122.9404 Y14.3500 Z-0.7170 F600
G01 X122.9703 Y14.3714 Z-0.7155 F600
G01 X123.0373 Y14.4177 Z-0.7109 F600
G01 X123.1057 Y14.4617 Z-0.7090 F600
G01 X123.1371 Y14.4810 Z-0.7078 F600
G01 X123.2071 Y14.5224 Z-0.7038 F600
G01 X123.2774 Y14.5633 Z-0.7004 F600
G01 X123.3107 Y14.5807 Z-0.6995 F600
G01 X123.4568 Y14.6535 Z-0.6930 F600
G01 X123.4920 Y14.6702 Z-0.6911 F600
G01 X123.6438 Y14.7331 Z-0.6859 F600
G01 X123.6819 Y14.7480 Z-0.6841 F600
G01 X123.7600 Y14.7762 Z-0.6803 F600
G01 X123.8389 Y14.8022 Z-0.6787 F600
G01 X123.8802 Y14.8152 Z-0.6773 F600
G01 X123.9610 Y14.8392 Z-0.6732 F600
G01 X124.0425 Y14.8606 Z-0.6719 F600
G01 X124.0875 Y14.8714 Z-0.6708 F600
G01 X124.1712 Y14.8902 Z-0.6676 F600
G01 X124.2551 Y14.9077 Z-0.6657 F600
G01 X124.3041 Y14.9160 Z-0.6651 F600
G01 X124.4769 Y14.9426 Z-0.6608 F600
G01 X124.5189 Y14.9473 Z-0.6606 F600
G01 X124.7193 Y14.9653 Z-0.6576 F600
G01 X124.7539 Y14.9673 Z-0.6573 F600
G01 X124.9601 Y14.9733 Z-0.6563 F600
G01 X124.9956 Y14.9738 Z-0.6559 F600
G01 X125.1954 Y14.9687 Z-0.6561 F600
G01 X125.2383 Y14.9659 Z-0.6564 F600
G01 X125.4111 Y14.9519 Z-0.6573 F600
G01 X125.4612 Y14.9458 Z-0.6583 F600
G01 X125.5452 Y14.9342 Z-0.6589 F600
G01 X125.6291 Y14.9221 Z-0.6601 F600
G01 X125.6753 Y14.9136 Z-0.6613 F600
G01 X125.7569 Y14.8975 Z-0.6622 F600
G01 X125.8383 Y14.8804 Z-0.6640 F600
G01 X125.8809 Y14.8698 Z-0.6652 F600
G01 X125.9600 Y14.8491 Z-0.6663 F600
G01 X126.0388 Y14.8272 Z-0.6686 F600
G01 X126.0782 Y14.8148 Z-0.6699 F600
G01 X126.1548 Y14.7895 Z-0.6712 F600
G01 X126.2311 Y14.7630 Z-0.6738 F600
G01 X126.2675 Y14.7490 Z-0.6751 F600
G01 X126.3416 Y14.7191 Z-0.6767 F600
G01 X126.4153 Y14.6882 Z-0.6794 F600
G01 X126.4493 Y14.6725 Z-0.6808 F600
G01 X126.5209 Y14.6381 Z-0.6825 F600
G01 X126.5920 Y14.6028 Z-0.6852 F600
G01 X126.6240 Y14.5855 Z-0.6867 F600
G01 X126.6931 Y14.5466 Z-0.6886 F600
G01 X126.7922 Y14.4880 Z-0.6927 F600
G01 X126.8587 Y14.4447 Z-0.6948 F600
G01 X126.9543 Y14.3798 Z-0.6988 F600
G01 X127.0821 Y14.2842 Z-0.7035 F600
G01 X127.1108 Y14.2608 Z-0.7050 F600
G01 X127.2336 Y14.1565 Z-0.7097 F600
G01 X127.2620 Y14.1305 Z-0.7111 F600
G01 X127.3798 Y14.0176 Z-0.7159 F600
G01 X127.4081 Y13.9886 Z-0.7174 F600
G01 X127.5209 Y13.8670 Z-0.7223 F600
G01 X127.5468 Y13.8373 Z-0.7235 F600
G01 X127.5997 Y13.7726 Z-0.7262 F600
G01 X127.6748 Y13.6787 Z-0.7301 F600
G01 X127.7916 Y13.5108 Z-0.7381 F600
G01 X127.8977 Y13.3336 Z-0.7471 F600
G01 X127.9373 Y13.2580 Z-0.7508 F600
G01 X127.9762 Y13.1821 Z-0.7552 F600
G01 X127.9936 Y13.1469 Z-0.7567 F600
G01 X128.0292 Y13.0681 Z-0.7601 F600
G01 X128.0757 Y12.9606 Z-0.7661 F600
G01 X128.1000 Y12.8994 Z-0.7678 F600
G01 X128.1528 Y12.7545 Z-0.7756 F600
G01 X128.1742 Y12.6907 Z-0.7773 F600
G01 X128.1942 Y12.6263 Z-0.7804 F600
G01 X128.2207 Y12.5379 Z-0.7849 F600
G01 X128.2389 Y12.4714 Z-0.7866 F600
G01 X128.2562 Y12.4047 Z-0.7893 F600
G01 X128.2792 Y12.3103 Z-0.7937 F600
G01 X128.2944 Y12.2413 Z-0.7953 F600
G01 X128.3090 Y12.1721 Z-0.7976 F600
G01 X128.3284 Y12.0714 Z-0.8019 F600
G01 X128.3525 Y11.9282 Z-0.8053 F600
G01 X128.3682 Y11.8210 Z-0.8093 F600
G01 X128.3868 Y11.6727 Z-0.8122 F600
G01 X128.3947 Y11.5583 Z-0.8198 F600
G01 X128.3941 Y11.4809 Z-0.8280 F600
G01 X128.3899 Y11.4031 Z-0.8399 F600
G01 X128.3758 Y11.2819 Z-0.8651 F600
G01 X128.3603 Y11.2015 Z-0.8852 F600
G01 X128.4252 Y11.1257 Z-0.8248 F600
G01 X128.5046 Y11.0507 Z-0.7499 F600
G01 X128.8028 Y10.7589 Z-0.4581 F600
G01 X129.2527 Y10.3008 Z0.0000 F600
G01 X128.8418 Y10.7204 Z-0.4196 F600
G01 X128.5429 Y11.0140 Z-0.7132 F600
G01 X128.3935 Y11.1555 Z-0.8547 F600
G01 X128.3188 Y11.1668 Z-0.8660 F600
G01 X128.2441 Y11.1267 Z-0.8259 F600
G01 X128.1694 Y11.0908 Z-0.7900 F600
G01 X128.0947 Y11.0592 Z-0.7584 F600
G01 X128.0199 Y11.0319 Z-0.7310 F600
G01 X127.9452 Y11.0088 Z-0.7079 F600
G01 X127.8705 Y10.9899 Z-0.6891 F600
G01 X127.7958 Y10.9753 Z-0.6745 F600
G01 X127.7211 Y10.9650 Z-0.6641 F600
G01 X127.6464 Y10.9589 Z-0.6581 F600
G01 X122.3416 Y10.9570 Z-0.6562 F600
G01 X122.2669 Y10.9580 Z-0.6572 F600
G01 X122.2265 Y10.9602 Z-0.6594 F600
G01 X122.1860 Y10.9630 Z-0.6636 F600
G01 X122.1448 Y10.9657 Z-0.6703 F600
G01 X122.0965 Y10.9690 Z-0.6813 F600
G01 X122.0463 Y10.9724 Z-0.6961 F600
G01 X121.9868 Y10.9764 Z-0.7179 F600
G01 X121.9157 Y10.9812 Z-0.7493 F600
G01 X121.8292 Y10.9871 Z-0.7945 F600
G01 X121.7109 Y10.9951 Z-0.8666 F600
G01 X121.5593 Y11.0007 Z-0.9691 F600
G01 X121.5445 Y10.9679 Z-0.9562 F600
G01 X121.5272 Y10.9275 Z-0.9413 F600
G01 X121.5118 Y10.8870 Z-0.9267 F600
G01 X121.4977 Y10.8471 Z-0.9133 F600
G01 X121.4847 Y10.8078 Z-0.9010 F600
G01 X121.4728 Y10.7689 Z-0.8898 F600
G01 X121.4619 Y10.7305 Z-0.8797 F600
G01 X121.4521 Y10.6925 Z-0.8706 F600
G01 X121.4432 Y10.6549 Z-0.8624 F600
G01 X121.4354 Y10.6175 Z-0.8549 F600
G01 X121.4291 Y10.5802 Z-0.8478 F600
G01 X121.4236 Y10.5432 Z-0.8416 F600
G01 X121.4189 Y10.5065 Z-0.8363 F600
G01 X121.4145 Y10.4628 Z-0.8310 F600
G01 X121.4112 Y10.4193 Z-0.8269 F600
G01 X121.4091 Y10.3760 Z-0.8239 F600
G01 X121.4082 Y10.3329 Z-0.8220 F600
G01 X121.4092 Y10.2899 Z-0.8204 F600
G01 X121.4113 Y10.2470 Z-0.8200 F600
G01 X121.4239 Y10.0581 Z-0.8214 F600
G01 X121.4338 Y9.9571 Z-0.8209 F600
G01 X121.4488 Y9.8167 Z-0.8215 F600
G01 X121.4622 Y9.7163 Z-0.8212 F600
G01 X121.4824 Y9.5809 Z-0.8213 F600
G01 X121.4998 Y9.4813 Z-0.8210 F600
G01 X121.5253 Y9.3509 Z-0.8207 F600
G01 X121.5469 Y9.2520 Z-0.8203 F600
G01 X121.5776 Y9.1267 Z-0.8195 F600
G01 X121.6038 Y9.0288 Z-0.8189 F600
G01 X121.6397 Y8.9085 Z-0.8177 F600
G01 X121.6710 Y8.8118 Z-0.8168 F600
G01 X121.7120 Y8.6967 Z-0.8151 F600
G01 X121.7487 Y8.6014 Z-0.8137 F600
G01 X121.7947 Y8.4915 Z-0.8117 F600
G01 X121.8371 Y8.3981 Z-0.8097 F600
G01 X121.8882 Y8.2934 Z-0.8074 F600
G01 X121.9364 Y8.2025 Z-0.8046 F600
G01 X121.9924 Y8.1029 Z-0.8020 F600
G01 X122.0466 Y8.0150 Z-0.7986 F600
G01 X122.1075 Y7.9207 Z-0.7957 F600
G01 X122.1675 Y7.8364 Z-0.7915 F600
G01 X122.2334 Y7.7473 Z-0.7882 F600
G01 X122.2988 Y7.6671 Z-0.7835 F600
G01 X122.3341 Y7.6251 Z-0.7819 F600
G01 X122.3698 Y7.5835 Z-0.7797 F600
G01 X122.3684 Y7.5850 Z-0.7798 F600
G01 X122.4246 Y7.5236 Z-0.7757 F600
G01 X122.4820 Y7.4635 Z-0.7732 F600
G01 X122.5653 Y7.3814 Z-0.7672 F600
G01 X122.6259 Y7.3256 Z-0.7651 F600
G01 X122.7131 Y7.2497 Z-0.7589 F600
G01 X122.7755 Y7.1966 Z-0.7548 F600
G01 X122.9331 Y7.0783 Z-0.7453 F600
G01 X123.0292 Y7.0130 Z-0.7382 F600
G01 X123.0983 Y6.9689 Z-0.7348 F600
G01 X123.1996 Y6.9081 Z-0.7268 F600
G01 X123.2715 Y6.8678 Z-0.7229 F600
G01 X123.4542 Y6.7760 Z-0.7109 F600
G01 X123.4912 Y6.7593 Z-0.7087 F600
G01 X123.6473 Y6.6951 Z-0.7002 F600
G01 X123.6882 Y6.6790 Z-0.6974 F600
G01 X123.7692 Y6.6506 Z-0.6926 F600
G01 X123.8507 Y6.6237 Z-0.6895 F600
G01 X123.8961 Y6.6095 Z-0.6870 F600
G01 X123.9802 Y6.5847 Z-0.6816 F600
G01 X124.0649 Y6.5629 Z-0.6791 F600
G01 X124.1042 Y6.5534 Z-0.6778 F600
G01 X124.2354 Y6.5241 Z-0.6711 F600
G01 X124.3013 Y6.5114 Z-0.6698 F600
G01 X124.4702 Y6.4849 Z-0.6642 F600
G01 X124.5383 Y6.4751 Z-0.6625 F600
G01 X124.5752 Y6.4713 Z-0.6622 F600
G01 X124.7865 Y6.4525 Z-0.6579 F600
G01 X124.8274 Y6.4504 Z-0.6577 F600
G01 X125.0455 Y6.4440 Z-0.6562 F600
G01 X125.0912 Y6.4439 Z-0.6559 F600
G01 X125.2524 Y6.4480 Z-0.6560 F600
G01 X125.3329 Y6.4514 Z-0.6575 F600
G01 X125.3777 Y6.4544 Z-0.6582 F600
G01 X125.4553 Y6.4606 Z-0.6584 F600
G01 X125.5328 Y6.4680 Z-0.6598 F600
G01 X125.6103 Y6.4765 Z-0.6623 F600
G01 X125.6496 Y6.4813 Z-0.6631 F600
G01 X125.7241 Y6.4926 Z-0.6643 F600
G01 X125.8729 Y6.5177 Z-0.6696 F600
G01 X125.9066 Y6.5244 Z-0.6707 F600
G01 X126.0492 Y6.5576 Z-0.6761 F600
G01 X126.1202 Y6.5752 Z-0.6799 F600
G01 X126.2847 Y6.6247 Z-0.6871 F600
G01 X126.3523 Y6.6474 Z-0.6921 F600
G01 X126.4404 Y6.6802 Z-0.6962 F600
G01 X126.5051 Y6.7058 Z-0.7001 F600
G01 X126.5694 Y6.7326 Z-0.7052 F600
G01 X126.6497 Y6.7690 Z-0.7090 F600
G01 X126.7721 Y6.8298 Z-0.7186 F600
G01 X126.8452 Y6.8697 Z-0.7224 F600
G01 X126.9611 Y6.9381 Z-0.7319 F600
G01 X127.0278 Y6.9813 Z-0.7355 F600
G01 X127.1373 Y7.0572 Z-0.7449 F600
G01 X127.1986 Y7.1038 Z-0.7483 F600
G01 X127.3017 Y7.1872 Z-0.7576 F600
G01 X127.3597 Y7.2381 Z-0.7610 F600
G01 X127.4562 Y7.3283 Z-0.7701 F600
G01 X127.5328 Y7.4067 Z-0.7753 F600
G01 X127.5925 Y7.4707 Z-0.7813 F600
G01 X127.6703 Y7.5608 Z-0.7865 F600
G01 X127.7255 Y7.6286 Z-0.7920 F600
G01 X127.7779 Y7.6969 Z-0.7951 F600
G01 X127.8166 Y7.7501 Z-0.7981 F600
G01 X127.8548 Y7.8037 Z-0.8020 F600
G01 X127.8970 Y7.8673 Z-0.8039 F600
G01 X127.9330 Y7.9230 Z-0.8061 F600
G01 X127.9681 Y7.9794 Z-0.8094 F600
G01 X128.0409 Y8.1060 Z-0.8122 F600
G01 X128.0834 Y8.1589 Z-0.8029 F600
G01 X128.3210 Y8.2846 Z-0.6489 F600
G01 X128.5795 Y8.4318 Z-0.4711 F600
G01 X128.8612 Y8.6034 Z-0.2663 F600
G01 X128.9254 Y8.6441 Z-0.2180 F600
G01 X129.1680 Y8.8024 Z-0.0311 F600
G01 X128.9186 Y8.6396 Z-0.2233 F600
G01 X128.8361 Y8.5880 Z-0.2846 F600
G01 X128.5891 Y8.4373 Z-0.4645 F600
G01 X128.3434 Y8.2968 Z-0.6341 F600
G01 X128.0989 Y8.1669 Z-0.7931 F600
G01 X128.0289 Y8.2160 Z-0.7529 F600
G01 X127.9048 Y8.4434 Z-0.5424 F600
G01 X127.7168 Y8.7701 Z-0.2413 F600
G01 X127.5590 Y9.0327 Z0.0000 F600
G01 X127.7729 Y8.6741 Z-0.3297 F600
G01 X127.5590 Y9.0327 Z0.0000 F600
G01 X127.7168 Y8.7701 Z-0.2413 F600
G01 X127.9048 Y8.4434 Z-0.5424 F600
G01 X128.0289 Y8.2160 Z-0.7529 F600
G01 X128.0989 Y8.1669 Z-0.7931 F600
G01 X128.3434 Y8.2968 Z-0.6341 F600
G01 X128.5891 Y8.4373 Z-0.4645 F600
G01 X128.8361 Y8.5880 Z-0.2846 F600
G01 X128.9186 Y8.6396 Z-0.2233 F600
G01 X129.1680 Y8.8024 Z-0.0311 F600
G01 X128.9254 Y8.6441 Z-0.2180 F600
G01 X128.8612 Y8.6034 Z-0.2663 F600
G01 X128.5795 Y8.4318 Z-0.4711 F600
G01 X128.3210 Y8.2846 Z-0.6489 F600
G01 X128.0834 Y8.1589 Z-0.8029 F600
G01 X128.0409 Y8.1060 Z-0.8122 F600
G01 X127.9681 Y7.9794 Z-0.8094 F600
G01 X127.9330 Y7.9230 Z-0.8061 F600
G01 X127.8970 Y7.8673 Z-0.8039 F600
G01 X127.8548 Y7.8037 Z-0.8020 F600
G01 X127.8166 Y7.7501 Z-0.7981 F600
G01 X127.7779 Y7.6969 Z-0.7951 F600
G01 X127.7255 Y7.6286 Z-0.7920 F600
G01 X127.6703 Y7.5608 Z-0.7865 F600
G01 X127.5925 Y7.4707 Z-0.7813 F600
G01 X127.5328 Y7.4067 Z-0.7753 F600
G01 X127.4562 Y7.3283 Z-0.7701 F600
G01 X127.3597 Y7.2381 Z-0.7610 F600
G01 X127.3017 Y7.1872 Z-0.7576 F600
G01 X127.1986 Y7.1038 Z-0.7483 F600
G01 X127.1373 Y7.0572 Z-0.7449 F600
G01 X127.0278 Y6.9813 Z-0.7355 F600
G01 X126.9611 Y6.9381 Z-0.7319 F600
G01 X126.8452 Y6.8697 Z-0.7224 F600
G01 X126.7721 Y6.8298 Z-0.7186 F600
G01 X126.6497 Y6.7690 Z-0.7090 F600
G01 X126.5694 Y6.7326 Z-0.7052 F600
G01 X126.5051 Y6.7058 Z-0.7001 F600
G01 X126.4404 Y6.6802 Z-0.6962 F600
G01 X126.3523 Y6.6474 Z-0.6921 F600
G01 X126.2847 Y6.6247 Z-0.6871 F600
G01 X126.1202 Y6.5752 Z-0.6799 F600
G01 X126.0492 Y6.5576 Z-0.6761 F600
G01 X125.9066 Y6.5244 Z-0.6707 F600
G01 X125.8729 Y6.5177 Z-0.6696 F600
G01 X125.7241 Y6.4926 Z-0.6643 F600
G01 X125.6496 Y6.4813 Z-0.6631 F600
G01 X125.6103 Y6.4765 Z-0.6623 F600
G01 X125.5328 Y6.4680 Z-0.6598 F600
G01 X125.4553 Y6.4606 Z-0.6584 F600
G01 X125.3777 Y6.4544 Z-0.6582 F600
G01 X125.3329 Y6.4514 Z-0.6575 F600
G01 X125.2524 Y6.4480 Z-0.6560 F600
G01 X125.0912 Y6.4439 Z-0.6559 F600
G01 X125.0455 Y6.4440 Z-0.6562 F600
G01 X124.8274 Y6.4504 Z-0.6577 F600
G01 X124.7865 Y6.4525 Z-0.6579 F600
G01 X124.5752 Y6.4713 Z-0.6622 F600
G01 X124.5383 Y6.4751 Z-0.6625 F600
G01 X124.4702 Y6.4849 Z-0.6642 F600
G01 X124.3013 Y6.5114 Z-0.6698 F600
G01 X124.2354 Y6.5241 Z-0.6711 F600
G01 X124.1042 Y6.5534 Z-0.6778 F600
G01 X124.0649 Y6.5629 Z-0.6791 F600
G01 X123.9802 Y6.5847 Z-0.6816 F600
G01 X123.8961 Y6.6095 Z-0.6870 F600
G01 X123.8507 Y6.6237 Z-0.6895 F600
G01 X123.7692 Y6.6506 Z-0.6926 F600
G01 X123.6882 Y6.6790 Z-0.6974 F600
G01 X123.6473 Y6.6951 Z-0.7002 F600
G01 X123.4912 Y6.7593 Z-0.7087 F600
G01 X123.4542 Y6.7760 Z-0.7109 F600
G01 X123.2715 Y6.8678 Z-0.7229 F600
G01 X123.1996 Y6.9081 Z-0.7268 F600
G01 X123.0983 Y6.9689 Z-0.7348 F600
G01 X123.0292 Y7.0130 Z-0.7382 F600
G01 X122.9331 Y7.0783 Z-0.7453 F600
G01 X122.7755 Y7.1966 Z-0.7548 F600
G01 X122.7131 Y7.2497 Z-0.7589 F600
G01 X122.6259 Y7.3256 Z-0.7651 F600
G01 X122.5653 Y7.3814 Z-0.7672 F600
G01 X122.4820 Y7.4635 Z-0.7732 F600
G01 X122.4246 Y7.5236 Z-0.7757 F600
G01 X122.3684 Y7.5850 Z-0.7798 F600
G00 Z6.0000 F480
G00 X23.3032 Y4.8464 F1000
G01 Z-0.1618 F600
G01 X23.4437 Y4.9891 Z0.0000 F600
G01 X23.3103 Y4.8536 Z-0.1536 F600
G01 X23.2208 Y4.7598 Z-0.2596 F600
G01 X23.1309 Y4.6628 Z-0.3687 F600
G01 X23.0404 Y4.5623 Z-0.4814 F600
G01 X22.8579 Y4.3505 Z-0.7178 F600
G01 X22.7772 Y4.3155 Z-0.7642 F600
G01 X22.7102 Y4.3727 Z-0.7175 F600
G01 X22.6433 Y4.4310 Z-0.6697 F600
G01 X22.5768 Y4.4918 Z-0.6193 F600
G01 X22.5105 Y4.5538 Z-0.5677 F600
G01 X22.3787 Y4.6832 Z-0.4590 F600
G01 X22.2477 Y4.8189 Z-0.3441 F600
G01 X22.1178 Y4.9609 Z-0.2227 F600
G01 X22.0530 Y5.0332 Z-0.1608 F600
G01 X21.9241 Y5.1824 Z-0.0322 F600
G01 X22.0457 Y5.0416 Z-0.1535 F600
G01 X22.0981 Y4.9825 Z-0.2042 F600
G01 X22.2178 Y4.8513 Z-0.3165 F600
G01 X22.2601 Y4.8061 Z-0.3549 F600
G01 X22.3766 Y4.6854 Z-0.4573 F600
G01 X22.4090 Y4.6528 Z-0.4847 F600
G01 X22.5228 Y4.5418 Z-0.5778 F600
G01 X22.5455 Y4.5203 Z-0.5957 F600
G01 X22.6570 Y4.4184 Z-0.6801 F600
G01 X22.7802 Y4.3129 Z-0.7664 F600
G01 X22.8211 Y4.2584 Z-0.7845 F600
G01 X22.8426 Y4.2025 Z-0.7840 F600
G01 X22.8674 Y4.1474 Z-0.7824 F600
G01 X22.8882 Y4.0920 Z-0.7770 F600
G01 X22.9195 Y4.0430 Z-0.7794 F600
G01 X22.9305 Y3.9819 Z-0.7582 F600
G01 X22.9774 Y3.9438 Z-0.7752 F600
G01 X22.9921 Y3.8834 Z-0.7530 F600
G01 X23.0411 Y3.8481 Z-0.7688 F600
G01 X23.0718 Y3.7980 Z-0.7612 F600
G01 X23.1128 Y3.7558 Z-0.7620 F600
G01 X23.1503 Y3.7105 Z-0.7581 F600
G01 X23.2341 Y3.6227 Z-0.7498 F600
G01 X23.2822 Y3.5770 Z-0.7437 F600
G01 X23.3276 Y3.5368 Z-0.7401 F600
G01 X23.4090 Y3.4704 Z-0.7308 F600
G01 X23.4779 Y3.4187 Z-0.7264 F600
G01 X23.5760 Y3.3522 Z-0.7181 F600
G01 X23.6499 Y3.3060 Z-0.7145 F600
G01 X23.7282 Y3.2606 Z-0.7082 F600
G01 X23.8458 Y3.1988 Z-0.7028 F600
G01 X23.9227 Y3.1621 Z-0.6972 F600
G01 X24.0474 Y3.1083 Z-0.6922 F600
G01 X24.1329 Y3.0754 Z-0.6872 F600
G01 X24.2645 Y3.0294 Z-0.6827 F600
G01 X24.3592 Y3.0012 Z-0.6787 F600
G01 X24.4975 Y2.9630 Z-0.6745 F600
G01 X24.6741 Y2.9249 Z-0.6695 F600
G01 X24.7469 Y2.9105 Z-0.6684 F600
G01 X24.7842 Y2.9043 Z-0.6679 F600
G01 X24.9361 Y2.8817 Z-0.6642 F600
G01 X25.0122 Y2.8723 F600
G01 X25.0554 Y2.8676 Z-0.6637 F600
G01 X25.1346 Y2.8599 Z-0.6618 F600
G01 X25.2934 Y2.8484 Z-0.6616 F600
G01 X25.3423 Y2.8455 Z-0.6610 F600
G01 X25.4249 Y2.8429 Z-0.6603 F600
G01 X25.5901 Y2.8392 Z-0.6604 F600
G01 X25.6386 Z-0.6606 F600
G01 X25.8481 Y2.8434 Z-0.6608 F600
G01 X25.8904 Y2.8454 Z-0.6612 F600
G01 X26.0931 Y2.8581 Z-0.6619 F600
G01 X26.1315 Y2.8617 Z-0.6625 F600
G01 X26.3274 Y2.8830 Z-0.6638 F600
G01 X26.3724 Y2.8896 Z-0.6646 F600
G01 X26.5404 Y2.9162 Z-0.6663 F600
G01 X26.5915 Y2.9261 Z-0.6675 F600
G01 X26.7533 Y2.9605 Z-0.6700 F600
G01 X26.7997 Y2.9722 Z-0.6714 F600
G01 X26.9552 Y3.0144 Z-0.6747 F600
G01 X26.9971 Y3.0274 Z-0.6760 F600
G01 X27.1461 Y3.0778 Z-0.6805 F600
G01 X27.1837 Y3.0916 Z-0.6816 F600
G01 X27.3261 Y3.1502 Z-0.6873 F600
G01 X27.3596 Y3.1646 Z-0.6883 F600
G01 X27.4953 Y3.2311 Z-0.6951 F600
G01 X27.5898 Y3.2826 Z-0.6991 F600
G01 X27.6540 Y3.3203 Z-0.7036 F600
G01 X27.7439 Y3.3766 Z-0.7079 F600
G01 X27.8043 Y3.4177 Z-0.7129 F600
G01 X27.8886 Y3.4782 Z-0.7178 F600
G01 X27.9453 Y3.5216 Z-0.7227 F600
G01 X28.0216 Y3.5841 Z-0.7280 F600
G01 X28.0750 Y3.6295 Z-0.7323 F600
G01 X28.1938 Y3.7412 Z-0.7416 F600
G01 X28.2558 Y3.8069 Z-0.7468 F600
G01 X28.3021 Y3.8569 Z-0.7508 F600
G01 X28.3587 Y3.9234 Z-0.7548 F600
G01 X28.4011 Y3.9759 Z-0.7590 F600
G01 X28.4528 Y4.0439 Z-0.7620 F600
G01 X28.4919 Y4.0985 Z-0.7658 F600
G01 X28.5749 Y4.2252 Z-0.7715 F600
G01 X28.6500 Y4.3571 Z-0.7769 F600
G01 X28.6889 Y4.4334 Z-0.7786 F600
G01 X28.7183 Y4.4945 Z-0.7811 F600
G01 X28.7508 Y4.5687 F600
G01 X28.7778 Y4.6347 Z-0.7826 F600
G01 X28.8342 Y4.7949 Z-0.7816 F600
G01 X28.8896 Y4.9888 Z-0.7797 F600
G01 X28.9125 Y5.0909 Z-0.7798 F600
G01 X28.9268 Y5.1593 Z-0.7800 F600
G01 X28.9397 Y5.2280 Z-0.7818 F600
G01 X28.9576 Y5.3386 Z-0.7829 F600
G01 X28.9789 Y5.4886 Z-0.7862 F600
G01 X28.9844 Y5.5357 Z-0.7874 F600
G01 X29.0017 Y5.6983 Z-0.7904 F600
G01 X29.0094 Y5.7798 Z-0.7927 F600
G01 X29.0137 Y5.8284 Z-0.7937 F600
G01 X29.0191 Y5.8985 Z-0.7946 F600
G01 X29.0335 Y6.1090 Z-0.7990 F600
G01 X29.0362 Y6.1579 Z-0.7999 F600
G01 X29.0494 Y6.4588 Z-0.8047 F600
G01 X29.0552 Y6.6762 Z-0.8068 F600
G01 X29.0594 Y6.8940 Z-0.8093 F600
G01 X29.0611 Y7.2499 Z-0.8113 F600
G01 X29.0593 Y7.3143 Z-0.8134 F600
G01 X29.0539 Y7.3890 Z-0.8189 F600
G01 X29.0449 Y7.4637 Z-0.8278 F600
G01 X29.0326 Y7.5383 Z-0.8402 F600
G01 X29.0168 Y7.6130 Z-0.8560 F600
G01 X28.9976 Y7.6877 Z-0.8752 F600
G01 X28.9749 Y7.7624 Z-0.8979 F600
G01 X28.9488 Y7.8371 Z-0.9240 F600
G01 X28.9193 Y7.9118 Z-0.9535 F600
G01 X28.8863 Y7.9864 Z-0.9865 F600
G01 X28.8499 Y8.0611 Z-1.0229 F600
G01 X28.8331 Y8.0857 Z-1.0333 F600
G01 X28.7949 Y8.0764 Z-1.0044 F600
G01 X28.7587 Y8.0675 Z-0.9777 F600
G01 X28.7242 Y8.0588 Z-0.9526 F600
G01 X28.6911 Y8.0500 Z-0.9288 F600
G01 X28.6593 Y8.0410 Z-0.9062 F600
G01 X28.6288 Y8.0320 Z-0.8846 F600
G01 X28.5995 Y8.0229 Z-0.8642 F600
G01 X28.5713 Y8.0138 Z-0.8447 F600
G01 X28.5441 Y8.0046 Z-0.8261 F600
G01 X28.5180 Y7.9956 Z-0.8087 F600
G01 X28.4930 Y7.9869 Z-0.7925 F600
G01 X28.4689 Y7.9786 Z-0.7774 F600
G01 X28.4381 Y7.9675 Z-0.7585 F600
G01 X28.4085 Y7.9562 Z-0.7408 F600
G01 X28.3801 Y7.9449 Z-0.7240 F600
G01 X28.3529 Y7.9334 Z-0.7083 F600
G01 X28.3268 Y7.9219 Z-0.6935 F600
G01 X28.3016 Y7.9102 Z-0.6796 F600
G01 X28.2774 Y7.8986 Z-0.6666 F600
G01 X28.2541 Y7.8874 Z-0.6548 F600
G01 X28.2315 Y7.8765 Z-0.6442 F600
G01 X28.2043 Y7.8628 Z-0.6318 F600
G01 X28.1782 Y7.8488 Z-0.6204 F600
G01 X28.1531 Y7.8347 Z-0.6098 F600
G01 X28.1289 Y7.8204 Z-0.6001 F600
G01 X28.1055 Y7.8059 Z-0.5912 F600
G01 X28.0830 Y7.7912 Z-0.5831 F600
G01 X28.0610 Y7.7769 Z-0.5761 F600
G01 X28.0396 Y7.7627 Z-0.5703 F600
G01 X28.0188 Y7.7483 Z-0.5651 F600
G01 X27.9946 Y7.7307 Z-0.5597 F600
G01 X27.9712 Y7.7126 Z-0.5551 F600
G01 X27.9486 Y7.6942 Z-0.5513 F600
G01 X27.9266 Y7.6754 Z-0.5483 F600
G01 X27.9053 Y7.6561 Z-0.5461 F600
G01 X27.8845 Y7.6364 Z-0.5446 F600
G01 X27.8642 Y7.6164 Z-0.5442 F600
G01 X27.8440 Y7.5963 Z-0.5451 F600
G01 X27.7097 Y7.4616 Z-0.5553 F600
G01 X27.6777 Y7.4309 Z-0.5574 F600
G01 X27.5659 Y7.3330 Z-0.5672 F600
G01 X27.5351 Y7.3068 Z-0.5693 F600
G01 X27.4787 Y7.2611 Z-0.5726 F600
G01 X27.4206 Y7.2172 Z-0.5784 F600
G01 X27.3908 Y7.1954 Z-0.5808 F600
G01 X27.2742 Y7.1134 Z-0.5885 F600
G01 X27.2455 Y7.0953 Z-0.5910 F600
G01 X27.0980 Y7.0075 Z-0.6015 F600
G01 X27.0369 Y6.9746 Z-0.6048 F600
G01 X26.9484 Y6.9310 Z-0.6119 F600
G01 X26.8858 Y6.9023 Z-0.6150 F600
G01 X26.7972 Y6.8636 Z-0.6201 F600
G01 X26.6427 Y6.8073 Z-0.6290 F600
G01 X26.5773 Y6.7861 Z-0.6309 F600
G01 X26.4850 Y6.7603 Z-0.6367 F600
G01 X26.3235 Y6.7213 Z-0.6424 F600
G01 X26.1570 Y6.6935 Z-0.6493 F600
G01 X26.0869 Y6.6840 Z-0.6503 F600
G01 X25.9853 Y6.6739 Z-0.6544 F600
G01 X25.8416 Y6.6648 Z-0.6579 F600
G01 X25.8077 Y6.6632 Z-0.6582 F600
G01 X25.7342 Y6.6630 Z-0.6601 F600
G01 X25.6607 Y6.6634 Z-0.6626 F600
G01 X25.6262 Y6.6640 Z-0.6633 F600
G01 X25.5579 Y6.6662 Z-0.6638 F600
G01 X25.4897 Y6.6698 Z-0.6656 F600
G01 X25.3912 Y6.6774 Z-0.6698 F600
G01 X25.2594 Y6.6910 Z-0.6727 F600
G01 X25.1937 Y6.7001 Z-0.6764 F600
G01 X25.1576 Y6.7061 Z-0.6781 F600
G01 X24.9884 Y6.7360 Z-0.6843 F600
G01 X24.9468 Y6.7456 Z-0.6867 F600
G01 X24.7843 Y6.7868 Z-0.6947 F600
G01 X24.7476 Y6.7968 Z-0.6960 F600
G01 X24.6696 Y6.8223 Z-0.7002 F600
G01 X24.5600 Y6.8600 Z-0.7067 F600
G01 X24.4847 Y6.8885 Z-0.7092 F600
G01 X24.3826 Y6.9323 Z-0.7163 F600
G01 X24.3108 Y6.9661 Z-0.7194 F600
G01 X24.2143 Y7.0133 Z-0.7242 F600
G01 X24.0552 Y7.1049 Z-0.7326 F600
G01 X23.9890 Y7.1469 Z-0.7344 F600
G01 X23.9035 Y7.2059 Z-0.7397 F600
G01 X23.8403 Y7.2525 Z-0.7413 F600
G01 X23.7574 Y7.3158 Z-0.7443 F600
G01 X23.6177 Y7.4373 Z-0.7488 F600
G01 X23.5597 Y7.4922 Z-0.7490 F600
G01 X23.4829 Y7.5700 Z-0.7520 F600
G01 X23.4277 Y7.6295 Z-0.7518 F600
G01 X23.3518 Y7.7143 Z-0.7527 F600
G01 X23.2480 Y7.8434 Z-0.7534 F600
G01 X23.2236 Y7.8763 Z-0.7540 F600
G01 X23.1276 Y8.0129 Z-0.7560 F600
G01 X23.1021 Y8.0515 Z-0.7569 F600
G01 X23.0148 Y8.1927 Z-0.7607 F600
G01 X22.9918 Y8.2319 Z-0.7617 F600
G01 X22.9130 Y8.3774 Z-0.7669 F600
G01 X22.8924 Y8.4171 Z-0.7679 F600
G01 X22.8218 Y8.5666 Z-0.7739 F600
G01 X22.8033 Y8.6070 Z-0.7750 F600
G01 X22.7716 Y8.6835 Z-0.7779 F600
G01 X22.7404 Y8.7602 Z-0.7814 F600
G01 X22.7241 Y8.8016 Z-0.7827 F600
G01 X22.6957 Y8.8797 Z-0.7852 F600
G01 X22.6683 Y8.9582 Z-0.7889 F600
G01 X22.6541 Y9.0008 Z-0.7904 F600
G01 X22.6289 Y9.0805 Z-0.7924 F600
G01 X22.6052 Y9.1608 Z-0.7961 F600
G01 X22.5929 Y9.2049 Z-0.7976 F600
G01 X22.5710 Y9.2863 Z-0.7994 F600
G01 X22.5507 Y9.3683 Z-0.8027 F600
G01 X22.5401 Y9.4140 Z-0.8042 F600
G01 X22.5219 Y9.4973 Z-0.8059 F600
G01 X22.5045 Y9.5808 Z-0.8085 F600
G01 X22.4956 Y9.6286 Z-0.8099 F600
G01 X22.4809 Y9.7136 Z-0.8115 F600
G01 X22.4606 Y9.8380 Z-0.8144 F600
G01 X22.4317 Y10.0640 Z-0.8178 F600
G01 X22.4111 Y10.2965 Z-0.8202 F600
G01 X22.3985 Y10.5355 Z-0.8213 F600
G01 X22.3965 Y10.6048 Z-0.8206 F600
G01 X22.3938 Y10.7804 Z-0.8207 F600
G01 X22.3939 Y10.8473 Z-0.8196 F600
G01 X22.3946 Y10.9142 Z-0.8190 F600
G01 X22.3967 Y11.0169 Z-0.8186 F600
G01 X22.4015 Y11.1487 Z-0.8161 F600
G01 X22.4050 Y11.2146 Z-0.8159 F600
G01 X22.4079 Y11.2596 Z-0.8152 F600
G01 X22.4141 Y11.3461 Z-0.8133 F600
G01 X22.4208 Y11.4327 Z-0.8119 F600
G01 X22.4262 Y11.4868 Z-0.8112 F600
G01 X22.4451 Y11.6573 Z-0.8072 F600
G01 X22.4523 Y11.7097 Z-0.8064 F600
G01 X22.4775 Y11.8776 Z-0.8022 F600
G01 X22.4863 Y11.9286 Z-0.8011 F600
G01 X22.5181 Y12.0939 Z-0.7970 F600
G01 X22.5284 Y12.1436 Z-0.7955 F600
G01 X22.5669 Y12.3062 Z-0.7916 F600
G01 X22.5790 Y12.3548 Z-0.7900 F600
G01 X22.6243 Y12.5147 Z-0.7863 F600
G01 X22.6384 Y12.5623 Z-0.7848 F600
G01 X22.6641 Y12.6410 Z-0.7827 F600
G01 X22.6905 Y12.7195 Z-0.7814 F600
G01 X22.6641 Y12.6410 Z-0.7827 F600
G01 X22.6384 Y12.5623 Z-0.7848 F600
G01 X22.6243 Y12.5147 Z-0.7863 F600
G01 X22.5790 Y12.3548 Z-0.7900 F600
G01 X22.5669 Y12.3062 Z-0.7916 F600
G01 X22.5284 Y12.1436 Z-0.7955 F600
G01 X22.5181 Y12.0939 Z-0.7970 F600
G01 X22.4863 Y11.9286 Z-0.8011 F600
G01 X22.4775 Y11.8776 Z-0.8022 F600
G01 X22.4523 Y11.7097 Z-0.8064 F600
G01 X22.4451 Y11.6573 Z-0.8072 F600
G01 X22.4262 Y11.4868 Z-0.8112 F600
G01 X22.4208 Y11.4327 Z-0.8119 F600
G01 X22.4141 Y11.3461 Z-0.8133 F600
G01 X22.4079 Y11.2596 Z-0.8152 F600
G01 X22.4050 Y11.2146 Z-0.8159 F600
G01 X22.4015 Y11.1487 Z-0.8161 F600
G01 X22.3967 Y11.0169 Z-0.8186 F600
G01 X22.3946 Y10.9142 Z-0.8190 F600
G01 X22.3939 Y10.8473 Z-0.8196 F600
G01 X22.3938 Y10.7804 Z-0.8207 F600
G01 X22.3965 Y10.6048 Z-0.8206 F600
G01 X22.3985 Y10.5355 Z-0.8213 F600
G01 X22.4111 Y10.2965 Z-0.8202 F600
G01 X22.4317 Y10.0640 Z-0.8178 F600
G01 X22.4606 Y9.8380 Z-0.8144 F600
G01 X22.4809 Y9.7136 Z-0.8115 F600
G01 X22.4956 Y9.6286 Z-0.8099 F600
G01 X22.5045 Y9.5808 Z-0.8085 F600
G01 X22.5219 Y9.4973 Z-0.8059 F600
G01 X22.5401 Y9.4140 Z-0.8042 F600
G01 X22.5507 Y9.3683 Z-0.8027 F600
G01 X22.5710 Y9.2863 Z-0.7994 F600
G01 X22.5929 Y9.2049 Z-0.7976 F600
G01 X22.6052 Y9.1608 Z-0.7961 F600
G01 X22.6289 Y9.0805 Z-0.7924 F600
G01 X22.6541 Y9.0008 Z-0.7904 F600
G01 X22.6683 Y8.9582 Z-0.7889 F600
G01 X22.6957 Y8.8797 Z-0.7852 F600
G01 X22.7241 Y8.8016 Z-0.7827 F600
G01 X22.7404 Y8.7602 Z-0.7814 F600
G01 X22.7716 Y8.6835 Z-0.7779 F600
G01 X22.8033 Y8.6070 Z-0.7750 F600
G01 X22.8218 Y8.5666 Z-0.7739 F600
G01 X22.8924 Y8.4171 Z-0.7679 F600
G01 X22.9130 Y8.3774 Z-0.7669 F600
G01 X22.9918 Y8.2319 Z-0.7617 F600
G01 X23.0148 Y8.1927 Z-0.7607 F600
G01 X23.1021 Y8.0515 Z-0.7569 F600
G01 X23.1276 Y8.0129 Z-0.7560 F600
G01 X23.2236 Y7.8763 Z-0.7540 F600
G01 X23.2480 Y7.8434 Z-0.7534 F600
G01 X23.3518 Y7.7143 Z-0.7527 F600
G01 X23.4277 Y7.6295 Z-0.7518 F600
G01 X23.4829 Y7.5700 Z-0.7520 F600
G01 X23.5597 Y7.4922 Z-0.7490 F600
G01 X23.6177 Y7.4373 Z-0.7488 F600
G01 X23.7574 Y7.3158 Z-0.7443 F600
G01 X23.8403 Y7.2525 Z-0.7413 F600
G01 X23.9035 Y7.2059 Z-0.7397 F600
G01 X23.9890 Y7.1469 Z-0.7344 F600
G01 X24.0552 Y7.1049 Z-0.7326 F600
G01 X24.2143 Y7.0133 Z-0.7242 F600
G01 X24.3108 Y6.9661 Z-0.7194 F600
G01 X24.3826 Y6.9323 Z-0.7163 F600
G01 X24.4847 Y6.8885 Z-0.7092 F600
G01 X24.5600 Y6.8600 Z-0.7067 F600
G01 X24.6696 Y6.8223 Z-0.7002 F600
G01 X24.7476 Y6.7968 Z-0.6960 F600
G01 X24.7843 Y6.7868 Z-0.6947 F600
G01 X24.9468 Y6.7456 Z-0.6867 F600
G01 X24.9884 Y6.7360 Z-0.6843 F600
G01 X25.1576 Y6.7061 Z-0.6781 F600
G01 X25.1937 Y6.7001 Z-0.6764 F600
G01 X25.2594 Y6.6910 Z-0.6727 F600
G01 X25.3912 Y6.6774 Z-0.6698 F600
G01 X25.4897 Y6.6698 Z-0.6656 F600
G01 X25.5579 Y6.6662 Z-0.6638 F600
G01 X25.6262 Y6.6640 Z-0.6633 F600
G01 X25.6607 Y6.6634 Z-0.6626 F600
G01 X25.7342 Y6.6630 Z-0.6601 F600
G01 X25.8077 Y6.6632 Z-0.6582 F600
G01 X25.8416 Y6.6648 Z-0.6579 F600
G01 X25.9853 Y6.6739 Z-0.6544 F600
G01 X26.0869 Y6.6840 Z-0.6503 F600
G01 X26.1570 Y6.6935 Z-0.6493 F600
G01 X26.3235 Y6.7213 Z-0.6424 F600
G01 X26.4850 Y6.7603 Z-0.6367 F600
G01 X26.5773 Y6.7861 Z-0.6309 F600
G01 X26.6427 Y6.8073 Z-0.6290 F600
G01 X26.7972 Y6.8636 Z-0.6201 F600
G01 X26.8858 Y6.9023 Z-0.6150 F600
G01 X26.9484 Y6.9310 Z-0.6119 F600
G01 X27.0369 Y6.9746 Z-0.6048 F600
G01 X27.0980 Y7.0075 Z-0.6015 F600
G01 X27.2455 Y7.0953 Z-0.5910 F600
G01 X27.2742 Y7.1134 Z-0.5885 F600
G01 X27.3908 Y7.1954 Z-0.5808 F600
G01 X27.4206 Y7.2172 Z-0.5784 F600
G01 X27.4787 Y7.2611 Z-0.5726 F600
G01 X27.5351 Y7.3068 Z-0.5693 F600
G01 X27.5659 Y7.3330 Z-0.5672 F600
G01 X27.6777 Y7.4309 Z-0.5574 F600
G01 X27.7097 Y7.4616 Z-0.5553 F600
G01 X27.8440 Y7.5963 Z-0.5451 F600
G01 X27.8642 Y7.6164 Z-0.5442 F600
G01 X27.8845 Y7.6364 Z-0.5446 F600
G01 X27.9053 Y7.6561 Z-0.5461 F600
G01 X27.9266 Y7.6754 Z-0.5483 F600
G01 X27.9486 Y7.6942 Z-0.5513 F600
G01 X27.9712 Y7.7126 Z-0.5551 F600
G01 X27.9946 Y7.7307 Z-0.5597 F600
G01 X28.0188 Y7.7483 Z-0.5651 F600
G01 X28.0396 Y7.7627 Z-0.5703 F600
G01 X28.0610 Y7.7769 Z-0.5761 F600
G01 X28.0830 Y7.7912 Z-0.5831 F600
G01 X28.1055 Y7.8059 Z-0.5912 F600
G01 X28.1289 Y7.8204 Z-0.6001 F600
G01 X28.1531 Y7.8347 Z-0.6098 F600
G01 X28.1782 Y7.8488 Z-0.6204 F600
G01 X28.2043 Y7.8628 Z-0.6318 F600
G01 X28.2315 Y7.8765 Z-0.6442 F600
G01 X28.2541 Y7.8874 Z-0.6548 F600
G01 X28.2774 Y7.8986 Z-0.6666 F600
G01 X28.3016 Y7.9102 Z-0.6796 F600
G01 X28.3268 Y7.9219 Z-0.6935 F600
G01 X28.3529 Y7.9334 Z-0.7083 F600
G01 X28.3801 Y7.9449 Z-0.7240 F600
G01 X28.4085 Y7.9562 Z-0.7408 F600
G01 X28.4381 Y7.9675 Z-0.7585 F600
G01 X28.4689 Y7.9786 Z-0.7774 F600
G01 X28.4930 Y7.9869 Z-0.7925 F600
G01 X28.5180 Y7.9956 Z-0.8087 F600
G01 X28.5441 Y8.0046 Z-0.8261 F600
G01 X28.5713 Y8.0138 Z-0.8447 F600
G01 X28.5995 Y8.0229 Z-0.8642 F600
G01 X28.6288 Y8.0320 Z-0.8846 F600
G01 X28.6593 Y8.0410 Z-0.9062 F600
G01 X28.6911 Y8.0500 Z-0.9288 F600
G01 X28.7242 Y8.0588 Z-0.9526 F600
G01 X28.7587 Y8.0675 Z-0.9777 F600
G01 X28.7949 Y8.0764 Z-1.0044 F600
G01 X28.8331 Y8.0857 Z-1.0333 F600
G01 X28.8487 Y8.1358 Z-1.0241 F600
G01 X28.8848 Y8.2852 Z-0.9880 F600
G01 X28.9012 Y8.3599 Z-0.9716 F600
G01 X28.9325 Y8.5092 Z-0.9403 F600
G01 X28.9470 Y8.5839 Z-0.9258 F600
G01 X28.9736 Y8.7333 Z-0.8991 F600
G01 X28.9864 Y8.8080 Z-0.8864 F600
G01 X29.0199 Y9.0320 Z-0.8529 F600
G01 X29.0479 Y9.2561 Z-0.8249 F600
G01 X29.0709 Y9.4801 Z-0.8019 F600
G01 X29.0775 Y9.5548 Z-0.7953 F600
G01 X29.0949 Y9.7788 Z-0.7779 F600
G01 X29.1081 Y10.0029 Z-0.7646 F600
G01 X29.1201 Y10.3016 Z-0.7527 F600
G01 X29.1254 Y10.5257 Z-0.7474 F600
G01 X29.1279 Y10.8244 Z-0.7449 F600
G01 X29.1261 Y11.0485 Z-0.7466 F600
G01 X29.1250 Y11.1232 Z-0.7478 F600
G01 X29.1194 Y11.3472 Z-0.7534 F600
G01 X29.1098 Y11.5713 Z-0.7630 F600
G01 X29.1058 Y11.6459 Z-0.7670 F600
G01 X29.0914 Y11.8700 Z-0.7814 F600
G01 X29.0725 Y12.0940 Z-0.8003 F600
G01 X29.0488 Y12.3181 Z-0.8240 F600
G01 X29.0396 Y12.3928 Z-0.8332 F600
G01 X29.0200 Y12.5421 Z-0.8528 F600
G01 X29.0093 Y12.6168 Z-0.8634 F600
G01 X28.9858 Y12.7662 Z-0.8870 F600
G01 X28.9735 Y12.8409 Z-0.8993 F600
G01 X28.9316 Y13.0649 Z-0.9412 F600
G01 X28.8833 Y13.2890 Z-0.9895 F600
G01 X28.8652 Y13.3637 Z-1.0076 F600
G01 X28.8948 Y13.4383 Z-0.9780 F600
G01 X28.9728 Y13.5877 Z-0.8999 F600
G01 X29.0062 Y13.6624 Z-0.8666 F600
G01 X29.0358 Y13.7371 Z-0.8370 F600
G01 X29.0615 Y13.8118 Z-0.8113 F600
G01 X29.0835 Y13.8864 Z-0.7893 F600
G01 X29.1017 Y13.9611 Z-0.7711 F600
G01 X29.1161 Y14.0358 Z-0.7567 F600
G01 X29.1267 Y14.1105 Z-0.7461 F600
G01 X29.1336 Y14.1852 Z-0.7392 F600
G01 X29.1366 Y14.2599 Z-0.7362 F600
G01 X29.1368 Y14.6333 Z-0.7360 F600
G01 X29.1633 Y14.7080 Z-0.7095 F600
G01 X29.8354 Y15.3801 Z-0.0373 F600
G01 X29.1736 Y14.7182 Z-0.6992 F600
G01 X29.1000 F600
G01 X28.4376 Y15.3807 Z-0.0368 F600
G01 X29.1196 Y14.6986 Z-0.7189 F600
G01 X29.1368 Y14.6229 Z-0.7360 F600
G01 Y14.2824 F600
G01 X29.1363 Y14.2439 Z-0.7365 F600
G01 X29.1347 Y14.2053 Z-0.7380 F600
G01 X29.1322 Y14.1666 Z-0.7406 F600
G01 X29.1286 Y14.1277 Z-0.7441 F600
G01 X29.1240 Y14.0886 Z-0.7488 F600
G01 X29.1193 Y14.0558 Z-0.7535 F600
G01 X29.1139 Y14.0228 Z-0.7589 F600
G01 X29.1076 Y13.9896 Z-0.7651 F600
G01 X29.1006 Y13.9561 Z-0.7722 F600
G01 X29.0927 Y13.9222 Z-0.7801 F600
G01 X29.0839 Y13.8880 Z-0.7889 F600
G01 X29.0742 Y13.8533 Z-0.7985 F600
G01 X29.0636 Y13.8183 Z-0.8092 F600
G01 X29.0520 Y13.7827 Z-0.8208 F600
G01 X29.0393 Y13.7466 Z-0.8335 F600
G01 X29.0255 Y13.7100 Z-0.8473 F600
G01 X29.0136 Y13.6802 Z-0.8592 F600
G01 X29.0009 Y13.6500 Z-0.8719 F600
G01 X28.9874 Y13.6193 Z-0.8854 F600
G01 X28.9731 Y13.5881 Z-0.8997 F600
G01 X28.9578 Y13.5565 Z-0.9150 F600
G01 X28.9415 Y13.5243 Z-0.9313 F600
G01 X28.9243 Y13.4915 Z-0.9485 F600
G01 X28.9059 Y13.4580 Z-0.9669 F600
G01 X28.8864 Y13.4239 Z-0.9863 F600
G01 X28.8657 Y13.3892 Z-1.0070 F600
G01 X28.7293 Y13.4265 Z-0.9168 F600
G01 X28.6101 Y13.4728 Z-0.8362 F600
G01 X28.5156 Y13.5139 Z-0.7770 F600
G01 X28.4390 Y13.5519 Z-0.7315 F600
G01 X28.3764 Y13.5846 Z-0.6982 F600
G01 X28.3191 Y13.6172 Z-0.6702 F600
G01 X28.2715 Y13.6469 Z-0.6485 F600
G01 X28.2272 Y13.6770 Z-0.6298 F600
G01 X28.1898 Y13.7029 Z-0.6166 F600
G01 X28.1544 Y13.7291 Z-0.6057 F600
G01 X28.1207 Y13.7558 Z-0.5964 F600
G01 X28.0926 Y13.7796 Z-0.5897 F600
G01 X28.0657 Y13.8039 Z-0.5842 F600
G01 X28.0394 Y13.8281 Z-0.5805 F600
G01 X28.0137 Y13.8525 Z-0.5784 F600
G01 X27.9924 Y13.8740 Z-0.5776 F600
G01 X27.9716 Y13.8960 Z-0.5775 F600
G01 X27.8791 Y13.9995 Z-0.5808 F600
G01 X27.8232 Y14.0585 Z-0.5853 F600
G01 X27.7902 Y14.0918 Z-0.5876 F600
G01 X27.6770 Y14.2024 Z-0.5933 F600
G01 X27.6450 Y14.2308 Z-0.5957 F600
G01 X27.5273 Y14.3312 Z-0.6026 F600
G01 X27.4973 Y14.3561 Z-0.6038 F600
G01 X27.4367 Y14.4017 Z-0.6070 F600
G01 X27.3756 Y14.4466 Z-0.6112 F600
G01 X27.3465 Y14.4672 Z-0.6127 F600
G01 X27.2850 Y14.5093 Z-0.6144 F600
G01 X27.2222 Y14.5497 Z-0.6184 F600
G01 X27.1939 Y14.5666 Z-0.6201 F600
G01 X27.0663 Y14.6402 Z-0.6252 F600
G01 X27.0390 Y14.6550 Z-0.6261 F600
G01 X26.9071 Y14.7181 Z-0.6325 F600
G01 X26.8133 Y14.7592 Z-0.6343 F600
G01 X26.7455 Y14.7858 Z-0.6378 F600
G01 X26.5800 Y14.8430 Z-0.6424 F600
G01 X26.4809 Y14.8701 Z-0.6452 F600
G01 X26.4098 Y14.8883 Z-0.6478 F600
G01 X26.3077 Y14.9111 Z-0.6485 F600
G01 X26.2347 Y14.9244 Z-0.6513 F600
G01 X26.2029 Y14.9294 Z-0.6523 F600
G01 X26.0537 Y14.9504 Z-0.6543 F600
G01 X26.0192 Y14.9540 Z-0.6549 F600
G01 X25.8661 Y14.9641 Z-0.6586 F600
G01 X25.8285 Y14.9659 Z-0.6589 F600
G01 X25.7501 Y14.9680 Z-0.6592 F600
G01 X25.6716 Y14.9675 Z-0.6619 F600
G01 X25.6273 Y14.9666 Z-0.6628 F600
G01 X25.5450 Y14.9639 Z-0.6635 F600
G01 X25.4628 Y14.9595 Z-0.6658 F600
G01 X25.4165 Y14.9554 Z-0.6676 F600
G01 X25.2565 Y14.9389 Z-0.6716 F600
G01 X25.2142 Y14.9329 Z-0.6732 F600
G01 X25.0591 Y14.9057 Z-0.6798 F600
G01 X25.0206 Y14.8983 Z-0.6809 F600
G01 X24.9453 Y14.8812 Z-0.6837 F600
G01 X24.8704 Y14.8622 Z-0.6883 F600
G01 X24.8356 Y14.8528 Z-0.6899 F600
G01 X24.7625 Y14.8320 Z-0.6922 F600
G01 X24.6898 Y14.8094 Z-0.6962 F600
G01 X24.6584 Y14.7984 Z-0.6983 F600
G01 X24.5175 Y14.7463 Z-0.7051 F600
G01 X24.4207 Y14.7045 Z-0.7101 F600
G01 X24.3530 Y14.6734 Z-0.7146 F600
G01 X24.2603 Y14.6277 Z-0.7181 F600
G01 X24.1950 Y14.5927 Z-0.7224 F600
G01 X24.0434 Y14.5027 Z-0.7303 F600
G01 X23.9585 Y14.4459 Z-0.7344 F600
G01 X23.8977 Y14.4032 Z-0.7384 F600
G01 X23.8153 Y14.3419 Z-0.7412 F600
G01 X23.7568 Y14.2962 Z-0.7444 F600
G01 X23.6233 Y14.1809 Z-0.7506 F600
G01 X23.5493 Y14.1110 Z-0.7529 F600
G01 X23.4968 Y14.0588 Z-0.7559 F600
G01 X23.4263 Y13.9847 Z-0.7573 F600
G01 X23.3757 Y13.9304 Z-0.7585 F600
G01 X23.2614 Y13.7931 Z-0.7616 F600
G01 X23.1980 Y13.7081 Z-0.7632 F600
G01 X23.1535 Y13.6468 Z-0.7647 F600
G01 X23.0929 Y13.5561 Z-0.7657 F600
G01 X23.0517 Y13.4913 Z-0.7675 F600
G01 X22.9938 Y13.3942 Z-0.7681 F600
G01 X22.9559 Y13.3258 Z-0.7703 F600
G01 X22.9012 Y13.2218 Z-0.7709 F600
G01 X22.8663 Y13.1500 Z-0.7731 F600
G01 X22.8489 Y13.1129 Z-0.7738 F600
G01 X22.8153 Y13.0385 Z-0.7742 F600
G01 X22.7832 Y12.9634 Z-0.7762 F600
G01 X22.7658 Y12.9205 Z-0.7772 F600
G01 X22.7358 Y12.8435 Z-0.7781 F600
G01 X22.7067 Y12.7661 Z-0.7801 F600
G00 Z6.0000 F480
G00 X18.9434 Y14.6327 F1000
G01 Z-0.7848 F600
G01 X18.1966 Y15.3795 Z-0.0380 F600
G01 X18.9567 Y14.6194 Z-0.7981 F600
G01 X19.7174 Y15.3801 Z-0.0374 F600
G01 X18.9700 Y14.6327 Z-0.7848 F600
G01 X18.9567 Y14.5579 Z-0.7981 F600
G01 Y6.8595 F600
G01 X18.9700 Y6.7848 Z-0.7848 F600
G01 X19.7168 Y6.0380 Z-0.0380 F600
G01 X18.9567 Y6.7981 Z-0.7981 F600
G01 X18.1966 Y6.0380 Z-0.0380 F600
G00 Z6.0000 F480
G00 X10.1164 Y6.7709 F1000
G01 Z-0.7691 F600
G01 X10.0387 Y6.7694 Z-0.7683 F600
G01 X6.9882 Y6.7671 Z-0.7671 F600
G01 X6.9138 Y6.7677 Z-0.7677 F600
G01 X6.8393 Y6.7717 Z-0.7717 F600
G01 X6.7648 Y6.7793 Z-0.7793 F600
G01 X6.6904 Y6.7905 Z-0.7905 F600
G01 X6.6159 Y6.8054 Z-0.8054 F600
G01 X6.5415 Y6.8238 Z-0.8238 F600
G01 X6.4670 Y6.8459 Z-0.8459 F600
G01 X6.3925 Y6.8715 Z-0.8715 F600
G01 X6.3181 Y6.9008 Z-0.9008 F600
G01 X6.2436 Y6.9337 Z-0.9337 F600
G01 X6.1692 Y6.9308 Z-0.9308 F600
G01 X5.2760 Y6.0376 Z-0.0376 F600
G01 X6.1777 Y6.9393 Z-0.9393 F600
G01 X6.1771 Y7.0145 Z-0.9386 F600
G01 X6.1560 Y7.0896 Z-0.9176 F600
G01 X6.1382 Y7.1647 Z-0.8998 F600
G01 X6.1237 Y7.2399 Z-0.8853 F600
G01 X6.1125 Y7.3150 Z-0.8741 F600
G01 X6.1046 Y7.3902 Z-0.8662 F600
G01 X6.0999 Y7.4653 Z-0.8615 F600
G01 X6.0986 Y17.4595 Z-0.8602 F600
G01 X6.0999 Y17.5347 Z-0.8615 F600
G01 X6.1046 Y17.6098 Z-0.8662 F600
G01 X6.1125 Y17.6850 Z-0.8741 F600
G01 X6.1237 Y17.7601 Z-0.8853 F600
G01 X6.1382 Y17.8353 Z-0.8998 F600
G01 X6.1560 Y17.9104 Z-0.9176 F600
G01 X6.1771 Y17.9855 Z-0.9386 F600
G01 X6.1777 Y18.0607 Z-0.9393 F600
G01 X5.2757 Y18.9627 Z-0.0373 F600
G01 X6.1714 Y18.0670 Z-0.9330 F600
G01 X6.2460 Y18.0674 Z-0.9326 F600
G01 X6.3206 Y18.1002 Z-0.8998 F600
G01 X6.3953 Y18.1295 Z-0.8705 F600
G01 X6.4699 Y18.1551 Z-0.8449 F600
G01 X6.5445 Y18.1770 Z-0.8230 F600
G01 X6.6192 Y18.1954 Z-0.8046 F600
G01 X6.6938 Y18.2101 Z-0.7899 F600
G01 X6.7684 Y18.2211 Z-0.7789 F600
G01 X6.8431 Y18.2286 Z-0.7714 F600
G01 X6.9177 Y18.2324 Z-0.7676 F600
G01 X9.9708 Y18.2309 Z-0.7675 F600
G01 X10.3011 Y18.2232 Z-0.7686 F600
G01 X10.5643 Y18.2118 Z-0.7703 F600
G01 X10.8004 Y18.1967 Z-0.7726 F600
G01 X10.8799 Y18.1905 Z-0.7732 F600
G01 X10.9593 Y18.1836 Z-0.7745 F600
G01 X11.0950 Y18.1708 Z-0.7757 F600
G01 X11.2235 Y18.1560 Z-0.7781 F600
G01 X11.3632 Y18.1381 Z-0.7798 F600
G01 X11.4097 Y18.1310 Z-0.7809 F600
G01 X11.5784 Y18.1038 Z-0.7834 F600
G01 X11.7288 Y18.0739 Z-0.7865 F600
G01 X11.7844 Y18.0618 Z-0.7868 F600
G01 X11.8746 Y18.0397 Z-0.7889 F600
G01 X11.9478 Y18.0203 Z-0.7897 F600
G01 X12.0596 Y17.9884 Z-0.7924 F600
G01 X12.1304 Y17.9656 Z-0.7939 F600
G01 X12.2367 Y17.9296 Z-0.7971 F600
G01 X12.4057 Y17.8632 Z-0.8034 F600
G01 X12.4718 Y17.8346 Z-0.8052 F600
G01 X12.5670 Y17.7902 Z-0.8101 F600
G01 X12.6309 Y17.7588 Z-0.8120 F600
G01 X12.7217 Y17.7123 Z-0.8156 F600
G01 X12.8692 Y17.6277 Z-0.8220 F600
G01 X12.9288 Y17.5913 Z-0.8234 F600
G01 X13.0105 Y17.5377 Z-0.8278 F600
G01 X13.1465 Y17.4430 Z-0.8319 F600
G01 X13.2762 Y17.3413 Z-0.8371 F600
G01 X13.3295 Y17.2972 Z-0.8377 F600
G01 X13.4038 Y17.2330 Z-0.8402 F600
G01 X13.5677 Y17.0804 Z-0.8445 F600
G01 X13.7219 Y16.9199 Z-0.8495 F600
G01 X13.7666 Y16.8702 Z-0.8498 F600
G01 X13.8677 Y16.7520 Z-0.8538 F600
G01 X13.9100 Y16.7001 Z-0.8539 F600
G01 X13.9519 Y16.6478 Z-0.8545 F600
G01 X14.0060 Y16.5769 Z-0.8568 F600
G01 X14.0852 Y16.4680 Z-0.8572 F600
G01 X14.1372 Y16.3942 Z-0.8583 F600
G01 X14.2611 Y16.2030 Z-0.8587 F600
G01 X14.2961 Y16.1441 Z-0.8582 F600
G01 X14.3775 Y16.0027 Z-0.8587 F600
G01 X14.4097 Y15.9412 Z-0.8583 F600
G01 X14.4852 Y15.7923 Z-0.8593 F600
G01 X14.5147 Y15.7284 Z-0.8592 F600
G01 X14.5843 Y15.5718 Z-0.8605 F600
G01 X14.6111 Y15.5054 Z-0.8606 F600
G01 X14.6752 Y15.3399 Z-0.8622 F600
G01 X14.6992 Y15.2712 Z-0.8625 F600
G01 X14.7576 Y15.0978 Z-0.8644 F600
G01 X14.7787 Y15.0271 Z-0.8650 F600
G01 X14.8308 Y14.8474 Z-0.8672 F600
G01 X14.8950 Y14.5887 Z-0.8703 F600
G01 X14.9417 Y14.3650 Z-0.8733 F600
G01 X14.9502 Y14.3217 Z-0.8736 F600
G01 X14.9895 Y14.0923 Z-0.8765 F600
G01 X14.9967 Y14.0462 Z-0.8768 F600
G01 X15.0285 Y13.8112 Z-0.8795 F600
G01 X15.0344 Y13.7622 Z-0.8799 F600
G01 X15.0590 Y13.5215 Z-0.8821 F600
G01 X15.0634 Y13.4697 Z-0.8825 F600
G01 X15.0809 Y13.2233 Z-0.8842 F600
G01 X15.0838 Y13.1685 Z-0.8847 F600
G01 X15.0942 Y12.9164 Z-0.8857 F600
G01 X15.0954 Y12.8672 Z-0.8861 F600
G01 X15.0990 Y12.5922 Z-0.8866 F600
G01 X15.0962 Y12.3252 Z-0.8869 F600
G01 X15.0951 Y12.2745 Z-0.8867 F600
G01 X15.0853 Y12.0119 Z-0.8864 F600
G01 X15.0726 Y11.8024 Z-0.8861 F600
G01 X15.0695 Y11.7570 Z-0.8858 F600
G01 X15.0643 Y11.6888 Z-0.8850 F600
G01 X15.0480 Y11.5098 Z-0.8848 F600
G01 X15.0339 Y11.3767 Z-0.8833 F600
G01 X15.0260 Y11.3102 Z-0.8834 F600
G01 X15.0195 Y11.2594 Z-0.8831 F600
G01 X14.9959 Y11.0864 Z-0.8813 F600
G01 X14.9867 Y11.0276 Z-0.8810 F600
G01 X14.9588 Y10.8590 Z-0.8789 F600
G01 X14.9485 Y10.8034 Z-0.8784 F600
G01 X14.9158 Y10.6392 Z-0.8765 F600
G01 X14.9049 Y10.5865 Z-0.8754 F600
G01 X14.8675 Y10.4268 Z-0.8735 F600
G01 X14.8554 Y10.3772 Z-0.8725 F600
G01 X14.8353 Y10.2993 Z-0.8706 F600
G01 X14.8141 Y10.2217 Z-0.8699 F600
G01 X14.7997 Y10.1707 Z-0.8690 F600
G01 X14.7778 Y10.0952 Z-0.8672 F600
G01 X14.7550 Y10.0200 Z-0.8662 F600
G01 X14.6909 Y9.8225 Z-0.8631 F600
G01 X14.6737 Y9.7742 Z-0.8627 F600
G01 X14.6228 Y9.6342 Z-0.8610 F600
G01 X14.6059 Y9.5892 Z-0.8602 F600
G01 X14.5518 Y9.4547 Z-0.8590 F600
G01 X14.5348 Y9.4133 Z-0.8583 F600
G01 X14.5070 Y9.3483 Z-0.8570 F600
G01 X14.4612 Y9.2460 Z-0.8563 F600
G01 X14.4322 Y9.1836 Z-0.8550 F600
G01 X14.3854 Y9.0873 Z-0.8540 F600
G01 X14.3079 Y8.9370 Z-0.8511 F600
G01 X14.2277 Y8.7953 Z-0.8488 F600
G01 X14.1951 Y8.7404 Z-0.8470 F600
G01 X14.1460 Y8.6617 Z-0.8458 F600
G01 X14.0601 Y8.5311 Z-0.8417 F600
G01 X13.9689 Y8.4036 Z-0.8382 F600
G01 X13.9333 Y8.3557 Z-0.8363 F600
G01 X13.8766 Y8.2829 Z-0.8350 F600
G01 X13.8400 Y8.2373 Z-0.8335 F600
G01 X13.7837 Y8.1685 Z-0.8316 F600
G01 X13.6894 Y8.0612 Z-0.8290 F600
G01 X13.6515 Y8.0196 Z-0.8273 F600
G01 X13.5944 Y7.9601 Z-0.8265 F600
G01 X13.4993 Y7.8648 Z-0.8232 F600
G01 X13.4028 Y7.7762 Z-0.8210 F600
G01 X13.3625 Y7.7412 Z-0.8196 F600
G01 X13.3056 Y7.6939 Z-0.8190 F600
G01 X13.2645 Y7.6609 Z-0.8176 F600
G01 X13.2078 Y7.6171 Z-0.8168 F600
G01 X13.1090 Y7.5455 Z-0.8143 F600
G01 X13.0059 Y7.4775 Z-0.8122 F600
G01 X12.9613 Y7.4495 Z-0.8105 F600
G01 X12.8975 Y7.4115 Z-0.8095 F600
G01 X12.8509 Y7.3850 Z-0.8079 F600
G01 X12.7834 Y7.3476 Z-0.8062 F600
G01 X12.6634 Y7.2860 Z-0.8027 F600
G01 X12.5371 Y7.2273 Z-0.7995 F600
G01 X12.4852 Y7.2046 Z-0.7977 F600
G01 X12.4048 Y7.1712 Z-0.7960 F600
G01 X12.3510 Y7.1498 Z-0.7940 F600
G01 X12.2662 Y7.1178 Z-0.7923 F600
G01 X12.2106 Y7.0979 Z-0.7905 F600
G01 X12.1214 Y7.0673 Z-0.7885 F600
G01 X11.9702 Y7.0199 Z-0.7846 F600
G01 X11.8513 Y6.9867 Z-0.7823 F600
G01 X11.8131 Y6.9764 Z-0.7813 F600
G01 X11.6904 Y6.9469 Z-0.7798 F600
G01 X11.6499 Y6.9375 Z-0.7791 F600
G01 X11.5868 Y6.9239 Z-0.7780 F600
G01 X11.5236 Y6.9111 Z-0.7778 F600
G01 X11.4803 Y6.9026 Z-0.7773 F600
G01 X11.4154 Y6.8904 Z-0.7762 F600
G01 X11.3503 Y6.8792 Z-0.7760 F600
G01 X11.3043 Y6.8717 Z-0.7758 F600
G01 X11.1707 Y6.8513 Z-0.7745 F600
G01 X10.9847 Y6.8275 Z-0.7734 F600
G01 X10.9333 Y6.8219 Z-0.7732 F600
G01 X10.7384 Y6.8030 Z-0.7721 F600
G01 X10.5372 Y6.7884 Z-0.7712 F600
G01 X10.3890 Y6.7804 Z-0.7707 F600
G01 X10.2540 Y6.7747 Z-0.7695 F600
G01 X10.1164 Y6.7709 Z-0.7691 F600
G01 X9.9610 Y6.7683 Z-0.7679 F600
G00 Z6.0000 F480
G00 X19.7168 Y17.2024 F1000
G01 Z-0.0380 F600
G01 X19.6408 Y17.2784 Z-0.1140 F600
G01 X18.9567 Y17.9625 Z-0.7981 F600
G01 X18.1968 Y17.2026 Z-0.0382 F600
G01 X18.8087 Y17.8145 Z-0.6501 F600
G01 X18.9567 Y17.9675 Z-0.7981 F600
G01 Y18.1969 F600
G01 X18.8852 Y18.2734 Z-0.7266 F600
G01 X18.1966 Y18.9620 Z-0.0380 F600
G01 X18.9567 Y18.2019 Z-0.7981 F600
G01 X19.7165 Y18.9618 Z-0.0382 F600
G01 X19.1047 Y18.3499 Z-0.6501 F600
G00 Z6.0000 F480

(No. 2 Carve collection roughing and finishing: Multiple)
G00 X15.9349 Y161.8691 Z6.0000 F1000
G00 Z0.9000 F480
G01 Z0.3809 F600
G01 X15.8592 Y161.9074 Z0.3426 F600
G01 X14.1945 Y162.7490 Z-0.4990 F600
G01 X14.1188 Y162.6517 Z-0.4017 F600
G01 X13.7026 Y161.8500 Z0.4000 F600
G01 X13.9657 Y162.3569 Z-0.1069 F600
G01 X14.1648 Y162.7727 Z-0.5089 F600
G01 X9.7321 Y168.9309 Z-0.4274 F600
G01 X9.7056 Y168.9653 Z-0.4283 F600
G01 X9.6736 Y169.0046 Z-0.4308 F600
G01 X9.6401 Y169.0431 Z-0.4349 F600
G01 X9.6052 Y169.0810 Z-0.4406 F600
G01 X9.5691 Y169.1187 Z-0.4486 F600
G01 X9.5269 Y169.1629 Z-0.4619 F600
G01 X9.4831 Y169.2088 Z-0.4800 F600
G01 X9.4312 Y169.2630 Z-0.5067 F600
G01 X9.3693 Y169.3277 Z-0.5453 F600
G01 X9.3055 Y169.3791 Z-0.5772 F600
G01 X9.2685 Y169.3684 Z-0.5586 F600
G01 X9.2326 Y169.3573 Z-0.5411 F600
G01 X9.1980 Y169.3460 Z-0.5246 F600
G01 X9.1644 Y169.3343 Z-0.5091 F600
G01 X9.1318 Y169.3224 Z-0.4945 F600
G01 X9.1002 Y169.3102 Z-0.4808 F600
G01 X9.0695 Y169.2977 Z-0.4679 F600
G01 X9.0397 Y169.2850 Z-0.4559 F600
G01 X9.0107 Y169.2720 Z-0.4446 F600
G01 X8.9756 Y169.2555 Z-0.4315 F600
G01 X8.9416 Y169.2385 Z-0.4195 F600
G01 X8.9087 Y169.2212 Z-0.4084 F600
G01 X8.8768 Y169.2036 Z-0.3984 F600
G01 X8.8459 Y169.1855 Z-0.3893 F600
G01 X8.8158 Y169.1671 Z-0.3811 F600
G01 X8.7866 Y169.1484 Z-0.3738 F600
G01 X8.7582 Y169.1292 Z-0.3672 F600
G01 X8.7306 Y169.1097 Z-0.3615 F600
G01 X8.7037 Y169.0898 Z-0.3566 F600
G01 X8.6723 Y169.0654 Z-0.3517 F600
G01 X8.6418 Y169.0403 Z-0.3478 F600
G01 X8.6122 Y169.0147 Z-0.3451 F600
G01 X8.5833 Y168.9884 Z-0.3433 F600
G01 X7.4709 Y167.8915 Z-0.3334 F600
G01 X7.4171 Y167.8403 Z-0.3344 F600
G01 X7.3606 Y167.7918 Z-0.3391 F600
G01 X7.3015 Y167.7459 Z-0.3475 F600
G01 X7.2398 Y167.7028 Z-0.3597 F600
G01 X7.1754 Y167.6624 Z-0.3757 F600
G01 X7.1084 Y167.6246 Z-0.3954 F600
G01 X7.0388 Y167.5896 Z-0.4190 F600
G01 X6.9666 Y167.5572 Z-0.4462 F600
G01 X6.8917 Y167.5276 Z-0.4773 F600
G01 X6.7340 Y167.4764 Z-0.5506 F600
G01 X6.5659 Y167.4359 Z-0.6391 F600
G01 X6.3872 Y167.4063 Z-0.7426 F600
G01 X6.3479 Y167.3402 Z-0.7228 F600
G01 X6.2292 Y167.0586 Z-0.6041 F600
G01 X6.2153 Y167.0238 Z-0.5902 F600
G01 X6.2023 Y166.9894 Z-0.5772 F600
G01 X6.1873 Y166.9471 Z-0.5621 F600
G01 X6.1734 Y166.9055 Z-0.5483 F600
G01 X6.1607 Y166.8644 Z-0.5356 F600
G01 X6.1492 Y166.8238 Z-0.5241 F600
G01 X6.1387 Y166.7837 Z-0.5136 F600
G01 X6.1293 Y166.7440 Z-0.5042 F600
G01 X6.1209 Y166.7048 Z-0.4958 F600
G01 X6.1134 Y166.6659 Z-0.4883 F600
G01 X6.1068 Y166.6272 Z-0.4817 F600
G01 X6.1012 Y166.5889 Z-0.4761 F600
G01 X6.0956 Y166.5432 Z-0.4705 F600
G01 X6.0912 Y166.4977 Z-0.4661 F600
G01 X6.0880 Y166.4525 Z-0.4629 F600
G01 X6.0861 Y166.4073 Z-0.4610 F600
G01 X6.0853 Y162.7134 Z-0.4602 F600
G01 X6.1571 Y162.6383 Z-0.3883 F600
G01 X6.9080 Y161.8874 Z0.3626 F600
G01 X6.0853 Y162.7102 Z-0.4602 F600
G01 X5.2627 Y161.8876 Z0.3624 F600
G01 X5.9390 Y162.5639 Z-0.3139 F600
G01 X6.0853 Y162.7142 Z-0.4602 F600
G01 Y166.3211 F600
G01 X6.0858 Y166.3962 Z-0.4607 F600
G01 X6.0892 Y166.4714 Z-0.4641 F600
G01 X6.0960 Y166.5465 Z-0.4709 F600
G01 X6.1060 Y166.6217 Z-0.4809 F600
G01 X6.1193 Y166.6968 Z-0.4942 F600
G01 X6.1359 Y166.7720 Z-0.5107 F600
G01 X6.1557 Y166.8471 Z-0.5306 F600
G01 X6.1789 Y166.9223 Z-0.5538 F600
G01 X6.2053 Y166.9974 Z-0.5802 F600
G01 X6.2350 Y167.0725 Z-0.6099 F600
G01 X6.3617 Y167.3731 Z-0.7366 F600
G01 X6.3503 Y167.4483 Z-0.7252 F600
G01 X6.3102 Y167.5234 Z-0.6851 F600
G01 X6.2734 Y167.5986 Z-0.6483 F600
G01 X6.2399 Y167.6737 Z-0.6148 F600
G01 X6.2097 Y167.7488 Z-0.5846 F600
G01 X6.1828 Y167.8240 Z-0.5577 F600
G01 X6.1591 Y167.8991 Z-0.5340 F600
G01 X6.1387 Y167.9743 Z-0.5136 F600
G01 X6.1216 Y168.0494 Z-0.4965 F600
G01 X6.1078 Y168.1246 Z-0.4827 F600
G01 X6.0973 Y168.1997 Z-0.4722 F600
G01 X6.0901 Y168.2749 Z-0.4650 F600
G01 X6.0861 Y168.3500 Z-0.4610 F600
G01 X6.0853 Y173.9858 Z-0.4602 F600
G01 X6.0141 Y174.0610 Z-0.3890 F600
G01 X5.2625 Y174.8126 Z0.3626 F600
G01 X6.0853 Y173.9898 Z-0.4602 F600
G01 X6.9080 Y174.8125 Z0.3625 F600
G01 X6.0853 Y173.9879 Z-0.4602 F600
G01 Y168.3888 F600
G01 X6.0863 Y168.3437 Z-0.4612 F600
G01 X6.0889 Y168.2910 Z-0.4638 F600
G01 X6.0932 Y168.2382 Z-0.4681 F600
G01 X6.0991 Y168.1850 Z-0.4740 F600
G01 X6.1068 Y168.1313 Z-0.4816 F600
G01 X6.1162 Y168.0772 Z-0.4911 F600
G01 X6.1292 Y168.0146 Z-0.5041 F600
G01 X6.1447 Y167.9509 Z-0.5196 F600
G01 X6.1630 Y167.8861 Z-0.5379 F600
G01 X6.1842 Y167.8199 Z-0.5591 F600
G01 X6.2118 Y167.7435 Z-0.5866 F600
G01 X6.2437 Y167.6648 Z-0.6186 F600
G01 X6.2850 Y167.5741 Z-0.6599 F600
G01 X6.3332 Y167.4796 Z-0.7081 F600
G01 X6.3923 Y167.4070 Z-0.7395 F600
G01 X6.4286 Y167.4121 Z-0.7178 F600
G01 X6.4638 Y167.4175 Z-0.6971 F600
G01 X6.5092 Y167.4251 Z-0.6709 F600
G01 X6.5528 Y167.4333 Z-0.6463 F600
G01 X6.5948 Y167.4420 Z-0.6232 F600
G01 X6.6353 Y167.4510 Z-0.6014 F600
G01 X6.6744 Y167.4605 Z-0.5809 F600
G01 X6.7122 Y167.4703 Z-0.5616 F600
G01 X6.7487 Y167.4805 Z-0.5434 F600
G01 X6.7840 Y167.4911 Z-0.5263 F600
G01 X6.8181 Y167.5019 Z-0.5102 F600
G01 X6.8513 Y167.5131 Z-0.4951 F600
G01 X6.8834 Y167.5245 Z-0.4809 F600
G01 X6.9146 Y167.5363 Z-0.4675 F600
G01 X6.9448 Y167.5483 Z-0.4549 F600
G01 X6.9743 Y167.5605 Z-0.4432 F600
G01 X7.0099 Y167.5762 Z-0.4295 F600
G01 X7.0444 Y167.5923 Z-0.4169 F600
G01 X7.0778 Y167.6087 Z-0.4054 F600
G01 X7.1102 Y167.6256 Z-0.3949 F600
G01 X7.1415 Y167.6428 Z-0.3853 F600
G01 X7.1720 Y167.6604 Z-0.3766 F600
G01 X7.2016 Y167.6783 Z-0.3688 F600
G01 X7.2303 Y167.6966 Z-0.3619 F600
G01 X7.2583 Y167.7153 Z-0.3557 F600
G01 X7.2856 Y167.7344 Z-0.3503 F600
G01 X7.3174 Y167.7578 Z-0.3449 F600
G01 X7.3483 Y167.7819 Z-0.3405 F600
G01 X7.3783 Y167.8065 Z-0.3372 F600
G01 X7.4075 Y167.8317 Z-0.3349 F600
G01 X7.4360 Y167.8577 Z-0.3336 F600
G01 X8.5549 Y168.9611 Z-0.3425 F600
G01 X8.6094 Y169.0123 Z-0.3448 F600
G01 X8.6666 Y169.0608 Z-0.3509 F600
G01 X8.7265 Y169.1067 Z-0.3607 F600
G01 X8.7890 Y169.1499 Z-0.3743 F600
G01 X8.8542 Y169.1905 Z-0.3917 F600
G01 X8.9221 Y169.2284 Z-0.4128 F600
G01 X8.9926 Y169.2636 Z-0.4377 F600
G01 X9.0657 Y169.2962 Z-0.4664 F600
G01 X9.1416 Y169.3261 Z-0.4988 F600
G01 X9.3012 Y169.3779 Z-0.5750 F600
G01 X9.3377 Y169.4472 Z-0.5517 F600
G01 X9.3654 Y169.5252 Z-0.5161 F600
G01 X9.3957 Y169.6007 Z-0.4841 F600
G01 X9.4287 Y169.6735 Z-0.4558 F600
G01 X9.4642 Y169.7438 Z-0.4312 F600
G01 X9.5023 Y169.8114 Z-0.4103 F600
G01 X9.5431 Y169.8765 Z-0.3931 F600
G01 X9.5864 Y169.9389 Z-0.3795 F600
G01 X9.6323 Y169.9988 Z-0.3696 F600
G01 X9.6808 Y170.0560 Z-0.3634 F600
G01 X9.7319 Y170.1107 Z-0.3608 F600
G01 X13.7335 Y174.0409 Z-0.4074 F600
G01 X13.4387 Y174.7591 Z0.3091 F600
G01 X13.7396 Y174.0444 Z-0.4056 F600
G01 X15.6958 Y174.8348 Z0.3848 F600
G01 X13.7439 Y174.0462 Z-0.4038 F600
G00 Z6.0000 F480
G00 X17.4363 Y166.2808 F1000
G00 Z0.9000 F480
G01 Z-0.4198 F600
G01 X17.4384 Y166.2304 Z-0.4200 F600
G01 X17.4517 Y165.9876 Z-0.4193 F600
G01 X17.4554 Y165.9422 Z-0.4195 F600
G01 X17.4699 Y165.7859 Z-0.4184 F600
G01 X17.4777 Y165.7079 Z-0.4185 F600
G01 X17.5030 Y165.5167 Z-0.4171 F600
G01 X17.5140 Y165.4415 Z-0.4172 F600
G01 X17.5461 Y165.2608 Z-0.4153 F600
G01 X17.5602 Y165.1884 F600
G01 X17.5989 Y165.0179 Z-0.4130 F600
G01 X17.6159 Y164.9483 Z-0.4128 F600
G01 X17.6610 Y164.7878 Z-0.4102 F600
G01 X17.6808 Y164.7210 Z-0.4097 F600
G01 X17.7321 Y164.5701 Z-0.4068 F600
G01 X17.7545 Y164.5060 Z-0.4059 F600
G01 X17.8371 Y164.3029 Z-0.4014 F600
G01 X17.9236 Y164.1209 Z-0.3966 F600
G01 X17.9813 Y164.0140 Z-0.3931 F600
G01 X18.0230 Y163.9393 Z-0.3909 F600
G01 X18.0851 Y163.8386 Z-0.3865 F600
G01 X18.1310 Y163.7675 Z-0.3844 F600
G01 X18.1978 Y163.6721 Z-0.3791 F600
G01 X18.2480 Y163.6047 Z-0.3770 F600
G01 X18.3200 Y163.5142 Z-0.3711 F600
G01 X18.3743 Y163.4504 Z-0.3689 F600
G01 X18.4538 Y163.3625 Z-0.3629 F600
G01 X18.5115 Y163.3026 Z-0.3606 F600
G01 X18.6568 Y163.1625 Z-0.3514 F600
G01 X18.7459 Y163.0860 Z-0.3462 F600
G01 X18.8085 Y163.0339 Z-0.3431 F600
G01 X18.9002 Y162.9619 Z-0.3357 F600
G01 X18.9658 Y162.9144 Z-0.3331 F600
G01 X19.1295 Y162.8043 Z-0.3223 F600
G01 X19.2309 Y162.7454 Z-0.3168 F600
G01 X19.3014 Y162.7055 Z-0.3131 F600
G01 X19.4071 Y162.6503 Z-0.3055 F600
G01 X19.4809 Y162.6156 Z-0.3029 F600
G01 X19.5168 Y162.5993 Z-0.3011 F600
G01 X19.5925 Y162.5665 Z-0.2960 F600
G01 X19.6685 Y162.5348 Z-0.2920 F600
G01 X19.7079 Y162.5204 Z-0.2907 F600
G01 X19.8657 Y162.4656 Z-0.2830 F600
G01 X19.9085 Y162.4517 Z-0.2806 F600
G01 X20.0724 Y162.4076 Z-0.2751 F600
G01 X20.1193 Y162.3958 Z-0.2730 F600
G01 X20.2037 Y162.3768 Z-0.2690 F600
G01 X20.2886 Y162.3605 Z-0.2678 F600
G01 X20.3289 Y162.3533 Z-0.2669 F600
G01 X20.4598 Y162.3321 Z-0.2619 F600
G01 X20.5256 Y162.3239 Z-0.2617 F600
G01 X20.5589 Y162.3203 Z-0.2613 F600
G01 X20.6941 Y162.3074 Z-0.2582 F600
G01 X20.7618 Y162.3018 Z-0.2574 F600
G01 X20.7988 Y162.3003 Z-0.2576 F600
G01 X21.0077 Y162.2938 Z-0.2560 F600
G01 X21.0526 Y162.2940 Z-0.2561 F600
G01 X21.2156 Y162.2991 Z-0.2573 F600
G01 X21.2650 Y162.3012 Z-0.2571 F600
G01 X21.3452 Y162.3070 F600
G01 X21.4254 Y162.3147 Z-0.2590 F600
G01 X21.4726 Y162.3198 Z-0.2596 F600
G01 X21.5516 Y162.3293 Z-0.2595 F600
G01 X21.6304 Y162.3405 Z-0.2611 F600
G01 X21.6756 Y162.3485 Z-0.2624 F600
G01 X21.8306 Y162.3780 Z-0.2650 F600
G01 X21.8742 Y162.3873 Z-0.2657 F600
G01 X22.0260 Y162.4271 Z-0.2710 F600
G01 X22.0680 Y162.4388 Z-0.2720 F600
G01 X22.1428 Y162.4611 Z-0.2733 F600
G01 X22.2169 Y162.4861 Z-0.2773 F600
G01 X22.2573 Y162.5005 Z-0.2791 F600
G01 X22.4036 Y162.5552 Z-0.2840 F600
G01 X22.4427 Y162.5720 Z-0.2864 F600
G01 X22.5852 Y162.6367 Z-0.2939 F600
G01 X22.6237 Y162.6548 Z-0.2954 F600
G01 X22.6935 Y162.6908 Z-0.2992 F600
G01 X22.7627 Y162.7283 Z-0.3045 F600
G01 X22.8001 Y162.7492 Z-0.3068 F600
G01 X22.8687 Y162.7887 Z-0.3101 F600
G01 X22.9364 Y162.8297 Z-0.3152 F600
G01 X22.9710 Y162.8523 Z-0.3182 F600
G01 X23.1018 Y162.9403 Z-0.3276 F600
G01 X23.1323 Y162.9617 Z-0.3295 F600
G01 X23.1940 Y163.0090 Z-0.3346 F600
G01 X23.2553 Y163.0569 Z-0.3403 F600
G01 X23.3412 Y163.1273 Z-0.3458 F600
G01 X23.3993 Y163.1776 Z-0.3510 F600
G01 X23.5332 Y163.3044 Z-0.3616 F600
G01 X23.6071 Y163.3804 Z-0.3662 F600
G01 X23.6584 Y163.4362 Z-0.3709 F600
G01 X23.7273 Y163.5153 Z-0.3748 F600
G01 X23.7751 Y163.5740 Z-0.3795 F600
G01 X23.8386 Y163.6571 Z-0.3839 F600
G01 X23.8839 Y163.7179 Z-0.3873 F600
G01 X23.9844 Y163.8690 Z-0.3953 F600
G01 X24.0390 Y163.9608 Z-0.3995 F600
G01 X24.0775 Y164.0274 Z-0.4029 F600
G01 X24.1289 Y164.1237 Z-0.4059 F600
G01 X24.1637 Y164.1934 Z-0.4095 F600
G01 X24.2091 Y164.2908 Z-0.4116 F600
G01 X24.2412 Y164.3641 Z-0.4144 F600
G01 X24.3114 Y164.5447 Z-0.4172 F600
G01 X24.3760 Y164.7431 Z-0.4192 F600
G01 X24.4027 Y164.8390 Z-0.4195 F600
G01 X24.4375 Y164.9705 Z-0.4202 F600
G01 X24.4593 Y165.0668 Z-0.4198 F600
G01 X24.4888 Y165.2060 Z-0.4203 F600
G01 X24.5082 Y165.3131 Z-0.4196 F600
G01 X24.5325 Y165.4600 Z-0.4199 F600
G01 X24.5485 Y165.5779 Z-0.4192 F600
G01 X24.5675 Y165.7326 Z-0.4193 F600
G01 X24.5727 Y165.7800 Z-0.4190 F600
G01 X24.5932 Y166.0236 F600
G01 X24.5963 Y166.0690 F600
G01 X24.6091 Y166.3412 Z-0.4192 F600
G01 X24.6101 Y166.3841 Z-0.4196 F600
G01 X24.6134 Y166.5976 F600
G01 X24.6136 Y166.6687 Z-0.4204 F600
G01 X24.6132 Y166.7148 Z-0.4207 F600
G01 X24.6103 Y166.8726 Z-0.4205 F600
G01 X24.6077 Y166.9515 Z-0.4215 F600
G01 X24.6057 Y166.9949 Z-0.4217 F600
G01 X24.5970 Y167.1477 Z-0.4210 F600
G01 X24.5914 Y167.2241 Z-0.4219 F600
G01 X24.5735 Y167.4110 Z-0.4208 F600
G01 X24.5649 Y167.4848 Z-0.4216 F600
G01 X24.5401 Y167.6625 Z-0.4199 F600
G01 X24.5285 Y167.7339 Z-0.4205 F600
G01 X24.4970 Y167.9025 Z-0.4182 F600
G01 X24.4825 Y167.9714 Z-0.4185 F600
G01 X24.4445 Y168.1313 Z-0.4158 F600
G01 X24.4272 Y168.1978 F600
G01 X24.3828 Y168.3493 Z-0.4127 F600
G01 X24.3629 Y168.4135 Z-0.4121 F600
G01 X24.3122 Y168.5570 Z-0.4088 F600
G01 X24.2897 Y168.6190 Z-0.4076 F600
G01 X24.2117 Y168.8048 Z-0.4026 F600
G01 X24.1208 Y168.9916 Z-0.3969 F600
G01 X24.0628 Y169.0967 Z-0.3928 F600
G01 X24.0208 Y169.1701 Z-0.3904 F600
G01 X23.9578 Y169.2705 Z-0.3855 F600
G01 X23.9115 Y169.3407 Z-0.3832 F600
G01 X23.8430 Y169.4372 Z-0.3775 F600
G01 X23.7924 Y169.5041 Z-0.3753 F600
G01 X23.7178 Y169.5970 Z-0.3691 F600
G01 X23.6628 Y169.6607 Z-0.3669 F600
G01 X23.5808 Y169.7508 Z-0.3608 F600
G01 X23.5224 Y169.8108 Z-0.3586 F600
G01 X23.3751 Y169.9524 Z-0.3495 F600
G01 X23.2843 Y170.0298 Z-0.3446 F600
G01 X23.2214 Y170.0820 Z-0.3415 F600
G01 X23.1286 Y170.1546 Z-0.3345 F600
G01 X23.0628 Y170.2020 Z-0.3322 F600
G01 X22.9659 Y170.2678 Z-0.3260 F600
G01 X22.8985 Y170.3126 Z-0.3217 F600
G01 X22.7265 Y170.4114 Z-0.3131 F600
G01 X22.6210 Y170.4661 Z-0.3064 F600
G01 X22.5476 Y170.5008 Z-0.3039 F600
G01 X22.5120 Y170.5170 Z-0.3021 F600
G01 X22.4370 Y170.5498 Z-0.2971 F600
G01 X22.3613 Y170.5809 Z-0.2939 F600
G01 X22.3226 Y170.5951 Z-0.2926 F600
G01 X22.1664 Y170.6500 Z-0.2851 F600
G01 X22.1246 Y170.6632 Z-0.2831 F600
G01 X21.9625 Y170.7071 Z-0.2781 F600
G01 X21.9171 Y170.7187 Z-0.2760 F600
G01 X21.8337 Y170.7372 Z-0.2726 F600
G01 X21.7499 Y170.7535 Z-0.2715 F600
G01 X21.7006 Y170.7623 Z-0.2701 F600
G01 X21.6145 Y170.7766 Z-0.2666 F600
G01 X21.5282 Y170.7883 Z-0.2658 F600
G01 X21.4859 Y170.7930 Z-0.2655 F600
G01 X21.3528 Y170.8059 Z-0.2624 F600
G01 X21.2862 Y170.8113 Z-0.2618 F600
G01 X21.2512 Y170.8128 Z-0.2620 F600
G01 X21.0459 Y170.8192 Z-0.2605 F600
G01 X21.0004 Y170.8190 F600
G01 X20.8359 Y170.8141 Z-0.2619 F600
G01 X20.7840 Y170.8120 Z-0.2618 F600
G01 X20.7036 Y170.8063 Z-0.2621 F600
G01 X20.6232 Y170.7989 Z-0.2642 F600
G01 X20.5744 Y170.7938 Z-0.2649 F600
G01 X20.4958 Y170.7847 Z-0.2651 F600
G01 X20.4173 Y170.7739 Z-0.2670 F600
G01 X20.3716 Y170.7661 Z-0.2686 F600
G01 X20.2184 Y170.7380 Z-0.2717 F600
G01 X20.1753 Y170.7291 Z-0.2726 F600
G01 X20.0265 Y170.6913 Z-0.2785 F600
G01 X19.9862 Y170.6805 Z-0.2796 F600
G01 X19.9133 Y170.6596 Z-0.2809 F600
G01 X19.8412 Y170.6361 Z-0.2850 F600
G01 X19.8036 Y170.6231 Z-0.2868 F600
G01 X19.6623 Y170.5721 Z-0.2918 F600
G01 X19.6269 Y170.5578 Z-0.2935 F600
G01 X19.4904 Y170.4973 Z-0.3011 F600
G01 X19.4569 Y170.4819 Z-0.3025 F600
G01 X19.3900 Y170.4496 Z-0.3047 F600
G01 X19.3241 Y170.4150 Z-0.3096 F600
G01 X19.2926 Y170.3976 Z-0.3116 F600
G01 X19.1635 Y170.3244 Z-0.3179 F600
G01 X19.1331 Y170.3059 Z-0.3196 F600
G01 X19.0091 Y170.2236 Z-0.3283 F600
G01 X18.9798 Y170.2036 Z-0.3299 F600
G01 X18.9189 Y170.1605 Z-0.3325 F600
G01 X18.8592 Y170.1155 Z-0.3373 F600
G01 X18.8310 Y170.0932 Z-0.3396 F600
G01 X18.7142 Y169.9984 Z-0.3468 F600
G01 X18.6861 Y169.9747 Z-0.3483 F600
G01 X18.5743 Y169.8716 Z-0.3574 F600
G01 X18.5089 Y169.8064 Z-0.3597 F600
G01 X18.4554 Y169.7514 Z-0.3623 F600
G01 X18.3512 Y169.6387 Z-0.3714 F600
G01 X18.3035 Y169.5823 Z-0.3740 F600
G01 X18.2638 Y169.5323 Z-0.3775 F600
G01 X18.2108 Y169.4626 Z-0.3804 F600
G01 X18.1726 Y169.4113 Z-0.3827 F600
G01 X18.0879 Y169.2846 Z-0.3886 F600
G01 X18.0407 Y169.2088 Z-0.3908 F600
G01 X18.0080 Y169.1529 Z-0.3936 F600
G01 X17.9638 Y169.0734 Z-0.3957 F600
G01 X17.9325 Y169.0159 Z-0.3974 F600
G01 X17.8630 Y168.8723 Z-0.4018 F600
G01 X17.8240 Y168.7847 Z-0.4033 F600
G01 X17.7980 Y168.7226 Z-0.4054 F600
G01 X17.7616 Y168.6304 Z-0.4066 F600
G01 X17.7374 Y168.5665 Z-0.4080 F600
G01 X17.6823 Y168.4031 Z-0.4107 F600
G01 X17.6518 Y168.3009 Z-0.4120 F600
G01 X17.6324 Y168.2325 Z-0.4132 F600
G01 X17.6042 Y168.1252 Z-0.4135 F600
G01 X17.5874 Y168.0546 Z-0.4150 F600
G01 X17.5783 Y168.0143 Z-0.4155 F600
G01 X17.5475 Y167.8691 Z-0.4161 F600
G01 X17.5395 Y167.8254 Z-0.4168 F600
G01 X17.5136 Y167.6758 Z-0.4176 F600
G01 X17.5061 Y167.6288 F600
G01 X17.4855 Y167.4745 Z-0.4188 F600
G01 X17.4793 Y167.4241 F600
G01 X17.4707 Y167.3448 Z-0.4187 F600
G01 X17.4631 Y167.2654 Z-0.4196 F600
G01 X17.4583 Y167.2115 Z-0.4197 F600
G01 X17.4518 Y167.1300 Z-0.4192 F600
G01 X17.4464 Y167.0484 Z-0.4199 F600
G01 X17.4433 Y166.9909 Z-0.4202 F600
G01 X17.4358 Y166.8233 Z-0.4200 F600
G01 X17.4345 Y166.7624 Z-0.4203 F600
G01 X17.4319 Y166.5902 Z-0.4202 F600
G01 Y166.5321 Z-0.4201 F600
G01 X17.4348 Y166.3645 Z-0.4199 F600
G01 X17.4363 Y166.2808 Z-0.4198 F600
G00 Z6.0000 F480
G00 X28.8638 Y161.8880 F1000
G00 Z0.9000 F480
G01 Z0.3620 F600
G01 X28.7878 Y161.9640 Z0.2860 F600
G01 X28.1037 Y162.6481 Z-0.3981 F600
G01 X27.3432 Y161.8876 Z0.3624 F600
G01 X28.0946 Y162.6390 Z-0.3890 F600
G01 X28.1037 Y162.7142 Z-0.3981 F600
G01 X28.1050 Y167.2228 Z-0.3994 F600
G01 X28.1091 Y167.4483 Z-0.4035 F600
G01 X28.1164 Y167.6737 Z-0.4108 F600
G01 X28.1273 Y167.8991 Z-0.4217 F600
G01 X28.1423 Y168.1246 Z-0.4367 F600
G01 X28.1552 Y168.2749 Z-0.4496 F600
G01 X28.1622 Y168.3500 Z-0.4566 F600
G01 X28.1783 Y168.5003 Z-0.4727 F600
G01 X28.1876 Y168.5754 Z-0.4820 F600
G01 X28.2074 Y168.7257 Z-0.5018 F600
G01 X28.2309 Y168.8760 Z-0.5253 F600
G01 X28.2436 Y168.9512 Z-0.5380 F600
G01 X28.2717 Y169.1014 Z-0.5661 F600
G01 X28.2876 Y169.1766 Z-0.5820 F600
G01 X28.3211 Y169.3269 Z-0.6155 F600
G01 X28.2960 Y169.4020 Z-0.5904 F600
G01 X28.2609 Y169.4772 Z-0.5553 F600
G01 X28.2293 Y169.5523 Z-0.5237 F600
G01 X28.2013 Y169.6275 Z-0.4957 F600
G01 X28.1768 Y169.7026 Z-0.4712 F600
G01 X28.1558 Y169.7777 Z-0.4502 F600
G01 X28.1384 Y169.8529 Z-0.4328 F600
G01 X28.1245 Y169.9280 Z-0.4189 F600
G01 X28.1141 Y170.0032 Z-0.4085 F600
G01 X28.1073 Y170.0783 Z-0.4017 F600
G01 X28.1040 Y170.1535 Z-0.3984 F600
G01 X28.1037 Y173.9858 Z-0.3981 F600
G01 X28.0946 Y174.0610 Z-0.3890 F600
G01 X27.3056 Y174.8500 Z0.4000 F600
G01 X28.1037 Y174.0519 Z-0.3981 F600
G01 X28.8642 Y174.8124 Z0.3624 F600
G01 X28.1118 Y174.0601 Z-0.3899 F600
G01 X28.1037 Y173.9848 Z-0.3981 F600
G01 X28.1039 Y170.1627 Z-0.3983 F600
G01 X28.1050 Y170.1209 Z-0.3994 F600
G01 X28.1077 Y170.0720 Z-0.4021 F600
G01 X28.1120 Y170.0229 Z-0.4064 F600
G01 X28.1178 Y169.9734 Z-0.4122 F600
G01 X28.1252 Y169.9236 Z-0.4196 F600
G01 X28.1342 Y169.8733 Z-0.4287 F600
G01 X28.1467 Y169.8150 Z-0.4411 F600
G01 X28.1616 Y169.7558 Z-0.4560 F600
G01 X28.1790 Y169.6954 Z-0.4734 F600
G01 X28.1991 Y169.6338 Z-0.4935 F600
G01 X28.2253 Y169.5626 Z-0.5197 F600
G01 X28.2556 Y169.4892 Z-0.5500 F600
G01 X28.2948 Y169.4046 Z-0.5892 F600
G01 X28.3398 Y169.3479 Z-0.6087 F600
G01 X28.3770 Y169.3574 Z-0.5805 F600
G01 X28.4126 Y169.3669 Z-0.5537 F600
G01 X28.4467 Y169.3764 Z-0.5284 F600
G01 X28.4792 Y169.3861 Z-0.5043 F600
G01 X28.5104 Y169.3957 Z-0.4815 F600
G01 X28.5403 Y169.4053 Z-0.4599 F600
G01 X28.5688 Y169.4145 Z-0.4400 F600
G01 X28.5960 Y169.4232 Z-0.4214 F600
G01 X28.6221 Y169.4319 Z-0.4039 F600
G01 X28.6473 Y169.4406 Z-0.3873 F600
G01 X28.6717 Y169.4494 Z-0.3714 F600
G01 X28.7028 Y169.4611 Z-0.3513 F600
G01 X28.7326 Y169.4730 Z-0.3324 F600
G01 X28.7610 Y169.4848 Z-0.3148 F600
G01 X28.7882 Y169.4962 Z-0.2987 F600
G01 X28.8142 Y169.5072 Z-0.2840 F600
G01 X28.8392 Y169.5182 Z-0.2703 F600
G01 X28.8633 Y169.5294 Z-0.2574 F600
G01 X28.8865 Y169.5406 Z-0.2452 F600
G01 X28.9089 Y169.5519 Z-0.2338 F600
G01 X28.9358 Y169.5661 Z-0.2204 F600
G01 X28.9616 Y169.5802 Z-0.2083 F600
G01 X28.9865 Y169.5938 Z-0.1978 F600
G01 X29.0104 Y169.6075 Z-0.1882 F600
G01 X29.0335 Y169.6214 Z-0.1794 F600
G01 X29.0558 Y169.6355 Z-0.1713 F600
G01 X29.0774 Y169.6498 Z-0.1639 F600
G01 X29.0982 Y169.6642 Z-0.1572 F600
G01 X29.1225 Y169.6814 Z-0.1504 F600
G01 X29.1462 Y169.6984 Z-0.1451 F600
G01 X29.1691 Y169.7158 Z-0.1405 F600
G01 X29.1913 Y169.7336 Z-0.1368 F600
G01 X29.2128 Y169.7518 Z-0.1338 F600
G01 X29.2337 Y169.7705 Z-0.1315 F600
G01 X29.2543 Y169.7892 Z-0.1305 F600
G01 X29.2746 Y169.8081 Z-0.1306 F600
G01 X29.2945 Y169.8276 Z-0.1314 F600
G01 X29.3229 Y169.8561 Z-0.1332 F600
G01 X29.3802 Y169.9127 Z-0.1374 F600
G01 X29.4389 Y169.9681 Z-0.1434 F600
G01 X29.4749 Y170.0011 Z-0.1465 F600
G01 X29.5349 Y170.0523 Z-0.1519 F600
G01 X29.5954 Y170.1029 Z-0.1580 F600
G01 X29.6304 Y170.1312 Z-0.1611 F600
G01 X29.7547 Y170.2234 Z-0.1731 F600
G01 X29.7888 Y170.2471 Z-0.1764 F600
G01 X29.9161 Y170.3305 Z-0.1878 F600
G01 X29.9491 Y170.3503 Z-0.1910 F600
G01 X30.0141 Y170.3879 Z-0.1961 F600
G01 X30.0794 Y170.4251 Z-0.2018 F600
G01 X30.1113 Y170.4418 Z-0.2046 F600
G01 X30.1778 Y170.4752 Z-0.2092 F600
G01 X30.2447 Y170.5079 Z-0.2147 F600
G01 X30.2758 Y170.5219 Z-0.2172 F600
G01 X30.3438 Y170.5512 Z-0.2213 F600
G01 X30.4430 Y170.5912 Z-0.2288 F600
G01 X30.5126 Y170.6164 Z-0.2326 F600
G01 X30.6137 Y170.6500 Z-0.2396 F600
G01 X30.6849 Y170.6710 Z-0.2430 F600
G01 X30.7884 Y170.6985 Z-0.2497 F600
G01 X30.8614 Y170.7154 Z-0.2528 F600
G01 X30.9679 Y170.7368 Z-0.2593 F600
G01 X31.0426 Y170.7494 Z-0.2621 F600
G01 X31.1176 Y170.7603 Z-0.2668 F600
G01 X31.1526 Y170.7648 Z-0.2685 F600
G01 X31.2291 Y170.7730 Z-0.2713 F600
G01 X31.3059 Y170.7795 Z-0.2758 F600
G01 X31.3433 Y170.7821 Z-0.2774 F600
G01 X31.4217 Y170.7857 Z-0.2805 F600
G01 X31.5001 Y170.7879 Z-0.2849 F600
G01 X31.5404 Y170.7884 Z-0.2866 F600
G01 X31.6205 Y170.7882 Z-0.2891 F600
G01 X31.7007 Y170.7857 Z-0.2937 F600
G01 X31.7422 Y170.7840 Z-0.2958 F600
G01 X31.8110 Y170.7801 Z-0.2982 F600
G01 X31.8798 Y170.7750 Z-0.3020 F600
G01 X31.9185 Y170.7711 Z-0.3043 F600
G01 X31.9853 Y170.7637 Z-0.3076 F600
G01 X32.0871 Y170.7511 Z-0.3132 F600
G01 X32.2478 Y170.7231 Z-0.3234 F600
G01 X32.3106 Y170.7096 Z-0.3273 F600
G01 X32.4007 Y170.6880 Z-0.3346 F600
G01 X32.4615 Y170.6720 Z-0.3382 F600
G01 X32.5462 Y170.6471 Z-0.3453 F600
G01 X32.6842 Y170.6005 Z-0.3561 F600
G01 X32.7406 Y170.5781 Z-0.3609 F600
G01 X32.8146 Y170.5471 Z-0.3681 F600
G01 X32.8692 Y170.5227 Z-0.3721 F600
G01 X32.9387 Y170.4896 Z-0.3788 F600
G01 X33.0560 Y170.4263 Z-0.3900 F600
G01 X33.1066 Y170.3966 Z-0.3940 F600
G01 X33.1673 Y170.3581 Z-0.4010 F600
G01 X33.2707 Y170.2878 Z-0.4105 F600
G01 X33.3154 Y170.2537 Z-0.4147 F600
G01 X33.3638 Y170.2152 Z-0.4204 F600
G01 X33.4491 Y170.1429 Z-0.4276 F600
G01 X33.4882 Y170.1055 Z-0.4309 F600
G01 X33.5621 Y170.0295 Z-0.4377 F600
G01 X33.6304 Y169.9535 Z-0.4417 F600
G01 X33.6913 Y169.8743 Z-0.4462 F600
G01 X33.7484 Y169.7938 Z-0.4478 F600
G01 X33.8004 Y169.7096 Z-0.4489 F600
G01 X33.8486 Y169.6211 Z-0.4486 F600
G01 X33.8942 Y169.5278 Z-0.4458 F600
G01 X33.9166 Y169.4752 Z-0.4451 F600
G01 X33.9630 Y169.3553 Z-0.4397 F600
G01 X33.9826 Y169.2968 Z-0.4366 F600
G01 X34.0069 Y169.2174 Z-0.4340 F600
G01 X34.0247 Y169.1544 Z-0.4305 F600
G01 X34.0493 Y169.0622 Z-0.4262 F600
G01 X34.0866 Y168.8894 Z-0.4191 F600
G01 X34.0997 Y168.8173 Z-0.4159 F600
G01 X34.1114 Y168.7450 Z-0.4141 F600
G01 X34.1184 Y168.6996 Z-0.4126 F600
G01 X34.1294 Y168.6230 Z-0.4093 F600
G01 X34.1387 Y168.5463 Z-0.4077 F600
G01 X34.1442 Y168.4934 Z-0.4066 F600
G01 X34.1594 Y168.3311 Z-0.4025 F600
G01 X34.1725 Y168.0999 Z-0.3992 F600
G01 X34.1742 Y168.0444 Z-0.3991 F600
G01 X34.1780 Y162.7079 Z-0.3981 F600
G01 X34.1928 Y162.6333 Z-0.3833 F600
G01 X34.9381 Y161.8880 Z0.3620 F600
G01 X34.1780 Y162.6481 Z-0.3981 F600
G01 X33.3799 Y161.8500 Z0.4000 F600
G01 X34.1632 Y162.6333 Z-0.3833 F600
G00 Z6.0000 F480
G00 X38.1594 Y162.6390 F1000
G00 Z0.9000 F480
G01 Z-0.3890 F600
G01 X37.4080 Y161.8876 Z0.3624 F600
G01 X38.1685 Y162.6481 Z-0.3981 F600
G01 X38.9286 Y161.8880 Z0.3620 F600
G01 X38.1776 Y162.6390 Z-0.3890 F600
G01 X38.1685 Y162.7142 Z-0.3981 F600
G01 Y173.9858 F600
G01 X38.1776 Y174.0610 Z-0.3890 F600
G01 X38.9290 Y174.8124 Z0.3624 F600
G01 X38.1685 Y174.0519 Z-0.3981 F600
G01 X37.3704 Y174.8500 Z0.4000 F600
G01 X38.1594 Y174.0610 Z-0.3890 F600
G01 X37.4844 Y174.7360 Z0.2860 F600
G01 X37.4084 Y174.8120 Z0.3620 F600
G00 Z6.0000 F480
G00 X49.1909 Y166.5493 F1000
G00 Z0.9000 F480
G01 Z0.0015 F600
G01 X49.2619 Y166.4768 Z0.0740 F600
G01 X49.5812 Y166.1508 Z0.4000 F600
G01 X49.1702 Y166.5704 Z-0.0196 F600
G01 X48.8714 Y166.8640 Z-0.3132 F600
G01 X48.7220 Y167.0055 Z-0.4547 F600
G01 X48.6472 Y167.0168 Z-0.4660 F600
G01 X48.5725 Y166.9767 Z-0.4259 F600
G01 X48.4978 Y166.9408 Z-0.3900 F600
G01 X48.4231 Y166.9092 Z-0.3584 F600
G01 X48.3484 Y166.8819 Z-0.3310 F600
G01 X48.2737 Y166.8588 Z-0.3079 F600
G01 X48.1990 Y166.8399 Z-0.2891 F600
G01 X48.1242 Y166.8253 Z-0.2745 F600
G01 X48.0495 Y166.8150 Z-0.2641 F600
G01 X47.9748 Y166.8089 Z-0.2581 F600
G01 X42.6701 Y166.8070 Z-0.2562 F600
G01 X42.5953 Y166.8080 Z-0.2572 F600
G01 X42.5550 Y166.8102 Z-0.2594 F600
G01 X42.5145 Y166.8130 Z-0.2636 F600
G01 X42.4733 Y166.8157 Z-0.2703 F600
G01 X42.4249 Y166.8190 Z-0.2813 F600
G01 X42.3747 Y166.8224 Z-0.2961 F600
G01 X42.3153 Y166.8264 Z-0.3179 F600
G01 X42.2441 Y166.8312 Z-0.3493 F600
G01 X42.1576 Y166.8371 Z-0.3945 F600
G01 X42.0394 Y166.8451 Z-0.4666 F600
G01 X41.8825 Y166.8785 Z-0.5622 F600
G01 X41.8591 Y166.9610 Z-0.5341 F600
G01 X41.8396 Y167.0432 Z-0.5099 F600
G01 X41.8314 Y167.0859 Z-0.4984 F600
G01 X41.8197 Y167.1660 Z-0.4788 F600
G01 X41.8117 Y167.2456 Z-0.4629 F600
G01 X41.8073 Y167.3249 Z-0.4507 F600
G01 X41.8070 Y167.3650 Z-0.4454 F600
G01 X41.8097 Y167.4415 Z-0.4372 F600
G01 X41.8160 Y167.5176 Z-0.4325 F600
G01 X41.8295 Y167.6290 Z-0.4291 F600
G01 X41.8505 Y167.7757 Z-0.4218 F600
G01 X41.8682 Y167.8805 Z-0.4186 F600
G01 X41.8965 Y168.0219 Z-0.4124 F600
G01 X41.9178 Y168.1204 Z-0.4088 F600
G01 X41.9781 Y168.3488 Z-0.3998 F600
G01 X41.9991 Y168.4142 Z-0.3973 F600
G01 X42.0494 Y168.5658 Z-0.3922 F600
G01 X42.0727 Y168.6290 Z-0.3887 F600
G01 X42.1306 Y168.7722 Z-0.3848 F600
G01 X42.1572 Y168.8328 Z-0.3814 F600
G01 X42.1845 Y168.8931 Z-0.3788 F600
G01 X42.2263 Y168.9782 Z-0.3768 F600
G01 X42.2667 Y169.0553 Z-0.3729 F600
G01 X42.3076 Y169.1320 Z-0.3697 F600
G01 X42.3270 Y169.1648 Z-0.3689 F600
G01 X42.4174 Y169.3114 Z-0.3624 F600
G01 X42.4376 Y169.3426 Z-0.3607 F600
G01 X42.5373 Y169.4817 Z-0.3553 F600
G01 X42.5593 Y169.5112 Z-0.3536 F600
G01 X42.6122 Y169.5785 Z-0.3492 F600
G01 X42.6670 Y169.6440 Z-0.3473 F600
G01 X42.6928 Y169.6739 Z-0.3459 F600
G01 X42.7492 Y169.7373 Z-0.3415 F600
G01 X42.8069 Y169.7993 Z-0.3390 F600
G01 X42.8355 Y169.8282 Z-0.3379 F600
G01 X42.9549 Y169.9448 Z-0.3311 F600
G01 X42.9837 Y169.9708 Z-0.3298 F600
G01 X43.1092 Y170.0778 Z-0.3243 F600
G01 X43.1381 Y170.1017 Z-0.3225 F600
G01 X43.2031 Y170.1514 Z-0.3191 F600
G01 X43.2688 Y170.2000 Z-0.3170 F600
G01 X43.2987 Y170.2214 Z-0.3155 F600
G01 X43.3658 Y170.2677 Z-0.3109 F600
G01 X43.4341 Y170.3117 Z-0.3090 F600
G01 X43.4655 Y170.3310 Z-0.3078 F600
G01 X43.5356 Y170.3724 Z-0.3038 F600
G01 X43.6059 Y170.4133 Z-0.3004 F600
G01 X43.6392 Y170.4307 Z-0.2995 F600
G01 X43.7852 Y170.5035 Z-0.2930 F600
G01 X43.8205 Y170.5202 Z-0.2911 F600
G01 X43.9723 Y170.5831 Z-0.2859 F600
G01 X44.0103 Y170.5980 Z-0.2841 F600
G01 X44.0885 Y170.6262 Z-0.2803 F600
G01 X44.1673 Y170.6522 Z-0.2787 F600
G01 X44.2087 Y170.6652 Z-0.2773 F600
G01 X44.2895 Y170.6892 Z-0.2732 F600
G01 X44.3709 Y170.7106 Z-0.2719 F600
G01 X44.4160 Y170.7214 Z-0.2708 F600
G01 X44.4996 Y170.7402 Z-0.2676 F600
G01 X44.5835 Y170.7577 Z-0.2657 F600
G01 X44.6325 Y170.7660 Z-0.2651 F600
G01 X44.8054 Y170.7926 Z-0.2608 F600
G01 X44.8473 Y170.7973 Z-0.2606 F600
G01 X45.0478 Y170.8153 Z-0.2576 F600
G01 X45.0823 Y170.8173 Z-0.2573 F600
G01 X45.2886 Y170.8233 Z-0.2563 F600
G01 X45.3241 Y170.8238 Z-0.2559 F600
G01 X45.5238 Y170.8187 Z-0.2561 F600
G01 X45.5668 Y170.8159 Z-0.2564 F600
G01 X45.7395 Y170.8019 Z-0.2573 F600
G01 X45.7896 Y170.7958 Z-0.2583 F600
G01 X45.8736 Y170.7842 Z-0.2589 F600
G01 X45.9575 Y170.7721 Z-0.2601 F600
G01 X46.0038 Y170.7636 Z-0.2613 F600
G01 X46.0853 Y170.7475 Z-0.2622 F600
G01 X46.1667 Y170.7304 Z-0.2640 F600
G01 X46.2094 Y170.7198 Z-0.2652 F600
G01 X46.2885 Y170.6991 Z-0.2663 F600
G01 X46.3673 Y170.6772 Z-0.2686 F600
G01 X46.4067 Y170.6648 Z-0.2699 F600
G01 X46.4833 Y170.6395 Z-0.2712 F600
G01 X46.5595 Y170.6130 Z-0.2738 F600
G01 X46.5960 Y170.5990 Z-0.2751 F600
G01 X46.6701 Y170.5691 Z-0.2767 F600
G01 X46.7438 Y170.5382 Z-0.2794 F600
G01 X46.7777 Y170.5225 Z-0.2808 F600
G01 X46.8493 Y170.4881 Z-0.2825 F600
G01 X46.9205 Y170.4528 Z-0.2852 F600
G01 X46.9525 Y170.4355 Z-0.2867 F600
G01 X47.0215 Y170.3966 Z-0.2886 F600
G01 X47.1206 Y170.3380 Z-0.2927 F600
G01 X47.1871 Y170.2947 Z-0.2948 F600
G01 X47.2828 Y170.2298 Z-0.2988 F600
G01 X47.4106 Y170.1342 Z-0.3035 F600
G01 X47.4392 Y170.1108 Z-0.3050 F600
G01 X47.5621 Y170.0065 Z-0.3097 F600
G01 X47.5904 Y169.9805 Z-0.3111 F600
G01 X47.7082 Y169.8676 Z-0.3159 F600
G01 X47.7365 Y169.8386 Z-0.3174 F600
G01 X47.8494 Y169.7170 Z-0.3223 F600
G01 X47.8752 Y169.6873 Z-0.3235 F600
G01 X47.9281 Y169.6226 Z-0.3262 F600
G01 X48.0032 Y169.5287 Z-0.3301 F600
G01 X48.1201 Y169.3608 Z-0.3381 F600
G01 X48.2262 Y169.1836 Z-0.3471 F600
G01 X48.2657 Y169.1080 Z-0.3508 F600
G01 X48.3047 Y169.0321 Z-0.3552 F600
G01 X48.3220 Y168.9969 Z-0.3566 F600
G01 X48.3577 Y168.9181 Z-0.3601 F600
G01 X48.4041 Y168.8106 Z-0.3661 F600
G01 X48.4284 Y168.7493 Z-0.3678 F600
G01 X48.4813 Y168.6045 Z-0.3756 F600
G01 X48.5026 Y168.5407 Z-0.3773 F600
G01 X48.5226 Y168.4763 Z-0.3804 F600
G01 X48.5491 Y168.3879 Z-0.3849 F600
G01 X48.5673 Y168.3214 Z-0.3866 F600
G01 X48.5846 Y168.2547 Z-0.3893 F600
G01 X48.6077 Y168.1603 Z-0.3937 F600
G01 X48.6229 Y168.0913 Z-0.3953 F600
G01 X48.6374 Y168.0221 Z-0.3976 F600
G01 X48.6569 Y167.9214 Z-0.4019 F600
G01 X48.6810 Y167.7782 Z-0.4053 F600
G01 X48.6967 Y167.6710 Z-0.4093 F600
G01 X48.7152 Y167.5227 Z-0.4122 F600
G01 X48.7231 Y167.4083 Z-0.4198 F600
G01 X48.7226 Y167.3309 Z-0.4280 F600
G01 X48.7184 Y167.2531 Z-0.4399 F600
G01 X48.7043 Y167.1319 Z-0.4651 F600
G01 X48.6888 Y167.0515 Z-0.4852 F600
G01 X48.7043 Y167.1319 Z-0.4651 F600
G01 X48.7184 Y167.2531 Z-0.4399 F600
G01 X48.7226 Y167.3309 Z-0.4280 F600
G01 X48.7231 Y167.4083 Z-0.4198 F600
G01 X48.7152 Y167.5227 Z-0.4122 F600
G01 X48.6967 Y167.6710 Z-0.4093 F600
G01 X48.6810 Y167.7782 Z-0.4053 F600
G01 X48.6569 Y167.9214 Z-0.4019 F600
G01 X48.6374 Y168.0221 Z-0.3976 F600
G01 X48.6229 Y168.0913 Z-0.3953 F600
G01 X48.6077 Y168.1603 Z-0.3937 F600
G01 X48.5846 Y168.2547 Z-0.3893 F600
G01 X48.5673 Y168.3214 Z-0.3866 F600
G01 X48.5491 Y168.3879 Z-0.3849 F600
G01 X48.5226 Y168.4763 Z-0.3804 F600
G01 X48.5026 Y168.5407 Z-0.3773 F600
G01 X48.4813 Y168.6045 Z-0.3756 F600
G01 X48.4284 Y168.7493 Z-0.3678 F600
G01 X48.4041 Y168.8106 Z-0.3661 F600
G01 X48.3577 Y168.9181 Z-0.3601 F600
G01 X48.3220 Y168.9969 Z-0.3566 F600
G01 X48.3047 Y169.0321 Z-0.3552 F600
G01 X48.2657 Y169.1080 Z-0.3508 F600
G01 X48.2262 Y169.1836 Z-0.3471 F600
G01 X48.1201 Y169.3608 Z-0.3381 F600
G01 X48.0032 Y169.5287 Z-0.3301 F600
G01 X47.9281 Y169.6226 Z-0.3262 F600
G01 X47.8752 Y169.6873 Z-0.3235 F600
G01 X47.8494 Y169.7170 Z-0.3223 F600
G01 X47.7365 Y169.8386 Z-0.3174 F600
G01 X47.7082 Y169.8676 Z-0.3159 F600
G01 X47.5904 Y169.9805 Z-0.3111 F600
G01 X47.5621 Y170.0065 Z-0.3097 F600
G01 X47.4392 Y170.1108 Z-0.3050 F600
G01 X47.4106 Y170.1342 Z-0.3035 F600
G01 X47.2828 Y170.2298 Z-0.2988 F600
G01 X47.1871 Y170.2947 Z-0.2948 F600
G01 X47.1206 Y170.3380 Z-0.2927 F600
G01 X47.0215 Y170.3966 Z-0.2886 F600
G01 X46.9525 Y170.4355 Z-0.2867 F600
G01 X46.9205 Y170.4528 Z-0.2852 F600
G01 X46.8493 Y170.4881 Z-0.2825 F600
G01 X46.7777 Y170.5225 Z-0.2808 F600
G01 X46.7438 Y170.5382 Z-0.2794 F600
G01 X46.6701 Y170.5691 Z-0.2767 F600
G01 X46.5960 Y170.5990 Z-0.2751 F600
G01 X46.5595 Y170.6130 Z-0.2738 F600
G01 X46.4833 Y170.6395 Z-0.2712 F600
G01 X46.4067 Y170.6648 Z-0.2699 F600
G01 X46.3673 Y170.6772 Z-0.2686 F600
G01 X46.2885 Y170.6991 Z-0.2663 F600
G01 X46.2094 Y170.7198 Z-0.2652 F600
G01 X46.1667 Y170.7304 Z-0.2640 F600
G01 X46.0853 Y170.7475 Z-0.2622 F600
G01 X46.0038 Y170.7636 Z-0.2613 F600
G01 X45.9575 Y170.7721 Z-0.2601 F600
G01 X45.8736 Y170.7842 Z-0.2589 F600
G01 X45.7896 Y170.7958 Z-0.2583 F600
G01 X45.7395 Y170.8019 Z-0.2573 F600
G01 X45.5668 Y170.8159 Z-0.2564 F600
G01 X45.5238 Y170.8187 Z-0.2561 F600
G01 X45.3241 Y170.8238 Z-0.2559 F600
G01 X45.2886 Y170.8233 Z-0.2563 F600
G01 X45.0823 Y170.8173 Z-0.2573 F600
G01 X45.0478 Y170.8153 Z-0.2576 F600
G01 X44.8473 Y170.7973 Z-0.2606 F600
G01 X44.8054 Y170.7926 Z-0.2608 F600
G01 X44.6325 Y170.7660 Z-0.2651 F600
G01 X44.5835 Y170.7577 Z-0.2657 F600
G01 X44.4996 Y170.7402 Z-0.2676 F600
G01 X44.4160 Y170.7214 Z-0.2708 F600
G01 X44.3709 Y170.7106 Z-0.2719 F600
G01 X44.2895 Y170.6892 Z-0.2732 F600
G01 X44.2087 Y170.6652 Z-0.2773 F600
G01 X44.1673 Y170.6522 Z-0.2787 F600
G01 X44.0885 Y170.6262 Z-0.2803 F600
G01 X44.0103 Y170.5980 Z-0.2841 F600
G01 X43.9723 Y170.5831 Z-0.2859 F600
G01 X43.8205 Y170.5202 Z-0.2911 F600
G01 X43.7852 Y170.5035 Z-0.2930 F600
G01 X43.6392 Y170.4307 Z-0.2995 F600
G01 X43.6059 Y170.4133 Z-0.3004 F600
G01 X43.5356 Y170.3724 Z-0.3038 F600
G01 X43.4655 Y170.3310 Z-0.3078 F600
G01 X43.4341 Y170.3117 Z-0.3090 F600
G01 X43.3658 Y170.2677 Z-0.3109 F600
G01 X43.2987 Y170.2214 Z-0.3155 F600
G01 X43.2688 Y170.2000 Z-0.3170 F600
G01 X43.2031 Y170.1514 Z-0.3191 F600
G01 X43.1381 Y170.1017 Z-0.3225 F600
G01 X43.1092 Y170.0778 Z-0.3243 F600
G01 X42.9837 Y169.9708 Z-0.3298 F600
G01 X42.9549 Y169.9448 Z-0.3311 F600
G01 X42.8355 Y169.8282 Z-0.3379 F600
G01 X42.8069 Y169.7993 Z-0.3390 F600
G01 X42.7492 Y169.7373 Z-0.3415 F600
G01 X42.6928 Y169.6739 Z-0.3459 F600
G01 X42.6670 Y169.6440 Z-0.3473 F600
G01 X42.6122 Y169.5785 Z-0.3492 F600
G01 X42.5593 Y169.5112 Z-0.3536 F600
G01 X42.5373 Y169.4817 Z-0.3553 F600
G01 X42.4376 Y169.3426 Z-0.3607 F600
G01 X42.4174 Y169.3114 Z-0.3624 F600
G01 X42.3270 Y169.1648 Z-0.3689 F600
G01 X42.3076 Y169.1320 Z-0.3697 F600
G01 X42.2667 Y169.0553 Z-0.3729 F600
G01 X42.2263 Y168.9782 Z-0.3768 F600
G01 X42.1845 Y168.8931 Z-0.3788 F600
G01 X42.1572 Y168.8328 Z-0.3814 F600
G01 X42.1306 Y168.7722 Z-0.3848 F600
G01 X42.0727 Y168.6290 Z-0.3887 F600
G01 X42.0494 Y168.5658 Z-0.3922 F600
G01 X41.9991 Y168.4142 Z-0.3973 F600
G01 X41.9781 Y168.3488 Z-0.3998 F600
G01 X41.9178 Y168.1204 Z-0.4088 F600
G01 X41.8965 Y168.0219 Z-0.4124 F600
G01 X41.8682 Y167.8805 Z-0.4186 F600
G01 X41.8505 Y167.7757 Z-0.4218 F600
G01 X41.8295 Y167.6290 Z-0.4291 F600
G01 X41.8160 Y167.5176 Z-0.4325 F600
G01 X41.8097 Y167.4415 Z-0.4372 F600
G01 X41.8070 Y167.3650 Z-0.4454 F600
G01 X41.8073 Y167.3249 Z-0.4507 F600
G01 X41.8117 Y167.2456 Z-0.4629 F600
G01 X41.8197 Y167.1660 Z-0.4788 F600
G01 X41.8314 Y167.0859 Z-0.4984 F600
G01 X41.8396 Y167.0432 Z-0.5099 F600
G01 X41.8591 Y166.9610 Z-0.5341 F600
G01 X41.8825 Y166.8785 Z-0.5622 F600
G01 X41.8877 Y166.8507 Z-0.5691 F600
G01 X41.8729 Y166.8179 Z-0.5562 F600
G01 X41.8556 Y166.7774 Z-0.5413 F600
G01 X41.8403 Y166.7370 Z-0.5267 F600
G01 X41.8261 Y166.6971 Z-0.5133 F600
G01 X41.8131 Y166.6578 Z-0.5010 F600
G01 X41.8012 Y166.6189 Z-0.4898 F600
G01 X41.7904 Y166.5805 Z-0.4797 F600
G01 X41.7805 Y166.5425 Z-0.4706 F600
G01 X41.7716 Y166.5049 Z-0.4624 F600
G01 X41.7639 Y166.4675 Z-0.4549 F600
G01 X41.7575 Y166.4302 Z-0.4478 F600
G01 X41.7520 Y166.3932 Z-0.4416 F600
G01 X41.7474 Y166.3565 Z-0.4363 F600
G01 X41.7429 Y166.3128 Z-0.4310 F600
G01 X41.7396 Y166.2693 Z-0.4269 F600
G01 X41.7375 Y166.2260 Z-0.4239 F600
G01 X41.7366 Y166.1829 Z-0.4220 F600
G01 X41.7376 Y166.1399 Z-0.4204 F600
G01 X41.7397 Y166.0970 Z-0.4200 F600
G01 X41.7524 Y165.9081 Z-0.4214 F600
G01 X41.7622 Y165.8071 Z-0.4209 F600
G01 X41.7772 Y165.6667 Z-0.4215 F600
G01 X41.7907 Y165.5663 Z-0.4212 F600
G01 X41.8109 Y165.4309 Z-0.4213 F600
G01 X41.8283 Y165.3313 Z-0.4210 F600
G01 X41.8537 Y165.2009 Z-0.4207 F600
G01 X41.8753 Y165.1020 Z-0.4203 F600
G01 X41.9060 Y164.9767 Z-0.4195 F600
G01 X41.9323 Y164.8788 Z-0.4189 F600
G01 X41.9681 Y164.7585 Z-0.4177 F600
G01 X41.9994 Y164.6618 Z-0.4168 F600
G01 X42.0404 Y164.5467 Z-0.4151 F600
G01 X42.0771 Y164.4514 Z-0.4137 F600
G01 X42.1232 Y164.3415 Z-0.4117 F600
G01 X42.1655 Y164.2481 Z-0.4097 F600
G01 X42.2166 Y164.1434 Z-0.4074 F600
G01 X42.2648 Y164.0525 Z-0.4046 F600
G01 X42.3209 Y163.9529 Z-0.4020 F600
G01 X42.3750 Y163.8650 Z-0.3986 F600
G01 X42.4360 Y163.7707 Z-0.3957 F600
G01 X42.4959 Y163.6864 Z-0.3915 F600
G01 X42.5619 Y163.5973 Z-0.3882 F600
G01 X42.6272 Y163.5171 Z-0.3835 F600
G01 X42.6625 Y163.4751 Z-0.3819 F600
G01 X42.6982 Y163.4335 Z-0.3797 F600
G01 X42.7684 Y163.3576 Z-0.3750 F600
G01 X42.8059 Y163.3182 Z-0.3734 F600
G01 X42.8442 Y163.2794 Z-0.3709 F600
G01 X42.9299 Y163.1980 Z-0.3659 F600
G01 X42.9857 Y163.1478 Z-0.3632 F600
G01 X43.0427 Y163.0987 Z-0.3588 F600
G01 X43.1463 Y163.0142 Z-0.3526 F600
G01 X43.2641 Y162.9265 Z-0.3452 F600
G01 X43.3749 Y162.8520 Z-0.3374 F600
G01 X43.4357 Y162.8132 Z-0.3344 F600
G01 X43.4977 Y162.7761 Z-0.3294 F600
G01 X43.6134 Y162.7106 Z-0.3225 F600
G01 X43.7412 Y162.6467 Z-0.3137 F600
G01 X43.8613 Y162.5921 Z-0.3064 F600
G01 X43.9930 Y162.5380 Z-0.2993 F600
G01 X44.1162 Y162.4945 Z-0.2919 F600
G01 X44.1840 Y162.4721 Z-0.2893 F600
G01 X44.2524 Y162.4513 Z-0.2852 F600
G01 X44.3769 Y162.4170 Z-0.2795 F600
G01 X44.4471 Y162.4002 Z-0.2771 F600
G01 X44.5176 Y162.3844 Z-0.2734 F600
G01 X44.6427 Y162.3591 Z-0.2697 F600
G01 X44.7879 Y162.3366 Z-0.2646 F600
G01 X44.9131 Y162.3205 Z-0.2620 F600
G01 X45.0629 Y162.3070 Z-0.2589 F600
G01 X45.1878 Y162.2994 Z-0.2574 F600
G01 X45.3425 Y162.2950 Z-0.2564 F600
G01 X45.4508 Y162.2947 Z-0.2559 F600
G01 X45.5662 Y162.2976 Z-0.2560 F600
G01 X45.6595 Y162.3013 Z-0.2574 F600
G01 X45.7155 Y162.3051 Z-0.2582 F600
G01 X45.7715 Y162.3096 Z-0.2584 F600
G01 X45.8651 Y162.3184 Z-0.2600 F600
G01 X45.9196 Y162.3244 Z-0.2617 F600
G01 X45.9740 Y162.3308 Z-0.2630 F600
G01 X46.0678 Y162.3451 Z-0.2649 F600
G01 X46.1736 Y162.3630 Z-0.2686 F600
G01 X46.2676 Y162.3819 Z-0.2719 F600
G01 X46.3702 Y162.4059 Z-0.2758 F600
G01 X46.4644 Y162.4295 Z-0.2810 F600
G01 X46.5639 Y162.4595 Z-0.2849 F600
G01 X46.6573 Y162.4895 Z-0.2903 F600
G01 X46.7060 Y162.5065 Z-0.2936 F600
G01 X46.7541 Y162.5246 Z-0.2956 F600
G01 X46.8464 Y162.5612 Z-0.3011 F600
G01 X46.8937 Y162.5809 Z-0.3049 F600
G01 X46.9405 Y162.6017 Z-0.3074 F600
G01 X47.0308 Y162.6450 Z-0.3129 F600
G01 X47.0767 Y162.6679 Z-0.3167 F600
G01 X47.1223 Y162.6913 Z-0.3198 F600
G01 X47.2100 Y162.7411 Z-0.3253 F600
G01 X47.2986 Y162.7936 Z-0.3325 F600
G01 X47.3858 Y162.8518 Z-0.3380 F600
G01 X47.4714 Y162.9112 Z-0.3453 F600
G01 X47.5566 Y162.9777 Z-0.3510 F600
G01 X47.6392 Y163.0448 Z-0.3582 F600
G01 X47.7191 Y163.1170 Z-0.3639 F600
G01 X47.7590 Y163.1543 Z-0.3677 F600
G01 X47.7986 Y163.1920 Z-0.3710 F600
G01 X47.8729 Y163.2692 Z-0.3765 F600
G01 X47.9112 Y163.3103 Z-0.3803 F600
G01 X47.9489 Y163.3521 Z-0.3832 F600
G01 X48.0174 Y163.4336 Z-0.3883 F600
G01 X48.0541 Y163.4787 Z-0.3921 F600
G01 X48.0895 Y163.5247 Z-0.3943 F600
G01 X48.1521 Y163.6100 Z-0.3988 F600
G01 X48.1870 Y163.6591 Z-0.4023 F600
G01 X48.2201 Y163.7092 Z-0.4037 F600
G01 X48.2769 Y163.7978 Z-0.4075 F600
G01 X48.3093 Y163.8512 Z-0.4100 F600
G01 X48.3404 Y163.9053 Z-0.4110 F600
G01 X48.3915 Y163.9967 Z-0.4140 F600
G01 X48.3429 Y164.0927 Z-0.3282 F600
G01 X48.2897 Y164.1909 Z-0.2372 F600
G01 X48.2131 Y164.3286 Z-0.1100 F600
G01 X48.1013 Y164.5241 Z0.0703 F600
G01 X48.0341 Y164.6387 Z0.1758 F600
G01 X47.9190 Y164.8302 Z0.3517 F600
G01 X48.0453 Y164.6201 Z0.1587 F600
G01 X48.2332 Y164.2934 Z-0.1424 F600
G01 X48.3573 Y164.0660 Z-0.3529 F600
G01 X48.4274 Y164.0169 Z-0.3931 F600
G01 X48.6718 Y164.1468 Z-0.2341 F600
G01 X48.9175 Y164.2873 Z-0.0645 F600
G01 X49.1645 Y164.4380 Z0.1154 F600
G01 X49.2470 Y164.4896 Z0.1767 F600
G01 X49.4964 Y164.6524 Z0.3689 F600
G01 X49.2539 Y164.4941 Z0.1820 F600
G00 Z6.0000 F480
G00 X51.5612 Y161.8880 F1000
G00 Z0.9000 F480
G01 Z0.3620 F600
G01 X52.3213 Y162.6481 Z-0.3981 F600
G01 X53.0814 Y161.8880 Z0.3620 F600
G01 X52.3350 Y162.6344 Z-0.3844 F600
G01 X52.3213 Y162.7091 Z-0.3981 F600
G01 X52.3236 Y167.0462 Z-0.4004 F600
G01 X52.3263 Y167.1779 Z-0.4031 F600
G01 X52.3287 Y167.2658 Z-0.4055 F600
G01 X52.3331 Y167.3956 Z-0.4099 F600
G01 X52.3367 Y167.4834 Z-0.4135 F600
G01 X52.3430 Y167.6113 Z-0.4198 F600
G01 X52.3479 Y167.6992 Z-0.4247 F600
G01 X52.3559 Y167.8254 Z-0.4327 F600
G01 X52.3621 Y167.9135 Z-0.4390 F600
G01 X52.3720 Y168.0382 Z-0.4488 F600
G01 X52.3796 Y168.1267 Z-0.4564 F600
G01 X52.3913 Y168.2498 Z-0.4681 F600
G01 X52.4004 Y168.3388 Z-0.4772 F600
G01 X52.4138 Y168.4606 Z-0.4907 F600
G01 X52.4245 Y168.5504 Z-0.5013 F600
G01 X52.4398 Y168.6709 Z-0.5166 F600
G01 X52.4521 Y168.7615 Z-0.5289 F600
G01 X52.4693 Y168.8810 Z-0.5461 F600
G01 X52.4839 Y168.9753 Z-0.5607 F600
G01 X52.6774 Y169.0769 Z-0.4134 F600
G01 X52.8589 Y169.1660 Z-0.2812 F600
G01 X52.9369 Y169.2103 Z-0.2299 F600
G01 X53.0084 Y169.2551 Z-0.1867 F600
G01 X53.0745 Y169.3009 Z-0.1509 F600
G01 X53.1333 Y169.3461 Z-0.1233 F600
G01 X53.1898 Y169.3942 Z-0.1015 F600
G01 X53.2393 Y169.4410 Z-0.0869 F600
G01 X53.2640 Y169.4663 Z-0.0817 F600
G01 X53.2878 Y169.4923 Z-0.0778 F600
G01 X53.3303 Y169.5425 Z-0.0751 F600
G01 X53.3518 Y169.5697 Z-0.0760 F600
G01 X53.3723 Y169.5978 Z-0.0782 F600
G01 X53.4110 Y169.6520 Z-0.0853 F600
G01 X53.4524 Y169.7080 Z-0.0939 F600
G01 X53.4938 Y169.7621 Z-0.1034 F600
G01 X53.5156 Y169.7894 Z-0.1086 F600
G01 X53.5376 Y169.8165 Z-0.1136 F600
G01 X53.5824 Y169.8698 Z-0.1247 F600
G01 X53.6285 Y169.9230 Z-0.1371 F600
G01 X53.6759 Y169.9745 Z-0.1496 F600
G01 X53.7243 Y170.0255 Z-0.1632 F600
G01 X53.7745 Y170.0762 Z-0.1778 F600
G01 X53.8247 Y170.1242 Z-0.1922 F600
G01 X53.8792 Y170.1746 Z-0.2088 F600
G01 X53.9311 Y170.2196 Z-0.2241 F600
G01 X53.9903 Y170.2692 Z-0.2424 F600
G01 X54.0172 Y170.2903 Z-0.2507 F600
G01 X54.0442 Y170.3112 Z-0.2586 F600
G01 X54.1085 Y170.3592 Z-0.2786 F600
G01 X54.1647 Y170.3978 Z-0.2951 F600
G01 X54.2344 Y170.4426 Z-0.3155 F600
G01 X54.2637 Y170.4602 Z-0.3239 F600
G01 X54.2930 Y170.4774 Z-0.3321 F600
G01 X54.3681 Y170.5167 Z-0.3511 F600
G01 X54.3989 Y170.5310 Z-0.3582 F600
G01 X54.4299 Y170.5446 Z-0.3646 F600
G01 X54.5097 Y170.5752 Z-0.3796 F600
G01 X54.5419 Y170.5861 Z-0.3853 F600
G01 X54.6570 Y170.6185 Z-0.4021 F600
G01 X54.7240 Y170.6324 Z-0.4097 F600
G01 X54.8084 Y170.6450 Z-0.4171 F600
G01 X54.8773 Y170.6515 Z-0.4215 F600
G01 X54.9634 Y170.6544 Z-0.4245 F600
G01 X55.0414 Y170.6531 Z-0.4254 F600
G01 X55.1290 Y170.6485 Z-0.4260 F600
G01 X55.2070 Y170.6413 Z-0.4257 F600
G01 X55.2936 Y170.6297 Z-0.4244 F600
G01 X55.3714 Y170.6166 Z-0.4228 F600
G01 X55.4564 Y170.5995 Z-0.4208 F600
G01 X55.5339 Y170.5806 Z-0.4179 F600
G01 X55.6166 Y170.5577 Z-0.4147 F600
G01 X55.7237 Y170.3516 Z-0.2451 F600
G01 X55.7753 Y170.2449 Z-0.1595 F600
G01 X55.8169 Y170.1559 Z-0.0896 F600
G01 X55.8653 Y170.0488 Z-0.0069 F600
G01 X55.8993 Y169.9708 Z0.0521 F600
G01 X55.9449 Y169.8629 Z0.1324 F600
G01 X55.9730 Y169.7939 Z0.1827 F600
G01 X56.0159 Y169.6848 Z0.2610 F600
G01 X56.0393 Y169.6232 Z0.3044 F600
G01 X56.0900 Y169.4851 Z0.4000 F600
G01 X56.0389 Y169.6244 Z0.3035 F600
G01 X55.9658 Y169.8120 Z0.1698 F600
G01 X55.8861 Y170.0021 Z0.0289 F600
G01 X55.7992 Y170.1948 Z-0.1196 F600
G01 X55.7049 Y170.3903 Z-0.2762 F600
G01 X55.6540 Y170.4894 Z-0.3583 F600
G01 X55.6495 Y170.5713 Z-0.3910 F600
G01 X55.8445 Y170.6595 Z-0.2390 F600
G01 X56.0474 Y170.7446 Z-0.0784 F600
G01 X56.1511 Y170.7863 Z0.0044 F600
G01 X56.3641 Y170.8677 Z0.1757 F600
G01 X56.5847 Y170.9463 Z0.3551 F600
G01 X56.4040 Y170.8819 Z0.2081 F600
G01 X56.3274 Y170.8537 Z0.1462 F600
G01 X56.1504 Y170.7860 Z0.0038 F600
G01 X56.0930 Y170.7633 Z-0.0421 F600
G01 X55.9270 Y170.6952 Z-0.1740 F600
G01 X55.8870 Y170.6782 Z-0.2056 F600
G01 X55.7067 Y170.5984 Z-0.3468 F600
G01 X55.6335 Y170.5638 Z-0.4034 F600
G01 X55.5745 Y170.5703 Z-0.4164 F600
G01 X55.4532 Y170.6003 Z-0.4209 F600
G01 X55.3905 Y170.6131 Z-0.4221 F600
G01 X55.3356 Y170.6232 Z-0.4241 F600
G01 X55.2758 Y170.6325 Z-0.4245 F600
G01 X55.2214 Y170.6399 Z-0.4256 F600
G01 X55.1098 Y170.6502 Z-0.4260 F600
G01 X55.0539 Y170.6527 Z-0.4254 F600
G01 X55.0000 Y170.6544 Z-0.4255 F600
G01 X54.9061 Y170.6531 Z-0.4223 F600
G01 X54.8469 Y170.6488 Z-0.4197 F600
G01 X54.7893 Y170.6427 Z-0.4154 F600
G01 X54.7327 Y170.6340 Z-0.4105 F600
G01 X54.6762 Y170.6227 Z-0.4045 F600
G01 X54.6190 Y170.6092 Z-0.3967 F600
G01 X54.5607 Y170.5920 Z-0.3883 F600
G01 X54.5002 Y170.5719 Z-0.3778 F600
G01 X54.4373 Y170.5477 Z-0.3660 F600
G01 X54.3815 Y170.5230 Z-0.3542 F600
G01 X54.3224 Y170.4936 Z-0.3394 F600
G01 X54.2471 Y170.4502 Z-0.3192 F600
G01 X54.1995 Y170.4214 Z-0.3055 F600
G01 X54.1148 Y170.3635 Z-0.2805 F600
G01 X54.0546 Y170.3193 Z-0.2617 F600
G01 X54.0111 Y170.2855 Z-0.2489 F600
G01 X53.9424 Y170.2295 Z-0.2274 F600
G01 X53.8978 Y170.1909 Z-0.2144 F600
G01 X53.8229 Y170.1225 Z-0.1917 F600
G01 X53.7774 Y170.0790 Z-0.1786 F600
G01 X53.7444 Y170.0465 Z-0.1689 F600
G01 X53.6522 Y169.9495 Z-0.1431 F600
G01 X53.6169 Y169.9095 Z-0.1340 F600
G01 X53.5704 Y169.8560 Z-0.1215 F600
G01 X53.5254 Y169.8014 Z-0.1108 F600
G01 X53.4879 Y169.7546 Z-0.1019 F600
G01 X53.4428 Y169.6950 Z-0.0919 F600
G01 X53.3985 Y169.6350 Z-0.0827 F600
G01 X53.3770 Y169.6046 Z-0.0790 F600
G01 X53.3600 Y169.5807 Z-0.0768 F600
G01 X53.3424 Y169.5576 Z-0.0755 F600
G01 X53.3242 Y169.5350 Z-0.0751 F600
G01 X53.3054 Y169.5128 Z-0.0758 F600
G01 X53.2891 Y169.4938 Z-0.0777 F600
G01 X53.2722 Y169.4751 Z-0.0803 F600
G01 X53.2547 Y169.4566 Z-0.0836 F600
G01 X53.2365 Y169.4384 Z-0.0876 F600
G01 X53.2177 Y169.4204 Z-0.0923 F600
G01 X53.1983 Y169.4021 Z-0.0985 F600
G01 X53.1782 Y169.3837 Z-0.1057 F600
G01 X53.1571 Y169.3655 Z-0.1137 F600
G01 X53.1350 Y169.3474 Z-0.1226 F600
G01 X53.1118 Y169.3294 Z-0.1326 F600
G01 X53.0918 Y169.3139 Z-0.1421 F600
G01 X53.0708 Y169.2982 Z-0.1528 F600
G01 X53.0489 Y169.2825 Z-0.1644 F600
G01 X53.0260 Y169.2667 Z-0.1769 F600
G01 X53.0019 Y169.2509 Z-0.1904 F600
G01 X52.9766 Y169.2350 Z-0.2050 F600
G01 X52.9553 Y169.2217 Z-0.2181 F600
G01 X52.9332 Y169.2081 Z-0.2322 F600
G01 X52.9100 Y169.1944 Z-0.2473 F600
G01 X52.8857 Y169.1806 Z-0.2633 F600
G01 X52.8603 Y169.1668 Z-0.2803 F600
G01 X52.8336 Y169.1528 Z-0.2984 F600
G01 X52.8054 Y169.1384 Z-0.3182 F600
G01 X52.7756 Y169.1231 Z-0.3399 F600
G01 X52.7522 Y169.1115 Z-0.3572 F600
G01 X52.7278 Y169.0999 Z-0.3754 F600
G01 X52.7023 Y169.0881 Z-0.3946 F600
G01 X52.6757 Y169.0762 Z-0.4147 F600
G01 X52.6478 Y169.0642 Z-0.4359 F600
G01 X52.6186 Y169.0517 Z-0.4587 F600
G01 X52.5877 Y169.0386 Z-0.4834 F600
G01 X52.5552 Y169.0250 Z-0.5097 F600
G01 X52.5209 Y169.0113 Z-0.5375 F600
G01 X52.4867 Y169.0005 Z-0.5635 F600
G01 X52.4411 Y169.0825 Z-0.5179 F600
G01 X52.4019 Y169.1608 Z-0.4787 F600
G01 X52.3683 Y169.2360 Z-0.4451 F600
G01 X52.3424 Y169.3014 Z-0.4192 F600
G01 X52.3200 Y169.3648 Z-0.3968 F600
G01 X52.3029 Y169.4198 Z-0.3797 F600
G01 X52.2881 Y169.4737 Z-0.3649 F600
G01 X52.2756 Y169.5267 Z-0.3524 F600
G01 X52.2652 Y169.5788 Z-0.3420 F600
G01 X52.2577 Y169.6239 Z-0.3345 F600
G01 X52.2517 Y169.6686 Z-0.3285 F600
G01 X52.2471 Y169.7129 Z-0.3239 F600
G01 X52.2439 Y169.7570 Z-0.3207 F600
G01 X52.2422 Y169.7947 Z-0.3190 F600
G01 X52.2415 Y169.8324 Z-0.3183 F600
G01 Y170.4785 F600
G01 X52.2459 Y170.5536 Z-0.3138 F600
G01 X52.9222 Y171.2299 Z0.3624 F600
G01 X52.2415 Y170.5492 Z-0.3183 F600
G01 X51.5232 Y171.2675 Z0.4000 F600
G01 X52.2332 Y170.5574 Z-0.3100 F600
G00 Z6.0000 F480
G00 X63.5564 Y174.0610 F1000
G00 Z0.9000 F480
G01 Z-0.3890 F600
G01 X62.8048 Y174.8126 Z0.3626 F600
G01 X63.6276 Y173.9898 Z-0.4602 F600
G01 X64.4502 Y174.8125 Z0.3625 F600
G01 X63.6276 Y173.9879 Z-0.4602 F600
G01 Y168.3888 F600
G01 X63.6286 Y168.3437 Z-0.4612 F600
G01 X63.6312 Y168.2910 Z-0.4638 F600
G01 X63.6355 Y168.2382 Z-0.4681 F600
G01 X63.6414 Y168.1850 Z-0.4740 F600
G01 X63.6490 Y168.1313 Z-0.4816 F600
G01 X63.6585 Y168.0772 Z-0.4911 F600
G01 X63.6715 Y168.0146 Z-0.5041 F600
G01 X63.6870 Y167.9509 Z-0.5196 F600
G01 X63.7053 Y167.8861 Z-0.5379 F600
G01 X63.7265 Y167.8199 Z-0.5591 F600
G01 X63.7540 Y167.7435 Z-0.5867 F600
G01 X63.7860 Y167.6648 Z-0.6186 F600
G01 X63.8273 Y167.5741 Z-0.6599 F600
G01 X63.8755 Y167.4796 Z-0.7081 F600
G01 X63.9346 Y167.4070 Z-0.7395 F600
G01 X63.9709 Y167.4121 Z-0.7178 F600
G01 X64.0061 Y167.4175 Z-0.6971 F600
G01 X64.0515 Y167.4251 Z-0.6709 F600
G01 X64.0951 Y167.4333 Z-0.6463 F600
G01 X64.1371 Y167.4420 Z-0.6232 F600
G01 X64.1776 Y167.4510 Z-0.6014 F600
G01 X64.2167 Y167.4605 Z-0.5809 F600
G01 X64.2545 Y167.4703 Z-0.5616 F600
G01 X64.2909 Y167.4805 Z-0.5434 F600
G01 X64.3262 Y167.4911 Z-0.5263 F600
G01 X64.3604 Y167.5019 Z-0.5102 F600
G01 X64.3936 Y167.5131 Z-0.4951 F600
G01 X64.4257 Y167.5245 Z-0.4809 F600
G01 X64.4569 Y167.5363 Z-0.4675 F600
G01 X64.4871 Y167.5483 Z-0.4549 F600
G01 X64.5166 Y167.5605 Z-0.4432 F600
G01 X64.5522 Y167.5762 Z-0.4295 F600
G01 X64.5867 Y167.5923 Z-0.4169 F600
G01 X64.6201 Y167.6087 Z-0.4054 F600
G01 X64.6525 Y167.6256 Z-0.3949 F600
G01 X64.6838 Y167.6428 Z-0.3853 F600
G01 X64.7143 Y167.6604 Z-0.3766 F600
G01 X64.7439 Y167.6783 Z-0.3688 F600
G01 X64.7726 Y167.6966 Z-0.3619 F600
G01 X64.8006 Y167.7153 Z-0.3557 F600
G01 X64.8279 Y167.7344 Z-0.3503 F600
G01 X64.8597 Y167.7578 Z-0.3449 F600
G01 X64.8906 Y167.7819 Z-0.3405 F600
G01 X64.9206 Y167.8065 Z-0.3372 F600
G01 X64.9498 Y167.8317 Z-0.3349 F600
G01 X64.9783 Y167.8577 Z-0.3336 F600
G01 X66.0972 Y168.9611 Z-0.3425 F600
G01 X66.1517 Y169.0123 Z-0.3448 F600
G01 X66.2089 Y169.0608 Z-0.3509 F600
G01 X66.2688 Y169.1067 Z-0.3607 F600
G01 X66.3313 Y169.1499 Z-0.3743 F600
G01 X66.3965 Y169.1905 Z-0.3917 F600
G01 X66.4643 Y169.2284 Z-0.4128 F600
G01 X66.5349 Y169.2636 Z-0.4377 F600
G01 X66.6080 Y169.2962 Z-0.4664 F600
G01 X66.6839 Y169.3261 Z-0.4988 F600
G01 X66.8435 Y169.3779 Z-0.5750 F600
G01 X66.8800 Y169.4472 Z-0.5517 F600
G01 X66.9077 Y169.5252 Z-0.5161 F600
G01 X66.9380 Y169.6007 Z-0.4841 F600
G01 X66.9710 Y169.6735 Z-0.4558 F600
G01 X67.0065 Y169.7438 Z-0.4312 F600
G01 X67.0446 Y169.8114 Z-0.4103 F600
G01 X67.0854 Y169.8765 Z-0.3931 F600
G01 X67.1287 Y169.9389 Z-0.3795 F600
G01 X67.1746 Y169.9988 Z-0.3696 F600
G01 X67.2231 Y170.0560 Z-0.3634 F600
G01 X67.2742 Y170.1107 Z-0.3608 F600
G01 X71.2758 Y174.0409 Z-0.4074 F600
G01 X70.9810 Y174.7591 Z0.3091 F600
G01 X71.2819 Y174.0444 Z-0.4056 F600
G01 X73.2380 Y174.8348 Z0.3848 F600
G01 X71.2862 Y174.0462 Z-0.4038 F600
G01 X71.2302 Y173.9961 Z-0.4068 F600
G01 X67.2713 Y170.1077 Z-0.3609 F600
G01 X67.2438 Y170.0788 Z-0.3619 F600
G01 X67.2126 Y170.0441 Z-0.3644 F600
G01 X67.1823 Y170.0082 Z-0.3683 F600
G01 X67.1528 Y169.9711 Z-0.3738 F600
G01 X67.1241 Y169.9326 Z-0.3807 F600
G01 X67.0962 Y169.8927 Z-0.3892 F600
G01 X67.0653 Y169.8452 Z-0.4010 F600
G01 X67.0352 Y169.7954 Z-0.4150 F600
G01 X67.0062 Y169.7432 Z-0.4314 F600
G01 X66.9781 Y169.6883 Z-0.4504 F600
G01 X66.9477 Y169.6229 Z-0.4752 F600
G01 X66.9185 Y169.5532 Z-0.5039 F600
G01 X66.8878 Y169.4702 Z-0.5409 F600
G01 X66.8609 Y169.3808 Z-0.5820 F600
G00 Z6.0000 F480
G00 X71.7521 Y162.7412 F1000
G00 Z0.9000 F480
G01 Z-0.4913 F600
G01 X73.4772 Y161.8691 Z0.3809 F600
G01 X71.7367 Y162.7490 Z-0.4990 F600
G01 X71.6611 Y162.6517 Z-0.4017 F600
G01 X71.2449 Y161.8500 Z0.4000 F600
G01 X71.5080 Y162.3569 Z-0.1069 F600
G01 X71.7071 Y162.7727 Z-0.5089 F600
G01 X67.2743 Y168.9309 Z-0.4274 F600
G01 X67.2479 Y168.9653 Z-0.4283 F600
G01 X67.2159 Y169.0046 Z-0.4308 F600
G01 X67.1824 Y169.0431 Z-0.4349 F600
G01 X67.1475 Y169.0810 Z-0.4406 F600
G01 X67.1114 Y169.1187 Z-0.4486 F600
G01 X67.0692 Y169.1629 Z-0.4619 F600
G01 X67.0254 Y169.2088 Z-0.4800 F600
G01 X66.9735 Y169.2630 Z-0.5067 F600
G01 X66.9116 Y169.3277 Z-0.5453 F600
G01 X66.8478 Y169.3791 Z-0.5772 F600
G01 X66.8108 Y169.3684 Z-0.5586 F600
G01 X66.7749 Y169.3573 Z-0.5411 F600
G01 X66.7402 Y169.3460 Z-0.5246 F600
G01 X66.7067 Y169.3343 Z-0.5091 F600
G01 X66.6741 Y169.3224 Z-0.4945 F600
G01 X66.6425 Y169.3102 Z-0.4808 F600
G01 X66.6118 Y169.2977 Z-0.4679 F600
G01 X66.5820 Y169.2850 Z-0.4559 F600
G01 X66.5530 Y169.2720 Z-0.4446 F600
G01 X66.5179 Y169.2555 Z-0.4315 F600
G01 X66.4839 Y169.2385 Z-0.4195 F600
G01 X66.4510 Y169.2212 Z-0.4084 F600
G01 X66.4191 Y169.2036 Z-0.3984 F600
G01 X66.3882 Y169.1855 Z-0.3893 F600
G01 X66.3581 Y169.1671 Z-0.3811 F600
G01 X66.3289 Y169.1484 Z-0.3738 F600
G01 X66.3005 Y169.1292 Z-0.3672 F600
G01 X66.2729 Y169.1097 Z-0.3615 F600
G01 X66.2460 Y169.0898 Z-0.3566 F600
G01 X66.2146 Y169.0654 Z-0.3517 F600
G01 X66.1841 Y169.0403 Z-0.3478 F600
G01 X66.1545 Y169.0147 Z-0.3451 F600
G01 X66.1256 Y168.9884 Z-0.3433 F600
G01 X65.0132 Y167.8915 Z-0.3334 F600
G01 X64.9594 Y167.8403 Z-0.3344 F600
G01 X64.9029 Y167.7918 Z-0.3391 F600
G01 X64.8438 Y167.7459 Z-0.3475 F600
G01 X64.7821 Y167.7028 Z-0.3597 F600
G01 X64.7177 Y167.6624 Z-0.3757 F600
G01 X64.6507 Y167.6246 Z-0.3954 F600
G01 X64.5811 Y167.5896 Z-0.4190 F600
G01 X64.5088 Y167.5572 Z-0.4462 F600
G01 X64.4340 Y167.5276 Z-0.4773 F600
G01 X64.2763 Y167.4764 Z-0.5506 F600
G01 X64.1082 Y167.4359 Z-0.6391 F600
G01 X63.9295 Y167.4063 Z-0.7426 F600
G01 X63.8902 Y167.3402 Z-0.7228 F600
G01 X63.7715 Y167.0586 Z-0.6041 F600
G01 X63.7576 Y167.0238 Z-0.5902 F600
G01 X63.7446 Y166.9894 Z-0.5772 F600
G01 X63.7295 Y166.9471 Z-0.5621 F600
G01 X63.7157 Y166.9055 Z-0.5483 F600
G01 X63.7030 Y166.8644 Z-0.5356 F600
G01 X63.6915 Y166.8238 Z-0.5241 F600
G01 X63.6810 Y166.7837 Z-0.5136 F600
G01 X63.6716 Y166.7440 Z-0.5042 F600
G01 X63.6632 Y166.7048 Z-0.4958 F600
G01 X63.6557 Y166.6659 Z-0.4883 F600
G01 X63.6491 Y166.6272 Z-0.4817 F600
G01 X63.6435 Y166.5889 Z-0.4761 F600
G01 X63.6379 Y166.5432 Z-0.4705 F600
G01 X63.6335 Y166.4977 Z-0.4661 F600
G01 X63.6303 Y166.4525 Z-0.4629 F600
G01 X63.6284 Y166.4073 Z-0.4610 F600
G01 X63.6276 Y162.7134 Z-0.4602 F600
G01 X63.6994 Y162.6383 Z-0.3883 F600
G01 X64.4503 Y161.8874 Z0.3626 F600
G01 X63.6276 Y162.7102 Z-0.4602 F600
G01 X63.4813 Y162.5639 Z-0.3139 F600
G01 X62.7674 Y161.8500 Z0.4000 F600
G01 X63.6276 Y162.7102 Z-0.4602 F600
G01 X62.7674 Y161.8500 Z0.4000 F600
G01 X63.4813 Y162.5639 Z-0.3139 F600
G01 X62.8048 Y161.8874 Z0.3626 F600
G00 Z6.0000 F480
G00 X74.9190 Y166.5439 F1000
G00 Z0.9000 F480
G01 Z-0.3922 F600
G01 X74.1269 Y165.7518 Z0.4000 F600
G01 X74.9294 Y166.5543 Z-0.4025 F600
G01 X74.1646 Y167.3191 Z0.3623 F600
G01 X74.9190 Y166.5647 Z-0.3922 F600
G01 X74.9945 Y166.5543 Z-0.4025 F600
G01 X78.1631 F600
G01 X78.2385 Y166.5647 Z-0.3922 F600
G01 X78.9925 Y167.3186 Z0.3618 F600
G01 X78.2282 Y166.5543 Z-0.4025 F600
G01 X78.9925 Y165.7900 Z0.3618 F600
G00 Z6.0000 F480
G00 X80.8566 Y164.6488 F1000
G00 Z0.9000 F480
G01 Z0.1692 F600
G01 X80.5914 Y164.8561 Z0.4000 F600
G01 X80.7900 Y164.7000 Z0.2263 F600
G01 X81.0277 Y164.5200 Z0.0251 F600
G01 X81.2645 Y164.3503 Z-0.1657 F600
G01 X81.3431 Y164.2964 Z-0.2266 F600
G01 X81.5002 Y164.1914 Z-0.3456 F600
G01 X81.5715 Y164.2172 Z-0.3265 F600
G01 X81.7010 Y164.4099 Z-0.1465 F600
G01 X81.7660 Y164.5039 Z-0.0589 F600
G01 X81.8963 Y164.6878 Z0.1122 F600
G01 X81.9617 Y164.7778 Z0.1958 F600
G01 X82.0935 Y164.9550 Z0.3602 F600
G01 X81.9657 Y164.7832 Z0.2008 F600
G01 X81.8935 Y164.6838 Z0.1084 F600
G01 X81.7723 Y164.5128 Z-0.0506 F600
G01 X81.6909 Y164.3949 Z-0.1606 F600
G01 X81.5761 Y164.2240 Z-0.3201 F600
G01 X81.5584 Y164.1078 Z-0.3737 F600
G01 X81.6024 Y163.9918 Z-0.3721 F600
G01 X81.6440 Y163.8929 Z-0.3702 F600
G01 X81.6681 Y163.8388 Z-0.3697 F600
G01 X81.6934 Y163.7853 Z-0.3679 F600
G01 X81.7422 Y163.6881 Z-0.3655 F600
G01 X81.7972 Y163.5890 Z-0.3621 F600
G01 X81.8548 Y163.4948 Z-0.3582 F600
G01 X81.8844 Y163.4492 Z-0.3567 F600
G01 X81.9151 Y163.4042 Z-0.3540 F600
G01 X81.9809 Y163.3135 Z-0.3495 F600
G01 X82.0458 Y163.2311 Z-0.3453 F600
G01 X82.1205 Y163.1454 Z-0.3398 F600
G01 X82.1553 Y163.1083 Z-0.3377 F600
G01 X82.1905 Y163.0717 Z-0.3348 F600
G01 X82.2731 Y162.9917 Z-0.3295 F600
G01 X82.3470 Y162.9257 Z-0.3253 F600
G01 X82.4328 Y162.8560 Z-0.3201 F600
G01 X82.4717 Y162.8267 Z-0.3181 F600
G01 X82.5111 Y162.7979 Z-0.3155 F600
G01 X82.5976 Y162.7384 Z-0.3108 F600
G01 X82.6795 Y162.6865 Z-0.3066 F600
G01 X82.7704 Y162.6347 Z-0.3014 F600
G01 X82.8130 Y162.6117 Z-0.2998 F600
G01 X82.8563 Y162.5898 Z-0.2969 F600
G01 X82.9497 Y162.5451 Z-0.2926 F600
G01 X83.0395 Y162.5070 Z-0.2880 F600
G01 X83.1350 Y162.4702 Z-0.2836 F600
G01 X83.2282 Y162.4378 Z-0.2801 F600
G01 X83.3249 Y162.4088 Z-0.2759 F600
G01 X83.3732 Y162.3953 Z-0.2747 F600
G01 X83.4219 Y162.3829 Z-0.2724 F600
G01 X83.5187 Y162.3603 Z-0.2694 F600
G01 X83.5691 Y162.3503 Z-0.2680 F600
G01 X83.6196 Y162.3407 Z-0.2662 F600
G01 X83.7160 Y162.3244 Z-0.2640 F600
G01 X83.8208 Y162.3107 Z-0.2615 F600
G01 X83.9167 Y162.3007 Z-0.2598 F600
G01 X84.0254 Y162.2924 Z-0.2583 F600
G01 X84.1206 Y162.2880 Z-0.2571 F600
G01 X84.2333 Y162.2852 Z-0.2566 F600
G01 X84.3198 Y162.2860 Z-0.2554 F600
G01 X84.4167 Y162.2885 Z-0.2552 F600
G01 X84.4960 Y162.2915 Z-0.2559 F600
G01 X84.5905 Y162.2988 Z-0.2553 F600
G01 X84.6699 Y162.3060 Z-0.2558 F600
G01 X84.7161 Y162.3107 Z-0.2567 F600
G01 X84.7621 Y162.3164 F600
G01 X84.8415 Y162.3280 Z-0.2569 F600
G01 X84.9314 Y162.3423 Z-0.2583 F600
G01 X85.0107 Y162.3577 Z-0.2590 F600
G01 X85.0982 Y162.3768 Z-0.2601 F600
G01 X85.1774 Y162.3954 Z-0.2622 F600
G01 X85.2624 Y162.4192 Z-0.2631 F600
G01 X85.3409 Y162.4426 Z-0.2649 F600
G01 X85.3826 Y162.4557 Z-0.2666 F600
G01 X85.4240 Y162.4698 Z-0.2671 F600
G01 X85.5014 Y162.4980 Z-0.2687 F600
G01 X85.5825 Y162.5290 Z-0.2717 F600
G01 X85.6586 Y162.5618 Z-0.2735 F600
G01 X85.7373 Y162.5976 Z-0.2761 F600
G01 X85.8123 Y162.6339 Z-0.2792 F600
G01 X85.8885 Y162.6745 Z-0.2815 F600
G01 X85.9578 Y162.7126 Z-0.2847 F600
G01 X85.9950 Y162.7343 Z-0.2865 F600
G01 X86.0318 Y162.7568 Z-0.2873 F600
G01 X86.0953 Y162.7966 Z-0.2898 F600
G01 X86.1673 Y162.8431 Z-0.2934 F600
G01 X86.2287 Y162.8866 Z-0.2951 F600
G01 X86.2978 Y162.9368 Z-0.2980 F600
G01 X86.3580 Y162.9825 Z-0.3008 F600
G01 X86.4240 Y163.0364 Z-0.3029 F600
G01 X86.4822 Y163.0850 Z-0.3058 F600
G01 X86.5144 Y163.1130 Z-0.3075 F600
G01 X86.5458 Y163.1417 Z-0.3082 F600
G01 X86.6013 Y163.1937 Z-0.3103 F600
G01 X86.6630 Y163.2529 Z-0.3137 F600
G01 X86.7156 Y163.3080 Z-0.3151 F600
G01 X86.7741 Y163.3708 Z-0.3177 F600
G01 X86.8251 Y163.4276 Z-0.3203 F600
G01 X86.8804 Y163.4940 Z-0.3221 F600
G01 X86.9286 Y163.5532 Z-0.3245 F600
G01 X86.9557 Y163.5874 Z-0.3264 F600
G01 X86.9818 Y163.6223 Z-0.3270 F600
G01 X87.0267 Y163.6840 Z-0.3287 F600
G01 X87.0778 Y163.7559 Z-0.3317 F600
G01 X87.1206 Y163.8204 Z-0.3336 F600
G01 X87.1691 Y163.8969 Z-0.3359 F600
G01 X87.2100 Y163.9629 Z-0.3388 F600
G01 X87.2336 Y164.0038 Z-0.3400 F600
G01 X87.2568 Y164.0449 Z-0.3408 F600
G01 X87.2942 Y164.1126 Z-0.3430 F600
G01 X87.3176 Y164.1559 Z-0.3449 F600
G01 X87.3407 Y164.1994 Z-0.3463 F600
G01 X87.3748 Y164.2686 Z-0.3478 F600
G01 X87.4194 Y164.3609 Z-0.3507 F600
G01 X87.4519 Y164.4311 Z-0.3530 F600
G01 X87.4941 Y164.5291 Z-0.3550 F600
G01 X87.5243 Y164.6007 Z-0.3570 F600
G01 X87.5455 Y164.6521 Z-0.3589 F600
G01 X87.5654 Y164.7039 Z-0.3594 F600
G01 X87.5929 Y164.7771 Z-0.3607 F600
G01 X87.6327 Y164.8855 Z-0.3633 F600
G01 X87.6582 Y164.9603 Z-0.3643 F600
G01 X87.7194 Y165.1505 Z-0.3670 F600
G01 X87.7371 Y165.2102 Z-0.3677 F600
G01 X87.7541 Y165.2701 Z-0.3676 F600
G01 X87.8096 Y165.4728 Z-0.3692 F600
G01 X87.8291 Y165.5533 Z-0.3686 F600
G01 X87.8782 Y165.7636 Z-0.3688 F600
G01 X87.8916 Y165.8278 Z-0.3687 F600
G01 X87.9045 Y165.8922 Z-0.3681 F600
G01 X87.9451 Y166.1038 Z-0.3682 F600
G01 X87.9590 Y166.1871 Z-0.3677 F600
G01 X87.9794 Y166.3165 Z-0.3673 F600
G01 X88.0013 Y166.4648 Z-0.3682 F600
G01 X88.0099 Y166.5298 Z-0.3680 F600
G01 X88.0200 Y166.6136 Z-0.3678 F600
G01 X88.0441 Y166.8278 Z-0.3694 F600
G01 X88.0504 Y166.8931 Z-0.3700 F600
G01 X88.0629 Y167.0428 Z-0.3708 F600
G01 X88.0785 Y167.2584 Z-0.3743 F600
G01 X88.0850 Y167.3900 Z-0.3760 F600
G01 X88.0934 Y167.6070 Z-0.3808 F600
G01 X88.0959 Y167.7111 Z-0.3842 F600
G01 X88.0968 Y168.0094 Z-0.3936 F600
G01 X88.0957 Y168.0580 Z-0.3964 F600
G01 X88.0930 Y168.1069 Z-0.4008 F600
G01 X88.0887 Y168.1562 Z-0.4066 F600
G01 X88.0824 Y168.2057 Z-0.4134 F600
G01 X88.0744 Y168.2557 Z-0.4219 F600
G01 X88.0633 Y168.3136 Z-0.4337 F600
G01 X88.0498 Y168.3725 Z-0.4479 F600
G01 X88.0338 Y168.4324 Z-0.4645 F600
G01 X88.0152 Y168.4936 Z-0.4838 F600
G01 X87.9908 Y168.5643 Z-0.5089 F600
G01 X87.9623 Y168.6369 Z-0.5378 F600
G01 X87.9288 Y168.7114 Z-0.5704 F600
G01 X87.8858 Y168.7974 Z-0.6124 F600
G01 X87.8378 Y168.8373 Z-0.6194 F600
G01 X87.7991 Y168.8238 Z-0.5880 F600
G01 X87.7624 Y168.8105 Z-0.5584 F600
G01 X87.7278 Y168.7978 Z-0.5311 F600
G01 X87.6951 Y168.7859 Z-0.5059 F600
G01 X87.6640 Y168.7745 Z-0.4825 F600
G01 X87.6343 Y168.7633 Z-0.4604 F600
G01 X87.6059 Y168.7521 Z-0.4395 F600
G01 X87.5786 Y168.7409 Z-0.4195 F600
G01 X87.5524 Y168.7298 Z-0.4006 F600
G01 X87.5273 Y168.7188 Z-0.3825 F600
G01 X87.5031 Y168.7078 Z-0.3654 F600
G01 X87.4798 Y168.6968 Z-0.3490 F600
G01 X87.4502 Y168.6823 Z-0.3284 F600
G01 X87.4220 Y168.6678 Z-0.3090 F600
G01 X87.3951 Y168.6536 Z-0.2909 F600
G01 X87.3696 Y168.6401 Z-0.2746 F600
G01 X87.3452 Y168.6271 Z-0.2597 F600
G01 X87.3218 Y168.6143 Z-0.2459 F600
G01 X87.2994 Y168.6015 Z-0.2329 F600
G01 X87.2726 Y168.5855 Z-0.2176 F600
G01 X87.2470 Y168.5695 Z-0.2036 F600
G01 X87.2227 Y168.5535 Z-0.1905 F600
G01 X87.1994 Y168.5375 Z-0.1784 F600
G01 X87.1772 Y168.5215 Z-0.1672 F600
G01 X87.1560 Y168.5054 Z-0.1568 F600
G01 X87.1356 Y168.4895 Z-0.1474 F600
G01 X87.1159 Y168.4740 Z-0.1393 F600
G01 X87.0930 Y168.4558 Z-0.1310 F600
G01 X87.0711 Y168.4375 Z-0.1236 F600
G01 X87.0501 Y168.4189 Z-0.1170 F600
G01 X87.0300 Y168.4002 Z-0.1113 F600
G01 X87.0106 Y168.3812 Z-0.1063 F600
G01 X86.9920 Y168.3620 Z-0.1021 F600
G01 X86.9742 Y168.3425 Z-0.0987 F600
G01 X86.9570 Y168.3228 Z-0.0959 F600
G01 X86.9403 Y168.3029 Z-0.0941 F600
G01 X86.9236 Y168.2831 Z-0.0937 F600
G01 X86.9073 Y168.2630 Z-0.0941 F600
G01 X86.8915 Y168.2425 Z-0.0953 F600
G01 X86.8017 Y168.1225 Z-0.1038 F600
G01 X86.7804 Y168.0956 Z-0.1057 F600
G01 X86.7026 Y168.0048 Z-0.1144 F600
G01 X86.6805 Y167.9797 Z-0.1165 F600
G01 X86.6405 Y167.9355 Z-0.1193 F600
G01 X86.5996 Y167.8920 Z-0.1234 F600
G01 X86.5762 Y167.8687 Z-0.1259 F600
G01 X86.4904 Y167.7856 Z-0.1335 F600
G01 X86.4665 Y167.7631 Z-0.1351 F600
G01 X86.4217 Y167.7233 Z-0.1386 F600
G01 X86.3758 Y167.6845 Z-0.1434 F600
G01 X86.3505 Y167.6636 Z-0.1456 F600
G01 X86.2564 Y167.5882 Z-0.1525 F600
G01 X86.2296 Y167.5685 Z-0.1549 F600
G01 X86.1296 Y167.4988 Z-0.1640 F600
G01 X86.1016 Y167.4798 Z-0.1661 F600
G01 X86.0503 Y167.4460 Z-0.1694 F600
G01 X85.9976 Y167.4139 Z-0.1748 F600
G01 X85.9676 Y167.3964 Z-0.1777 F600
G01 X85.8591 Y167.3347 Z-0.1865 F600
G01 X85.8276 Y167.3177 Z-0.1890 F600
G01 X85.7135 Y167.2623 Z-0.2004 F600
G01 X85.6821 Y167.2476 Z-0.2032 F600
G01 X85.6244 Y167.2213 Z-0.2075 F600
G01 X85.5364 Y167.1852 Z-0.2166 F600
G01 X85.3905 Y167.1310 Z-0.2295 F600
G01 X85.3310 Y167.1120 Z-0.2346 F600
G01 X85.2438 Y167.0864 Z-0.2434 F600
G01 X85.1838 Y167.0702 Z-0.2480 F600
G01 X85.0972 Y167.0480 Z-0.2550 F600
G01 X84.9492 Y167.0187 Z-0.2678 F600
G01 X84.8881 Y167.0081 Z-0.2716 F600
G01 X84.8005 Y166.9955 Z-0.2787 F600
G01 X84.6501 Y166.9797 Z-0.2892 F600
G01 X84.5875 Y166.9749 Z-0.2923 F600
G01 X84.4977 Y166.9710 Z-0.2991 F600
G01 X84.3430 Y166.9683 Z-0.3073 F600
G01 X84.2790 Y166.9703 Z-0.3109 F600
G01 X84.2149 Y166.9730 Z-0.3152 F600
G00 Z6.0000 F480
G00 X84.1813 Y166.9750 F1000
G00 Z0.9000 F480
G01 Z-0.3170 F600
G01 X84.1054 Y166.9802 Z-0.3202 F600
G01 X83.9936 Y166.9908 Z-0.3270 F600
G01 X83.8132 Y167.0158 Z-0.3365 F600
G01 X83.7412 Y167.0298 Z-0.3406 F600
G01 X83.6402 Y167.0511 Z-0.3472 F600
G01 X83.5698 Y167.0678 Z-0.3500 F600
G01 X83.4736 Y167.0937 Z-0.3561 F600
G01 X83.3130 Y167.1446 Z-0.3643 F600
G01 X83.2464 Y167.1694 Z-0.3674 F600
G01 X83.1581 Y167.2047 Z-0.3731 F600
G01 X83.0931 Y167.2327 Z-0.3754 F600
G01 X83.0075 Y167.2715 Z-0.3795 F600
G01 X82.8615 Y167.3479 Z-0.3865 F600
G01 X82.7996 Y167.3830 Z-0.3878 F600
G01 X82.7189 Y167.4327 Z-0.3924 F600
G01 X82.5787 Y167.5257 Z-0.3966 F600
G01 X82.5208 Y167.5693 Z-0.3988 F600
G01 X82.4422 Y167.6298 Z-0.4020 F600
G01 X82.3851 Y167.6761 Z-0.4026 F600
G01 X82.3074 Y167.7431 Z-0.4057 F600
G01 X82.1746 Y167.8668 Z-0.4086 F600
G01 X82.1216 Y167.9215 Z-0.4101 F600
G01 X82.0479 Y168.0001 Z-0.4129 F600
G01 X81.9967 Y168.0572 Z-0.4131 F600
G01 X81.9292 Y168.1372 Z-0.4156 F600
G01 X81.8196 Y168.2792 Z-0.4177 F600
G01 X81.7763 Y168.3415 Z-0.4182 F600
G01 X81.7198 Y168.4270 Z-0.4204 F600
G01 X81.6796 Y168.4915 Z-0.4201 F600
G01 X81.6271 Y168.5798 Z-0.4210 F600
G01 X81.5433 Y168.7394 Z-0.4219 F600
G01 X81.5102 Y168.8088 Z-0.4211 F600
G01 X81.4677 Y168.9060 Z-0.4226 F600
G01 X81.4385 Y168.9780 Z-0.4218 F600
G01 X81.3990 Y169.0797 Z-0.4216 F600
G01 X81.3397 Y169.2619 Z-0.4214 F600
G01 X81.3176 Y169.3388 Z-0.4203 F600
G01 X81.2889 Y169.4525 Z-0.4212 F600
G01 X81.2707 Y169.5321 Z-0.4201 F600
G01 X81.2461 Y169.6519 F600
G01 X81.2191 Y169.8166 Z-0.4197 F600
G01 X81.2125 Y169.8606 Z-0.4191 F600
G01 X81.2031 Y169.9455 Z-0.4192 F600
G01 X81.1907 Y170.0678 Z-0.4198 F600
G01 X81.1854 Y170.1333 Z-0.4188 F600
G01 X81.1813 Y170.1988 Z-0.4189 F600
G01 X81.1770 Y170.2949 Z-0.4202 F600
G01 X81.1735 Y170.4298 Z-0.4196 F600
G01 X81.1734 Y170.5310 Z-0.4208 F600
G01 X81.1799 Y170.7721 Z-0.4215 F600
G01 X81.1979 Y171.0032 Z-0.4237 F600
G01 X81.2046 Y171.0690 Z-0.4229 F600
G01 X81.2127 Y171.1346 Z-0.4235 F600
G01 X81.2268 Y171.2352 Z-0.4252 F600
G01 X81.2544 Y171.4052 Z-0.4250 F600
G01 X81.2630 Y171.4470 Z-0.4256 F600
G01 X81.3087 Y171.6496 Z-0.4264 F600
G01 X81.3300 Y171.7295 Z-0.4258 F600
G01 X81.3636 Y171.8432 Z-0.4272 F600
G01 X81.3885 Y171.9207 Z-0.4263 F600
G01 X81.4256 Y172.0292 Z-0.4261 F600
G01 X81.4967 Y172.2072 Z-0.4252 F600
G01 X81.5287 Y172.2799 Z-0.4234 F600
G01 X81.5762 Y172.3782 Z-0.4237 F600
G01 X81.6124 Y172.4483 Z-0.4220 F600
G01 X81.6629 Y172.5438 Z-0.4198 F600
G01 X81.7600 Y172.7027 Z-0.4170 F600
G01 X81.8029 Y172.7686 Z-0.4138 F600
G01 X81.8653 Y172.8571 Z-0.4122 F600
G01 X81.9798 Y173.0075 Z-0.4058 F600
G01 X82.0314 Y173.0680 Z-0.4032 F600
G01 X82.1064 Y173.1531 Z-0.4004 F600
G01 X82.1602 Y173.2113 Z-0.3965 F600
G01 X82.2394 Y173.2925 Z-0.3929 F600
G01 X82.3760 Y173.4216 Z-0.3849 F600
G01 X82.4343 Y173.4717 Z-0.3812 F600
G01 X82.5170 Y173.5400 Z-0.3773 F600
G01 X82.5769 Y173.5870 Z-0.3726 F600
G01 X82.6615 Y173.6502 Z-0.3676 F600
G01 X82.8110 Y173.7512 Z-0.3576 F600
G01 X82.8753 Y173.7905 Z-0.3525 F600
G01 X82.9662 Y173.8427 Z-0.3476 F600
G01 X83.0325 Y173.8785 Z-0.3421 F600
G01 X83.1269 Y173.9267 Z-0.3358 F600
G01 X83.2946 Y174.0014 Z-0.3242 F600
G01 X83.3655 Y174.0291 Z-0.3188 F600
G01 X83.4371 Y174.0551 Z-0.3153 F600
G01 X83.4697 Y174.0663 Z-0.3132 F600
G01 X83.5429 Y174.0905 Z-0.3073 F600
G01 X83.6164 Y174.1132 Z-0.3029 F600
G01 X83.6523 Y174.1227 Z-0.3012 F600
G01 X83.8037 Y174.1606 Z-0.2919 F600
G01 X83.8430 Y174.1695 Z-0.2892 F600
G01 X83.9993 Y174.1971 Z-0.2821 F600
G01 X84.0424 Y174.2040 Z-0.2797 F600
G01 X84.1226 Y174.2149 Z-0.2749 F600
G01 X84.2031 Y174.2232 Z-0.2728 F600
G01 X84.2501 Y174.2273 Z-0.2710 F600
G01 X84.3326 Y174.2336 Z-0.2667 F600
G01 X84.4152 Y174.2379 Z-0.2645 F600
G01 X84.4639 Y174.2389 Z-0.2635 F600
G01 X84.6316 Y174.2398 Z-0.2579 F600
G01 X84.6783 Y174.2380 Z-0.2572 F600
G01 X84.8433 Y174.2278 Z-0.2537 F600
G01 X84.8881 Y174.2242 Z-0.2523 F600
G01 X85.0502 Y174.2032 Z-0.2506 F600
G01 X85.0933 Y174.1969 Z-0.2496 F600
G01 X85.1731 Y174.1826 Z-0.2479 F600
G01 X85.2525 Y174.1662 Z-0.2483 F600
G01 X85.2941 Y174.1570 Z-0.2479 F600
G01 X85.3726 Y174.1384 Z-0.2460 F600
G01 X85.4504 Y174.1170 Z-0.2469 F600
G01 X85.4909 Y174.1049 Z-0.2471 F600
G01 X85.5677 Y174.0806 Z-0.2464 F600
G01 X85.6443 Y174.0555 F600
G01 X85.6838 Y174.0404 Z-0.2472 F600
G01 X85.8338 Y173.9804 Z-0.2481 F600
G01 X85.8731 Y173.9633 Z-0.2484 F600
G01 X86.0191 Y173.8921 Z-0.2516 F600
G01 X86.0582 Y173.8723 Z-0.2518 F600
G01 X86.1297 Y173.8323 Z-0.2533 F600
G01 X86.2006 Y173.7911 Z-0.2561 F600
G01 X86.2394 Y173.7678 Z-0.2570 F600
G01 X86.3096 Y173.7237 Z-0.2580 F600
G01 X86.3784 Y173.6772 Z-0.2619 F600
G01 X86.4148 Y173.6517 Z-0.2634 F600
G01 X86.4823 Y173.6030 Z-0.2649 F600
G01 X86.5487 Y173.5527 Z-0.2683 F600
G01 X86.5812 Y173.5264 Z-0.2701 F600
G01 X86.7082 Y173.4200 Z-0.2749 F600
G01 X86.7384 Y173.3925 Z-0.2766 F600
G01 X86.8579 Y173.2778 Z-0.2822 F600
G01 X86.8867 Y173.2493 Z-0.2830 F600
G01 X86.9431 Y173.1884 Z-0.2856 F600
G01 X86.9989 Y173.1269 Z-0.2891 F600
G01 X87.0259 Y173.0961 Z-0.2902 F600
G01 X87.0799 Y173.0324 Z-0.2913 F600
G01 X87.1318 Y172.9668 Z-0.2954 F600
G01 X87.1571 Y172.9333 Z-0.2970 F600
G01 X87.2070 Y172.8653 Z-0.2991 F600
G01 X87.2565 Y172.7969 Z-0.3017 F600
G01 X87.2803 Y172.7604 Z-0.3038 F600
G01 X87.3714 Y172.6154 Z-0.3101 F600
G01 X87.3950 Y172.5764 Z-0.3113 F600
G01 X87.4947 Y172.3902 Z-0.3209 F600
G01 X87.5244 Y172.3306 Z-0.3225 F600
G01 X87.5523 Y172.2701 Z-0.3261 F600
G01 X87.5911 Y172.1831 Z-0.3316 F600
G01 X87.6435 Y172.0574 Z-0.3367 F600
G01 X87.6763 Y171.9695 Z-0.3430 F600
G01 X87.7223 Y171.8352 Z-0.3493 F600
G01 X87.7520 Y171.7418 Z-0.3549 F600
G01 X87.7913 Y171.5962 Z-0.3623 F600
G01 X87.8193 Y171.4882 Z-0.3679 F600
G01 X87.8746 Y171.2172 Z-0.3830 F600
G01 X87.9197 Y170.9129 Z-0.4017 F600
G01 X87.9513 Y170.5835 Z-0.4245 F600
G01 X87.9669 Y170.2787 Z-0.4484 F600
G01 X87.9678 Y170.2295 Z-0.4530 F600
G01 X87.9692 Y169.9876 Z-0.4746 F600
G01 X87.9663 Y169.8584 Z-0.4891 F600
G01 X87.9606 Y169.7166 Z-0.5039 F600
G01 X87.9572 Y169.6457 Z-0.5119 F600
G01 X87.9431 Y169.4570 Z-0.5375 F600
G01 X87.9365 Y169.3825 Z-0.5468 F600
G01 X87.9282 Y169.3079 Z-0.5578 F600
G01 X87.9098 Y169.1587 Z-0.5818 F600
G01 X87.8930 Y169.0329 Z-0.6025 F600
G01 X87.8657 Y168.8767 Z-0.6316 F600
G00 Z6.0000 F480
G00 X90.8884 Y164.7015 F1000
G00 Z0.9000 F480
G01 Z0.2279 F600
G01 X90.7314 Y164.8249 Z0.3653 F600
G01 X90.8903 Y164.7000 Z0.2263 F600
G01 X91.1280 Y164.5200 Z0.0251 F600
G01 X91.3647 Y164.3503 Z-0.1657 F600
G01 X91.4434 Y164.2964 Z-0.2266 F600
G01 X91.6005 Y164.1914 Z-0.3456 F600
G01 X91.6717 Y164.2172 Z-0.3265 F600
G01 X91.8013 Y164.4099 Z-0.1465 F600
G01 X91.8663 Y164.5039 Z-0.0589 F600
G01 X91.9966 Y164.6878 Z0.1122 F600
G01 X92.0620 Y164.7778 Z0.1958 F600
G01 X92.1938 Y164.9550 Z0.3602 F600
G01 X92.0660 Y164.7832 Z0.2008 F600
G01 X91.9938 Y164.6838 Z0.1084 F600
G01 X91.8726 Y164.5128 Z-0.0506 F600
G01 X91.7912 Y164.3949 Z-0.1606 F600
G01 X91.6763 Y164.2240 Z-0.3201 F600
G01 X91.6587 Y164.1078 Z-0.3737 F600
G01 X91.7027 Y163.9918 Z-0.3721 F600
G01 X91.7443 Y163.8929 Z-0.3702 F600
G01 X91.7684 Y163.8388 Z-0.3697 F600
G01 X91.7937 Y163.7853 Z-0.3679 F600
G01 X91.8425 Y163.6881 Z-0.3655 F600
G01 X91.8975 Y163.5890 Z-0.3621 F600
G01 X91.9551 Y163.4948 Z-0.3582 F600
G01 X91.9847 Y163.4492 Z-0.3567 F600
G01 X92.0154 Y163.4042 Z-0.3540 F600
G01 X92.0812 Y163.3135 Z-0.3495 F600
G01 X92.1461 Y163.2311 Z-0.3453 F600
G01 X92.2208 Y163.1454 Z-0.3398 F600
G01 X92.2555 Y163.1083 Z-0.3377 F600
G01 X92.2908 Y163.0717 Z-0.3348 F600
G01 X92.3734 Y162.9917 Z-0.3295 F600
G01 X92.4473 Y162.9257 Z-0.3253 F600
G01 X92.5330 Y162.8561 Z-0.3201 F600
G01 X92.5720 Y162.8267 Z-0.3181 F600
G01 X92.6114 Y162.7979 Z-0.3155 F600
G01 X92.6979 Y162.7384 Z-0.3108 F600
G01 X92.7798 Y162.6865 Z-0.3066 F600
G01 X92.8706 Y162.6347 Z-0.3014 F600
G01 X92.9133 Y162.6117 Z-0.2998 F600
G01 X92.9565 Y162.5898 Z-0.2969 F600
G01 X93.0500 Y162.5451 Z-0.2926 F600
G01 X93.1397 Y162.5070 Z-0.2880 F600
G01 X93.2353 Y162.4702 Z-0.2836 F600
G01 X93.3285 Y162.4378 Z-0.2801 F600
G01 X93.4251 Y162.4088 Z-0.2759 F600
G01 X93.4735 Y162.3953 Z-0.2747 F600
G01 X93.5222 Y162.3829 Z-0.2724 F600
G01 X93.6189 Y162.3603 Z-0.2694 F600
G01 X93.6693 Y162.3503 Z-0.2680 F600
G01 X93.7199 Y162.3407 Z-0.2662 F600
G01 X93.8163 Y162.3244 Z-0.2640 F600
G01 X93.9211 Y162.3107 Z-0.2615 F600
G01 X94.0170 Y162.3007 Z-0.2598 F600
G01 X94.1256 Y162.2924 Z-0.2583 F600
G01 X94.2209 Y162.2880 Z-0.2571 F600
G01 X94.3335 Y162.2852 Z-0.2566 F600
G01 X94.4201 Y162.2860 Z-0.2554 F600
G01 X94.5170 Y162.2885 Z-0.2552 F600
G01 X94.5963 Y162.2915 Z-0.2559 F600
G01 X94.6908 Y162.2988 Z-0.2553 F600
G01 X94.7702 Y162.3060 Z-0.2558 F600
G01 X94.8163 Y162.3107 Z-0.2567 F600
G01 X94.8624 Y162.3164 F600
G01 X94.9418 Y162.3280 Z-0.2569 F600
G01 X95.0317 Y162.3423 Z-0.2583 F600
G01 X95.1110 Y162.3577 Z-0.2590 F600
G01 X95.1985 Y162.3768 Z-0.2601 F600
G01 X95.2777 Y162.3954 Z-0.2622 F600
G01 X95.3627 Y162.4192 Z-0.2631 F600
G01 X95.4412 Y162.4426 Z-0.2649 F600
G01 X95.4829 Y162.4557 Z-0.2666 F600
G01 X95.5243 Y162.4698 Z-0.2671 F600
G01 X95.6017 Y162.4980 Z-0.2687 F600
G01 X95.6828 Y162.5290 Z-0.2717 F600
G01 X95.7589 Y162.5618 Z-0.2735 F600
G01 X95.8376 Y162.5976 Z-0.2761 F600
G01 X95.9125 Y162.6339 Z-0.2792 F600
G01 X95.9888 Y162.6745 Z-0.2815 F600
G01 X96.0581 Y162.7126 Z-0.2847 F600
G01 X96.0953 Y162.7343 Z-0.2865 F600
G01 X96.1321 Y162.7568 Z-0.2873 F600
G01 X96.1955 Y162.7966 Z-0.2898 F600
G01 X96.2675 Y162.8431 Z-0.2934 F600
G01 X96.3290 Y162.8866 Z-0.2951 F600
G01 X96.3980 Y162.9368 Z-0.2980 F600
G01 X96.4582 Y162.9825 Z-0.3008 F600
G01 X96.5242 Y163.0364 Z-0.3029 F600
G01 X96.5825 Y163.0850 Z-0.3058 F600
G01 X96.6146 Y163.1130 Z-0.3075 F600
G01 X96.6461 Y163.1417 Z-0.3082 F600
G01 X96.7015 Y163.1937 Z-0.3103 F600
G01 X96.7632 Y163.2529 Z-0.3137 F600
G01 X96.8159 Y163.3080 Z-0.3151 F600
G01 X96.8744 Y163.3708 Z-0.3177 F600
G01 X96.9254 Y163.4276 Z-0.3203 F600
G01 X96.9807 Y163.4940 Z-0.3221 F600
G01 X97.0288 Y163.5532 Z-0.3245 F600
G01 X97.0560 Y163.5874 Z-0.3264 F600
G01 X97.0821 Y163.6223 Z-0.3270 F600
G01 X97.1270 Y163.6840 Z-0.3287 F600
G01 X97.1781 Y163.7559 Z-0.3317 F600
G01 X97.2208 Y163.8204 Z-0.3336 F600
G01 X97.2694 Y163.8969 Z-0.3359 F600
G01 X97.3103 Y163.9629 Z-0.3388 F600
G01 X97.3339 Y164.0038 Z-0.3400 F600
G01 X97.3571 Y164.0449 Z-0.3408 F600
G01 X97.3945 Y164.1126 Z-0.3430 F600
G01 X97.4179 Y164.1559 Z-0.3449 F600
G01 X97.4409 Y164.1994 Z-0.3463 F600
G01 X97.4751 Y164.2686 Z-0.3478 F600
G01 X97.5196 Y164.3609 Z-0.3507 F600
G01 X97.5522 Y164.4311 Z-0.3530 F600
G01 X97.5944 Y164.5291 Z-0.3550 F600
G01 X97.6246 Y164.6007 Z-0.3570 F600
G01 X97.6458 Y164.6521 Z-0.3589 F600
G01 X97.6657 Y164.7039 Z-0.3594 F600
G01 X97.6932 Y164.7771 Z-0.3607 F600
G01 X97.7330 Y164.8855 Z-0.3633 F600
G01 X97.7585 Y164.9603 Z-0.3643 F600
G01 X97.8196 Y165.1505 Z-0.3670 F600
G01 X97.8374 Y165.2102 Z-0.3677 F600
G01 X97.8544 Y165.2701 Z-0.3676 F600
G01 X97.9099 Y165.4728 Z-0.3692 F600
G01 X97.9294 Y165.5533 Z-0.3686 F600
G01 X97.9784 Y165.7636 Z-0.3688 F600
G01 X97.9919 Y165.8278 Z-0.3687 F600
G01 X98.0048 Y165.8922 Z-0.3681 F600
G01 X98.0453 Y166.1038 Z-0.3682 F600
G01 X98.0593 Y166.1871 Z-0.3677 F600
G01 X98.0796 Y166.3165 Z-0.3673 F600
G01 X98.1016 Y166.4648 Z-0.3682 F600
G01 X98.1102 Y166.5298 Z-0.3680 F600
G01 X98.1203 Y166.6136 Z-0.3678 F600
G01 X98.1444 Y166.8278 Z-0.3694 F600
G01 X98.1507 Y166.8931 Z-0.3700 F600
G01 X98.1632 Y167.0428 Z-0.3708 F600
G01 X98.1788 Y167.2584 Z-0.3743 F600
G01 X98.1853 Y167.3900 Z-0.3760 F600
G01 X98.1937 Y167.6070 Z-0.3808 F600
G01 X98.1962 Y167.7111 Z-0.3842 F600
G01 X98.1971 Y168.0094 Z-0.3936 F600
G01 X98.1959 Y168.0580 Z-0.3964 F600
G01 X98.1933 Y168.1069 Z-0.4008 F600
G01 X98.1890 Y168.1562 Z-0.4066 F600
G01 X98.1827 Y168.2057 Z-0.4134 F600
G01 X98.1747 Y168.2557 Z-0.4219 F600
G01 X98.1635 Y168.3136 Z-0.4337 F600
G01 X98.1501 Y168.3725 Z-0.4479 F600
G01 X98.1341 Y168.4324 Z-0.4645 F600
G01 X98.1155 Y168.4936 Z-0.4838 F600
G01 X98.0911 Y168.5643 Z-0.5089 F600
G01 X98.0625 Y168.6369 Z-0.5378 F600
G01 X98.0291 Y168.7114 Z-0.5704 F600
G01 X97.9861 Y168.7974 Z-0.6124 F600
G01 X97.9381 Y168.8373 Z-0.6194 F600
G01 X97.8994 Y168.8238 Z-0.5880 F600
G01 X97.8627 Y168.8105 Z-0.5584 F600
G01 X97.8281 Y168.7978 Z-0.5311 F600
G01 X97.7954 Y168.7859 Z-0.5059 F600
G01 X97.7643 Y168.7745 Z-0.4825 F600
G01 X97.7346 Y168.7633 Z-0.4605 F600
G01 X97.7062 Y168.7521 Z-0.4395 F600
G01 X97.6789 Y168.7409 Z-0.4196 F600
G01 X97.6527 Y168.7298 Z-0.4006 F600
G01 X97.6276 Y168.7188 Z-0.3825 F600
G01 X97.6034 Y168.7078 Z-0.3654 F600
G01 X97.5801 Y168.6968 Z-0.3490 F600
G01 X97.5505 Y168.6823 Z-0.3284 F600
G01 X97.5223 Y168.6678 Z-0.3090 F600
G01 X97.4954 Y168.6536 Z-0.2909 F600
G01 X97.4699 Y168.6401 Z-0.2746 F600
G01 X97.4455 Y168.6271 Z-0.2597 F600
G01 X97.4221 Y168.6143 Z-0.2459 F600
G01 X97.3996 Y168.6015 Z-0.2329 F600
G01 X97.3728 Y168.5855 Z-0.2177 F600
G01 X97.3473 Y168.5695 Z-0.2036 F600
G01 X97.3229 Y168.5535 Z-0.1905 F600
G01 X97.2997 Y168.5375 Z-0.1784 F600
G01 X97.2775 Y168.5215 Z-0.1672 F600
G01 X97.2563 Y168.5054 Z-0.1568 F600
G01 X97.2359 Y168.4895 Z-0.1474 F600
G01 X97.2162 Y168.4740 Z-0.1393 F600
G01 X97.1933 Y168.4558 Z-0.1310 F600
G01 X97.1714 Y168.4375 Z-0.1236 F600
G01 X97.1504 Y168.4189 Z-0.1170 F600
G01 X97.1302 Y168.4002 Z-0.1113 F600
G01 X97.1109 Y168.3812 Z-0.1063 F600
G01 X97.0923 Y168.3620 Z-0.1021 F600
G01 X97.0745 Y168.3425 Z-0.0987 F600
G01 X97.0573 Y168.3228 Z-0.0959 F600
G01 X97.0405 Y168.3029 Z-0.0941 F600
G01 X97.0239 Y168.2831 Z-0.0937 F600
G01 X97.0076 Y168.2630 Z-0.0941 F600
G01 X96.9918 Y168.2425 Z-0.0953 F600
G01 X96.9020 Y168.1225 Z-0.1038 F600
G01 X96.8807 Y168.0956 Z-0.1057 F600
G01 X96.8029 Y168.0048 Z-0.1144 F600
G01 X96.7807 Y167.9797 Z-0.1165 F600
G01 X96.7408 Y167.9355 Z-0.1193 F600
G01 X96.6999 Y167.8920 Z-0.1234 F600
G01 X96.6764 Y167.8687 Z-0.1259 F600
G01 X96.5906 Y167.7856 Z-0.1335 F600
G01 X96.5668 Y167.7631 Z-0.1351 F600
G01 X96.5220 Y167.7233 Z-0.1386 F600
G01 X96.4761 Y167.6845 Z-0.1434 F600
G01 X96.4508 Y167.6636 Z-0.1456 F600
G01 X96.3567 Y167.5882 Z-0.1525 F600
G01 X96.3298 Y167.5685 Z-0.1549 F600
G01 X96.2299 Y167.4988 Z-0.1640 F600
G01 X96.2019 Y167.4798 Z-0.1661 F600
G01 X96.1505 Y167.4460 Z-0.1694 F600
G01 X96.0979 Y167.4139 Z-0.1748 F600
G01 X96.0679 Y167.3964 Z-0.1777 F600
G01 X95.9594 Y167.3347 Z-0.1865 F600
G01 X95.9279 Y167.3177 Z-0.1890 F600
G01 X95.8138 Y167.2623 Z-0.2004 F600
G01 X95.7824 Y167.2476 Z-0.2032 F600
G01 X95.7247 Y167.2213 Z-0.2075 F600
G01 X95.6366 Y167.1852 Z-0.2166 F600
G01 X95.4908 Y167.1310 Z-0.2295 F600
G01 X95.4312 Y167.1120 Z-0.2346 F600
G01 X95.3441 Y167.0864 Z-0.2434 F600
G01 X95.2841 Y167.0702 Z-0.2480 F600
G01 X95.1974 Y167.0480 Z-0.2550 F600
G01 X95.0495 Y167.0187 Z-0.2678 F600
G01 X94.9883 Y167.0081 Z-0.2716 F600
G01 X94.9007 Y166.9955 Z-0.2787 F600
G01 X94.7503 Y166.9797 Z-0.2892 F600
G01 X94.6878 Y166.9749 Z-0.2923 F600
G01 X94.5980 Y166.9710 Z-0.2991 F600
G01 X94.4433 Y166.9683 Z-0.3073 F600
G01 X94.3792 Y166.9703 Z-0.3109 F600
G01 X94.3151 Y166.9730 Z-0.3152 F600
G00 Z6.0000 F480
G00 X94.2816 Y166.9750 F1000
G00 Z0.9000 F480
G01 Z-0.3170 F600
G01 X94.2057 Y166.9802 Z-0.3202 F600
G01 X94.0939 Y166.9908 Z-0.3270 F600
G01 X93.9135 Y167.0158 Z-0.3365 F600
G01 X93.8415 Y167.0298 Z-0.3406 F600
G01 X93.7405 Y167.0511 Z-0.3472 F600
G01 X93.6701 Y167.0678 Z-0.3500 F600
G01 X93.5739 Y167.0937 Z-0.3561 F600
G01 X93.4132 Y167.1446 Z-0.3643 F600
G01 X93.3466 Y167.1694 Z-0.3674 F600
G01 X93.2584 Y167.2047 Z-0.3731 F600
G01 X93.1934 Y167.2327 Z-0.3754 F600
G01 X93.1078 Y167.2715 Z-0.3795 F600
G01 X92.9617 Y167.3479 Z-0.3865 F600
G01 X92.8999 Y167.3830 Z-0.3878 F600
G01 X92.8191 Y167.4327 Z-0.3924 F600
G01 X92.6789 Y167.5257 Z-0.3966 F600
G01 X92.6211 Y167.5693 Z-0.3988 F600
G01 X92.5425 Y167.6298 Z-0.4020 F600
G01 X92.4854 Y167.6761 Z-0.4026 F600
G01 X92.4077 Y167.7431 Z-0.4057 F600
G01 X92.2749 Y167.8668 Z-0.4086 F600
G01 X92.2219 Y167.9215 Z-0.4101 F600
G01 X92.1481 Y168.0001 Z-0.4129 F600
G01 X92.0970 Y168.0572 Z-0.4131 F600
G01 X92.0294 Y168.1372 Z-0.4156 F600
G01 X91.9199 Y168.2792 Z-0.4177 F600
G01 X91.8766 Y168.3415 Z-0.4182 F600
G01 X91.8201 Y168.4270 Z-0.4204 F600
G01 X91.7799 Y168.4915 Z-0.4201 F600
G01 X91.7274 Y168.5798 Z-0.4210 F600
G01 X91.6435 Y168.7394 Z-0.4219 F600
G01 X91.6105 Y168.8088 Z-0.4211 F600
G01 X91.5680 Y168.9060 Z-0.4226 F600
G01 X91.5388 Y168.9780 Z-0.4218 F600
G01 X91.4993 Y169.0797 Z-0.4216 F600
G01 X91.4400 Y169.2619 Z-0.4214 F600
G01 X91.4179 Y169.3388 Z-0.4203 F600
G01 X91.3892 Y169.4525 Z-0.4212 F600
G01 X91.3710 Y169.5321 Z-0.4201 F600
G01 X91.3464 Y169.6519 F600
G01 X91.3194 Y169.8166 Z-0.4197 F600
G01 X91.3128 Y169.8606 Z-0.4191 F600
G01 X91.3034 Y169.9455 Z-0.4192 F600
G01 X91.2910 Y170.0678 Z-0.4198 F600
G01 X91.2857 Y170.1333 Z-0.4188 F600
G01 X91.2815 Y170.1988 Z-0.4189 F600
G01 X91.2773 Y170.2949 Z-0.4202 F600
G01 X91.2738 Y170.4298 Z-0.4196 F600
G01 X91.2736 Y170.5310 Z-0.4208 F600
G01 X91.2802 Y170.7721 Z-0.4215 F600
G01 X91.2982 Y171.0032 Z-0.4237 F600
G01 X91.3049 Y171.0690 Z-0.4229 F600
G01 X91.3129 Y171.1346 Z-0.4235 F600
G01 X91.3271 Y171.2352 Z-0.4252 F600
G01 X91.3547 Y171.4052 Z-0.4250 F600
G01 X91.3633 Y171.4470 Z-0.4256 F600
G01 X91.4090 Y171.6496 Z-0.4264 F600
G01 X91.4303 Y171.7295 Z-0.4258 F600
G01 X91.4639 Y171.8432 Z-0.4272 F600
G01 X91.4887 Y171.9207 Z-0.4263 F600
G01 X91.5258 Y172.0292 Z-0.4261 F600
G01 X91.5970 Y172.2072 Z-0.4252 F600
G01 X91.6290 Y172.2799 Z-0.4234 F600
G01 X91.6765 Y172.3782 Z-0.4237 F600
G01 X91.7127 Y172.4483 Z-0.4220 F600
G01 X91.7631 Y172.5438 Z-0.4198 F600
G01 X91.8603 Y172.7027 Z-0.4170 F600
G01 X91.9032 Y172.7686 Z-0.4138 F600
G01 X91.9655 Y172.8571 Z-0.4122 F600
G01 X92.0800 Y173.0075 Z-0.4058 F600
G01 X92.1316 Y173.0680 Z-0.4032 F600
G01 X92.2067 Y173.1531 Z-0.4004 F600
G01 X92.2605 Y173.2113 Z-0.3965 F600
G01 X92.3397 Y173.2925 Z-0.3929 F600
G01 X92.4763 Y173.4216 Z-0.3849 F600
G01 X92.5345 Y173.4717 Z-0.3812 F600
G01 X92.6173 Y173.5400 Z-0.3773 F600
G01 X92.6772 Y173.5870 Z-0.3726 F600
G01 X92.7618 Y173.6502 Z-0.3676 F600
G01 X92.9113 Y173.7512 Z-0.3575 F600
G01 X92.9755 Y173.7905 Z-0.3525 F600
G01 X93.0665 Y173.8427 Z-0.3476 F600
G01 X93.1328 Y173.8785 Z-0.3421 F600
G01 X93.2272 Y173.9267 Z-0.3358 F600
G01 X93.3949 Y174.0014 Z-0.3242 F600
G01 X93.4658 Y174.0291 Z-0.3188 F600
G01 X93.5374 Y174.0551 Z-0.3153 F600
G01 X93.5700 Y174.0663 Z-0.3132 F600
G01 X93.6431 Y174.0905 Z-0.3073 F600
G01 X93.7167 Y174.1132 Z-0.3029 F600
G01 X93.7526 Y174.1227 Z-0.3012 F600
G01 X93.9040 Y174.1606 Z-0.2919 F600
G01 X93.9433 Y174.1695 Z-0.2892 F600
G01 X94.0996 Y174.1971 Z-0.2821 F600
G01 X94.1427 Y174.2040 Z-0.2797 F600
G01 X94.2229 Y174.2149 Z-0.2749 F600
G01 X94.3033 Y174.2232 Z-0.2728 F600
G01 X94.3504 Y174.2273 Z-0.2710 F600
G01 X94.4329 Y174.2336 Z-0.2667 F600
G01 X94.5154 Y174.2379 Z-0.2645 F600
G01 X94.5641 Y174.2389 Z-0.2635 F600
G01 X94.7319 Y174.2398 Z-0.2579 F600
G01 X94.7786 Y174.2380 Z-0.2572 F600
G01 X94.9436 Y174.2278 Z-0.2537 F600
G01 X94.9884 Y174.2242 Z-0.2523 F600
G01 X95.1505 Y174.2032 Z-0.2506 F600
G01 X95.1936 Y174.1969 Z-0.2496 F600
G01 X95.2734 Y174.1826 Z-0.2479 F600
G01 X95.3528 Y174.1662 Z-0.2483 F600
G01 X95.3944 Y174.1570 Z-0.2479 F600
G01 X95.4729 Y174.1384 Z-0.2460 F600
G01 X95.5507 Y174.1170 Z-0.2469 F600
G01 X95.5912 Y174.1049 Z-0.2471 F600
G01 X95.6680 Y174.0806 Z-0.2464 F600
G01 X95.7445 Y174.0555 F600
G01 X95.7841 Y174.0404 Z-0.2472 F600
G01 X95.9340 Y173.9804 Z-0.2481 F600
G01 X95.9733 Y173.9633 Z-0.2484 F600
G01 X96.1193 Y173.8921 Z-0.2516 F600
G01 X96.1584 Y173.8723 Z-0.2518 F600
G01 X96.2300 Y173.8323 Z-0.2533 F600
G01 X96.3009 Y173.7911 Z-0.2561 F600
G01 X96.3396 Y173.7678 Z-0.2570 F600
G01 X96.4099 Y173.7237 Z-0.2580 F600
G01 X96.4787 Y173.6772 Z-0.2619 F600
G01 X96.5151 Y173.6517 Z-0.2634 F600
G01 X96.5826 Y173.6030 Z-0.2649 F600
G01 X96.6490 Y173.5527 Z-0.2683 F600
G01 X96.6814 Y173.5264 Z-0.2701 F600
G01 X96.8085 Y173.4200 Z-0.2749 F600
G01 X96.8387 Y173.3925 Z-0.2766 F600
G01 X96.9581 Y173.2778 Z-0.2822 F600
G01 X96.9870 Y173.2493 Z-0.2830 F600
G01 X97.0434 Y173.1884 Z-0.2856 F600
G01 X97.0992 Y173.1269 Z-0.2891 F600
G01 X97.1262 Y173.0961 Z-0.2902 F600
G01 X97.1802 Y173.0324 Z-0.2913 F600
G01 X97.2320 Y172.9668 Z-0.2954 F600
G01 X97.2574 Y172.9333 Z-0.2970 F600
G01 X97.3073 Y172.8653 Z-0.2991 F600
G01 X97.3567 Y172.7969 Z-0.3017 F600
G01 X97.3806 Y172.7604 Z-0.3038 F600
G01 X97.4717 Y172.6154 Z-0.3101 F600
G01 X97.4953 Y172.5764 Z-0.3113 F600
G01 X97.5950 Y172.3902 Z-0.3209 F600
G01 X97.6246 Y172.3306 Z-0.3225 F600
G01 X97.6525 Y172.2701 Z-0.3261 F600
G01 X97.6914 Y172.1831 Z-0.3316 F600
G01 X97.7438 Y172.0574 Z-0.3368 F600
G01 X97.7766 Y171.9695 Z-0.3430 F600
G01 X97.8226 Y171.8352 Z-0.3493 F600
G01 X97.8523 Y171.7418 Z-0.3549 F600
G01 X97.8916 Y171.5962 Z-0.3623 F600
G01 X97.9196 Y171.4882 Z-0.3679 F600
G01 X97.9749 Y171.2172 Z-0.3830 F600
G01 X98.0199 Y170.9129 Z-0.4017 F600
G01 X98.0516 Y170.5835 Z-0.4245 F600
G01 X98.0672 Y170.2787 Z-0.4484 F600
G01 X98.0681 Y170.2295 Z-0.4530 F600
G01 X98.0695 Y169.9876 Z-0.4746 F600
G01 X98.0666 Y169.8584 Z-0.4891 F600
G01 X98.0609 Y169.7166 Z-0.5039 F600
G01 X98.0575 Y169.6457 Z-0.5119 F600
G01 X98.0433 Y169.4570 Z-0.5375 F600
G01 X98.0368 Y169.3825 Z-0.5468 F600
G01 X98.0285 Y169.3079 Z-0.5578 F600
G01 X98.0101 Y169.1587 Z-0.5818 F600
G01 X97.9933 Y169.0329 Z-0.6025 F600
G01 X97.9659 Y168.8767 Z-0.6316 F600
G00 Z6.0000 F480
G00 X102.3223 Y163.5780 F1000
G00 Z0.9000 F480
G01 Z-0.3546 F600
G01 X102.3653 Y163.5248 Z-0.3506 F600
G01 X102.4086 Y163.4719 Z-0.3471 F600
G01 X102.4530 Y163.4200 Z-0.3451 F600
G01 X102.5139 Y163.3523 Z-0.3400 F600
G01 X102.5599 Y163.3037 Z-0.3375 F600
G01 X102.6063 Y163.2554 Z-0.3355 F600
G01 X102.6689 Y163.1943 Z-0.3309 F600
G01 X102.7656 Y163.1051 Z-0.3269 F600
G01 X102.8552 Y163.0298 Z-0.3221 F600
G01 X102.9223 Y162.9753 Z-0.3194 F600
G01 X102.9538 Y162.9508 Z-0.3177 F600
G01 X103.0931 Y162.8512 Z-0.3120 F600
G01 X103.1255 Y162.8296 Z-0.3107 F600
G01 X103.2701 Y162.7398 Z-0.3050 F600
G01 X103.3037 Y162.7207 Z-0.3040 F600
G01 X103.3785 Y162.6802 Z-0.3006 F600
G01 X103.4535 Y162.6403 Z-0.2979 F600
G01 X103.4888 Y162.6231 Z-0.2967 F600
G01 X103.5661 Y162.5870 Z-0.2928 F600
G01 X103.6438 Y162.5522 Z-0.2902 F600
G01 X103.6813 Y162.5366 Z-0.2887 F600
G01 X103.7612 Y162.5050 Z-0.2844 F600
G01 X103.8417 Y162.4754 Z-0.2821 F600
G01 X103.8821 Y162.4614 Z-0.2804 F600
G01 X103.9648 Y162.4352 Z-0.2765 F600
G01 X104.0479 Y162.4103 Z-0.2740 F600
G01 X104.1452 Y162.3852 Z-0.2700 F600
G01 X104.2738 Y162.3551 Z-0.2661 F600
G01 X104.4324 Y162.3272 Z-0.2613 F600
G01 X104.4989 Y162.3173 Z-0.2608 F600
G01 X104.5967 Y162.3057 Z-0.2581 F600
G01 X104.6650 Y162.2993 Z-0.2573 F600
G01 X104.7335 Y162.2935 Z-0.2571 F600
G01 X104.8369 Y162.2885 Z-0.2557 F600
G01 X104.9775 Y162.2849 Z-0.2559 F600
G01 X105.0180 Y162.2856 Z-0.2566 F600
G01 X105.1724 Y162.2906 Z-0.2579 F600
G01 X105.2161 Y162.2928 F600
G01 X105.3670 Y162.3074 Z-0.2614 F600
G01 X105.4077 Y162.3120 Z-0.2619 F600
G01 X105.4815 Y162.3219 Z-0.2624 F600
G01 X105.5550 Y162.3343 Z-0.2656 F600
G01 X105.5929 Y162.3413 Z-0.2668 F600
G01 X105.6649 Y162.3556 Z-0.2680 F600
G01 X105.7368 Y162.3707 Z-0.2701 F600
G01 X105.7720 Y162.3798 Z-0.2719 F600
G01 X105.9120 Y162.4182 Z-0.2770 F600
G01 X105.9451 Y162.4279 Z-0.2778 F600
G01 X106.0132 Y162.4511 Z-0.2806 F600
G01 X106.0811 Y162.4752 Z-0.2844 F600
G01 X106.1786 Y162.5125 Z-0.2874 F600
G01 X106.2446 Y162.5404 Z-0.2912 F600
G01 X106.4027 Y162.6148 Z-0.2988 F600
G01 X106.4931 Y162.6639 Z-0.3035 F600
G01 X106.5553 Y162.6991 Z-0.3075 F600
G01 X106.6435 Y162.7520 Z-0.3108 F600
G01 X106.7037 Y162.7911 Z-0.3151 F600
G01 X106.8462 Y162.8910 Z-0.3226 F600
G01 X106.9250 Y162.9533 Z-0.3270 F600
G01 X106.9805 Y162.9984 Z-0.3306 F600
G01 X107.0560 Y163.0631 Z-0.3332 F600
G01 X107.1087 Y163.1112 Z-0.3366 F600
G01 X107.2306 Y163.2310 Z-0.3419 F600
G01 X107.2987 Y163.3046 Z-0.3444 F600
G01 X107.3463 Y163.3585 Z-0.3471 F600
G01 X107.4119 Y163.4365 Z-0.3485 F600
G01 X107.4576 Y163.4928 Z-0.3502 F600
G01 X107.5619 Y163.6369 Z-0.3549 F600
G01 X107.6218 Y163.7260 Z-0.3560 F600
G01 X107.6612 Y163.7895 Z-0.3589 F600
G01 X107.7556 Y163.9510 Z-0.3620 F600
G01 X107.7732 Y163.9846 Z-0.3633 F600
G01 X107.8423 Y164.1235 Z-0.3676 F600
G01 X107.8601 Y164.1603 Z-0.3683 F600
G01 X107.8923 Y164.2315 Z-0.3696 F600
G01 X107.9226 Y164.3036 Z-0.3730 F600
G01 X107.9382 Y164.3420 Z-0.3743 F600
G01 X107.9667 Y164.4143 Z-0.3759 F600
G01 X107.9947 Y164.4869 Z-0.3780 F600
G01 X108.0078 Y164.5254 Z-0.3797 F600
G01 X108.0556 Y164.6730 Z-0.3849 F600
G01 X108.0675 Y164.7113 Z-0.3858 F600
G01 X108.0886 Y164.7859 Z-0.3876 F600
G01 X108.1082 Y164.8610 Z-0.3911 F600
G01 X108.1178 Y164.8997 Z-0.3924 F600
G01 X108.1530 Y165.0511 Z-0.3960 F600
G01 X108.1605 Y165.0905 Z-0.3976 F600
G01 X108.1876 Y165.2443 Z-0.4023 F600
G01 X108.1941 Y165.2844 Z-0.4030 F600
G01 X108.2054 Y165.3621 Z-0.4041 F600
G01 X108.2148 Y165.4401 Z-0.4070 F600
G01 X108.2193 Y165.4814 Z-0.4081 F600
G01 X108.2347 Y165.6391 Z-0.4103 F600
G01 X108.2376 Y165.6818 Z-0.4112 F600
G01 X108.2450 Y165.8418 Z-0.4144 F600
G01 X108.2465 Y165.8862 Z-0.4147 F600
G01 X108.2484 Y165.9672 Z-0.4146 F600
G01 Y166.0482 Z-0.4163 F600
G01 X108.2430 Y166.2829 Z-0.4176 F600
G01 X108.2276 Y166.4915 Z-0.4197 F600
G01 X108.2236 Y166.5367 Z-0.4196 F600
G01 X108.2142 Y166.6195 Z-0.4194 F600
G01 X108.2033 Y166.7022 Z-0.4208 F600
G01 X108.1974 Y166.7434 Z-0.4210 F600
G01 X108.1847 Y166.8240 Z-0.4203 F600
G01 X108.1711 Y166.9045 Z-0.4205 F600
G01 X108.1291 Y167.0983 Z-0.4210 F600
G01 X108.1006 Y167.2085 Z-0.4200 F600
G01 X108.0789 Y167.2841 Z-0.4207 F600
G01 X108.0461 Y167.3892 Z-0.4191 F600
G01 X108.0218 Y167.4629 Z-0.4186 F600
G01 X107.9551 Y167.6342 Z-0.4174 F600
G01 X107.9133 Y167.7306 Z-0.4150 F600
G01 X107.8807 Y167.7993 Z-0.4152 F600
G01 X107.7991 Y167.9591 Z-0.4112 F600
G01 X107.7072 Y168.1126 Z-0.4087 F600
G01 X107.6509 Y168.1998 Z-0.4049 F600
G01 X107.6074 Y168.2618 Z-0.4045 F600
G01 X107.4984 Y168.4068 Z-0.3995 F600
G01 X107.4290 Y168.4886 Z-0.3972 F600
G01 X107.3783 Y168.5465 Z-0.3960 F600
G01 X107.3038 Y168.6277 Z-0.3920 F600
G01 X107.2500 Y168.6821 Z-0.3914 F600
G01 X107.1169 Y168.8086 Z-0.3868 F600
G01 X107.0371 Y168.8761 Z-0.3847 F600
G01 X106.9804 Y168.9229 Z-0.3836 F600
G01 X106.9010 Y168.9851 Z-0.3798 F600
G01 X106.8423 Y169.0276 Z-0.3790 F600
G01 X106.7017 Y169.1224 Z-0.3741 F600
G01 X106.6192 Y169.1714 Z-0.3713 F600
G01 X106.5576 Y169.2065 Z-0.3700 F600
G01 X106.4741 Y169.2512 Z-0.3657 F600
G01 X106.4110 Y169.2829 Z-0.3638 F600
G01 X106.2601 Y169.3494 Z-0.3583 F600
G01 X106.1716 Y169.3840 Z-0.3538 F600
G01 X106.1049 Y169.4075 Z-0.3522 F600
G01 X106.0131 Y169.4371 Z-0.3475 F600
G01 X105.9452 Y169.4582 Z-0.3442 F600
G01 X105.7794 Y169.4987 Z-0.3377 F600
G01 X105.6795 Y169.5193 Z-0.3319 F600
G01 X105.6078 Y169.5313 Z-0.3299 F600
G01 X105.5030 Y169.5461 Z-0.3244 F600
G01 X105.4297 Y169.5557 Z-0.3208 F600
G01 X105.2444 Y169.5692 Z-0.3132 F600
G01 X105.1514 Y169.5730 Z-0.3082 F600
G01 X105.0908 Y169.5734 Z-0.3064 F600
G01 X104.9431 Y169.5712 Z-0.2988 F600
G01 X104.8564 Y169.5661 Z-0.2943 F600
G01 X104.7965 Y169.5614 Z-0.2918 F600
G01 X104.6506 Y169.5468 Z-0.2827 F600
G01 X104.5056 Y169.5236 Z-0.2751 F600
G01 X104.4193 Y169.5075 Z-0.2688 F600
G01 X104.3604 Y169.4953 Z-0.2653 F600
G01 X104.2157 Y169.4585 Z-0.2567 F600
G01 X104.1286 Y169.4338 Z-0.2500 F600
G01 X104.0707 Y169.4150 Z-0.2474 F600
G01 X103.9254 Y169.3642 Z-0.2377 F600
G01 X103.8376 Y169.3285 Z-0.2324 F600
G01 X103.7805 Y169.3041 Z-0.2295 F600
G01 X103.6956 Y169.2657 Z-0.2233 F600
G01 X103.6393 Y169.2386 Z-0.2200 F600
G01 X103.5049 Y169.1658 Z-0.2118 F600
G01 X103.4260 Y169.1194 Z-0.2054 F600
G01 X103.3732 Y169.0857 Z-0.2027 F600
G01 X103.2437 Y168.9983 Z-0.1923 F600
G01 X103.2184 Y168.9796 Z-0.1904 F600
G01 X103.1180 Y168.9011 Z-0.1833 F600
G01 X103.0920 Y168.8802 Z-0.1810 F600
G01 X103.0422 Y168.8389 Z-0.1759 F600
G01 X102.9940 Y168.7962 Z-0.1728 F600
G01 X102.9678 Y168.7721 Z-0.1708 F600
G01 X102.8724 Y168.6822 Z-0.1619 F600
G01 X102.8453 Y168.6553 Z-0.1593 F600
G01 X102.7542 Y168.5581 Z-0.1519 F600
G01 X102.7267 Y168.5279 Z-0.1492 F600
G01 X102.6815 Y168.4771 Z-0.1440 F600
G01 X102.6381 Y168.4249 Z-0.1410 F600
G01 X102.6107 Y168.3909 Z-0.1387 F600
G01 X102.5250 Y168.2818 Z-0.1300 F600
G01 X102.5043 Y168.2540 Z-0.1288 F600
G01 X102.4878 Y168.2317 Z-0.1285 F600
G01 X102.4708 Y168.2099 Z-0.1290 F600
G01 X102.4531 Y168.1885 Z-0.1302 F600
G01 X102.4348 Y168.1675 Z-0.1322 F600
G01 X102.4158 Y168.1469 Z-0.1348 F600
G01 X102.3961 Y168.1265 Z-0.1383 F600
G01 X102.3757 Y168.1065 Z-0.1425 F600
G01 X102.3545 Y168.0867 Z-0.1477 F600
G01 X102.3328 Y168.0665 Z-0.1543 F600
G01 X102.3142 Y168.0495 Z-0.1609 F600
G01 X102.2949 Y168.0326 Z-0.1683 F600
G01 X102.2748 Y168.0157 Z-0.1763 F600
G01 X102.2539 Y167.9990 Z-0.1850 F600
G01 X102.2321 Y167.9823 Z-0.1945 F600
G01 X102.2094 Y167.9656 Z-0.2049 F600
G01 X102.1858 Y167.9491 Z-0.2161 F600
G01 X102.1610 Y167.9326 Z-0.2282 F600
G01 X102.1352 Y167.9160 Z-0.2414 F600
G01 X102.1137 Y167.9023 Z-0.2532 F600
G01 X102.0914 Y167.8880 Z-0.2663 F600
G01 X102.0681 Y167.8736 Z-0.2804 F600
G01 X102.0438 Y167.8591 Z-0.2953 F600
G01 X102.0185 Y167.8446 Z-0.3111 F600
G01 X101.9920 Y167.8301 Z-0.3279 F600
G01 X101.9643 Y167.8155 Z-0.3458 F600
G01 X101.9352 Y167.8009 Z-0.3649 F600
G01 X101.9125 Y167.7898 Z-0.3799 F600
G01 X101.8890 Y167.7788 Z-0.3957 F600
G01 X101.8646 Y167.7677 Z-0.4123 F600
G01 X101.8392 Y167.7563 Z-0.4301 F600
G01 X101.8126 Y167.7443 Z-0.4492 F600
G01 X101.7848 Y167.7318 Z-0.4699 F600
G01 X101.7556 Y167.7190 Z-0.4918 F600
G01 X101.7252 Y167.7060 Z-0.5149 F600
G01 X101.6934 Y167.6930 Z-0.5393 F600
G01 X101.6601 Y167.6799 Z-0.5649 F600
G01 X101.6253 Y167.6667 Z-0.5920 F600
G01 X101.5887 Y167.6534 Z-0.6206 F600
G01 X101.5394 Y167.6121 Z-0.6502 F600
G01 X101.5261 Y167.5351 Z-0.6352 F600
G01 X101.4920 Y167.3043 Z-0.5959 F600
G01 X101.4821 Y167.2274 Z-0.5842 F600
G01 X101.4589 Y166.9688 Z-0.5463 F600
G01 X101.4547 Y166.8956 Z-0.5377 F600
G01 X101.4471 Y166.7073 Z-0.5145 F600
G01 X101.4453 Y166.6365 Z-0.5065 F600
G01 X101.4450 Y166.5659 Z-0.5001 F600
G01 X101.4465 Y166.3860 Z-0.4815 F600
G01 X101.4487 Y166.3179 Z-0.4758 F600
G01 X101.4516 Y166.2499 Z-0.4709 F600
G01 X101.4541 Y166.2019 Z-0.4669 F600
G01 X101.4589 Y166.1198 Z-0.4597 F600
G01 X101.4644 Y166.0379 Z-0.4531 F600
G01 X101.4713 Y165.9561 Z-0.4480 F600
G01 X101.4761 Y165.9040 Z-0.4443 F600
G01 X101.4849 Y165.8253 Z-0.4388 F600
G01 X101.5042 Y165.6682 Z-0.4297 F600
G01 X101.5114 Y165.6209 Z-0.4274 F600
G01 X101.5361 Y165.4703 Z-0.4192 F600
G01 X101.5499 Y165.3953 Z-0.4166 F600
G01 X101.5582 Y165.3527 Z-0.4148 F600
G01 X101.5731 Y165.2806 Z-0.4111 F600
G01 X101.6058 Y165.1372 Z-0.4066 F600
G01 X101.6333 Y165.0308 Z-0.4027 F600
G01 X101.6710 Y164.8940 Z-0.3988 F600
G01 X101.7231 Y164.7309 Z-0.3943 F600
G01 X101.7450 Y164.6660 Z-0.3932 F600
G01 X101.8016 Y164.5142 Z-0.3888 F600
G01 X101.8261 Y164.4527 Z-0.3882 F600
G01 X101.8735 Y164.3413 Z-0.3845 F600
G01 X101.9087 Y164.2635 Z-0.3832 F600
G01 X101.9264 Y164.2259 Z-0.3822 F600
G01 X101.9628 Y164.1515 Z-0.3790 F600
G01 X102.0008 Y164.0779 Z-0.3775 F600
G01 X102.0572 Y163.9751 Z-0.3729 F600
G01 X102.0978 Y163.9056 Z-0.3711 F600
G01 X102.1565 Y163.8115 Z-0.3661 F600
G01 X102.1997 Y163.7461 Z-0.3639 F600
G01 X102.2606 Y163.6602 Z-0.3585 F600
G01 X102.3063 Y163.5986 Z-0.3557 F600
G01 X102.2606 Y163.6602 Z-0.3585 F600
G01 X102.1997 Y163.7461 Z-0.3639 F600
G01 X102.1565 Y163.8115 Z-0.3661 F600
G01 X102.0978 Y163.9056 Z-0.3711 F600
G01 X102.0572 Y163.9751 Z-0.3729 F600
G01 X102.0008 Y164.0779 Z-0.3775 F600
G01 X101.9628 Y164.1515 Z-0.3790 F600
G01 X101.9264 Y164.2259 Z-0.3822 F600
G01 X101.9087 Y164.2635 Z-0.3832 F600
G01 X101.8735 Y164.3413 Z-0.3845 F600
G01 X101.8261 Y164.4527 Z-0.3882 F600
G01 X101.8016 Y164.5142 Z-0.3888 F600
G01 X101.7450 Y164.6660 Z-0.3932 F600
G01 X101.7231 Y164.7309 Z-0.3943 F600
G01 X101.6710 Y164.8940 Z-0.3988 F600
G01 X101.6333 Y165.0308 Z-0.4027 F600
G01 X101.6058 Y165.1372 Z-0.4066 F600
G01 X101.5731 Y165.2806 Z-0.4111 F600
G01 X101.5582 Y165.3527 Z-0.4148 F600
G01 X101.5499 Y165.3953 Z-0.4166 F600
G01 X101.5361 Y165.4703 Z-0.4192 F600
G01 X101.5114 Y165.6209 Z-0.4274 F600
G01 X101.5042 Y165.6682 Z-0.4297 F600
G01 X101.4849 Y165.8253 Z-0.4388 F600
G01 X101.4761 Y165.9040 Z-0.4443 F600
G01 X101.4713 Y165.9561 Z-0.4480 F600
G01 X101.4644 Y166.0379 Z-0.4531 F600
G01 X101.4589 Y166.1198 Z-0.4597 F600
G01 X101.4541 Y166.2019 Z-0.4669 F600
G01 X101.4516 Y166.2499 Z-0.4709 F600
G01 X101.4487 Y166.3179 Z-0.4758 F600
G01 X101.4465 Y166.3860 Z-0.4815 F600
G01 X101.4450 Y166.5659 Z-0.5001 F600
G01 X101.4453 Y166.6365 Z-0.5065 F600
G01 X101.4471 Y166.7073 Z-0.5145 F600
G01 X101.4547 Y166.8956 Z-0.5377 F600
G01 X101.4589 Y166.9688 Z-0.5463 F600
G01 X101.4821 Y167.2274 Z-0.5842 F600
G01 X101.4920 Y167.3043 Z-0.5959 F600
G01 X101.5261 Y167.5351 Z-0.6352 F600
G01 X101.5394 Y167.6121 Z-0.6502 F600
G01 X101.5504 Y167.6400 Z-0.6508 F600
G01 X101.4962 Y167.7226 Z-0.6095 F600
G01 X101.4525 Y167.8079 Z-0.5678 F600
G01 X101.4184 Y167.8818 Z-0.5354 F600
G01 X101.3889 Y167.9537 Z-0.5071 F600
G01 X101.3641 Y168.0241 Z-0.4818 F600
G01 X101.3451 Y168.0851 Z-0.4623 F600
G01 X101.3289 Y168.1448 Z-0.4456 F600
G01 X101.3150 Y168.2035 Z-0.4313 F600
G01 X101.3038 Y168.2613 Z-0.4192 F600
G01 X101.2960 Y168.3112 Z-0.4101 F600
G01 X101.2898 Y168.3606 Z-0.4027 F600
G01 X101.2851 Y168.4096 Z-0.3969 F600
G01 X101.2820 Y168.4582 Z-0.3927 F600
G01 X101.2804 Y168.5066 Z-0.3899 F600
G01 Y168.5480 Z-0.3885 F600
G01 X101.2894 Y168.8367 Z-0.3851 F600
G01 X101.2966 Y169.0060 Z-0.3824 F600
G01 X101.3003 Y169.0787 Z-0.3819 F600
G01 X101.3135 Y169.2965 Z-0.3783 F600
G01 X101.3201 Y169.3877 Z-0.3770 F600
G01 X101.3374 Y169.5948 Z-0.3743 F600
G01 X101.3437 Y169.6638 Z-0.3728 F600
G01 X101.3537 Y169.7615 Z-0.3713 F600
G01 X101.3626 Y169.8433 Z-0.3706 F600
G01 X101.3819 Y170.0067 Z-0.3675 F600
G01 X101.3953 Y170.1108 Z-0.3663 F600
G01 X101.4295 Y170.3425 Z-0.3628 F600
G01 X101.4467 Y170.4445 Z-0.3610 F600
G01 X101.4728 Y170.5900 Z-0.3595 F600
G01 X101.4867 Y170.6627 Z-0.3580 F600
G01 X101.5069 Y170.7630 Z-0.3569 F600
G01 X101.5526 Y170.9678 Z-0.3543 F600
G01 X101.5770 Y171.0666 Z-0.3531 F600
G01 X101.6107 Y171.1944 Z-0.3525 F600
G01 X101.6282 Y171.2581 Z-0.3514 F600
G01 X101.6599 Y171.3659 Z-0.3507 F600
G01 X101.6848 Y171.4451 Z-0.3506 F600
G01 X101.7104 Y171.5242 Z-0.3498 F600
G01 X101.7506 Y171.6406 Z-0.3496 F600
G01 X101.8055 Y171.7874 Z-0.3498 F600
G01 X101.8492 Y171.8949 F600
G01 X101.8786 Y171.9638 Z-0.3504 F600
G01 X101.9090 Y172.0323 Z-0.3501 F600
G01 X101.9541 Y172.1303 Z-0.3505 F600
G01 X102.0184 Y172.2609 F600
G01 X102.0688 Y172.3562 Z-0.3499 F600
G01 X102.1028 Y172.4183 Z-0.3503 F600
G01 X102.1379 Y172.4798 Z-0.3493 F600
G01 X102.1929 Y172.5725 Z-0.3488 F600
G01 X102.2668 Y172.6889 Z-0.3475 F600
G01 X102.3277 Y172.7781 Z-0.3458 F600
G01 X102.3666 Y172.8330 Z-0.3453 F600
G01 X102.4066 Y172.8872 Z-0.3436 F600
G01 X102.4727 Y172.9726 Z-0.3413 F600
G01 X102.5566 Y173.0743 Z-0.3381 F600
G01 X102.6277 Y173.1556 Z-0.3355 F600
G01 X102.7158 Y173.2503 Z-0.3321 F600
G01 X102.7922 Y173.3268 Z-0.3287 F600
G01 X102.8846 Y173.4144 Z-0.3251 F600
G01 X102.9661 Y173.4853 Z-0.3209 F600
G01 X103.0628 Y173.5658 Z-0.3169 F600
G01 X103.1489 Y173.6307 Z-0.3118 F600
G01 X103.1993 Y173.6674 Z-0.3097 F600
G01 X103.2503 Y173.7034 Z-0.3068 F600
G01 X103.3303 Y173.7561 Z-0.3017 F600
G01 X103.3703 Y173.7816 Z-0.2999 F600
G01 X103.4106 Y173.8068 Z-0.2978 F600
G01 X103.4909 Y173.8524 Z-0.2927 F600
G01 X103.5733 Y173.8975 Z-0.2890 F600
G01 X103.6561 Y173.9380 Z-0.2843 F600
G01 X103.7409 Y173.9772 Z-0.2805 F600
G01 X103.8255 Y174.0128 Z-0.2766 F600
G01 X103.9125 Y174.0462 Z-0.2729 F600
G01 X103.9984 Y174.0769 Z-0.2701 F600
G01 X104.0876 Y174.1047 Z-0.2664 F600
G01 X104.1746 Y174.1301 Z-0.2643 F600
G01 X104.2202 Y174.1417 Z-0.2631 F600
G01 X104.2659 Y174.1527 Z-0.2613 F600
G01 X104.3537 Y174.1724 Z-0.2593 F600
G01 X104.4002 Y174.1821 Z-0.2590 F600
G01 X104.4470 Y174.1908 Z-0.2578 F600
G01 X104.5351 Y174.2049 Z-0.2560 F600
G01 X104.6306 Y174.2186 Z-0.2555 F600
G01 X104.7187 Y174.2279 Z-0.2544 F600
G01 X104.8166 Y174.2361 Z-0.2541 F600
G01 X104.9044 Y174.2418 Z-0.2548 F600
G01 X105.0048 Y174.2445 Z-0.2547 F600
G01 X105.1035 Y174.2455 Z-0.2563 F600
G01 X105.1658 Y174.2448 Z-0.2579 F600
G01 X105.2281 Y174.2430 Z-0.2584 F600
G01 X105.3398 Y174.2376 Z-0.2613 F600
G01 X105.4606 Y174.2270 Z-0.2644 F600
G01 X105.5732 Y174.2136 Z-0.2682 F600
G01 X105.6906 Y174.1959 Z-0.2733 F600
G01 X105.8036 Y174.1737 Z-0.2780 F600
G01 X105.8608 Y174.1612 Z-0.2816 F600
G01 X105.9176 Y174.1474 Z-0.2838 F600
G01 X106.0304 Y174.1170 Z-0.2902 F600
G01 X106.1410 Y174.0820 Z-0.2966 F600
G01 X106.2522 Y174.0417 Z-0.3033 F600
G01 X106.3062 Y174.0205 Z-0.3075 F600
G01 X106.3596 Y173.9980 Z-0.3103 F600
G01 X106.4681 Y173.9485 Z-0.3177 F600
G01 X106.5721 Y173.8954 Z-0.3248 F600
G01 X106.6761 Y173.8360 Z-0.3315 F600
G01 X106.7264 Y173.8049 Z-0.3353 F600
G01 X106.7762 Y173.7730 Z-0.3380 F600
G01 X106.8748 Y173.7049 Z-0.3443 F600
G01 X106.9232 Y173.6690 Z-0.3479 F600
G01 X106.9710 Y173.6322 Z-0.3503 F600
G01 X107.0631 Y173.5561 Z-0.3559 F600
G01 X107.1549 Y173.4733 Z-0.3610 F600
G01 X107.2419 Y173.3868 Z-0.3653 F600
G01 X107.2689 Y173.3580 Z-0.3673 F600
G01 X107.2953 Y173.3287 Z-0.3686 F600
G01 X107.3596 Y173.2541 Z-0.3733 F600
G01 X107.4109 Y173.1891 Z-0.3768 F600
G01 X107.4677 Y173.1121 Z-0.3810 F600
G01 X107.5173 Y173.0404 Z-0.3851 F600
G01 X107.5670 Y172.9617 Z-0.3885 F600
G01 X107.5909 Y172.9224 Z-0.3908 F600
G01 X107.6137 Y172.8826 Z-0.3919 F600
G01 X107.6577 Y172.8029 Z-0.3952 F600
G01 X107.7013 Y172.7163 Z-0.3976 F600
G01 X107.7396 Y172.6355 Z-0.3999 F600
G01 X107.7805 Y172.5418 Z-0.4020 F600
G01 X107.8132 Y172.4598 Z-0.4029 F600
G01 X107.8323 Y172.4095 Z-0.4038 F600
G01 X107.7287 Y172.2283 Z-0.2463 F600
G01 X107.5593 Y171.9789 Z-0.0109 F600
G01 X107.3896 Y171.7381 Z0.2159 F600
G01 X107.2476 Y171.5424 Z0.4000 F600
G01 X107.4192 Y171.7790 Z0.1774 F600
G01 X107.6243 Y172.0735 Z-0.1001 F600
G01 X107.7606 Y172.2758 Z-0.2912 F600
G01 X107.8285 Y172.3805 Z-0.3903 F600
G01 X107.9069 Y172.3500 Z-0.3538 F600
G01 X108.0674 Y172.2428 Z-0.2344 F600
G01 X108.2283 Y172.1305 Z-0.1099 F600
G01 X108.3895 Y172.0132 Z0.0196 F600
G01 X108.6322 Y171.8279 Z0.2233 F600
G01 X108.7944 Y171.6988 Z0.3647 F600
G01 X108.6427 Y171.8195 Z0.2325 F600
G00 Z6.0000 F480
G00 X118.1386 Y168.8373 F1000
G00 Z0.9000 F480
G01 Z-0.6194 F600
G01 X118.0999 Y168.8238 Z-0.5880 F600
G01 X118.0632 Y168.8105 Z-0.5584 F600
G01 X118.0286 Y168.7978 Z-0.5311 F600
G01 X117.9959 Y168.7859 Z-0.5059 F600
G01 X117.9649 Y168.7745 Z-0.4825 F600
G01 X117.9352 Y168.7633 Z-0.4604 F600
G01 X117.9067 Y168.7521 Z-0.4395 F600
G01 X117.8794 Y168.7409 Z-0.4195 F600
G01 X117.8533 Y168.7298 Z-0.4006 F600
G01 X117.8281 Y168.7188 Z-0.3825 F600
G01 X117.8039 Y168.7078 Z-0.3654 F600
G01 X117.7807 Y168.6968 Z-0.3490 F600
G01 X117.7510 Y168.6823 Z-0.3284 F600
G01 X117.7228 Y168.6678 Z-0.3090 F600
G01 X117.6960 Y168.6536 Z-0.2909 F600
G01 X117.6704 Y168.6401 Z-0.2746 F600
G01 X117.6460 Y168.6271 Z-0.2597 F600
G01 X117.6226 Y168.6143 Z-0.2459 F600
G01 X117.6002 Y168.6015 Z-0.2329 F600
G01 X117.5734 Y168.5855 Z-0.2176 F600
G01 X117.5478 Y168.5695 Z-0.2036 F600
G01 X117.5235 Y168.5535 Z-0.1905 F600
G01 X117.5002 Y168.5375 Z-0.1784 F600
G01 X117.4780 Y168.5215 Z-0.1672 F600
G01 X117.4568 Y168.5054 Z-0.1568 F600
G01 X117.4364 Y168.4895 Z-0.1474 F600
G01 X117.4167 Y168.4740 Z-0.1393 F600
G01 X117.3938 Y168.4558 Z-0.1310 F600
G01 X117.3719 Y168.4375 Z-0.1236 F600
G01 X117.3509 Y168.4189 Z-0.1170 F600
G01 X117.3308 Y168.4002 Z-0.1113 F600
G01 X117.3115 Y168.3812 Z-0.1063 F600
G01 X117.2929 Y168.3620 Z-0.1021 F600
G01 X117.2750 Y168.3425 Z-0.0987 F600
G01 X117.2578 Y168.3228 Z-0.0959 F600
G01 X117.2411 Y168.3029 Z-0.0941 F600
G01 X117.2244 Y168.2831 Z-0.0937 F600
G01 X117.2081 Y168.2630 Z-0.0941 F600
G01 X117.1923 Y168.2425 Z-0.0953 F600
G01 X117.1025 Y168.1225 Z-0.1038 F600
G01 X117.0813 Y168.0956 Z-0.1057 F600
G01 X117.0034 Y168.0048 Z-0.1144 F600
G01 X116.9813 Y167.9797 Z-0.1165 F600
G01 X116.9413 Y167.9355 Z-0.1193 F600
G01 X116.9004 Y167.8920 Z-0.1234 F600
G01 X116.8770 Y167.8687 Z-0.1259 F600
G01 X116.7912 Y167.7856 Z-0.1335 F600
G01 X116.7674 Y167.7631 Z-0.1351 F600
G01 X116.7225 Y167.7233 Z-0.1386 F600
G01 X116.6767 Y167.6845 Z-0.1434 F600
G01 X116.6513 Y167.6636 Z-0.1456 F600
G01 X116.5572 Y167.5882 Z-0.1525 F600
G01 X116.5304 Y167.5685 Z-0.1549 F600
G01 X116.4305 Y167.4988 Z-0.1640 F600
G01 X116.4025 Y167.4798 Z-0.1661 F600
G01 X116.3511 Y167.4460 Z-0.1694 F600
G01 X116.2984 Y167.4139 Z-0.1748 F600
G01 X116.2684 Y167.3964 Z-0.1777 F600
G01 X116.1600 Y167.3347 Z-0.1865 F600
G01 X116.1284 Y167.3177 Z-0.1890 F600
G01 X116.0144 Y167.2623 Z-0.2004 F600
G01 X115.9830 Y167.2476 Z-0.2032 F600
G01 X115.9252 Y167.2213 Z-0.2075 F600
G01 X115.8372 Y167.1852 Z-0.2166 F600
G01 X115.6913 Y167.1310 Z-0.2295 F600
G01 X115.6318 Y167.1120 Z-0.2346 F600
G01 X115.5446 Y167.0864 Z-0.2434 F600
G01 X115.4846 Y167.0702 Z-0.2480 F600
G01 X115.3980 Y167.0480 Z-0.2550 F600
G01 X115.2501 Y167.0187 Z-0.2678 F600
G01 X115.1889 Y167.0081 Z-0.2716 F600
G01 X115.1013 Y166.9955 Z-0.2787 F600
G01 X114.9509 Y166.9797 Z-0.2892 F600
G01 X114.8883 Y166.9749 Z-0.2923 F600
G01 X114.7985 Y166.9710 Z-0.2991 F600
G01 X114.6438 Y166.9683 Z-0.3073 F600
G01 X114.5798 Y166.9703 Z-0.3109 F600
G01 X114.4821 Y166.9750 Z-0.3170 F600
G01 X114.4062 Y166.9802 Z-0.3202 F600
G01 X114.2944 Y166.9908 Z-0.3270 F600
G01 X114.1141 Y167.0158 Z-0.3365 F600
G01 X114.0420 Y167.0298 Z-0.3406 F600
G01 X113.9410 Y167.0511 Z-0.3472 F600
G01 X113.8706 Y167.0678 Z-0.3500 F600
G01 X113.7744 Y167.0937 Z-0.3561 F600
G01 X113.6138 Y167.1446 Z-0.3643 F600
G01 X113.5472 Y167.1694 Z-0.3674 F600
G01 X113.4590 Y167.2047 Z-0.3731 F600
G01 X113.3939 Y167.2327 Z-0.3754 F600
G01 X113.3083 Y167.2715 Z-0.3795 F600
G01 X113.1623 Y167.3479 Z-0.3865 F600
G01 X113.1004 Y167.3830 Z-0.3878 F600
G01 X113.0197 Y167.4327 Z-0.3924 F600
G01 X112.8795 Y167.5257 Z-0.3966 F600
G01 X112.8217 Y167.5693 Z-0.3988 F600
G01 X112.7430 Y167.6298 Z-0.4020 F600
G01 X112.6860 Y167.6761 Z-0.4026 F600
G01 X112.6082 Y167.7431 Z-0.4057 F600
G01 X112.4754 Y167.8668 Z-0.4086 F600
G01 X112.4224 Y167.9215 Z-0.4101 F600
G01 X112.3487 Y168.0001 Z-0.4129 F600
G01 X112.2975 Y168.0572 Z-0.4131 F600
G01 X112.2300 Y168.1372 Z-0.4156 F600
G01 X112.1204 Y168.2792 Z-0.4177 F600
G01 X112.0771 Y168.3415 Z-0.4182 F600
G01 X112.0206 Y168.4270 Z-0.4204 F600
G01 X111.9804 Y168.4915 Z-0.4201 F600
G01 X111.9279 Y168.5798 Z-0.4210 F600
G01 X111.8441 Y168.7394 Z-0.4219 F600
G01 X111.8110 Y168.8088 Z-0.4211 F600
G01 X111.7686 Y168.9060 Z-0.4226 F600
G01 X111.7393 Y168.9780 Z-0.4218 F600
G01 X111.6999 Y169.0797 Z-0.4216 F600
G01 X111.6405 Y169.2619 Z-0.4214 F600
G01 X111.6185 Y169.3388 Z-0.4203 F600
G01 X111.5898 Y169.4525 Z-0.4212 F600
G01 X111.5716 Y169.5321 Z-0.4201 F600
G01 X111.5470 Y169.6519 F600
G01 X111.5200 Y169.8166 Z-0.4197 F600
G01 X111.5134 Y169.8606 Z-0.4191 F600
G01 X111.5039 Y169.9455 Z-0.4192 F600
G01 X111.4915 Y170.0678 Z-0.4198 F600
G01 X111.4863 Y170.1333 Z-0.4188 F600
G01 X111.4821 Y170.1988 Z-0.4189 F600
G01 X111.4778 Y170.2949 Z-0.4202 F600
G01 X111.4743 Y170.4298 Z-0.4196 F600
G01 X111.4742 Y170.5310 Z-0.4208 F600
G01 X111.4807 Y170.7721 Z-0.4215 F600
G01 X111.4988 Y171.0032 Z-0.4237 F600
G01 X111.5055 Y171.0690 Z-0.4229 F600
G01 X111.5135 Y171.1346 Z-0.4235 F600
G01 X111.5277 Y171.2352 Z-0.4252 F600
G01 X111.5552 Y171.4052 Z-0.4250 F600
G01 X111.5638 Y171.4470 Z-0.4256 F600
G01 X111.6095 Y171.6496 Z-0.4264 F600
G01 X111.6308 Y171.7295 Z-0.4258 F600
G01 X111.6644 Y171.8432 Z-0.4272 F600
G01 X111.6893 Y171.9207 Z-0.4263 F600
G01 X111.7264 Y172.0292 Z-0.4261 F600
G01 X111.7975 Y172.2072 Z-0.4252 F600
G01 X111.8296 Y172.2799 Z-0.4234 F600
G01 X111.8771 Y172.3782 Z-0.4237 F600
G01 X111.9132 Y172.4483 Z-0.4220 F600
G01 X111.9637 Y172.5438 Z-0.4198 F600
G01 X112.0608 Y172.7027 Z-0.4170 F600
G01 X112.1038 Y172.7686 Z-0.4138 F600
G01 X112.1661 Y172.8571 Z-0.4122 F600
G01 X112.2806 Y173.0075 Z-0.4058 F600
G01 X112.3322 Y173.0680 Z-0.4032 F600
G01 X112.4072 Y173.1531 Z-0.4004 F600
G01 X112.4611 Y173.2113 Z-0.3965 F600
G01 X112.5402 Y173.2925 Z-0.3929 F600
G01 X112.6768 Y173.4216 Z-0.3849 F600
G01 X112.7351 Y173.4717 Z-0.3812 F600
G01 X112.8179 Y173.5400 Z-0.3773 F600
G01 X112.8777 Y173.5870 Z-0.3726 F600
G01 X112.9624 Y173.6502 Z-0.3676 F600
G01 X113.1119 Y173.7512 Z-0.3575 F600
G01 X113.1761 Y173.7905 Z-0.3525 F600
G01 X113.2671 Y173.8427 Z-0.3476 F600
G01 X113.3334 Y173.8785 Z-0.3421 F600
G01 X113.4278 Y173.9267 Z-0.3358 F600
G01 X113.5954 Y174.0014 Z-0.3242 F600
G01 X113.6664 Y174.0291 Z-0.3188 F600
G01 X113.7379 Y174.0551 Z-0.3153 F600
G01 X113.7705 Y174.0663 Z-0.3132 F600
G01 X113.8437 Y174.0905 Z-0.3073 F600
G01 X113.9172 Y174.1132 Z-0.3029 F600
G01 X113.9531 Y174.1227 Z-0.3012 F600
G01 X114.1046 Y174.1606 Z-0.2919 F600
G01 X114.1439 Y174.1695 Z-0.2892 F600
G01 X114.3001 Y174.1971 Z-0.2821 F600
G01 X114.3432 Y174.2040 Z-0.2797 F600
G01 X114.4234 Y174.2149 Z-0.2749 F600
G01 X114.5039 Y174.2232 Z-0.2728 F600
G01 X114.5509 Y174.2273 Z-0.2710 F600
G01 X114.6334 Y174.2336 Z-0.2667 F600
G01 X114.7160 Y174.2379 Z-0.2645 F600
G01 X114.7647 Y174.2389 Z-0.2635 F600
G01 X114.9325 Y174.2398 Z-0.2579 F600
G01 X114.9791 Y174.2380 Z-0.2572 F600
G01 X115.1442 Y174.2278 Z-0.2537 F600
G01 X115.1890 Y174.2242 Z-0.2523 F600
G01 X115.3510 Y174.2032 Z-0.2506 F600
G01 X115.3941 Y174.1969 Z-0.2496 F600
G01 X115.4739 Y174.1826 Z-0.2479 F600
G01 X115.5533 Y174.1662 Z-0.2483 F600
G01 X115.5950 Y174.1570 Z-0.2479 F600
G01 X115.6735 Y174.1384 Z-0.2460 F600
G01 X115.7513 Y174.1170 Z-0.2469 F600
G01 X115.7917 Y174.1049 Z-0.2471 F600
G01 X115.8686 Y174.0806 Z-0.2464 F600
G01 X115.9451 Y174.0555 F600
G01 X115.9847 Y174.0404 Z-0.2472 F600
G01 X116.1346 Y173.9804 Z-0.2481 F600
G01 X116.1739 Y173.9633 Z-0.2484 F600
G01 X116.3199 Y173.8921 Z-0.2516 F600
G01 X116.3590 Y173.8723 Z-0.2518 F600
G01 X116.4305 Y173.8323 Z-0.2533 F600
G01 X116.5014 Y173.7911 Z-0.2561 F600
G01 X116.5402 Y173.7678 Z-0.2570 F600
G01 X116.6104 Y173.7237 Z-0.2580 F600
G01 X116.6792 Y173.6772 Z-0.2619 F600
G01 X116.7156 Y173.6517 Z-0.2634 F600
G01 X116.7831 Y173.6030 Z-0.2649 F600
G01 X116.8495 Y173.5527 Z-0.2683 F600
G01 X116.8820 Y173.5264 Z-0.2701 F600
G01 X117.0090 Y173.4200 Z-0.2749 F600
G01 X117.0392 Y173.3925 Z-0.2766 F600
G01 X117.1587 Y173.2778 Z-0.2822 F600
G01 X117.1875 Y173.2493 Z-0.2830 F600
G01 X117.2440 Y173.1884 Z-0.2856 F600
G01 X117.2997 Y173.1269 Z-0.2891 F600
G01 X117.3267 Y173.0961 Z-0.2902 F600
G01 X117.3808 Y173.0324 Z-0.2913 F600
G01 X117.4326 Y172.9668 Z-0.2954 F600
G01 X117.4579 Y172.9333 Z-0.2970 F600
G01 X117.5078 Y172.8653 Z-0.2991 F600
G01 X117.5573 Y172.7969 Z-0.3017 F600
G01 X117.5811 Y172.7604 Z-0.3038 F600
G01 X117.6722 Y172.6154 Z-0.3101 F600
G01 X117.6958 Y172.5764 Z-0.3113 F600
G01 X117.7955 Y172.3902 Z-0.3209 F600
G01 X117.8252 Y172.3306 Z-0.3225 F600
G01 X117.8531 Y172.2701 Z-0.3261 F600
G01 X117.8919 Y172.1831 Z-0.3316 F600
G01 X117.9443 Y172.0574 Z-0.3367 F600
G01 X117.9772 Y171.9695 Z-0.3430 F600
G01 X118.0232 Y171.8352 Z-0.3493 F600
G01 X118.0528 Y171.7418 Z-0.3549 F600
G01 X118.0921 Y171.5962 Z-0.3623 F600
G01 X118.1201 Y171.4882 Z-0.3679 F600
G01 X118.1754 Y171.2172 Z-0.3830 F600
G01 X118.2205 Y170.9129 Z-0.4017 F600
G01 X118.2522 Y170.5835 Z-0.4245 F600
G01 X118.2677 Y170.2787 Z-0.4484 F600
G01 X118.2686 Y170.2295 Z-0.4530 F600
G01 X118.2701 Y169.9876 Z-0.4746 F600
G01 X118.2672 Y169.8584 Z-0.4891 F600
G01 X118.2615 Y169.7166 Z-0.5039 F600
G01 X118.2580 Y169.6457 Z-0.5119 F600
G01 X118.2439 Y169.4570 Z-0.5375 F600
G01 X118.2373 Y169.3825 Z-0.5468 F600
G01 X118.2291 Y169.3079 Z-0.5578 F600
G01 X118.2106 Y169.1587 Z-0.5818 F600
G01 X118.1938 Y169.0329 Z-0.6025 F600
G01 X118.1665 Y168.8767 Z-0.6316 F600
G01 X118.1858 Y168.7990 Z-0.6133 F600
G01 X118.2248 Y168.7215 Z-0.5751 F600
G01 X118.2601 Y168.6440 Z-0.5408 F600
G01 X118.2815 Y168.5913 Z-0.5194 F600
G01 X118.3069 Y168.5213 Z-0.4933 F600
G01 X118.3292 Y168.4513 Z-0.4702 F600
G01 X118.3484 Y168.3813 Z-0.4502 F600
G01 X118.3646 Y168.3114 Z-0.4333 F600
G01 X118.3777 Y168.2415 Z-0.4194 F600
G01 X118.3877 Y168.1717 Z-0.4085 F600
G01 X118.3931 Y168.1166 Z-0.4018 F600
G01 X118.3971 Y168.0384 Z-0.3951 F600
G01 X118.3976 Y167.9603 Z-0.3920 F600
G01 X118.3962 Y167.6698 Z-0.3826 F600
G01 X118.3884 Y167.4457 Z-0.3769 F600
G01 X118.3813 Y167.2964 Z-0.3749 F600
G01 X118.3785 Y167.2450 Z-0.3739 F600
G01 X118.3629 Y167.0311 Z-0.3706 F600
G01 X118.3508 Y166.8886 Z-0.3700 F600
G01 X118.3458 Y166.8357 Z-0.3695 F600
G01 X118.3370 Y166.7542 Z-0.3685 F600
G01 X118.3183 Y166.5913 Z-0.3677 F600
G01 X118.3082 Y166.5100 Z-0.3681 F600
G01 X118.3009 Y166.4562 F600
G01 X118.2897 Y166.3788 Z-0.3674 F600
G01 X118.2535 Y166.1468 Z-0.3679 F600
G01 X118.2451 Y166.0995 Z-0.3682 F600
G01 X118.2174 Y165.9529 Z-0.3677 F600
G01 X118.1881 Y165.8066 Z-0.3689 F600
G01 X118.1795 Y165.7659 F600
G01 X118.1637 Y165.6966 Z-0.3684 F600
G01 X118.1311 Y165.5582 Z-0.3686 F600
G01 X118.1058 Y165.4553 Z-0.3690 F600
G01 X118.0702 Y165.3246 Z-0.3677 F600
G01 X118.0230 Y165.1597 Z-0.3673 F600
G01 X117.9988 Y165.0829 Z-0.3658 F600
G01 X117.9491 Y164.9296 Z-0.3640 F600
G01 X117.9357 Y164.8914 Z-0.3635 F600
G01 X117.8823 Y164.7459 Z-0.3599 F600
G01 X117.8546 Y164.6736 Z-0.3591 F600
G01 X117.8404 Y164.6378 Z-0.3583 F600
G01 X117.8117 Y164.5682 Z-0.3558 F600
G01 X117.7382 Y164.3984 Z-0.3519 F600
G01 X117.6746 Y164.2665 Z-0.3477 F600
G01 X117.6280 Y164.1735 Z-0.3456 F600
G01 X117.5940 Y164.1106 Z-0.3429 F600
G01 X117.5595 Y164.0481 Z-0.3409 F600
G01 X117.5104 Y163.9622 Z-0.3387 F600
G01 X117.4737 Y163.9028 Z-0.3361 F600
G01 X117.4362 Y163.8438 Z-0.3343 F600
G01 X117.3848 Y163.7645 Z-0.3321 F600
G01 X117.3053 Y163.6529 Z-0.3275 F600
G01 X117.2509 Y163.5803 Z-0.3260 F600
G01 X117.2089 Y163.5275 Z-0.3232 F600
G01 X117.1093 Y163.4082 Z-0.3195 F600
G01 X117.0187 Y163.3104 Z-0.3152 F600
G01 X116.9591 Y163.2485 Z-0.3134 F600
G01 X116.8634 Y163.1571 Z-0.3086 F600
G01 X116.8005 Y163.1000 Z-0.3069 F600
G01 X116.7503 Y163.0572 Z-0.3038 F600
G01 X116.6481 Y162.9738 Z-0.3004 F600
G01 X116.6588 Y162.9825 Z-0.3008 F600
G01 X116.5986 Y162.9368 Z-0.2980 F600
G01 X116.5295 Y162.8866 Z-0.2951 F600
G01 X116.4681 Y162.8431 Z-0.2934 F600
G01 X116.3961 Y162.7966 Z-0.2898 F600
G01 X116.3326 Y162.7568 Z-0.2873 F600
G01 X116.2959 Y162.7343 Z-0.2865 F600
G01 X116.2586 Y162.7126 Z-0.2847 F600
G01 X116.1894 Y162.6745 Z-0.2815 F600
G01 X116.1131 Y162.6339 Z-0.2792 F600
G01 X116.0381 Y162.5976 Z-0.2761 F600
G01 X115.9594 Y162.5618 Z-0.2735 F600
G01 X115.8833 Y162.5290 Z-0.2717 F600
G01 X115.8022 Y162.4980 Z-0.2687 F600
G01 X115.7248 Y162.4698 Z-0.2671 F600
G01 X115.6835 Y162.4557 Z-0.2666 F600
G01 X115.6417 Y162.4426 Z-0.2649 F600
G01 X115.5633 Y162.4192 Z-0.2631 F600
G01 X115.4782 Y162.3954 Z-0.2622 F600
G01 X115.3990 Y162.3768 Z-0.2601 F600
G01 X115.3115 Y162.3577 Z-0.2590 F600
G01 X115.2322 Y162.3423 Z-0.2583 F600
G01 X115.1423 Y162.3280 Z-0.2569 F600
G01 X115.0629 Y162.3164 Z-0.2567 F600
G01 X115.0169 Y162.3107 F600
G01 X114.9708 Y162.3060 Z-0.2558 F600
G01 X114.8913 Y162.2988 Z-0.2553 F600
G01 X114.7969 Y162.2915 Z-0.2559 F600
G01 X114.7175 Y162.2885 Z-0.2552 F600
G01 X114.6206 Y162.2860 Z-0.2554 F600
G01 X114.5341 Y162.2852 Z-0.2566 F600
G01 X114.4214 Y162.2880 Z-0.2571 F600
G01 X114.3262 Y162.2924 Z-0.2583 F600
G01 X114.2176 Y162.3007 Z-0.2598 F600
G01 X114.1216 Y162.3107 Z-0.2615 F600
G01 X114.0169 Y162.3244 Z-0.2640 F600
G01 X113.9204 Y162.3407 Z-0.2662 F600
G01 X113.8699 Y162.3503 Z-0.2680 F600
G01 X113.8195 Y162.3603 Z-0.2694 F600
G01 X113.7228 Y162.3829 Z-0.2724 F600
G01 X113.6740 Y162.3953 Z-0.2747 F600
G01 X113.6257 Y162.4088 Z-0.2759 F600
G01 X113.5290 Y162.4378 Z-0.2801 F600
G01 X113.4358 Y162.4702 Z-0.2836 F600
G01 X113.3403 Y162.5070 Z-0.2880 F600
G01 X113.2505 Y162.5451 Z-0.2926 F600
G01 X113.1571 Y162.5898 Z-0.2969 F600
G01 X113.1138 Y162.6117 Z-0.2998 F600
G01 X113.0712 Y162.6347 Z-0.3014 F600
G01 X112.9804 Y162.6865 Z-0.3066 F600
G01 X112.8985 Y162.7384 Z-0.3108 F600
G01 X112.8119 Y162.7979 Z-0.3155 F600
G01 X112.7725 Y162.8267 Z-0.3181 F600
G01 X112.7336 Y162.8561 Z-0.3201 F600
G01 X112.6478 Y162.9257 Z-0.3253 F600
G01 X112.5739 Y162.9917 Z-0.3295 F600
G01 X112.4913 Y163.0717 Z-0.3348 F600
G01 X112.4561 Y163.1083 Z-0.3377 F600
G01 X112.4214 Y163.1454 Z-0.3398 F600
G01 X112.3466 Y163.2311 Z-0.3453 F600
G01 X112.2817 Y163.3135 Z-0.3495 F600
G01 X112.2159 Y163.4042 Z-0.3540 F600
G01 X112.1852 Y163.4492 Z-0.3567 F600
G01 X112.1556 Y163.4948 Z-0.3582 F600
G01 X112.0981 Y163.5890 Z-0.3621 F600
G01 X112.0431 Y163.6881 Z-0.3655 F600
G01 X111.9943 Y163.7853 Z-0.3679 F600
G01 X111.9689 Y163.8388 Z-0.3697 F600
G01 X111.9448 Y163.8929 Z-0.3702 F600
G01 X111.9033 Y163.9918 Z-0.3721 F600
G01 X111.8592 Y164.1078 Z-0.3737 F600
G01 X111.8769 Y164.2240 Z-0.3201 F600
G01 X111.9917 Y164.3949 Z-0.1606 F600
G01 X112.0731 Y164.5128 Z-0.0506 F600
G01 X112.1943 Y164.6838 Z0.1084 F600
G01 X112.2665 Y164.7832 Z0.2008 F600
G01 X112.3944 Y164.9550 Z0.3602 F600
G01 X112.2625 Y164.7778 Z0.1958 F600
G01 X112.1972 Y164.6878 Z0.1122 F600
G01 X112.0668 Y164.5039 Z-0.0589 F600
G01 X112.0018 Y164.4099 Z-0.1465 F600
G01 X111.8723 Y164.2172 Z-0.3265 F600
G01 X111.8010 Y164.1914 Z-0.3456 F600
G01 X111.6439 Y164.2964 Z-0.2266 F600
G01 X111.5653 Y164.3503 Z-0.1657 F600
G01 X111.3285 Y164.5200 Z0.0251 F600
G01 X111.0909 Y164.7000 Z0.2263 F600
G01 X110.8922 Y164.8561 Z0.4000 F600
G01 X111.1574 Y164.6488 Z0.1692 F600
G01 X110.8922 Y164.8561 Z0.4000 F600
G01 X111.0909 Y164.7000 Z0.2263 F600
G01 X111.3285 Y164.5200 Z0.0251 F600
G01 X111.5653 Y164.3503 Z-0.1657 F600
G01 X111.6439 Y164.2964 Z-0.2266 F600
G01 X111.8010 Y164.1914 Z-0.3456 F600
G01 X111.8723 Y164.2172 Z-0.3265 F600
G01 X112.0018 Y164.4099 Z-0.1465 F600
G01 X112.0668 Y164.5039 Z-0.0589 F600
G01 X112.1972 Y164.6878 Z0.1122 F600
G01 X112.2625 Y164.7778 Z0.1958 F600
G01 X112.3944 Y164.9550 Z0.3602 F600
G01 X112.2665 Y164.7832 Z0.2008 F600
G01 X112.1943 Y164.6838 Z0.1084 F600
G01 X112.0731 Y164.5128 Z-0.0506 F600
G01 X111.9917 Y164.3949 Z-0.1606 F600
G01 X111.8769 Y164.2240 Z-0.3201 F600
G01 X111.8592 Y164.1078 Z-0.3737 F600
G01 X111.9033 Y163.9918 Z-0.3721 F600
G01 X111.9448 Y163.8929 Z-0.3702 F600
G01 X111.9689 Y163.8388 Z-0.3697 F600
G01 X111.9943 Y163.7853 Z-0.3679 F600
G01 X112.0431 Y163.6881 Z-0.3655 F600
G01 X112.0981 Y163.5890 Z-0.3621 F600
G01 X112.1556 Y163.4948 Z-0.3582 F600
G01 X112.1852 Y163.4492 Z-0.3567 F600
G01 X112.2159 Y163.4042 Z-0.3540 F600
G01 X112.2817 Y163.3135 Z-0.3495 F600
G01 X112.3466 Y163.2311 Z-0.3453 F600
G01 X112.4214 Y163.1454 Z-0.3398 F600
G01 X112.4561 Y163.1083 Z-0.3377 F600
G01 X112.4913 Y163.0717 Z-0.3348 F600
G01 X112.5739 Y162.9917 Z-0.3295 F600
G01 X112.6478 Y162.9257 Z-0.3253 F600
G01 X112.7336 Y162.8561 Z-0.3201 F600
G01 X112.7725 Y162.8267 Z-0.3181 F600
G01 X112.8119 Y162.7979 Z-0.3155 F600
G01 X112.8985 Y162.7384 Z-0.3108 F600
G01 X112.9804 Y162.6865 Z-0.3066 F600
G01 X113.0712 Y162.6347 Z-0.3014 F600
G01 X113.1138 Y162.6117 Z-0.2998 F600
G01 X113.1571 Y162.5898 Z-0.2969 F600
G01 X113.2505 Y162.5451 Z-0.2926 F600
G01 X113.3403 Y162.5070 Z-0.2880 F600
G01 X113.4358 Y162.4702 Z-0.2836 F600
G01 X113.5290 Y162.4378 Z-0.2801 F600
G01 X113.6257 Y162.4088 Z-0.2759 F600
G01 X113.6740 Y162.3953 Z-0.2747 F600
G01 X113.7228 Y162.3829 Z-0.2724 F600
G01 X113.8195 Y162.3603 Z-0.2694 F600
G01 X113.8699 Y162.3503 Z-0.2680 F600
G01 X113.9204 Y162.3407 Z-0.2662 F600
G01 X114.0169 Y162.3244 Z-0.2640 F600
G01 X114.1216 Y162.3107 Z-0.2615 F600
G01 X114.2176 Y162.3007 Z-0.2598 F600
G01 X114.3262 Y162.2924 Z-0.2583 F600
G01 X114.4214 Y162.2880 Z-0.2571 F600
G01 X114.5341 Y162.2852 Z-0.2566 F600
G01 X114.6206 Y162.2860 Z-0.2554 F600
G01 X114.7175 Y162.2885 Z-0.2552 F600
G01 X114.7969 Y162.2915 Z-0.2559 F600
G01 X114.8913 Y162.2988 Z-0.2553 F600
G01 X114.9708 Y162.3060 Z-0.2558 F600
G01 X115.0169 Y162.3107 Z-0.2567 F600
G01 X115.0629 Y162.3164 F600
G01 X115.1423 Y162.3280 Z-0.2569 F600
G01 X115.2322 Y162.3423 Z-0.2583 F600
G01 X115.3115 Y162.3577 Z-0.2590 F600
G01 X115.3990 Y162.3768 Z-0.2601 F600
G01 X115.4782 Y162.3954 Z-0.2622 F600
G01 X115.5633 Y162.4192 Z-0.2631 F600
G01 X115.6417 Y162.4426 Z-0.2649 F600
G01 X115.6835 Y162.4557 Z-0.2666 F600
G01 X115.7248 Y162.4698 Z-0.2671 F600
G01 X115.8022 Y162.4980 Z-0.2687 F600
G01 X115.8833 Y162.5290 Z-0.2717 F600
G01 X115.9594 Y162.5618 Z-0.2735 F600
G01 X116.0381 Y162.5976 Z-0.2761 F600
G01 X116.1131 Y162.6339 Z-0.2792 F600
G01 X116.1894 Y162.6745 Z-0.2815 F600
G01 X116.2586 Y162.7126 Z-0.2847 F600
G01 X116.2959 Y162.7343 Z-0.2865 F600
G01 X116.3326 Y162.7568 Z-0.2873 F600
G01 X116.3961 Y162.7966 Z-0.2898 F600
G01 X116.4681 Y162.8431 Z-0.2934 F600
G01 X116.5295 Y162.8866 Z-0.2951 F600
G01 X116.5986 Y162.9368 Z-0.2980 F600
G01 X116.6588 Y162.9825 Z-0.3008 F600
G00 Z6.0000 F480
G00 X120.8051 Y165.2484 F1000
G00 Z0.9000 F480
G01 Z0.3612 F600
G01 X120.8913 Y165.1816 Z0.2836 F600
G01 X120.9780 Y165.1146 Z0.2057 F600
G01 X120.7619 Y165.2818 Z0.4000 F600
G01 X120.9776 Y165.1148 Z0.2060 F600
G01 X121.0636 Y165.0501 Z0.1304 F600
G01 X121.2352 Y164.9235 Z-0.0176 F600
G01 X121.4911 Y164.7446 Z-0.2288 F600
G01 X121.5760 Y164.6883 Z-0.2958 F600
G01 X121.7451 Y164.5800 Z-0.4256 F600
G01 X121.8730 Y164.7816 Z-0.2426 F600
G01 X122.1308 Y165.1689 Z0.1072 F600
G01 X122.3295 Y165.4536 Z0.3631 F600
G01 X122.1578 Y165.2076 Z0.1420 F600
G01 X121.9382 Y164.8806 Z-0.1531 F600
G01 X121.7759 Y164.6286 Z-0.3815 F600
G01 X121.7582 Y164.5373 Z-0.4261 F600
G01 X121.7988 Y164.4222 Z-0.4253 F600
G01 X121.8266 Y164.3497 Z-0.4248 F600
G01 X121.8557 Y164.2775 Z-0.4230 F600
G01 X121.9042 Y164.1652 Z-0.4204 F600
G01 X121.9685 Y164.0318 Z-0.4155 F600
G01 X122.0263 Y163.9233 Z-0.4102 F600
G01 X122.0611 Y163.8618 Z-0.4076 F600
G01 X122.0972 Y163.8010 Z-0.4035 F600
G01 X122.1634 Y163.6963 Z-0.3971 F600
G01 X122.2014 Y163.6405 Z-0.3937 F600
G01 X122.2398 Y163.5850 Z-0.3897 F600
G01 X122.3148 Y163.4851 Z-0.3822 F600
G01 X122.3554 Y163.4347 Z-0.3785 F600
G01 X122.3966 Y163.3847 Z-0.3741 F600
G01 X122.4798 Y163.2902 Z-0.3665 F600
G01 X122.5655 Y163.1997 Z-0.3595 F600
G01 X122.6570 Y163.1116 Z-0.3520 F600
G01 X122.7017 Y163.0711 Z-0.3493 F600
G01 X122.7472 Y163.0314 Z-0.3454 F600
G01 X122.8398 Y162.9549 Z-0.3393 F600
G01 X122.9338 Y162.8837 Z-0.3332 F600
G01 X123.0262 Y162.8193 Z-0.3271 F600
G01 X123.0746 Y162.7874 Z-0.3246 F600
G01 X123.1234 Y162.7561 Z-0.3214 F600
G01 X123.2201 Y162.6988 Z-0.3155 F600
G01 X123.2703 Y162.6710 Z-0.3129 F600
G01 X123.3209 Y162.6441 Z-0.3094 F600
G01 X123.4210 Y162.5940 Z-0.3042 F600
G01 X123.5251 Y162.5472 Z-0.2984 F600
G01 X123.6281 Y162.5054 Z-0.2931 F600
G01 X123.7352 Y162.4657 Z-0.2886 F600
G01 X123.8401 Y162.4321 Z-0.2835 F600
G01 X123.8952 Y162.4156 Z-0.2820 F600
G01 X123.9507 Y162.4002 Z-0.2792 F600
G01 X124.0564 Y162.3737 Z-0.2755 F600
G01 X124.1133 Y162.3612 Z-0.2740 F600
G01 X124.1704 Y162.3495 Z-0.2717 F600
G01 X124.2764 Y162.3299 Z-0.2693 F600
G01 X124.3939 Y162.3131 Z-0.2660 F600
G01 X124.4998 Y162.3006 Z-0.2643 F600
G01 X124.6207 Y162.2906 Z-0.2624 F600
G01 X124.7262 Y162.2846 Z-0.2614 F600
G01 X124.8508 Y162.2813 Z-0.2608 F600
G01 X124.9633 Y162.2818 Z-0.2606 F600
G01 X125.1112 Y162.2861 Z-0.2616 F600
G01 X125.2324 Y162.2941 Z-0.2622 F600
G01 X125.3758 Y162.3073 Z-0.2646 F600
G01 X125.4972 Y162.3235 Z-0.2664 F600
G01 X125.5669 Y162.3342 Z-0.2688 F600
G01 X125.6363 Y162.3462 Z-0.2697 F600
G01 X125.7576 Y162.3705 Z-0.2732 F600
G01 X125.8251 Y162.3862 Z-0.2757 F600
G01 X125.8924 Y162.4030 Z-0.2773 F600
G01 X126.0128 Y162.4360 Z-0.2821 F600
G01 X126.1436 Y162.4782 Z-0.2870 F600
G01 X126.2620 Y162.5213 Z-0.2921 F600
G01 X126.3892 Y162.5726 Z-0.2986 F600
G01 X126.5045 Y162.6256 Z-0.3039 F600
G01 X126.5664 Y162.6558 Z-0.3080 F600
G01 X126.6274 Y162.6876 Z-0.3103 F600
G01 X126.7393 Y162.7491 Z-0.3170 F600
G01 X126.8579 Y162.8219 Z-0.3233 F600
G01 X126.9644 Y162.8929 Z-0.3294 F600
G01 X127.0221 Y162.9340 Z-0.3334 F600
G01 X127.0793 Y162.9757 Z-0.3366 F600
G01 X127.1800 Y163.0549 Z-0.3425 F600
G01 X127.2355 Y163.1015 Z-0.3465 F600
G01 X127.2902 Y163.1490 Z-0.3491 F600
G01 X127.3850 Y163.2355 Z-0.3553 F600
G01 X127.4881 Y163.3376 Z-0.3620 F600
G01 X127.5774 Y163.4333 Z-0.3677 F600
G01 X127.6246 Y163.4865 Z-0.3718 F600
G01 X127.6709 Y163.5405 Z-0.3747 F600
G01 X127.7543 Y163.6440 Z-0.3814 F600
G01 X127.7960 Y163.7002 Z-0.3849 F600
G01 X127.8373 Y163.7568 Z-0.3880 F600
G01 X127.9129 Y163.8682 Z-0.3946 F600
G01 X127.9499 Y163.9271 Z-0.3984 F600
G01 X127.9863 Y163.9863 Z-0.4016 F600
G01 X128.0528 Y164.1049 Z-0.4079 F600
G01 X128.0842 Y164.1668 Z-0.4111 F600
G01 X128.1150 Y164.2289 Z-0.4137 F600
G01 X128.1710 Y164.3537 Z-0.4192 F600
G01 X128.1975 Y164.4183 Z-0.4226 F600
G01 X128.2226 Y164.4833 Z-0.4246 F600
G01 X128.2679 Y164.6127 Z-0.4296 F600
G01 X128.3078 Y164.7480 Z-0.4335 F600
G01 X128.3408 Y164.8807 Z-0.4366 F600
G01 X128.3561 Y164.9509 Z-0.4391 F600
G01 X128.3695 Y165.0215 Z-0.4396 F600
G01 X128.3915 Y165.1557 Z-0.4421 F600
G01 X128.4093 Y165.3017 Z-0.4444 F600
G01 X128.4195 Y165.4363 Z-0.4453 F600
G01 X128.4234 Y165.5119 Z-0.4466 F600
G01 X128.4257 Y165.5875 Z-0.4463 F600
G01 X128.4267 Y165.7184 Z-0.4472 F600
G01 X128.4224 Y165.8624 Z-0.4477 F600
G01 X128.4137 Y165.9922 Z-0.4478 F600
G01 X128.4073 Y166.0618 Z-0.4486 F600
G01 X128.3995 Y166.1312 Z-0.4480 F600
G01 X128.3814 Y166.2615 Z-0.4482 F600
G01 X128.3561 Y166.3950 Z-0.4469 F600
G01 X128.3259 Y166.5246 Z-0.4451 F600
G01 X128.3089 Y166.5888 Z-0.4448 F600
G01 X128.2901 Y166.6526 Z-0.4427 F600
G01 X128.2479 Y166.7796 Z-0.4393 F600
G01 X128.2006 Y166.9017 Z-0.4349 F600
G01 X128.1455 Y167.0240 Z-0.4287 F600
G01 X128.0859 Y167.1392 Z-0.4211 F600
G01 X128.0185 Y167.2545 Z-0.4119 F600
G01 X127.9837 Y167.3090 Z-0.4078 F600
G01 X127.9473 Y167.3627 Z-0.4018 F600
G01 X127.8693 Y167.4691 Z-0.3902 F600
G01 X127.8287 Y167.5200 Z-0.3845 F600
G01 X127.7868 Y167.5701 Z-0.3773 F600
G01 X127.6997 Y167.6660 Z-0.3632 F600
G01 X127.6059 Y167.7591 Z-0.3475 F600
G01 X127.5112 Y167.8430 Z-0.3303 F600
G01 X127.4590 Y167.8857 Z-0.3211 F600
G01 X127.4060 Y167.9276 Z-0.3109 F600
G01 X127.3069 Y168.0000 Z-0.2924 F600
G01 X127.2509 Y168.0379 Z-0.2824 F600
G01 X127.1943 Y168.0751 Z-0.2715 F600
G01 X127.0908 Y168.1374 Z-0.2520 F600
G01 X127.0325 Y168.1695 Z-0.2415 F600
G01 X126.9737 Y168.2009 Z-0.2300 F600
G01 X126.8680 Y168.2534 Z-0.2110 F600
G01 X126.7475 Y168.3069 Z-0.1897 F600
G01 X126.6427 Y168.3526 Z-0.1751 F600
G01 X126.5844 Y168.3813 Z-0.1725 F600
G01 X126.5279 Y168.4131 Z-0.1735 F600
G01 X126.4319 Y168.4746 Z-0.1866 F600
G01 X126.3780 Y168.5136 Z-0.2005 F600
G01 X126.3255 Y168.5560 Z-0.2182 F600
G01 X126.2317 Y168.6403 Z-0.2627 F600
G01 X126.1799 Y168.6918 Z-0.2944 F600
G01 X126.1293 Y168.7470 Z-0.3302 F600
G01 X126.0309 Y168.8646 Z-0.4147 F600
G01 X125.9670 Y168.8848 Z-0.4183 F600
G01 X125.8969 Y168.8806 Z-0.3968 F600
G01 X125.7643 Y168.8701 Z-0.3584 F600
G01 X125.6938 Y168.8648 Z-0.3409 F600
G01 X125.6235 Y168.8599 Z-0.3239 F600
G01 X125.4996 Y168.8494 Z-0.2965 F600
G01 X125.3570 Y168.8386 Z-0.2713 F600
G01 X125.2390 Y168.8286 Z-0.2534 F600
G01 X125.0933 Y168.8169 Z-0.2369 F600
G01 X125.0087 Y168.8102 Z-0.2291 F600
G01 X124.9470 Y168.8053 Z-0.2254 F600
G01 X124.8932 Y168.8007 Z-0.2227 F600
G01 X124.8286 Y168.7945 Z-0.2201 F600
G01 X124.7756 Y168.7900 Z-0.2194 F600
G01 X124.7079 Y168.7843 Z-0.2196 F600
G01 X124.6550 Y168.7794 Z-0.2202 F600
G01 X124.6209 Y168.7650 Z-0.2098 F600
G01 X124.5888 Y168.7332 Z-0.1819 F600
G01 X124.4774 Y168.6204 Z-0.0856 F600
G01 X124.3673 Y168.5061 Z0.0093 F600
G01 X124.2579 Y168.3898 Z0.1032 F600
G01 X124.1103 Y168.2289 Z0.2295 F600
G01 X123.9397 Y168.0379 Z0.3747 F600
G01 X124.1200 Y168.2398 Z0.2212 F600
G01 X124.2431 Y168.3741 Z0.1159 F600
G01 X124.3059 Y168.4410 Z0.0621 F600
G01 X124.4331 Y168.5748 Z-0.0474 F600
G01 X124.5636 Y168.7081 Z-0.1601 F600
G01 X124.6306 Y168.7746 Z-0.2182 F600
G01 X124.5565 Y168.8589 Z-0.1341 F600
G01 X124.3279 Y169.1126 Z0.1245 F600
G01 X124.0873 Y169.4053 Z0.4000 F600
G01 X124.2860 Y169.1636 Z0.1726 F600
G01 X124.3871 Y169.0459 Z0.0574 F600
G01 X124.5259 Y168.8926 Z-0.0995 F600
G01 X124.6289 Y168.7820 Z-0.2155 F600
G01 X124.6951 Y168.7832 Z-0.2196 F600
G01 X124.7611 Y168.7887 Z-0.2194 F600
G01 X124.8610 Y168.7976 Z-0.2214 F600
G01 X124.9260 Y168.8037 Z-0.2242 F600
G01 X124.9911 Y168.8088 Z-0.2280 F600
G01 X125.0923 Y168.8168 Z-0.2368 F600
G01 X125.2216 Y168.8272 Z-0.2514 F600
G01 X125.3249 Y168.8362 Z-0.2656 F600
G01 X125.4543 Y168.8459 Z-0.2884 F600
G01 X125.5611 Y168.8554 Z-0.3091 F600
G01 X125.6917 Y168.8646 Z-0.3404 F600
G01 X125.8037 Y168.8740 Z-0.3691 F600
G01 X125.8699 Y168.8790 Z-0.3885 F600
G01 X125.9364 Y168.8830 Z-0.4089 F600
G01 X126.0387 Y168.9282 Z-0.4073 F600
G01 X126.0810 Y168.9884 Z-0.3703 F600
G01 X126.1248 Y169.0455 Z-0.3368 F600
G01 X126.1991 Y169.1342 Z-0.2903 F600
G01 X126.2450 Y169.1841 Z-0.2679 F600
G01 X126.2925 Y169.2310 Z-0.2489 F600
G01 X126.3698 Y169.3003 Z-0.2273 F600
G01 X126.4205 Y169.3411 Z-0.2189 F600
G01 X126.4730 Y169.3791 Z-0.2139 F600
G01 X126.5667 Y169.4397 Z-0.2154 F600
G01 X126.6765 Y169.5056 Z-0.2264 F600
G01 X126.7836 Y169.5755 Z-0.2390 F600
G01 X126.8345 Y169.6115 Z-0.2461 F600
G01 X126.8848 Y169.6481 Z-0.2522 F600
G01 X126.9887 Y169.7305 Z-0.2670 F600
G01 X127.0808 Y169.8112 Z-0.2811 F600
G01 X127.1787 Y169.9069 Z-0.2969 F600
G01 X127.2607 Y169.9966 Z-0.3109 F600
G01 X127.3496 Y170.1053 Z-0.3270 F600
G01 X127.4210 Y170.2042 Z-0.3403 F600
G01 X127.4969 Y170.3245 Z-0.3546 F600
G01 X127.5271 Y170.3787 Z-0.3609 F600
G01 X127.5566 Y170.4331 Z-0.3664 F600
G01 X127.6178 Y170.5618 Z-0.3789 F600
G01 X127.6426 Y170.6205 Z-0.3849 F600
G01 X127.6657 Y170.6796 Z-0.3892 F600
G01 X127.7113 Y170.8137 Z-0.3993 F600
G01 X127.7292 Y170.8770 Z-0.4037 F600
G01 X127.7462 Y170.9406 Z-0.4072 F600
G01 X127.7750 Y171.0771 Z-0.4134 F600
G01 X127.7858 Y171.1449 Z-0.4161 F600
G01 X127.7954 Y171.2129 Z-0.4176 F600
G01 X127.8085 Y171.3492 Z-0.4199 F600
G01 X127.8123 Y171.4211 Z-0.4210 F600
G01 X127.8146 Y171.4931 Z-0.4207 F600
G01 X127.8140 Y171.6171 Z-0.4196 F600
G01 X127.8118 Y171.6746 Z-0.4193 F600
G01 X127.8084 Y171.7320 Z-0.4180 F600
G01 X127.7980 Y171.8472 Z-0.4156 F600
G01 X127.7912 Y171.9026 Z-0.4148 F600
G01 X127.7832 Y171.9579 Z-0.4127 F600
G01 X127.7627 Y172.0732 Z-0.4090 F600
G01 X127.7391 Y172.1795 Z-0.4052 F600
G01 X127.7084 Y172.2935 Z-0.4004 F600
G01 X127.6757 Y172.3952 Z-0.3953 F600
G01 X127.6348 Y172.5065 Z-0.3896 F600
G01 X127.6151 Y172.5553 Z-0.3876 F600
G01 X127.5943 Y172.6037 Z-0.3844 F600
G01 X127.5443 Y172.7112 Z-0.3788 F600
G01 X127.4965 Y172.8042 Z-0.3742 F600
G01 X127.4378 Y172.9064 Z-0.3684 F600
G01 X127.4099 Y172.9507 Z-0.3660 F600
G01 X127.3816 Y172.9947 Z-0.3630 F600
G01 X127.3148 Y173.0903 Z-0.3569 F600
G01 X127.2832 Y173.1325 Z-0.3546 F600
G01 X127.2508 Y173.1741 Z-0.3514 F600
G01 X127.1772 Y173.2623 Z-0.3451 F600
G01 X127.1048 Y173.3411 Z-0.3386 F600
G01 X127.0251 Y173.4209 Z-0.3316 F600
G01 X126.9855 Y173.4584 Z-0.3289 F600
G01 X126.9449 Y173.4950 Z-0.3248 F600
G01 X126.8604 Y173.5675 Z-0.3180 F600
G01 X126.7741 Y173.6352 Z-0.3108 F600
G01 X126.6831 Y173.7009 Z-0.3036 F600
G01 X126.6384 Y173.7313 Z-0.3009 F600
G01 X126.5932 Y173.7612 Z-0.2973 F600
G01 X126.4981 Y173.8197 Z-0.2911 F600
G01 X126.4514 Y173.8463 Z-0.2885 F600
G01 X126.4043 Y173.8724 Z-0.2853 F600
G01 X126.3061 Y173.9235 Z-0.2804 F600
G01 X126.2086 Y173.9695 Z-0.2759 F600
G01 X126.1077 Y174.0125 Z-0.2717 F600
G01 X126.0572 Y174.0324 Z-0.2703 F600
G01 X126.0065 Y174.0518 Z-0.2685 F600
G01 X125.9039 Y174.0870 Z-0.2653 F600
G01 X125.8514 Y174.1035 Z-0.2644 F600
G01 X125.7985 Y174.1190 Z-0.2626 F600
G01 X125.6951 Y174.1470 Z-0.2609 F600
G01 X125.5854 Y174.1719 Z-0.2589 F600
G01 X125.4815 Y174.1921 Z-0.2576 F600
G01 X125.3676 Y174.2108 Z-0.2570 F600
G01 X125.2638 Y174.2235 Z-0.2560 F600
G01 X125.2046 Y174.2297 Z-0.2564 F600
G01 X125.1453 Y174.2348 Z-0.2557 F600
G01 X125.0419 Y174.2415 Z-0.2558 F600
G01 X124.9804 Y174.2437 Z-0.2561 F600
G01 X124.9189 Y174.2453 Z-0.2558 F600
G01 X124.8162 Y174.2461 Z-0.2566 F600
G01 X124.6941 Y174.2429 Z-0.2573 F600
G01 X124.5900 Y174.2373 Z-0.2585 F600
G01 X124.4719 Y174.2277 Z-0.2606 F600
G01 X124.3673 Y174.2153 Z-0.2623 F600
G01 X124.3101 Y174.2073 Z-0.2641 F600
G01 X124.2530 Y174.1986 Z-0.2652 F600
G01 X124.1481 Y174.1795 Z-0.2680 F600
G01 X124.0927 Y174.1679 Z-0.2701 F600
G01 X124.0376 Y174.1553 Z-0.2713 F600
G01 X123.9329 Y174.1290 Z-0.2752 F600
G01 X123.8261 Y174.0976 Z-0.2790 F600
G01 X123.7225 Y174.0629 Z-0.2832 F600
G01 X123.6708 Y174.0439 Z-0.2858 F600
G01 X123.6192 Y174.0244 Z-0.2880 F600
G01 X123.5174 Y173.9815 Z-0.2927 F600
G01 X123.4676 Y173.9586 Z-0.2953 F600
G01 X123.4180 Y173.9350 Z-0.2973 F600
G01 X123.3191 Y173.8841 Z-0.3025 F600
G01 X123.2231 Y173.8302 Z-0.3079 F600
G01 X123.1283 Y173.7710 Z-0.3127 F600
G01 X123.0819 Y173.7404 Z-0.3159 F600
G01 X123.0363 Y173.7088 Z-0.3178 F600
G01 X122.9460 Y173.6428 Z-0.3232 F600
G01 X122.8577 Y173.5726 Z-0.3285 F600
G01 X122.7704 Y173.4968 Z-0.3335 F600
G01 X122.7281 Y173.4582 Z-0.3369 F600
G01 X122.6868 Y173.4186 Z-0.3388 F600
G01 X122.6028 Y173.3335 Z-0.3446 F600
G01 X122.5246 Y173.2473 Z-0.3502 F600
G01 X122.4486 Y173.1555 Z-0.3554 F600
G01 X122.4119 Y173.1086 Z-0.3586 F600
G01 X122.3763 Y173.0610 Z-0.3606 F600
G01 X122.3080 Y172.9641 Z-0.3658 F600
G01 X122.2414 Y172.8614 Z-0.3710 F600
G01 X122.1817 Y172.7601 Z-0.3753 F600
G01 X122.1512 Y172.7047 Z-0.3779 F600
G01 X122.1216 Y172.6489 Z-0.3797 F600
G01 X122.0697 Y172.5444 Z-0.3837 F600
G01 X122.0154 Y172.4251 Z-0.3880 F600
G01 X121.9714 Y172.3179 Z-0.3912 F600
G01 X121.9472 Y172.2542 Z-0.3934 F600
G01 X121.9238 Y172.1903 Z-0.3947 F600
G01 X121.9820 Y172.0544 Z-0.2985 F600
G01 X122.0943 Y171.8755 Z-0.1420 F600
G01 X122.1726 Y171.7543 Z-0.0364 F600
G01 X122.2911 Y171.5759 Z0.1185 F600
G01 X122.3613 Y171.4731 Z0.2075 F600
G01 X122.4879 Y171.2923 Z0.3633 F600
G01 X122.3090 Y171.5491 Z0.1418 F600
G01 X122.1909 Y171.7268 Z-0.0125 F600
G01 X122.0735 Y171.9086 Z-0.1710 F600
G01 X121.9569 Y172.0945 Z-0.3336 F600
G01 X121.8923 Y172.1522 Z-0.3791 F600
G01 X121.8088 Y172.1036 Z-0.3166 F600
G01 X121.6414 Y172.0041 Z-0.1893 F600
G01 X121.3887 Y171.8456 Z0.0109 F600
G01 X121.2194 Y171.7352 Z0.1493 F600
G01 X120.9216 Y171.5335 Z0.4000 F600
G01 X121.1432 Y171.6844 Z0.2127 F600
G00 Z6.0000 F480
G00 X121.1432 Y171.6844 Z6.0000 F1000
G01 Z-0.1873 F600
G01 X120.9216 Y171.5335 Z0.0000 F600
G01 X121.2194 Y171.7352 Z-0.2507 F600
G01 X121.3887 Y171.8456 Z-0.3891 F600
G01 X121.6414 Y172.0041 Z-0.5893 F600
G01 X121.8088 Y172.1036 Z-0.7166 F600
G01 X121.8923 Y172.1522 Z-0.7791 F600
G01 X121.9569 Y172.0945 Z-0.7336 F600
G01 X122.0735 Y171.9086 Z-0.5710 F600
G01 X122.1909 Y171.7268 Z-0.4125 F600
G01 X122.3090 Y171.5491 Z-0.2582 F600
G01 X122.4879 Y171.2923 Z-0.0367 F600
G01 X122.3613 Y171.4731 Z-0.1925 F600
G01 X122.2911 Y171.5759 Z-0.2815 F600
G01 X122.1726 Y171.7543 Z-0.4364 F600
G01 X122.0943 Y171.8755 Z-0.5420 F600
G01 X121.9820 Y172.0544 Z-0.6985 F600
G01 X121.9238 Y172.1903 Z-0.7947 F600
G01 X121.9472 Y172.2542 Z-0.7934 F600
G01 X121.9714 Y172.3179 Z-0.7912 F600
G01 X122.0154 Y172.4251 Z-0.7880 F600
G01 X122.0697 Y172.5444 Z-0.7837 F600
G01 X122.1216 Y172.6489 Z-0.7797 F600
G01 X122.1512 Y172.7047 Z-0.7779 F600
G01 X122.1817 Y172.7601 Z-0.7753 F600
G01 X122.2414 Y172.8614 Z-0.7710 F600
G01 X122.3080 Y172.9641 Z-0.7658 F600
G01 X122.3763 Y173.0610 Z-0.7606 F600
G01 X122.4119 Y173.1086 Z-0.7586 F600
G01 X122.4486 Y173.1555 Z-0.7554 F600
G01 X122.5246 Y173.2473 Z-0.7502 F600
G01 X122.6028 Y173.3335 Z-0.7446 F600
G01 X122.6868 Y173.4186 Z-0.7388 F600
G01 X122.7281 Y173.4582 Z-0.7369 F600
G01 X122.7704 Y173.4968 Z-0.7335 F600
G01 X122.8577 Y173.5726 Z-0.7285 F600
G01 X122.9460 Y173.6428 Z-0.7232 F600
G01 X123.0363 Y173.7088 Z-0.7178 F600
G01 X123.0819 Y173.7404 Z-0.7159 F600
G01 X123.1283 Y173.7710 Z-0.7127 F600
G01 X123.2231 Y173.8302 Z-0.7079 F600
G01 X123.3191 Y173.8841 Z-0.7025 F600
G01 X123.4180 Y173.9350 Z-0.6973 F600
G01 X123.4676 Y173.9586 Z-0.6953 F600
G01 X123.5174 Y173.9815 Z-0.6927 F600
G01 X123.6192 Y174.0244 Z-0.6880 F600
G01 X123.6708 Y174.0439 Z-0.6858 F600
G01 X123.7225 Y174.0629 Z-0.6832 F600
G01 X123.8261 Y174.0976 Z-0.6790 F600
G01 X123.9329 Y174.1290 Z-0.6752 F600
G01 X124.0376 Y174.1553 Z-0.6713 F600
G01 X124.0927 Y174.1679 Z-0.6701 F600
G01 X124.1481 Y174.1795 Z-0.6680 F600
G01 X124.2530 Y174.1986 Z-0.6652 F600
G01 X124.3101 Y174.2073 Z-0.6641 F600
G01 X124.3673 Y174.2153 Z-0.6623 F600
G01 X124.4719 Y174.2277 Z-0.6606 F600
G01 X124.5900 Y174.2373 Z-0.6585 F600
G01 X124.6941 Y174.2429 Z-0.6573 F600
G01 X124.8162 Y174.2461 Z-0.6566 F600
G01 X124.9189 Y174.2453 Z-0.6558 F600
G01 X124.9804 Y174.2437 Z-0.6561 F600
G01 X125.0419 Y174.2415 Z-0.6558 F600
G01 X125.1453 Y174.2348 Z-0.6557 F600
G01 X125.2046 Y174.2297 Z-0.6564 F600
G01 X125.2638 Y174.2235 Z-0.6560 F600
G01 X125.3676 Y174.2108 Z-0.6570 F600
G01 X125.4815 Y174.1921 Z-0.6576 F600
G01 X125.5854 Y174.1719 Z-0.6589 F600
G01 X125.6951 Y174.1470 Z-0.6609 F600
G01 X125.7985 Y174.1190 Z-0.6626 F600
G01 X125.8514 Y174.1035 Z-0.6644 F600
G01 X125.9039 Y174.0870 Z-0.6653 F600
G01 X126.0065 Y174.0518 Z-0.6685 F600
G01 X126.0572 Y174.0324 Z-0.6703 F600
G01 X126.1077 Y174.0125 Z-0.6717 F600
G01 X126.2086 Y173.9695 Z-0.6759 F600
G01 X126.3061 Y173.9235 Z-0.6804 F600
G01 X126.4043 Y173.8724 Z-0.6853 F600
G01 X126.4514 Y173.8463 Z-0.6885 F600
G01 X126.4981 Y173.8197 Z-0.6911 F600
G01 X126.5932 Y173.7612 Z-0.6973 F600
G01 X126.6384 Y173.7313 Z-0.7009 F600
G01 X126.6831 Y173.7009 Z-0.7036 F600
G01 X126.7741 Y173.6352 Z-0.7108 F600
G01 X126.8604 Y173.5675 Z-0.7180 F600
G01 X126.9449 Y173.4950 Z-0.7248 F600
G01 X126.9855 Y173.4584 Z-0.7289 F600
G01 X127.0251 Y173.4209 Z-0.7316 F600
G01 X127.1048 Y173.3411 Z-0.7386 F600
G01 X127.1772 Y173.2623 Z-0.7451 F600
G01 X127.2508 Y173.1741 Z-0.7514 F600
G01 X127.2832 Y173.1325 Z-0.7546 F600
G01 X127.3148 Y173.0903 Z-0.7569 F600
G01 X127.3816 Y172.9947 Z-0.7630 F600
G01 X127.4099 Y172.9507 Z-0.7660 F600
G01 X127.4378 Y172.9064 Z-0.7684 F600
G01 X127.4965 Y172.8042 Z-0.7742 F600
G01 X127.5443 Y172.7112 Z-0.7788 F600
G01 X127.5943 Y172.6037 Z-0.7844 F600
G01 X127.6151 Y172.5553 Z-0.7876 F600
G01 X127.6348 Y172.5065 Z-0.7896 F600
G01 X127.6757 Y172.3952 Z-0.7953 F600
G01 X127.7084 Y172.2935 Z-0.8004 F600
G01 X127.7391 Y172.1795 Z-0.8052 F600
G01 X127.7627 Y172.0732 Z-0.8090 F600
G01 X127.7832 Y171.9579 Z-0.8127 F600
G01 X127.7912 Y171.9026 Z-0.8148 F600
G01 X127.7980 Y171.8472 Z-0.8156 F600
G01 X127.8084 Y171.7320 Z-0.8180 F600
G01 X127.8118 Y171.6746 Z-0.8193 F600
G01 X127.8140 Y171.6171 Z-0.8196 F600
G01 X127.8146 Y171.4931 Z-0.8207 F600
G01 X127.8123 Y171.4211 Z-0.8210 F600
G01 X127.8085 Y171.3492 Z-0.8199 F600
G01 X127.7954 Y171.2129 Z-0.8176 F600
G01 X127.7858 Y171.1449 Z-0.8161 F600
G01 X127.7750 Y171.0771 Z-0.8134 F600
G01 X127.7462 Y170.9406 Z-0.8072 F600
G01 X127.7292 Y170.8770 Z-0.8037 F600
G01 X127.7113 Y170.8137 Z-0.7993 F600
G01 X127.6657 Y170.6796 Z-0.7892 F600
G01 X127.6426 Y170.6205 Z-0.7849 F600
G01 X127.6178 Y170.5618 Z-0.7789 F600
G01 X127.5566 Y170.4331 Z-0.7664 F600
G01 X127.5271 Y170.3787 Z-0.7609 F600
G01 X127.4969 Y170.3245 Z-0.7546 F600
G01 X127.4210 Y170.2042 Z-0.7403 F600
G01 X127.3496 Y170.1053 Z-0.7270 F600
G01 X127.2607 Y169.9966 Z-0.7109 F600
G01 X127.1787 Y169.9069 Z-0.6969 F600
G01 X127.0808 Y169.8112 Z-0.6811 F600
G01 X126.9887 Y169.7305 Z-0.6670 F600
G01 X126.8848 Y169.6481 Z-0.6522 F600
G01 X126.8345 Y169.6115 Z-0.6461 F600
G01 X126.7836 Y169.5755 Z-0.6390 F600
G01 X126.6765 Y169.5056 Z-0.6264 F600
G01 X126.5667 Y169.4397 Z-0.6154 F600
G01 X126.4730 Y169.3791 Z-0.6139 F600
G01 X126.4205 Y169.3411 Z-0.6189 F600
G01 X126.3698 Y169.3003 Z-0.6273 F600
G01 X126.2925 Y169.2310 Z-0.6489 F600
G01 X126.2450 Y169.1841 Z-0.6679 F600
G01 X126.1991 Y169.1342 Z-0.6903 F600
G01 X126.1248 Y169.0455 Z-0.7368 F600
G01 X126.0810 Y168.9884 Z-0.7703 F600
G01 X126.0387 Y168.9282 Z-0.8073 F600
G01 X125.9364 Y168.8830 Z-0.8089 F600
G01 X125.8699 Y168.8790 Z-0.7885 F600
G01 X125.8037 Y168.8740 Z-0.7691 F600
G01 X125.6917 Y168.8646 Z-0.7404 F600
G01 X125.5611 Y168.8554 Z-0.7091 F600
G01 X125.4543 Y168.8459 Z-0.6884 F600
G01 X125.3249 Y168.8362 Z-0.6656 F600
G01 X125.2216 Y168.8272 Z-0.6514 F600
G01 X125.0923 Y168.8168 Z-0.6368 F600
G01 X124.9911 Y168.8088 Z-0.6280 F600
G01 X124.9260 Y168.8037 Z-0.6242 F600
G01 X124.8610 Y168.7976 Z-0.6214 F600
G01 X124.7611 Y168.7887 Z-0.6194 F600
G01 X124.6951 Y168.7832 Z-0.6196 F600
G01 X124.6289 Y168.7820 Z-0.6155 F600
G01 X124.5259 Y168.8926 Z-0.4995 F600
G01 X124.3871 Y169.0459 Z-0.3426 F600
G01 X124.2860 Y169.1636 Z-0.2274 F600
G01 X124.0873 Y169.4053 Z0.0000 F600
G01 X124.3279 Y169.1126 Z-0.2755 F600
G01 X124.5565 Y168.8589 Z-0.5341 F600
G01 X124.6306 Y168.7746 Z-0.6182 F600
G01 X124.5636 Y168.7081 Z-0.5601 F600
G01 X124.4331 Y168.5748 Z-0.4474 F600
G01 X124.3059 Y168.4410 Z-0.3379 F600
G01 X124.2431 Y168.3741 Z-0.2841 F600
G01 X124.1200 Y168.2398 Z-0.1788 F600
G01 X123.9397 Y168.0379 Z-0.0253 F600
G01 X124.1103 Y168.2289 Z-0.1705 F600
G01 X124.2579 Y168.3898 Z-0.2968 F600
G01 X124.3673 Y168.5061 Z-0.3907 F600
G01 X124.4774 Y168.6204 Z-0.4856 F600
G01 X124.5888 Y168.7332 Z-0.5819 F600
G01 X124.6209 Y168.7650 Z-0.6098 F600
G01 X124.6550 Y168.7794 Z-0.6202 F600
G01 X124.7079 Y168.7843 Z-0.6196 F600
G01 X124.7756 Y168.7900 Z-0.6194 F600
G01 X124.8286 Y168.7945 Z-0.6201 F600
G01 X124.8932 Y168.8007 Z-0.6227 F600
G01 X124.9470 Y168.8053 Z-0.6254 F600
G01 X125.0087 Y168.8102 Z-0.6291 F600
G01 X125.0933 Y168.8169 Z-0.6369 F600
G01 X125.2390 Y168.8286 Z-0.6534 F600
G01 X125.3570 Y168.8386 Z-0.6713 F600
G01 X125.4996 Y168.8494 Z-0.6965 F600
G01 X125.6235 Y168.8599 Z-0.7239 F600
G01 X125.6938 Y168.8648 Z-0.7409 F600
G01 X125.7643 Y168.8701 Z-0.7584 F600
G01 X125.8969 Y168.8806 Z-0.7968 F600
G01 X125.9670 Y168.8848 Z-0.8183 F600
G01 X126.0309 Y168.8646 Z-0.8147 F600
G01 X126.1293 Y168.7470 Z-0.7302 F600
G01 X126.1799 Y168.6918 Z-0.6944 F600
G01 X126.2317 Y168.6403 Z-0.6627 F600
G01 X126.3255 Y168.5560 Z-0.6182 F600
G01 X126.3780 Y168.5136 Z-0.6005 F600
G01 X126.4319 Y168.4746 Z-0.5866 F600
G01 X126.5279 Y168.4131 Z-0.5735 F600
G01 X126.5844 Y168.3813 Z-0.5725 F600
G01 X126.6427 Y168.3526 Z-0.5751 F600
G01 X126.7475 Y168.3069 Z-0.5897 F600
G01 X126.8680 Y168.2534 Z-0.6110 F600
G01 X126.9737 Y168.2009 Z-0.6300 F600
G01 X127.0325 Y168.1695 Z-0.6415 F600
G01 X127.0908 Y168.1374 Z-0.6520 F600
G01 X127.1943 Y168.0751 Z-0.6715 F600
G01 X127.2509 Y168.0379 Z-0.6824 F600
G01 X127.3069 Y168.0000 Z-0.6924 F600
G01 X127.4060 Y167.9276 Z-0.7109 F600
G01 X127.4590 Y167.8857 Z-0.7211 F600
G01 X127.5112 Y167.8430 Z-0.7303 F600
G01 X127.6059 Y167.7591 Z-0.7475 F600
G01 X127.6997 Y167.6660 Z-0.7632 F600
G01 X127.7868 Y167.5701 Z-0.7773 F600
G01 X127.8287 Y167.5200 Z-0.7845 F600
G01 X127.8693 Y167.4691 Z-0.7902 F600
G01 X127.9473 Y167.3627 Z-0.8018 F600
G01 X127.9837 Y167.3090 Z-0.8078 F600
G01 X128.0185 Y167.2545 Z-0.8119 F600
G01 X128.0859 Y167.1392 Z-0.8211 F600
G01 X128.1455 Y167.0240 Z-0.8287 F600
G01 X128.2006 Y166.9017 Z-0.8349 F600
G01 X128.2479 Y166.7796 Z-0.8393 F600
G01 X128.2901 Y166.6526 Z-0.8427 F600
G01 X128.3089 Y166.5888 Z-0.8448 F600
G01 X128.3259 Y166.5246 Z-0.8451 F600
G01 X128.3561 Y166.3950 Z-0.8469 F600
G01 X128.3814 Y166.2615 Z-0.8482 F600
G01 X128.3995 Y166.1312 Z-0.8480 F600
G01 X128.4073 Y166.0618 Z-0.8486 F600
G01 X128.4137 Y165.9922 Z-0.8478 F600
G01 X128.4224 Y165.8624 Z-0.8477 F600
G01 X128.4267 Y165.7184 Z-0.8472 F600
G01 X128.4257 Y165.5875 Z-0.8463 F600
G01 X128.4234 Y165.5119 Z-0.8466 F600
G01 X128.4195 Y165.4363 Z-0.8453 F600
G01 X128.4093 Y165.3017 Z-0.8444 F600
G01 X128.3915 Y165.1557 Z-0.8421 F600
G01 X128.3695 Y165.0215 Z-0.8396 F600
G01 X128.3561 Y164.9509 Z-0.8391 F600
G01 X128.3408 Y164.8807 Z-0.8366 F600
G01 X128.3078 Y164.7480 Z-0.8335 F600
G01 X128.2679 Y164.6127 Z-0.8296 F600
G01 X128.2226 Y164.4833 Z-0.8246 F600
G01 X128.1975 Y164.4183 Z-0.8226 F600
G01 X128.1710 Y164.3537 Z-0.8192 F600
G01 X128.1150 Y164.2289 Z-0.8137 F600
G01 X128.0842 Y164.1668 Z-0.8111 F600
G01 X128.0528 Y164.1049 Z-0.8079 F600
G01 X127.9863 Y163.9863 Z-0.8016 F600
G01 X127.9499 Y163.9271 Z-0.7984 F600
G01 X127.9129 Y163.8682 Z-0.7946 F600
G01 X127.8373 Y163.7568 Z-0.7880 F600
G01 X127.7960 Y163.7002 Z-0.7849 F600
G01 X127.7543 Y163.6440 Z-0.7814 F600
G01 X127.6709 Y163.5405 Z-0.7747 F600
G01 X127.6246 Y163.4865 Z-0.7718 F600
G01 X127.5774 Y163.4333 Z-0.7677 F600
G01 X127.4881 Y163.3376 Z-0.7620 F600
G01 X127.3850 Y163.2355 Z-0.7553 F600
G01 X127.2902 Y163.1490 Z-0.7491 F600
G01 X127.2355 Y163.1015 Z-0.7465 F600
G01 X127.1800 Y163.0549 Z-0.7425 F600
G01 X127.0793 Y162.9757 Z-0.7366 F600
G01 X127.0221 Y162.9340 Z-0.7334 F600
G01 X126.9644 Y162.8929 Z-0.7294 F600
G01 X126.8579 Y162.8219 Z-0.7233 F600
G01 X126.7393 Y162.7491 Z-0.7170 F600
G01 X126.6274 Y162.6876 Z-0.7103 F600
G01 X126.5664 Y162.6558 Z-0.7080 F600
G01 X126.5045 Y162.6256 Z-0.7039 F600
G01 X126.3892 Y162.5726 Z-0.6986 F600
G01 X126.2620 Y162.5213 Z-0.6921 F600
G01 X126.1436 Y162.4782 Z-0.6870 F600
G01 X126.0128 Y162.4360 Z-0.6821 F600
G01 X125.8924 Y162.4030 Z-0.6773 F600
G01 X125.8251 Y162.3862 Z-0.6757 F600
G01 X125.7576 Y162.3705 Z-0.6732 F600
G01 X125.6363 Y162.3462 Z-0.6697 F600
G01 X125.5669 Y162.3342 Z-0.6688 F600
G01 X125.4972 Y162.3235 Z-0.6664 F600
G01 X125.3758 Y162.3073 Z-0.6646 F600
G01 X125.2324 Y162.2941 Z-0.6622 F600
G01 X125.1112 Y162.2861 Z-0.6616 F600
G01 X124.9633 Y162.2818 Z-0.6606 F600
G01 X124.8508 Y162.2813 Z-0.6608 F600
G01 X124.7262 Y162.2846 Z-0.6614 F600
G01 X124.6207 Y162.2906 Z-0.6624 F600
G01 X124.4998 Y162.3006 Z-0.6643 F600
G01 X124.3939 Y162.3131 Z-0.6660 F600
G01 X124.2764 Y162.3299 Z-0.6693 F600
G01 X124.1704 Y162.3495 Z-0.6717 F600
G01 X124.1133 Y162.3612 Z-0.6740 F600
G01 X124.0564 Y162.3737 Z-0.6755 F600
G01 X123.9507 Y162.4002 Z-0.6792 F600
G01 X123.8952 Y162.4156 Z-0.6820 F600
G01 X123.8401 Y162.4321 Z-0.6835 F600
G01 X123.7352 Y162.4657 Z-0.6886 F600
G01 X123.6281 Y162.5054 Z-0.6931 F600
G01 X123.5251 Y162.5472 Z-0.6984 F600
G01 X123.4210 Y162.5940 Z-0.7042 F600
G01 X123.3209 Y162.6441 Z-0.7094 F600
G01 X123.2703 Y162.6710 Z-0.7129 F600
G01 X123.2201 Y162.6988 Z-0.7155 F600
G01 X123.1234 Y162.7561 Z-0.7214 F600
G01 X123.0746 Y162.7874 Z-0.7246 F600
G01 X123.0262 Y162.8193 Z-0.7271 F600
G01 X122.9338 Y162.8837 Z-0.7332 F600
G01 X122.8398 Y162.9549 Z-0.7393 F600
G01 X122.7472 Y163.0314 Z-0.7454 F600
G01 X122.7017 Y163.0711 Z-0.7493 F600
G01 X122.6570 Y163.1116 Z-0.7520 F600
G01 X122.5655 Y163.1997 Z-0.7595 F600
G01 X122.4798 Y163.2902 Z-0.7665 F600
G01 X122.3966 Y163.3847 Z-0.7741 F600
G01 X122.3554 Y163.4347 Z-0.7785 F600
G01 X122.3148 Y163.4851 Z-0.7822 F600
G01 X122.2398 Y163.5850 Z-0.7897 F600
G01 X122.2014 Y163.6405 Z-0.7937 F600
G01 X122.1634 Y163.6963 Z-0.7971 F600
G01 X122.0972 Y163.8010 Z-0.8035 F600
G01 X122.0611 Y163.8618 Z-0.8076 F600
G01 X122.0263 Y163.9233 Z-0.8102 F600
G01 X121.9685 Y164.0318 Z-0.8155 F600
G01 X121.9042 Y164.1652 Z-0.8204 F600
G01 X121.8557 Y164.2775 Z-0.8230 F600
G01 X121.8266 Y164.3497 Z-0.8248 F600
G01 X121.7988 Y164.4222 Z-0.8253 F600
G01 X121.7582 Y164.5373 Z-0.8261 F600
G01 X121.7759 Y164.6286 Z-0.7815 F600
G01 X121.9382 Y164.8806 Z-0.5531 F600
G01 X122.1578 Y165.2076 Z-0.2580 F600
G01 X122.3295 Y165.4536 Z-0.0369 F600
G01 X122.1308 Y165.1689 Z-0.2928 F600
G01 X121.8730 Y164.7816 Z-0.6426 F600
G01 X121.7451 Y164.5800 Z-0.8256 F600
G01 X121.5760 Y164.6883 Z-0.6958 F600
G01 X121.4911 Y164.7446 Z-0.6288 F600
G01 X121.2352 Y164.9235 Z-0.4176 F600
G01 X121.0636 Y165.0501 Z-0.2696 F600
G01 X120.9776 Y165.1148 Z-0.1940 F600
G01 X120.7619 Y165.2818 Z0.0000 F600
G01 X120.9780 Y165.1146 Z-0.1943 F600
G01 X120.8913 Y165.1816 Z-0.1164 F600
G01 X120.8051 Y165.2484 Z-0.0388 F600
G00 Z6.0000 F480
G00 X118.1386 Y168.8373 F1000
G01 Z-1.0194 F600
G01 X118.0999 Y168.8238 Z-0.9880 F600
G01 X118.0632 Y168.8105 Z-0.9584 F600
G01 X118.0286 Y168.7978 Z-0.9311 F600
G01 X117.9959 Y168.7859 Z-0.9059 F600
G01 X117.9649 Y168.7745 Z-0.8825 F600
G01 X117.9352 Y168.7633 Z-0.8604 F600
G01 X117.9067 Y168.7521 Z-0.8395 F600
G01 X117.8794 Y168.7409 Z-0.8195 F600
G01 X117.8533 Y168.7298 Z-0.8006 F600
G01 X117.8281 Y168.7188 Z-0.7825 F600
G01 X117.8039 Y168.7078 Z-0.7654 F600
G01 X117.7807 Y168.6968 Z-0.7490 F600
G01 X117.7510 Y168.6823 Z-0.7284 F600
G01 X117.7228 Y168.6678 Z-0.7090 F600
G01 X117.6960 Y168.6536 Z-0.6909 F600
G01 X117.6704 Y168.6401 Z-0.6746 F600
G01 X117.6460 Y168.6271 Z-0.6597 F600
G01 X117.6226 Y168.6143 Z-0.6459 F600
G01 X117.6002 Y168.6015 Z-0.6329 F600
G01 X117.5734 Y168.5855 Z-0.6176 F600
G01 X117.5478 Y168.5695 Z-0.6036 F600
G01 X117.5235 Y168.5535 Z-0.5905 F600
G01 X117.5002 Y168.5375 Z-0.5784 F600
G01 X117.4780 Y168.5215 Z-0.5672 F600
G01 X117.4568 Y168.5054 Z-0.5568 F600
G01 X117.4364 Y168.4895 Z-0.5474 F600
G01 X117.4167 Y168.4740 Z-0.5393 F600
G01 X117.3938 Y168.4558 Z-0.5310 F600
G01 X117.3719 Y168.4375 Z-0.5236 F600
G01 X117.3509 Y168.4189 Z-0.5170 F600
G01 X117.3308 Y168.4002 Z-0.5113 F600
G01 X117.3115 Y168.3812 Z-0.5063 F600
G01 X117.2929 Y168.3620 Z-0.5021 F600
G01 X117.2750 Y168.3425 Z-0.4987 F600
G01 X117.2578 Y168.3228 Z-0.4959 F600
G01 X117.2411 Y168.3029 Z-0.4941 F600
G01 X117.2244 Y168.2831 Z-0.4937 F600
G01 X117.2081 Y168.2630 Z-0.4941 F600
G01 X117.1923 Y168.2425 Z-0.4953 F600
G01 X117.1025 Y168.1225 Z-0.5038 F600
G01 X117.0813 Y168.0956 Z-0.5057 F600
G01 X117.0034 Y168.0048 Z-0.5144 F600
G01 X116.9813 Y167.9797 Z-0.5165 F600
G01 X116.9413 Y167.9355 Z-0.5193 F600
G01 X116.9004 Y167.8920 Z-0.5234 F600
G01 X116.8770 Y167.8687 Z-0.5259 F600
G01 X116.7912 Y167.7856 Z-0.5335 F600
G01 X116.7674 Y167.7631 Z-0.5351 F600
G01 X116.7225 Y167.7233 Z-0.5386 F600
G01 X116.6767 Y167.6845 Z-0.5434 F600
G01 X116.6513 Y167.6636 Z-0.5456 F600
G01 X116.5572 Y167.5882 Z-0.5525 F600
G01 X116.5304 Y167.5685 Z-0.5549 F600
G01 X116.4305 Y167.4988 Z-0.5640 F600
G01 X116.4025 Y167.4798 Z-0.5661 F600
G01 X116.3511 Y167.4460 Z-0.5694 F600
G01 X116.2984 Y167.4139 Z-0.5748 F600
G01 X116.2684 Y167.3964 Z-0.5777 F600
G01 X116.1600 Y167.3347 Z-0.5865 F600
G01 X116.1284 Y167.3177 Z-0.5890 F600
G01 X116.0144 Y167.2623 Z-0.6004 F600
G01 X115.9830 Y167.2476 Z-0.6032 F600
G01 X115.9252 Y167.2213 Z-0.6075 F600
G01 X115.8372 Y167.1852 Z-0.6166 F600
G01 X115.6913 Y167.1310 Z-0.6295 F600
G01 X115.6318 Y167.1120 Z-0.6346 F600
G01 X115.5446 Y167.0864 Z-0.6434 F600
G01 X115.4846 Y167.0702 Z-0.6480 F600
G01 X115.3980 Y167.0480 Z-0.6550 F600
G01 X115.2501 Y167.0187 Z-0.6678 F600
G01 X115.1889 Y167.0081 Z-0.6716 F600
G01 X115.1013 Y166.9955 Z-0.6787 F600
G01 X114.9509 Y166.9797 Z-0.6892 F600
G01 X114.8883 Y166.9749 Z-0.6923 F600
G01 X114.7985 Y166.9710 Z-0.6991 F600
G01 X114.6438 Y166.9683 Z-0.7073 F600
G01 X114.5798 Y166.9703 Z-0.7109 F600
G01 X114.4821 Y166.9750 Z-0.7170 F600
G01 X114.4062 Y166.9802 Z-0.7202 F600
G01 X114.2944 Y166.9908 Z-0.7270 F600
G01 X114.1141 Y167.0158 Z-0.7365 F600
G01 X114.0420 Y167.0298 Z-0.7406 F600
G01 X113.9410 Y167.0511 Z-0.7472 F600
G01 X113.8706 Y167.0678 Z-0.7500 F600
G01 X113.7744 Y167.0937 Z-0.7561 F600
G01 X113.6138 Y167.1446 Z-0.7643 F600
G01 X113.5472 Y167.1694 Z-0.7674 F600
G01 X113.4590 Y167.2047 Z-0.7731 F600
G01 X113.3939 Y167.2327 Z-0.7754 F600
G01 X113.3083 Y167.2715 Z-0.7795 F600
G01 X113.1623 Y167.3479 Z-0.7865 F600
G01 X113.1004 Y167.3830 Z-0.7878 F600
G01 X113.0197 Y167.4327 Z-0.7924 F600
G01 X112.8795 Y167.5257 Z-0.7966 F600
G01 X112.8217 Y167.5693 Z-0.7988 F600
G01 X112.7430 Y167.6298 Z-0.8020 F600
G01 X112.6860 Y167.6761 Z-0.8026 F600
G01 X112.6082 Y167.7431 Z-0.8057 F600
G01 X112.4754 Y167.8668 Z-0.8086 F600
G01 X112.4224 Y167.9215 Z-0.8101 F600
G01 X112.3487 Y168.0001 Z-0.8129 F600
G01 X112.2975 Y168.0572 Z-0.8131 F600
G01 X112.2300 Y168.1372 Z-0.8156 F600
G01 X112.1204 Y168.2792 Z-0.8177 F600
G01 X112.0771 Y168.3415 Z-0.8182 F600
G01 X112.0206 Y168.4270 Z-0.8204 F600
G01 X111.9804 Y168.4915 Z-0.8201 F600
G01 X111.9279 Y168.5798 Z-0.8210 F600
G01 X111.8441 Y168.7394 Z-0.8219 F600
G01 X111.8110 Y168.8088 Z-0.8211 F600
G01 X111.7686 Y168.9060 Z-0.8226 F600
G01 X111.7393 Y168.9780 Z-0.8218 F600
G01 X111.6999 Y169.0797 Z-0.8216 F600
G01 X111.6405 Y169.2619 Z-0.8214 F600
G01 X111.6185 Y169.3388 Z-0.8203 F600
G01 X111.5898 Y169.4525 Z-0.8212 F600
G01 X111.5716 Y169.5321 Z-0.8201 F600
G01 X111.5470 Y169.6519 F600
G01 X111.5200 Y169.8166 Z-0.8197 F600
G01 X111.5134 Y169.8606 Z-0.8191 F600
G01 X111.5039 Y169.9455 Z-0.8192 F600
G01 X111.4915 Y170.0678 Z-0.8198 F600
G01 X111.4863 Y170.1333 Z-0.8188 F600
G01 X111.4821 Y170.1988 Z-0.8189 F600
G01 X111.4778 Y170.2949 Z-0.8202 F600
G01 X111.4743 Y170.4298 Z-0.8196 F600
G01 X111.4742 Y170.5310 Z-0.8208 F600
G01 X111.4807 Y170.7721 Z-0.8215 F600
G01 X111.4988 Y171.0032 Z-0.8237 F600
G01 X111.5055 Y171.0690 Z-0.8229 F600
G01 X111.5135 Y171.1346 Z-0.8235 F600
G01 X111.5277 Y171.2352 Z-0.8252 F600
G01 X111.5552 Y171.4052 Z-0.8250 F600
G01 X111.5638 Y171.4470 Z-0.8256 F600
G01 X111.6095 Y171.6496 Z-0.8264 F600
G01 X111.6308 Y171.7295 Z-0.8258 F600
G01 X111.6644 Y171.8432 Z-0.8272 F600
G01 X111.6893 Y171.9207 Z-0.8263 F600
G01 X111.7264 Y172.0292 Z-0.8261 F600
G01 X111.7975 Y172.2072 Z-0.8252 F600
G01 X111.8296 Y172.2799 Z-0.8234 F600
G01 X111.8771 Y172.3782 Z-0.8237 F600
G01 X111.9132 Y172.4483 Z-0.8220 F600
G01 X111.9637 Y172.5438 Z-0.8198 F600
G01 X112.0608 Y172.7027 Z-0.8170 F600
G01 X112.1038 Y172.7686 Z-0.8138 F600
G01 X112.1661 Y172.8571 Z-0.8122 F600
G01 X112.2806 Y173.0075 Z-0.8058 F600
G01 X112.3322 Y173.0680 Z-0.8032 F600
G01 X112.4072 Y173.1531 Z-0.8004 F600
G01 X112.4611 Y173.2113 Z-0.7965 F600
G01 X112.5402 Y173.2925 Z-0.7929 F600
G01 X112.6768 Y173.4216 Z-0.7849 F600
G01 X112.7351 Y173.4717 Z-0.7812 F600
G01 X112.8179 Y173.5400 Z-0.7773 F600
G01 X112.8777 Y173.5870 Z-0.7726 F600
G01 X112.9624 Y173.6502 Z-0.7676 F600
G01 X113.1119 Y173.7512 Z-0.7575 F600
G01 X113.1761 Y173.7905 Z-0.7525 F600
G01 X113.2671 Y173.8427 Z-0.7476 F600
G01 X113.3334 Y173.8785 Z-0.7421 F600
G01 X113.4278 Y173.9267 Z-0.7358 F600
G01 X113.5954 Y174.0014 Z-0.7242 F600
G01 X113.6664 Y174.0291 Z-0.7188 F600
G01 X113.7379 Y174.0551 Z-0.7153 F600
G01 X113.7705 Y174.0663 Z-0.7132 F600
G01 X113.8437 Y174.0905 Z-0.7073 F600
G01 X113.9172 Y174.1132 Z-0.7029 F600
G01 X113.9531 Y174.1227 Z-0.7012 F600
G01 X114.1046 Y174.1606 Z-0.6919 F600
G01 X114.1439 Y174.1695 Z-0.6892 F600
G01 X114.3001 Y174.1971 Z-0.6821 F600
G01 X114.3432 Y174.2040 Z-0.6797 F600
G01 X114.4234 Y174.2149 Z-0.6749 F600
G01 X114.5039 Y174.2232 Z-0.6728 F600
G01 X114.5509 Y174.2273 Z-0.6710 F600
G01 X114.6334 Y174.2336 Z-0.6667 F600
G01 X114.7160 Y174.2379 Z-0.6645 F600
G01 X114.7647 Y174.2389 Z-0.6635 F600
G01 X114.9325 Y174.2398 Z-0.6579 F600
G01 X114.9791 Y174.2380 Z-0.6572 F600
G01 X115.1442 Y174.2278 Z-0.6537 F600
G01 X115.1890 Y174.2242 Z-0.6523 F600
G01 X115.3510 Y174.2032 Z-0.6506 F600
G01 X115.3941 Y174.1969 Z-0.6496 F600
G01 X115.4739 Y174.1826 Z-0.6479 F600
G01 X115.5533 Y174.1662 Z-0.6483 F600
G01 X115.5950 Y174.1570 Z-0.6479 F600
G01 X115.6735 Y174.1384 Z-0.6460 F600
G01 X115.7513 Y174.1170 Z-0.6469 F600
G01 X115.7917 Y174.1049 Z-0.6471 F600
G01 X115.8686 Y174.0806 Z-0.6464 F600
G01 X115.9451 Y174.0555 F600
G01 X115.9847 Y174.0404 Z-0.6472 F600
G01 X116.1346 Y173.9804 Z-0.6481 F600
G01 X116.1739 Y173.9633 Z-0.6484 F600
G01 X116.3199 Y173.8921 Z-0.6516 F600
G01 X116.3590 Y173.8723 Z-0.6518 F600
G01 X116.4305 Y173.8323 Z-0.6533 F600
G01 X116.5014 Y173.7911 Z-0.6561 F600
G01 X116.5402 Y173.7678 Z-0.6570 F600
G01 X116.6104 Y173.7237 Z-0.6580 F600
G01 X116.6792 Y173.6772 Z-0.6619 F600
G01 X116.7156 Y173.6517 Z-0.6634 F600
G01 X116.7831 Y173.6030 Z-0.6649 F600
G01 X116.8495 Y173.5527 Z-0.6683 F600
G01 X116.8820 Y173.5264 Z-0.6701 F600
G01 X117.0090 Y173.4200 Z-0.6749 F600
G01 X117.0392 Y173.3925 Z-0.6766 F600
G01 X117.1587 Y173.2778 Z-0.6822 F600
G01 X117.1875 Y173.2493 Z-0.6830 F600
G01 X117.2440 Y173.1884 Z-0.6856 F600
G01 X117.2997 Y173.1269 Z-0.6891 F600
G01 X117.3267 Y173.0961 Z-0.6902 F600
G01 X117.3808 Y173.0324 Z-0.6913 F600
G01 X117.4326 Y172.9668 Z-0.6954 F600
G01 X117.4579 Y172.9333 Z-0.6970 F600
G01 X117.5078 Y172.8653 Z-0.6991 F600
G01 X117.5573 Y172.7969 Z-0.7017 F600
G01 X117.5811 Y172.7604 Z-0.7038 F600
G01 X117.6722 Y172.6154 Z-0.7101 F600
G01 X117.6958 Y172.5764 Z-0.7113 F600
G01 X117.7955 Y172.3902 Z-0.7209 F600
G01 X117.8252 Y172.3306 Z-0.7225 F600
G01 X117.8531 Y172.2701 Z-0.7261 F600
G01 X117.8919 Y172.1831 Z-0.7316 F600
G01 X117.9443 Y172.0574 Z-0.7367 F600
G01 X117.9772 Y171.9695 Z-0.7430 F600
G01 X118.0232 Y171.8352 Z-0.7493 F600
G01 X118.0528 Y171.7418 Z-0.7549 F600
G01 X118.0921 Y171.5962 Z-0.7623 F600
G01 X118.1201 Y171.4882 Z-0.7679 F600
G01 X118.1754 Y171.2172 Z-0.7830 F600
G01 X118.2205 Y170.9129 Z-0.8017 F600
G01 X118.2522 Y170.5835 Z-0.8245 F600
G01 X118.2677 Y170.2787 Z-0.8484 F600
G01 X118.2686 Y170.2295 Z-0.8530 F600
G01 X118.2701 Y169.9876 Z-0.8746 F600
G01 X118.2672 Y169.8584 Z-0.8891 F600
G01 X118.2615 Y169.7166 Z-0.9039 F600
G01 X118.2580 Y169.6457 Z-0.9119 F600
G01 X118.2439 Y169.4570 Z-0.9375 F600
G01 X118.2373 Y169.3825 Z-0.9468 F600
G01 X118.2291 Y169.3079 Z-0.9578 F600
G01 X118.2106 Y169.1587 Z-0.9818 F600
G01 X118.1938 Y169.0329 Z-1.0025 F600
G01 X118.1665 Y168.8767 Z-1.0316 F600
G01 X118.1858 Y168.7990 Z-1.0133 F600
G01 X118.2248 Y168.7215 Z-0.9751 F600
G01 X118.2601 Y168.6440 Z-0.9408 F600
G01 X118.2815 Y168.5913 Z-0.9194 F600
G01 X118.3069 Y168.5213 Z-0.8933 F600
G01 X118.3292 Y168.4513 Z-0.8702 F600
G01 X118.3484 Y168.3813 Z-0.8502 F600
G01 X118.3646 Y168.3114 Z-0.8333 F600
G01 X118.3777 Y168.2415 Z-0.8194 F600
G01 X118.3877 Y168.1717 Z-0.8085 F600
G01 X118.3931 Y168.1166 Z-0.8018 F600
G01 X118.3971 Y168.0384 Z-0.7951 F600
G01 X118.3976 Y167.9603 Z-0.7920 F600
G01 X118.3962 Y167.6698 Z-0.7826 F600
G01 X118.3884 Y167.4457 Z-0.7769 F600
G01 X118.3813 Y167.2964 Z-0.7749 F600
G01 X118.3785 Y167.2450 Z-0.7739 F600
G01 X118.3629 Y167.0311 Z-0.7706 F600
G01 X118.3508 Y166.8886 Z-0.7700 F600
G01 X118.3458 Y166.8357 Z-0.7695 F600
G01 X118.3370 Y166.7542 Z-0.7685 F600
G01 X118.3183 Y166.5913 Z-0.7677 F600
G01 X118.3082 Y166.5100 Z-0.7681 F600
G01 X118.3009 Y166.4562 F600
G01 X118.2897 Y166.3788 Z-0.7674 F600
G01 X118.2535 Y166.1468 Z-0.7679 F600
G01 X118.2451 Y166.0995 Z-0.7682 F600
G01 X118.2174 Y165.9529 Z-0.7677 F600
G01 X118.1881 Y165.8066 Z-0.7689 F600
G01 X118.1795 Y165.7659 F600
G01 X118.1637 Y165.6966 Z-0.7684 F600
G01 X118.1311 Y165.5582 Z-0.7686 F600
G01 X118.1058 Y165.4553 Z-0.7690 F600
G01 X118.0702 Y165.3246 Z-0.7677 F600
G01 X118.0230 Y165.1597 Z-0.7673 F600
G01 X117.9988 Y165.0829 Z-0.7658 F600
G01 X117.9491 Y164.9296 Z-0.7640 F600
G01 X117.9357 Y164.8914 Z-0.7635 F600
G01 X117.8823 Y164.7459 Z-0.7599 F600
G01 X117.8546 Y164.6736 Z-0.7591 F600
G01 X117.8404 Y164.6378 Z-0.7583 F600
G01 X117.8117 Y164.5682 Z-0.7558 F600
G01 X117.7382 Y164.3984 Z-0.7519 F600
G01 X117.6746 Y164.2665 Z-0.7477 F600
G01 X117.6280 Y164.1735 Z-0.7456 F600
G01 X117.5940 Y164.1106 Z-0.7429 F600
G01 X117.5595 Y164.0481 Z-0.7409 F600
G01 X117.5104 Y163.9622 Z-0.7387 F600
G01 X117.4737 Y163.9028 Z-0.7361 F600
G01 X117.4362 Y163.8438 Z-0.7343 F600
G01 X117.3848 Y163.7645 Z-0.7321 F600
G01 X117.3053 Y163.6529 Z-0.7275 F600
G01 X117.2509 Y163.5803 Z-0.7260 F600
G01 X117.2089 Y163.5275 Z-0.7232 F600
G01 X117.1093 Y163.4082 Z-0.7195 F600
G01 X117.0187 Y163.3104 Z-0.7152 F600
G01 X116.9591 Y163.2485 Z-0.7134 F600
G01 X116.8634 Y163.1571 Z-0.7086 F600
G01 X116.8005 Y163.1000 Z-0.7069 F600
G01 X116.7503 Y163.0572 Z-0.7038 F600
G01 X116.6481 Y162.9738 Z-0.7004 F600
G01 X116.6588 Y162.9825 Z-0.7008 F600
G01 X116.5986 Y162.9368 Z-0.6980 F600
G01 X116.5295 Y162.8866 Z-0.6951 F600
G01 X116.4681 Y162.8431 Z-0.6934 F600
G01 X116.3961 Y162.7966 Z-0.6898 F600
G01 X116.3326 Y162.7568 Z-0.6873 F600
G01 X116.2959 Y162.7343 Z-0.6865 F600
G01 X116.2586 Y162.7126 Z-0.6847 F600
G01 X116.1894 Y162.6745 Z-0.6815 F600
G01 X116.1131 Y162.6339 Z-0.6792 F600
G01 X116.0381 Y162.5976 Z-0.6761 F600
G01 X115.9594 Y162.5618 Z-0.6735 F600
G01 X115.8833 Y162.5290 Z-0.6717 F600
G01 X115.8022 Y162.4980 Z-0.6687 F600
G01 X115.7248 Y162.4698 Z-0.6671 F600
G01 X115.6835 Y162.4557 Z-0.6666 F600
G01 X115.6417 Y162.4426 Z-0.6649 F600
G01 X115.5633 Y162.4192 Z-0.6631 F600
G01 X115.4782 Y162.3954 Z-0.6622 F600
G01 X115.3990 Y162.3768 Z-0.6601 F600
G01 X115.3115 Y162.3577 Z-0.6590 F600
G01 X115.2322 Y162.3423 Z-0.6583 F600
G01 X115.1423 Y162.3280 Z-0.6569 F600
G01 X115.0629 Y162.3164 Z-0.6567 F600
G01 X115.0169 Y162.3107 F600
G01 X114.9708 Y162.3060 Z-0.6558 F600
G01 X114.8913 Y162.2988 Z-0.6553 F600
G01 X114.7969 Y162.2915 Z-0.6559 F600
G01 X114.7175 Y162.2885 Z-0.6552 F600
G01 X114.6206 Y162.2860 Z-0.6554 F600
G01 X114.5341 Y162.2852 Z-0.6566 F600
G01 X114.4214 Y162.2880 Z-0.6571 F600
G01 X114.3262 Y162.2924 Z-0.6583 F600
G01 X114.2176 Y162.3007 Z-0.6598 F600
G01 X114.1216 Y162.3107 Z-0.6615 F600
G01 X114.0169 Y162.3244 Z-0.6640 F600
G01 X113.9204 Y162.3407 Z-0.6662 F600
G01 X113.8699 Y162.3503 Z-0.6680 F600
G01 X113.8195 Y162.3603 Z-0.6694 F600
G01 X113.7228 Y162.3829 Z-0.6724 F600
G01 X113.6740 Y162.3953 Z-0.6747 F600
G01 X113.6257 Y162.4088 Z-0.6759 F600
G01 X113.5290 Y162.4378 Z-0.6801 F600
G01 X113.4358 Y162.4702 Z-0.6836 F600
G01 X113.3403 Y162.5070 Z-0.6880 F600
G01 X113.2505 Y162.5451 Z-0.6926 F600
G01 X113.1571 Y162.5898 Z-0.6969 F600
G01 X113.1138 Y162.6117 Z-0.6998 F600
G01 X113.0712 Y162.6347 Z-0.7014 F600
G01 X112.9804 Y162.6865 Z-0.7066 F600
G01 X112.8985 Y162.7384 Z-0.7108 F600
G01 X112.8119 Y162.7979 Z-0.7155 F600
G01 X112.7725 Y162.8267 Z-0.7181 F600
G01 X112.7336 Y162.8561 Z-0.7201 F600
G01 X112.6478 Y162.9257 Z-0.7253 F600
G01 X112.5739 Y162.9917 Z-0.7295 F600
G01 X112.4913 Y163.0717 Z-0.7348 F600
G01 X112.4561 Y163.1083 Z-0.7377 F600
G01 X112.4214 Y163.1454 Z-0.7398 F600
G01 X112.3466 Y163.2311 Z-0.7453 F600
G01 X112.2817 Y163.3135 Z-0.7495 F600
G01 X112.2159 Y163.4042 Z-0.7540 F600
G01 X112.1852 Y163.4492 Z-0.7567 F600
G01 X112.1556 Y163.4948 Z-0.7582 F600
G01 X112.0981 Y163.5890 Z-0.7621 F600
G01 X112.0431 Y163.6881 Z-0.7655 F600
G01 X111.9943 Y163.7853 Z-0.7679 F600
G01 X111.9689 Y163.8388 Z-0.7697 F600
G01 X111.9448 Y163.8929 Z-0.7702 F600
G01 X111.9033 Y163.9918 Z-0.7721 F600
G01 X111.8592 Y164.1078 Z-0.7737 F600
G01 X111.8769 Y164.2240 Z-0.7201 F600
G01 X111.9917 Y164.3949 Z-0.5606 F600
G01 X112.0731 Y164.5128 Z-0.4506 F600
G01 X112.1943 Y164.6838 Z-0.2916 F600
G01 X112.2665 Y164.7832 Z-0.1992 F600
G01 X112.3944 Y164.9550 Z-0.0398 F600
G01 X112.2625 Y164.7778 Z-0.2042 F600
G01 X112.1972 Y164.6878 Z-0.2878 F600
G01 X112.0668 Y164.5039 Z-0.4589 F600
G01 X112.0018 Y164.4099 Z-0.5465 F600
G01 X111.8723 Y164.2172 Z-0.7265 F600
G01 X111.8010 Y164.1914 Z-0.7456 F600
G01 X111.6439 Y164.2964 Z-0.6266 F600
G01 X111.5653 Y164.3503 Z-0.5657 F600
G01 X111.3285 Y164.5200 Z-0.3749 F600
G01 X111.0909 Y164.7000 Z-0.1737 F600
G01 X110.8922 Y164.8561 Z0.0000 F600
G01 X111.1574 Y164.6488 Z-0.2308 F600
G01 X110.8922 Y164.8561 Z0.0000 F600
G01 X111.0909 Y164.7000 Z-0.1737 F600
G01 X111.3285 Y164.5200 Z-0.3749 F600
G01 X111.5653 Y164.3503 Z-0.5657 F600
G01 X111.6439 Y164.2964 Z-0.6266 F600
G01 X111.8010 Y164.1914 Z-0.7456 F600
G01 X111.8723 Y164.2172 Z-0.7265 F600
G01 X112.0018 Y164.4099 Z-0.5465 F600
G01 X112.0668 Y164.5039 Z-0.4589 F600
G01 X112.1972 Y164.6878 Z-0.2878 F600
G01 X112.2625 Y164.7778 Z-0.2042 F600
G01 X112.3944 Y164.9550 Z-0.0398 F600
G01 X112.2665 Y164.7832 Z-0.1992 F600
G01 X112.1943 Y164.6838 Z-0.2916 F600
G01 X112.0731 Y164.5128 Z-0.4506 F600
G01 X111.9917 Y164.3949 Z-0.5606 F600
G01 X111.8769 Y164.2240 Z-0.7201 F600
G01 X111.8592 Y164.1078 Z-0.7737 F600
G01 X111.9033 Y163.9918 Z-0.7721 F600
G01 X111.9448 Y163.8929 Z-0.7702 F600
G01 X111.9689 Y163.8388 Z-0.7697 F600
G01 X111.9943 Y163.7853 Z-0.7679 F600
G01 X112.0431 Y163.6881 Z-0.7655 F600
G01 X112.0981 Y163.5890 Z-0.7621 F600
G01 X112.1556 Y163.4948 Z-0.7582 F600
G01 X112.1852 Y163.4492 Z-0.7567 F600
G01 X112.2159 Y163.4042 Z-0.7540 F600
G01 X112.2817 Y163.3135 Z-0.7495 F600
G01 X112.3466 Y163.2311 Z-0.7453 F600
G01 X112.4214 Y163.1454 Z-0.7398 F600
G01 X112.4561 Y163.1083 Z-0.7377 F600
G01 X112.4913 Y163.0717 Z-0.7348 F600
G01 X112.5739 Y162.9917 Z-0.7295 F600
G01 X112.6478 Y162.9257 Z-0.7253 F600
G01 X112.7336 Y162.8561 Z-0.7201 F600
G01 X112.7725 Y162.8267 Z-0.7181 F600
G01 X112.8119 Y162.7979 Z-0.7155 F600
G01 X112.8985 Y162.7384 Z-0.7108 F600
G01 X112.9804 Y162.6865 Z-0.7066 F600
G01 X113.0712 Y162.6347 Z-0.7014 F600
G01 X113.1138 Y162.6117 Z-0.6998 F600
G01 X113.1571 Y162.5898 Z-0.6969 F600
G01 X113.2505 Y162.5451 Z-0.6926 F600
G01 X113.3403 Y162.5070 Z-0.6880 F600
G01 X113.4358 Y162.4702 Z-0.6836 F600
G01 X113.5290 Y162.4378 Z-0.6801 F600
G01 X113.6257 Y162.4088 Z-0.6759 F600
G01 X113.6740 Y162.3953 Z-0.6747 F600
G01 X113.7228 Y162.3829 Z-0.6724 F600
G01 X113.8195 Y162.3603 Z-0.6694 F600
G01 X113.8699 Y162.3503 Z-0.6680 F600
G01 X113.9204 Y162.3407 Z-0.6662 F600
G01 X114.0169 Y162.3244 Z-0.6640 F600
G01 X114.1216 Y162.3107 Z-0.6615 F600
G01 X114.2176 Y162.3007 Z-0.6598 F600
G01 X114.3262 Y162.2924 Z-0.6583 F600
G01 X114.4214 Y162.2880 Z-0.6571 F600
G01 X114.5341 Y162.2852 Z-0.6566 F600
G01 X114.6206 Y162.2860 Z-0.6554 F600
G01 X114.7175 Y162.2885 Z-0.6552 F600
G01 X114.7969 Y162.2915 Z-0.6559 F600
G01 X114.8913 Y162.2988 Z-0.6553 F600
G01 X114.9708 Y162.3060 Z-0.6558 F600
G01 X115.0169 Y162.3107 Z-0.6567 F600
G01 X115.0629 Y162.3164 F600
G01 X115.1423 Y162.3280 Z-0.6569 F600
G01 X115.2322 Y162.3423 Z-0.6583 F600
G01 X115.3115 Y162.3577 Z-0.6590 F600
G01 X115.3990 Y162.3768 Z-0.6601 F600
G01 X115.4782 Y162.3954 Z-0.6622 F600
G01 X115.5633 Y162.4192 Z-0.6631 F600
G01 X115.6417 Y162.4426 Z-0.6649 F600
G01 X115.6835 Y162.4557 Z-0.6666 F600
G01 X115.7248 Y162.4698 Z-0.6671 F600
G01 X115.8022 Y162.4980 Z-0.6687 F600
G01 X115.8833 Y162.5290 Z-0.6717 F600
G01 X115.9594 Y162.5618 Z-0.6735 F600
G01 X116.0381 Y162.5976 Z-0.6761 F600
G01 X116.1131 Y162.6339 Z-0.6792 F600
G01 X116.1894 Y162.6745 Z-0.6815 F600
G01 X116.2586 Y162.7126 Z-0.6847 F600
G01 X116.2959 Y162.7343 Z-0.6865 F600
G01 X116.3326 Y162.7568 Z-0.6873 F600
G01 X116.3961 Y162.7966 Z-0.6898 F600
G01 X116.4681 Y162.8431 Z-0.6934 F600
G01 X116.5295 Y162.8866 Z-0.6951 F600
G01 X116.5986 Y162.9368 Z-0.6980 F600
G01 X116.6588 Y162.9825 Z-0.7008 F600
G00 Z6.0000 F480
G00 X108.6427 Y171.8195 F1000
G01 Z-0.1675 F600
G01 X108.7944 Y171.6988 Z-0.0353 F600
G01 X108.6322 Y171.8279 Z-0.1767 F600
G01 X108.3895 Y172.0132 Z-0.3804 F600
G01 X108.2283 Y172.1305 Z-0.5099 F600
G01 X108.0674 Y172.2428 Z-0.6344 F600
G01 X107.9069 Y172.3500 Z-0.7538 F600
G01 X107.8285 Y172.3805 Z-0.7903 F600
G01 X107.7606 Y172.2758 Z-0.6912 F600
G01 X107.6243 Y172.0735 Z-0.5001 F600
G01 X107.4192 Y171.7790 Z-0.2226 F600
G01 X107.2476 Y171.5424 Z0.0000 F600
G01 X107.3896 Y171.7381 Z-0.1841 F600
G01 X107.5593 Y171.9789 Z-0.4109 F600
G01 X107.7287 Y172.2283 Z-0.6463 F600
G01 X107.8323 Y172.4095 Z-0.8038 F600
G01 X107.8132 Y172.4598 Z-0.8029 F600
G01 X107.7805 Y172.5418 Z-0.8020 F600
G01 X107.7396 Y172.6355 Z-0.7999 F600
G01 X107.7013 Y172.7163 Z-0.7976 F600
G01 X107.6577 Y172.8029 Z-0.7952 F600
G01 X107.6137 Y172.8826 Z-0.7919 F600
G01 X107.5909 Y172.9224 Z-0.7908 F600
G01 X107.5670 Y172.9617 Z-0.7885 F600
G01 X107.5173 Y173.0404 Z-0.7851 F600
G01 X107.4677 Y173.1121 Z-0.7810 F600
G01 X107.4109 Y173.1891 Z-0.7768 F600
G01 X107.3596 Y173.2541 Z-0.7733 F600
G01 X107.2953 Y173.3287 Z-0.7686 F600
G01 X107.2689 Y173.3580 Z-0.7673 F600
G01 X107.2419 Y173.3868 Z-0.7653 F600
G01 X107.1549 Y173.4733 Z-0.7610 F600
G01 X107.0631 Y173.5561 Z-0.7559 F600
G01 X106.9710 Y173.6322 Z-0.7503 F600
G01 X106.9232 Y173.6690 Z-0.7479 F600
G01 X106.8748 Y173.7049 Z-0.7443 F600
G01 X106.7762 Y173.7730 Z-0.7380 F600
G01 X106.7264 Y173.8049 Z-0.7353 F600
G01 X106.6761 Y173.8360 Z-0.7315 F600
G01 X106.5721 Y173.8954 Z-0.7248 F600
G01 X106.4681 Y173.9485 Z-0.7177 F600
G01 X106.3596 Y173.9980 Z-0.7103 F600
G01 X106.3062 Y174.0205 Z-0.7075 F600
G01 X106.2522 Y174.0417 Z-0.7033 F600
G01 X106.1410 Y174.0820 Z-0.6966 F600
G01 X106.0304 Y174.1170 Z-0.6902 F600
G01 X105.9176 Y174.1474 Z-0.6838 F600
G01 X105.8608 Y174.1612 Z-0.6816 F600
G01 X105.8036 Y174.1737 Z-0.6780 F600
G01 X105.6906 Y174.1959 Z-0.6733 F600
G01 X105.5732 Y174.2136 Z-0.6682 F600
G01 X105.4606 Y174.2270 Z-0.6644 F600
G01 X105.3398 Y174.2376 Z-0.6613 F600
G01 X105.2281 Y174.2430 Z-0.6584 F600
G01 X105.1658 Y174.2448 Z-0.6579 F600
G01 X105.1035 Y174.2455 Z-0.6563 F600
G01 X105.0048 Y174.2445 Z-0.6547 F600
G01 X104.9044 Y174.2418 Z-0.6548 F600
G01 X104.8166 Y174.2361 Z-0.6541 F600
G01 X104.7187 Y174.2279 Z-0.6544 F600
G01 X104.6306 Y174.2186 Z-0.6555 F600
G01 X104.5351 Y174.2049 Z-0.6560 F600
G01 X104.4470 Y174.1908 Z-0.6578 F600
G01 X104.4002 Y174.1821 Z-0.6590 F600
G01 X104.3537 Y174.1724 Z-0.6593 F600
G01 X104.2659 Y174.1527 Z-0.6613 F600
G01 X104.2202 Y174.1417 Z-0.6631 F600
G01 X104.1746 Y174.1301 Z-0.6643 F600
G01 X104.0876 Y174.1047 Z-0.6664 F600
G01 X103.9984 Y174.0769 Z-0.6701 F600
G01 X103.9125 Y174.0462 Z-0.6729 F600
G01 X103.8255 Y174.0128 Z-0.6766 F600
G01 X103.7409 Y173.9772 Z-0.6805 F600
G01 X103.6561 Y173.9380 Z-0.6843 F600
G01 X103.5733 Y173.8975 Z-0.6890 F600
G01 X103.4909 Y173.8524 Z-0.6927 F600
G01 X103.4106 Y173.8068 Z-0.6978 F600
G01 X103.3703 Y173.7816 Z-0.6999 F600
G01 X103.3303 Y173.7561 Z-0.7017 F600
G01 X103.2503 Y173.7034 Z-0.7068 F600
G01 X103.1993 Y173.6674 Z-0.7097 F600
G01 X103.1489 Y173.6307 Z-0.7118 F600
G01 X103.0628 Y173.5658 Z-0.7169 F600
G01 X102.9661 Y173.4853 Z-0.7209 F600
G01 X102.8846 Y173.4144 Z-0.7251 F600
G01 X102.7922 Y173.3268 Z-0.7287 F600
G01 X102.7158 Y173.2503 Z-0.7321 F600
G01 X102.6277 Y173.1556 Z-0.7355 F600
G01 X102.5566 Y173.0743 Z-0.7381 F600
G01 X102.4727 Y172.9726 Z-0.7413 F600
G01 X102.4066 Y172.8872 Z-0.7436 F600
G01 X102.3666 Y172.8330 Z-0.7453 F600
G01 X102.3277 Y172.7781 Z-0.7458 F600
G01 X102.2668 Y172.6889 Z-0.7475 F600
G01 X102.1929 Y172.5725 Z-0.7488 F600
G01 X102.1379 Y172.4798 Z-0.7493 F600
G01 X102.1028 Y172.4183 Z-0.7503 F600
G01 X102.0688 Y172.3562 Z-0.7499 F600
G01 X102.0184 Y172.2609 Z-0.7505 F600
G01 X101.9541 Y172.1303 F600
G01 X101.9090 Y172.0323 Z-0.7501 F600
G01 X101.8786 Y171.9638 Z-0.7504 F600
G01 X101.8492 Y171.8949 Z-0.7498 F600
G01 X101.8055 Y171.7874 F600
G01 X101.7506 Y171.6406 Z-0.7496 F600
G01 X101.7104 Y171.5242 Z-0.7498 F600
G01 X101.6848 Y171.4451 Z-0.7506 F600
G01 X101.6599 Y171.3659 Z-0.7507 F600
G01 X101.6282 Y171.2581 Z-0.7514 F600
G01 X101.6107 Y171.1944 Z-0.7525 F600
G01 X101.5770 Y171.0666 Z-0.7531 F600
G01 X101.5526 Y170.9678 Z-0.7543 F600
G01 X101.5069 Y170.7630 Z-0.7569 F600
G01 X101.4867 Y170.6627 Z-0.7580 F600
G01 X101.4728 Y170.5900 Z-0.7595 F600
G01 X101.4467 Y170.4445 Z-0.7610 F600
G01 X101.4295 Y170.3425 Z-0.7628 F600
G01 X101.3953 Y170.1108 Z-0.7663 F600
G01 X101.3819 Y170.0067 Z-0.7675 F600
G01 X101.3626 Y169.8433 Z-0.7706 F600
G01 X101.3537 Y169.7615 Z-0.7713 F600
G01 X101.3437 Y169.6638 Z-0.7728 F600
G01 X101.3374 Y169.5948 Z-0.7743 F600
G01 X101.3201 Y169.3877 Z-0.7770 F600
G01 X101.3135 Y169.2965 Z-0.7783 F600
G01 X101.3003 Y169.0787 Z-0.7819 F600
G01 X101.2966 Y169.0060 Z-0.7824 F600
G01 X101.2894 Y168.8367 Z-0.7851 F600
G01 X101.2804 Y168.5480 Z-0.7885 F600
G01 Y168.5066 Z-0.7899 F600
G01 X101.2820 Y168.4582 Z-0.7927 F600
G01 X101.2851 Y168.4096 Z-0.7969 F600
G01 X101.2898 Y168.3606 Z-0.8027 F600
G01 X101.2960 Y168.3112 Z-0.8101 F600
G01 X101.3038 Y168.2613 Z-0.8192 F600
G01 X101.3150 Y168.2035 Z-0.8313 F600
G01 X101.3289 Y168.1448 Z-0.8456 F600
G01 X101.3451 Y168.0851 Z-0.8623 F600
G01 X101.3641 Y168.0241 Z-0.8818 F600
G01 X101.3889 Y167.9537 Z-0.9071 F600
G01 X101.4184 Y167.8818 Z-0.9354 F600
G01 X101.4525 Y167.8079 Z-0.9678 F600
G01 X101.4962 Y167.7226 Z-1.0095 F600
G01 X101.5504 Y167.6400 Z-1.0508 F600
G01 X101.5394 Y167.6121 Z-1.0502 F600
G01 X101.5261 Y167.5351 Z-1.0352 F600
G01 X101.4920 Y167.3043 Z-0.9959 F600
G01 X101.4821 Y167.2274 Z-0.9842 F600
G01 X101.4589 Y166.9688 Z-0.9463 F600
G01 X101.4547 Y166.8956 Z-0.9377 F600
G01 X101.4471 Y166.7073 Z-0.9145 F600
G01 X101.4453 Y166.6365 Z-0.9065 F600
G01 X101.4450 Y166.5659 Z-0.9001 F600
G01 X101.4465 Y166.3860 Z-0.8815 F600
G01 X101.4487 Y166.3179 Z-0.8758 F600
G01 X101.4516 Y166.2499 Z-0.8709 F600
G01 X101.4541 Y166.2019 Z-0.8669 F600
G01 X101.4589 Y166.1198 Z-0.8597 F600
G01 X101.4644 Y166.0379 Z-0.8531 F600
G01 X101.4713 Y165.9561 Z-0.8480 F600
G01 X101.4761 Y165.9040 Z-0.8443 F600
G01 X101.4849 Y165.8253 Z-0.8388 F600
G01 X101.5042 Y165.6682 Z-0.8297 F600
G01 X101.5114 Y165.6209 Z-0.8274 F600
G01 X101.5361 Y165.4703 Z-0.8192 F600
G01 X101.5499 Y165.3953 Z-0.8166 F600
G01 X101.5582 Y165.3527 Z-0.8148 F600
G01 X101.5731 Y165.2806 Z-0.8111 F600
G01 X101.6058 Y165.1372 Z-0.8066 F600
G01 X101.6333 Y165.0308 Z-0.8027 F600
G01 X101.6710 Y164.8940 Z-0.7988 F600
G01 X101.7231 Y164.7309 Z-0.7943 F600
G01 X101.7450 Y164.6660 Z-0.7932 F600
G01 X101.8016 Y164.5142 Z-0.7888 F600
G01 X101.8261 Y164.4527 Z-0.7882 F600
G01 X101.8735 Y164.3413 Z-0.7845 F600
G01 X101.9087 Y164.2635 Z-0.7832 F600
G01 X101.9264 Y164.2259 Z-0.7822 F600
G01 X101.9628 Y164.1515 Z-0.7790 F600
G01 X102.0008 Y164.0779 Z-0.7775 F600
G01 X102.0572 Y163.9751 Z-0.7729 F600
G01 X102.0978 Y163.9056 Z-0.7711 F600
G01 X102.1565 Y163.8115 Z-0.7661 F600
G01 X102.1997 Y163.7461 Z-0.7639 F600
G01 X102.2606 Y163.6602 Z-0.7585 F600
G01 X102.3063 Y163.5986 Z-0.7557 F600
G01 X102.2606 Y163.6602 Z-0.7585 F600
G01 X102.1997 Y163.7461 Z-0.7639 F600
G01 X102.1565 Y163.8115 Z-0.7661 F600
G01 X102.0978 Y163.9056 Z-0.7711 F600
G01 X102.0572 Y163.9751 Z-0.7729 F600
G01 X102.0008 Y164.0779 Z-0.7775 F600
G01 X101.9628 Y164.1515 Z-0.7790 F600
G01 X101.9264 Y164.2259 Z-0.7822 F600
G01 X101.9087 Y164.2635 Z-0.7832 F600
G01 X101.8735 Y164.3413 Z-0.7845 F600
G01 X101.8261 Y164.4527 Z-0.7882 F600
G01 X101.8016 Y164.5142 Z-0.7888 F600
G01 X101.7450 Y164.6660 Z-0.7932 F600
G01 X101.7231 Y164.7309 Z-0.7943 F600
G01 X101.6710 Y164.8940 Z-0.7988 F600
G01 X101.6333 Y165.0308 Z-0.8027 F600
G01 X101.6058 Y165.1372 Z-0.8066 F600
G01 X101.5731 Y165.2806 Z-0.8111 F600
G01 X101.5582 Y165.3527 Z-0.8148 F600
G01 X101.5499 Y165.3953 Z-0.8166 F600
G01 X101.5361 Y165.4703 Z-0.8192 F600
G01 X101.5114 Y165.6209 Z-0.8274 F600
G01 X101.5042 Y165.6682 Z-0.8297 F600
G01 X101.4849 Y165.8253 Z-0.8388 F600
G01 X101.4761 Y165.9040 Z-0.8443 F600
G01 X101.4713 Y165.9561 Z-0.8480 F600
G01 X101.4644 Y166.0379 Z-0.8531 F600
G01 X101.4589 Y166.1198 Z-0.8597 F600
G01 X101.4541 Y166.2019 Z-0.8669 F600
G01 X101.4516 Y166.2499 Z-0.8709 F600
G01 X101.4487 Y166.3179 Z-0.8758 F600
G01 X101.4465 Y166.3860 Z-0.8815 F600
G01 X101.4450 Y166.5659 Z-0.9001 F600
G01 X101.4453 Y166.6365 Z-0.9065 F600
G01 X101.4471 Y166.7073 Z-0.9145 F600
G01 X101.4547 Y166.8956 Z-0.9377 F600
G01 X101.4589 Y166.9688 Z-0.9463 F600
G01 X101.4821 Y167.2274 Z-0.9842 F600
G01 X101.4920 Y167.3043 Z-0.9959 F600
G01 X101.5261 Y167.5351 Z-1.0352 F600
G01 X101.5394 Y167.6121 Z-1.0502 F600
G01 X101.5887 Y167.6534 Z-1.0206 F600
G01 X101.6253 Y167.6667 Z-0.9920 F600
G01 X101.6601 Y167.6799 Z-0.9649 F600
G01 X101.6934 Y167.6930 Z-0.9393 F600
G01 X101.7252 Y167.7060 Z-0.9149 F600
G01 X101.7556 Y167.7190 Z-0.8918 F600
G01 X101.7848 Y167.7318 Z-0.8699 F600
G01 X101.8126 Y167.7443 Z-0.8492 F600
G01 X101.8392 Y167.7563 Z-0.8301 F600
G01 X101.8646 Y167.7677 Z-0.8123 F600
G01 X101.8890 Y167.7788 Z-0.7957 F600
G01 X101.9125 Y167.7898 Z-0.7799 F600
G01 X101.9352 Y167.8009 Z-0.7649 F600
G01 X101.9643 Y167.8155 Z-0.7458 F600
G01 X101.9920 Y167.8301 Z-0.7279 F600
G01 X102.0185 Y167.8446 Z-0.7111 F600
G01 X102.0438 Y167.8591 Z-0.6953 F600
G01 X102.0681 Y167.8736 Z-0.6804 F600
G01 X102.0914 Y167.8880 Z-0.6663 F600
G01 X102.1137 Y167.9023 Z-0.6532 F600
G01 X102.1352 Y167.9160 Z-0.6414 F600
G01 X102.1610 Y167.9326 Z-0.6282 F600
G01 X102.1858 Y167.9491 Z-0.6161 F600
G01 X102.2094 Y167.9656 Z-0.6049 F600
G01 X102.2321 Y167.9823 Z-0.5945 F600
G01 X102.2539 Y167.9990 Z-0.5850 F600
G01 X102.2748 Y168.0157 Z-0.5763 F600
G01 X102.2949 Y168.0326 Z-0.5683 F600
G01 X102.3142 Y168.0495 Z-0.5609 F600
G01 X102.3328 Y168.0665 Z-0.5543 F600
G01 X102.3545 Y168.0867 Z-0.5477 F600
G01 X102.3757 Y168.1065 Z-0.5425 F600
G01 X102.3961 Y168.1265 Z-0.5383 F600
G01 X102.4158 Y168.1469 Z-0.5348 F600
G01 X102.4348 Y168.1675 Z-0.5322 F600
G01 X102.4531 Y168.1885 Z-0.5302 F600
G01 X102.4708 Y168.2099 Z-0.5290 F600
G01 X102.4878 Y168.2317 Z-0.5285 F600
G01 X102.5043 Y168.2540 Z-0.5288 F600
G01 X102.5250 Y168.2818 Z-0.5300 F600
G01 X102.6107 Y168.3909 Z-0.5387 F600
G01 X102.6381 Y168.4249 Z-0.5410 F600
G01 X102.6815 Y168.4771 Z-0.5440 F600
G01 X102.7267 Y168.5279 Z-0.5492 F600
G01 X102.7542 Y168.5581 Z-0.5519 F600
G01 X102.8453 Y168.6553 Z-0.5593 F600
G01 X102.8724 Y168.6822 Z-0.5619 F600
G01 X102.9678 Y168.7721 Z-0.5708 F600
G01 X102.9940 Y168.7962 Z-0.5728 F600
G01 X103.0422 Y168.8389 Z-0.5759 F600
G01 X103.0920 Y168.8802 Z-0.5810 F600
G01 X103.1180 Y168.9011 Z-0.5833 F600
G01 X103.2184 Y168.9796 Z-0.5904 F600
G01 X103.2437 Y168.9983 Z-0.5923 F600
G01 X103.3732 Y169.0857 Z-0.6027 F600
G01 X103.4260 Y169.1194 Z-0.6054 F600
G01 X103.5049 Y169.1658 Z-0.6118 F600
G01 X103.6393 Y169.2386 Z-0.6200 F600
G01 X103.6956 Y169.2657 Z-0.6233 F600
G01 X103.7805 Y169.3041 Z-0.6295 F600
G01 X103.8376 Y169.3285 Z-0.6324 F600
G01 X103.9254 Y169.3642 Z-0.6377 F600
G01 X104.0707 Y169.4150 Z-0.6474 F600
G01 X104.1286 Y169.4338 Z-0.6500 F600
G01 X104.2157 Y169.4585 Z-0.6567 F600
G01 X104.3604 Y169.4953 Z-0.6653 F600
G01 X104.4193 Y169.5075 Z-0.6688 F600
G01 X104.5056 Y169.5236 Z-0.6751 F600
G01 X104.6506 Y169.5468 Z-0.6827 F600
G01 X104.7965 Y169.5614 Z-0.6918 F600
G01 X104.8564 Y169.5661 Z-0.6943 F600
G01 X104.9431 Y169.5712 Z-0.6988 F600
G01 X105.0908 Y169.5734 Z-0.7064 F600
G01 X105.1514 Y169.5730 Z-0.7082 F600
G01 X105.2444 Y169.5692 Z-0.7132 F600
G01 X105.4297 Y169.5557 Z-0.7208 F600
G01 X105.5030 Y169.5461 Z-0.7244 F600
G01 X105.6078 Y169.5313 Z-0.7299 F600
G01 X105.6795 Y169.5193 Z-0.7319 F600
G01 X105.7794 Y169.4987 Z-0.7377 F600
G01 X105.9452 Y169.4582 Z-0.7442 F600
G01 X106.0131 Y169.4371 Z-0.7475 F600
G01 X106.1049 Y169.4075 Z-0.7522 F600
G01 X106.1716 Y169.3840 Z-0.7538 F600
G01 X106.2601 Y169.3494 Z-0.7583 F600
G01 X106.4110 Y169.2829 Z-0.7638 F600
G01 X106.4741 Y169.2512 Z-0.7657 F600
G01 X106.5576 Y169.2065 Z-0.7700 F600
G01 X106.6192 Y169.1714 Z-0.7713 F600
G01 X106.7017 Y169.1224 Z-0.7741 F600
G01 X106.8423 Y169.0276 Z-0.7790 F600
G01 X106.9010 Y168.9851 Z-0.7798 F600
G01 X106.9804 Y168.9229 Z-0.7836 F600
G01 X107.0371 Y168.8761 Z-0.7847 F600
G01 X107.1169 Y168.8086 Z-0.7868 F600
G01 X107.2500 Y168.6821 Z-0.7914 F600
G01 X107.3038 Y168.6277 Z-0.7920 F600
G01 X107.3783 Y168.5465 Z-0.7960 F600
G01 X107.4290 Y168.4886 Z-0.7972 F600
G01 X107.4984 Y168.4068 Z-0.7995 F600
G01 X107.6074 Y168.2618 Z-0.8045 F600
G01 X107.6509 Y168.1998 Z-0.8049 F600
G01 X107.7072 Y168.1126 Z-0.8087 F600
G01 X107.7991 Y167.9591 Z-0.8112 F600
G01 X107.8807 Y167.7993 Z-0.8152 F600
G01 X107.9133 Y167.7306 Z-0.8150 F600
G01 X107.9551 Y167.6342 Z-0.8174 F600
G01 X108.0218 Y167.4629 Z-0.8186 F600
G01 X108.0461 Y167.3892 Z-0.8191 F600
G01 X108.0789 Y167.2841 Z-0.8207 F600
G01 X108.1006 Y167.2085 Z-0.8200 F600
G01 X108.1291 Y167.0983 Z-0.8210 F600
G01 X108.1711 Y166.9045 Z-0.8205 F600
G01 X108.1847 Y166.8240 Z-0.8203 F600
G01 X108.1974 Y166.7434 Z-0.8210 F600
G01 X108.2033 Y166.7022 Z-0.8208 F600
G01 X108.2142 Y166.6195 Z-0.8194 F600
G01 X108.2236 Y166.5367 Z-0.8196 F600
G01 X108.2276 Y166.4915 Z-0.8197 F600
G01 X108.2430 Y166.2829 Z-0.8176 F600
G01 X108.2484 Y166.0482 Z-0.8163 F600
G01 Y165.9672 Z-0.8146 F600
G01 X108.2465 Y165.8862 Z-0.8147 F600
G01 X108.2450 Y165.8418 Z-0.8144 F600
G01 X108.2376 Y165.6818 Z-0.8112 F600
G01 X108.2347 Y165.6391 Z-0.8103 F600
G01 X108.2193 Y165.4814 Z-0.8081 F600
G01 X108.2148 Y165.4401 Z-0.8070 F600
G01 X108.2054 Y165.3621 Z-0.8041 F600
G01 X108.1941 Y165.2844 Z-0.8030 F600
G01 X108.1876 Y165.2443 Z-0.8023 F600
G01 X108.1605 Y165.0905 Z-0.7976 F600
G01 X108.1530 Y165.0511 Z-0.7960 F600
G01 X108.1178 Y164.8997 Z-0.7924 F600
G01 X108.1082 Y164.8610 Z-0.7911 F600
G01 X108.0886 Y164.7859 Z-0.7876 F600
G01 X108.0675 Y164.7113 Z-0.7858 F600
G01 X108.0556 Y164.6730 Z-0.7849 F600
G01 X108.0078 Y164.5254 Z-0.7797 F600
G01 X107.9947 Y164.4869 Z-0.7780 F600
G01 X107.9667 Y164.4143 Z-0.7759 F600
G01 X107.9382 Y164.3420 Z-0.7743 F600
G01 X107.9226 Y164.3036 Z-0.7730 F600
G01 X107.8923 Y164.2315 Z-0.7696 F600
G01 X107.8601 Y164.1603 Z-0.7683 F600
G01 X107.8423 Y164.1235 Z-0.7676 F600
G01 X107.7732 Y163.9846 Z-0.7633 F600
G01 X107.7556 Y163.9510 Z-0.7620 F600
G01 X107.6612 Y163.7895 Z-0.7589 F600
G01 X107.6218 Y163.7260 Z-0.7560 F600
G01 X107.5619 Y163.6369 Z-0.7549 F600
G01 X107.4576 Y163.4928 Z-0.7502 F600
G01 X107.4119 Y163.4365 Z-0.7485 F600
G01 X107.3463 Y163.3585 Z-0.7471 F600
G01 X107.2987 Y163.3046 Z-0.7444 F600
G01 X107.2306 Y163.2310 Z-0.7419 F600
G01 X107.1087 Y163.1112 Z-0.7366 F600
G01 X107.0560 Y163.0631 Z-0.7332 F600
G01 X106.9805 Y162.9984 Z-0.7306 F600
G01 X106.9250 Y162.9533 Z-0.7270 F600
G01 X106.8462 Y162.8910 Z-0.7226 F600
G01 X106.7037 Y162.7911 Z-0.7151 F600
G01 X106.6435 Y162.7520 Z-0.7108 F600
G01 X106.5553 Y162.6991 Z-0.7075 F600
G01 X106.4931 Y162.6639 Z-0.7035 F600
G01 X106.4027 Y162.6148 Z-0.6988 F600
G01 X106.2446 Y162.5404 Z-0.6912 F600
G01 X106.1786 Y162.5125 Z-0.6874 F600
G01 X106.0811 Y162.4752 Z-0.6844 F600
G01 X106.0132 Y162.4511 Z-0.6806 F600
G01 X105.9451 Y162.4279 Z-0.6778 F600
G01 X105.9120 Y162.4182 Z-0.6770 F600
G01 X105.7720 Y162.3798 Z-0.6719 F600
G01 X105.7368 Y162.3707 Z-0.6701 F600
G01 X105.6649 Y162.3556 Z-0.6680 F600
G01 X105.5929 Y162.3413 Z-0.6668 F600
G01 X105.5550 Y162.3343 Z-0.6656 F600
G01 X105.4815 Y162.3219 Z-0.6624 F600
G01 X105.4077 Y162.3120 Z-0.6619 F600
G01 X105.3670 Y162.3074 Z-0.6614 F600
G01 X105.2161 Y162.2928 Z-0.6579 F600
G01 X105.1724 Y162.2906 F600
G01 X105.0180 Y162.2856 Z-0.6566 F600
G01 X104.9775 Y162.2849 Z-0.6559 F600
G01 X104.8369 Y162.2885 Z-0.6557 F600
G01 X104.7335 Y162.2935 Z-0.6571 F600
G01 X104.6650 Y162.2993 Z-0.6573 F600
G01 X104.5967 Y162.3057 Z-0.6581 F600
G01 X104.4989 Y162.3173 Z-0.6608 F600
G01 X104.4324 Y162.3272 Z-0.6613 F600
G01 X104.2738 Y162.3551 Z-0.6661 F600
G01 X104.1452 Y162.3852 Z-0.6700 F600
G01 X104.0479 Y162.4103 Z-0.6740 F600
G01 X103.9648 Y162.4352 Z-0.6765 F600
G01 X103.8821 Y162.4614 Z-0.6804 F600
G01 X103.8417 Y162.4754 Z-0.6821 F600
G01 X103.7612 Y162.5050 Z-0.6844 F600
G01 X103.6813 Y162.5366 Z-0.6887 F600
G01 X103.6438 Y162.5522 Z-0.6902 F600
G01 X103.5661 Y162.5870 Z-0.6928 F600
G01 X103.4888 Y162.6231 Z-0.6967 F600
G01 X103.4535 Y162.6403 Z-0.6979 F600
G01 X103.3785 Y162.6802 Z-0.7006 F600
G01 X103.3037 Y162.7207 Z-0.7040 F600
G01 X103.2701 Y162.7398 Z-0.7050 F600
G01 X103.1255 Y162.8296 Z-0.7107 F600
G01 X103.0931 Y162.8512 Z-0.7120 F600
G01 X102.9538 Y162.9508 Z-0.7177 F600
G01 X102.9223 Y162.9753 Z-0.7194 F600
G01 X102.8552 Y163.0298 Z-0.7221 F600
G01 X102.7656 Y163.1051 Z-0.7269 F600
G01 X102.6689 Y163.1943 Z-0.7309 F600
G01 X102.6063 Y163.2554 Z-0.7355 F600
G01 X102.5599 Y163.3037 Z-0.7375 F600
G01 X102.5139 Y163.3523 Z-0.7400 F600
G01 X102.4530 Y163.4200 Z-0.7451 F600
G01 X102.4086 Y163.4719 Z-0.7471 F600
G01 X102.3653 Y163.5248 Z-0.7506 F600
G01 X102.3223 Y163.5780 Z-0.7546 F600
G00 Z6.0000 F480
G00 X97.9659 Y168.8767 F1000
G01 Z-1.0316 F600
G01 X97.9933 Y169.0329 Z-1.0025 F600
G01 X98.0101 Y169.1587 Z-0.9818 F600
G01 X98.0285 Y169.3079 Z-0.9578 F600
G01 X98.0368 Y169.3825 Z-0.9468 F600
G01 X98.0433 Y169.4570 Z-0.9375 F600
G01 X98.0575 Y169.6457 Z-0.9119 F600
G01 X98.0609 Y169.7166 Z-0.9039 F600
G01 X98.0666 Y169.8584 Z-0.8891 F600
G01 X98.0695 Y169.9876 Z-0.8746 F600
G01 X98.0681 Y170.2295 Z-0.8530 F600
G01 X98.0672 Y170.2787 Z-0.8484 F600
G01 X98.0516 Y170.5835 Z-0.8245 F600
G01 X98.0199 Y170.9129 Z-0.8017 F600
G01 X97.9749 Y171.2172 Z-0.7830 F600
G01 X97.9196 Y171.4882 Z-0.7679 F600
G01 X97.8916 Y171.5962 Z-0.7623 F600
G01 X97.8523 Y171.7418 Z-0.7549 F600
G01 X97.8226 Y171.8352 Z-0.7493 F600
G01 X97.7766 Y171.9695 Z-0.7430 F600
G01 X97.7438 Y172.0574 Z-0.7368 F600
G01 X97.6914 Y172.1831 Z-0.7316 F600
G01 X97.6525 Y172.2701 Z-0.7261 F600
G01 X97.6246 Y172.3306 Z-0.7225 F600
G01 X97.5950 Y172.3902 Z-0.7209 F600
G01 X97.4953 Y172.5764 Z-0.7113 F600
G01 X97.4717 Y172.6154 Z-0.7101 F600
G01 X97.3806 Y172.7604 Z-0.7038 F600
G01 X97.3567 Y172.7969 Z-0.7017 F600
G01 X97.3073 Y172.8653 Z-0.6991 F600
G01 X97.2574 Y172.9333 Z-0.6970 F600
G01 X97.2320 Y172.9668 Z-0.6954 F600
G01 X97.1802 Y173.0324 Z-0.6913 F600
G01 X97.1262 Y173.0961 Z-0.6902 F600
G01 X97.0992 Y173.1269 Z-0.6891 F600
G01 X97.0434 Y173.1884 Z-0.6856 F600
G01 X96.9870 Y173.2493 Z-0.6830 F600
G01 X96.9581 Y173.2778 Z-0.6822 F600
G01 X96.8387 Y173.3925 Z-0.6766 F600
G01 X96.8085 Y173.4200 Z-0.6749 F600
G01 X96.6814 Y173.5264 Z-0.6701 F600
G01 X96.6490 Y173.5527 Z-0.6683 F600
G01 X96.5826 Y173.6030 Z-0.6649 F600
G01 X96.5151 Y173.6517 Z-0.6634 F600
G01 X96.4787 Y173.6772 Z-0.6619 F600
G01 X96.4099 Y173.7237 Z-0.6580 F600
G01 X96.3396 Y173.7678 Z-0.6570 F600
G01 X96.3009 Y173.7911 Z-0.6561 F600
G01 X96.2300 Y173.8323 Z-0.6533 F600
G01 X96.1584 Y173.8723 Z-0.6518 F600
G01 X96.1193 Y173.8921 Z-0.6516 F600
G01 X95.9733 Y173.9633 Z-0.6484 F600
G01 X95.9340 Y173.9804 Z-0.6481 F600
G01 X95.7841 Y174.0404 Z-0.6472 F600
G01 X95.7445 Y174.0555 Z-0.6464 F600
G01 X95.6680 Y174.0806 F600
G01 X95.5912 Y174.1049 Z-0.6471 F600
G01 X95.5507 Y174.1170 Z-0.6469 F600
G01 X95.4729 Y174.1384 Z-0.6460 F600
G01 X95.3944 Y174.1570 Z-0.6479 F600
G01 X95.3528 Y174.1662 Z-0.6483 F600
G01 X95.2734 Y174.1826 Z-0.6479 F600
G01 X95.1936 Y174.1969 Z-0.6496 F600
G01 X95.1505 Y174.2032 Z-0.6506 F600
G01 X94.9884 Y174.2242 Z-0.6523 F600
G01 X94.9436 Y174.2278 Z-0.6537 F600
G01 X94.7786 Y174.2380 Z-0.6572 F600
G01 X94.7319 Y174.2398 Z-0.6579 F600
G01 X94.5641 Y174.2389 Z-0.6635 F600
G01 X94.5154 Y174.2379 Z-0.6645 F600
G01 X94.4329 Y174.2336 Z-0.6667 F600
G01 X94.3504 Y174.2273 Z-0.6710 F600
G01 X94.3033 Y174.2232 Z-0.6728 F600
G01 X94.2229 Y174.2149 Z-0.6749 F600
G01 X94.1427 Y174.2040 Z-0.6797 F600
G01 X94.0996 Y174.1971 Z-0.6821 F600
G01 X93.9433 Y174.1695 Z-0.6892 F600
G01 X93.9040 Y174.1606 Z-0.6919 F600
G01 X93.7526 Y174.1227 Z-0.7012 F600
G01 X93.7167 Y174.1132 Z-0.7029 F600
G01 X93.6431 Y174.0905 Z-0.7073 F600
G01 X93.5700 Y174.0663 Z-0.7132 F600
G01 X93.5374 Y174.0551 Z-0.7153 F600
G01 X93.4658 Y174.0291 Z-0.7188 F600
G01 X93.3949 Y174.0014 Z-0.7242 F600
G01 X93.2272 Y173.9267 Z-0.7358 F600
G01 X93.1328 Y173.8785 Z-0.7421 F600
G01 X93.0665 Y173.8427 Z-0.7476 F600
G01 X92.9755 Y173.7905 Z-0.7525 F600
G01 X92.9113 Y173.7512 Z-0.7575 F600
G01 X92.7618 Y173.6502 Z-0.7676 F600
G01 X92.6772 Y173.5870 Z-0.7726 F600
G01 X92.6173 Y173.5400 Z-0.7773 F600
G01 X92.5345 Y173.4717 Z-0.7812 F600
G01 X92.4763 Y173.4216 Z-0.7849 F600
G01 X92.3397 Y173.2925 Z-0.7929 F600
G01 X92.2605 Y173.2113 Z-0.7965 F600
G01 X92.2067 Y173.1531 Z-0.8004 F600
G01 X92.1316 Y173.0680 Z-0.8032 F600
G01 X92.0800 Y173.0075 Z-0.8058 F600
G01 X91.9655 Y172.8571 Z-0.8122 F600
G01 X91.9032 Y172.7686 Z-0.8138 F600
G01 X91.8603 Y172.7027 Z-0.8170 F600
G01 X91.7631 Y172.5438 Z-0.8198 F600
G01 X91.7127 Y172.4483 Z-0.8220 F600
G01 X91.6765 Y172.3782 Z-0.8237 F600
G01 X91.6290 Y172.2799 Z-0.8234 F600
G01 X91.5970 Y172.2072 Z-0.8252 F600
G01 X91.5258 Y172.0292 Z-0.8261 F600
G01 X91.4887 Y171.9207 Z-0.8263 F600
G01 X91.4639 Y171.8432 Z-0.8272 F600
G01 X91.4303 Y171.7295 Z-0.8258 F600
G01 X91.4090 Y171.6496 Z-0.8264 F600
G01 X91.3633 Y171.4470 Z-0.8256 F600
G01 X91.3547 Y171.4052 Z-0.8250 F600
G01 X91.3271 Y171.2352 Z-0.8252 F600
G01 X91.3129 Y171.1346 Z-0.8235 F600
G01 X91.3049 Y171.0690 Z-0.8229 F600
G01 X91.2982 Y171.0032 Z-0.8237 F600
G01 X91.2802 Y170.7721 Z-0.8215 F600
G01 X91.2736 Y170.5310 Z-0.8208 F600
G01 X91.2738 Y170.4298 Z-0.8196 F600
G01 X91.2773 Y170.2949 Z-0.8202 F600
G01 X91.2815 Y170.1988 Z-0.8189 F600
G01 X91.2857 Y170.1333 Z-0.8188 F600
G01 X91.2910 Y170.0678 Z-0.8198 F600
G01 X91.3034 Y169.9455 Z-0.8192 F600
G01 X91.3128 Y169.8606 Z-0.8191 F600
G01 X91.3194 Y169.8166 Z-0.8197 F600
G01 X91.3464 Y169.6519 Z-0.8201 F600
G01 X91.3710 Y169.5321 F600
G01 X91.3892 Y169.4525 Z-0.8212 F600
G01 X91.4179 Y169.3388 Z-0.8203 F600
G01 X91.4400 Y169.2619 Z-0.8214 F600
G01 X91.4993 Y169.0797 Z-0.8216 F600
G01 X91.5388 Y168.9780 Z-0.8218 F600
G01 X91.5680 Y168.9060 Z-0.8226 F600
G01 X91.6105 Y168.8088 Z-0.8211 F600
G01 X91.6435 Y168.7394 Z-0.8219 F600
G01 X91.7274 Y168.5798 Z-0.8210 F600
G01 X91.7799 Y168.4915 Z-0.8201 F600
G01 X91.8201 Y168.4270 Z-0.8204 F600
G01 X91.8766 Y168.3415 Z-0.8182 F600
G01 X91.9199 Y168.2792 Z-0.8177 F600
G01 X92.0294 Y168.1372 Z-0.8156 F600
G01 X92.0970 Y168.0572 Z-0.8131 F600
G01 X92.1481 Y168.0001 Z-0.8129 F600
G01 X92.2219 Y167.9215 Z-0.8101 F600
G01 X92.2749 Y167.8668 Z-0.8086 F600
G01 X92.4077 Y167.7431 Z-0.8057 F600
G01 X92.4854 Y167.6761 Z-0.8026 F600
G01 X92.5425 Y167.6298 Z-0.8020 F600
G01 X92.6211 Y167.5693 Z-0.7988 F600
G01 X92.6789 Y167.5257 Z-0.7966 F600
G01 X92.8191 Y167.4327 Z-0.7924 F600
G01 X92.8999 Y167.3830 Z-0.7878 F600
G01 X92.9617 Y167.3479 Z-0.7865 F600
G01 X93.1078 Y167.2715 Z-0.7795 F600
G01 X93.1934 Y167.2327 Z-0.7754 F600
G01 X93.2584 Y167.2047 Z-0.7731 F600
G01 X93.3466 Y167.1694 Z-0.7674 F600
G01 X93.4132 Y167.1446 Z-0.7643 F600
G01 X93.5739 Y167.0937 Z-0.7561 F600
G01 X93.6701 Y167.0678 Z-0.7500 F600
G01 X93.7405 Y167.0511 Z-0.7472 F600
G01 X93.8415 Y167.0298 Z-0.7406 F600
G01 X93.9135 Y167.0158 Z-0.7365 F600
G01 X94.0939 Y166.9908 Z-0.7270 F600
G01 X94.2057 Y166.9802 Z-0.7202 F600
G01 X94.2816 Y166.9750 Z-0.7170 F600
G00 Z6.0000 F480
G00 X94.3151 Y166.9730 F1000
G01 Z-0.7152 F600
G01 X94.3792 Y166.9703 Z-0.7109 F600
G01 X94.4433 Y166.9683 Z-0.7073 F600
G01 X94.5980 Y166.9710 Z-0.6991 F600
G01 X94.6878 Y166.9749 Z-0.6923 F600
G01 X94.7503 Y166.9797 Z-0.6892 F600
G01 X94.9007 Y166.9955 Z-0.6787 F600
G01 X94.9883 Y167.0081 Z-0.6716 F600
G01 X95.0495 Y167.0187 Z-0.6678 F600
G01 X95.1974 Y167.0480 Z-0.6550 F600
G01 X95.2841 Y167.0702 Z-0.6480 F600
G01 X95.3441 Y167.0864 Z-0.6434 F600
G01 X95.4312 Y167.1120 Z-0.6346 F600
G01 X95.4908 Y167.1310 Z-0.6295 F600
G01 X95.6366 Y167.1852 Z-0.6166 F600
G01 X95.7247 Y167.2213 Z-0.6075 F600
G01 X95.7824 Y167.2476 Z-0.6032 F600
G01 X95.8138 Y167.2623 Z-0.6004 F600
G01 X95.9279 Y167.3177 Z-0.5890 F600
G01 X95.9594 Y167.3347 Z-0.5865 F600
G01 X96.0679 Y167.3964 Z-0.5777 F600
G01 X96.0979 Y167.4139 Z-0.5748 F600
G01 X96.1505 Y167.4460 Z-0.5694 F600
G01 X96.2019 Y167.4798 Z-0.5661 F600
G01 X96.2299 Y167.4988 Z-0.5640 F600
G01 X96.3298 Y167.5685 Z-0.5549 F600
G01 X96.3567 Y167.5882 Z-0.5525 F600
G01 X96.4508 Y167.6636 Z-0.5456 F600
G01 X96.4761 Y167.6845 Z-0.5434 F600
G01 X96.5220 Y167.7233 Z-0.5386 F600
G01 X96.5668 Y167.7631 Z-0.5351 F600
G01 X96.5906 Y167.7856 Z-0.5335 F600
G01 X96.6764 Y167.8687 Z-0.5259 F600
G01 X96.6999 Y167.8920 Z-0.5234 F600
G01 X96.7408 Y167.9355 Z-0.5193 F600
G01 X96.7807 Y167.9797 Z-0.5165 F600
G01 X96.8029 Y168.0048 Z-0.5144 F600
G01 X96.8807 Y168.0956 Z-0.5057 F600
G01 X96.9020 Y168.1225 Z-0.5038 F600
G01 X96.9918 Y168.2425 Z-0.4953 F600
G01 X97.0076 Y168.2630 Z-0.4941 F600
G01 X97.0239 Y168.2831 Z-0.4937 F600
G01 X97.0405 Y168.3029 Z-0.4941 F600
G01 X97.0573 Y168.3228 Z-0.4959 F600
G01 X97.0745 Y168.3425 Z-0.4987 F600
G01 X97.0923 Y168.3620 Z-0.5021 F600
G01 X97.1109 Y168.3812 Z-0.5063 F600
G01 X97.1302 Y168.4002 Z-0.5113 F600
G01 X97.1504 Y168.4189 Z-0.5170 F600
G01 X97.1714 Y168.4375 Z-0.5236 F600
G01 X97.1933 Y168.4558 Z-0.5310 F600
G01 X97.2162 Y168.4740 Z-0.5393 F600
G01 X97.2359 Y168.4895 Z-0.5474 F600
G01 X97.2563 Y168.5054 Z-0.5568 F600
G01 X97.2775 Y168.5215 Z-0.5672 F600
G01 X97.2997 Y168.5375 Z-0.5784 F600
G01 X97.3229 Y168.5535 Z-0.5905 F600
G01 X97.3473 Y168.5695 Z-0.6036 F600
G01 X97.3728 Y168.5855 Z-0.6177 F600
G01 X97.3996 Y168.6015 Z-0.6329 F600
G01 X97.4221 Y168.6143 Z-0.6459 F600
G01 X97.4455 Y168.6271 Z-0.6597 F600
G01 X97.4699 Y168.6401 Z-0.6746 F600
G01 X97.4954 Y168.6536 Z-0.6909 F600
G01 X97.5223 Y168.6678 Z-0.7090 F600
G01 X97.5505 Y168.6823 Z-0.7284 F600
G01 X97.5801 Y168.6968 Z-0.7490 F600
G01 X97.6034 Y168.7078 Z-0.7654 F600
G01 X97.6276 Y168.7188 Z-0.7825 F600
G01 X97.6527 Y168.7298 Z-0.8006 F600
G01 X97.6789 Y168.7409 Z-0.8196 F600
G01 X97.7062 Y168.7521 Z-0.8395 F600
G01 X97.7346 Y168.7633 Z-0.8605 F600
G01 X97.7643 Y168.7745 Z-0.8825 F600
G01 X97.7954 Y168.7859 Z-0.9059 F600
G01 X97.8281 Y168.7978 Z-0.9311 F600
G01 X97.8627 Y168.8105 Z-0.9584 F600
G01 X97.8994 Y168.8238 Z-0.9880 F600
G01 X97.9381 Y168.8373 Z-1.0194 F600
G01 X97.9861 Y168.7974 Z-1.0124 F600
G01 X98.0291 Y168.7114 Z-0.9704 F600
G01 X98.0625 Y168.6369 Z-0.9378 F600
G01 X98.0911 Y168.5643 Z-0.9089 F600
G01 X98.1155 Y168.4936 Z-0.8838 F600
G01 X98.1341 Y168.4324 Z-0.8645 F600
G01 X98.1501 Y168.3725 Z-0.8479 F600
G01 X98.1635 Y168.3136 Z-0.8337 F600
G01 X98.1747 Y168.2557 Z-0.8219 F600
G01 X98.1827 Y168.2057 Z-0.8134 F600
G01 X98.1890 Y168.1562 Z-0.8066 F600
G01 X98.1933 Y168.1069 Z-0.8008 F600
G01 X98.1959 Y168.0580 Z-0.7964 F600
G01 X98.1971 Y168.0094 Z-0.7936 F600
G01 X98.1962 Y167.7111 Z-0.7842 F600
G01 X98.1937 Y167.6070 Z-0.7808 F600
G01 X98.1853 Y167.3900 Z-0.7760 F600
G01 X98.1788 Y167.2584 Z-0.7743 F600
G01 X98.1632 Y167.0428 Z-0.7708 F600
G01 X98.1507 Y166.8931 Z-0.7700 F600
G01 X98.1444 Y166.8278 Z-0.7694 F600
G01 X98.1203 Y166.6136 Z-0.7678 F600
G01 X98.1102 Y166.5298 Z-0.7680 F600
G01 X98.1016 Y166.4648 Z-0.7682 F600
G01 X98.0796 Y166.3165 Z-0.7673 F600
G01 X98.0593 Y166.1871 Z-0.7677 F600
G01 X98.0453 Y166.1038 Z-0.7682 F600
G01 X98.0048 Y165.8922 Z-0.7681 F600
G01 X97.9919 Y165.8278 Z-0.7687 F600
G01 X97.9784 Y165.7636 Z-0.7688 F600
G01 X97.9294 Y165.5533 Z-0.7686 F600
G01 X97.9099 Y165.4728 Z-0.7692 F600
G01 X97.8544 Y165.2701 Z-0.7676 F600
G01 X97.8374 Y165.2102 Z-0.7677 F600
G01 X97.8196 Y165.1505 Z-0.7670 F600
G01 X97.7585 Y164.9603 Z-0.7643 F600
G01 X97.7330 Y164.8855 Z-0.7633 F600
G01 X97.6932 Y164.7771 Z-0.7607 F600
G01 X97.6657 Y164.7039 Z-0.7594 F600
G01 X97.6458 Y164.6521 Z-0.7589 F600
G01 X97.6246 Y164.6007 Z-0.7570 F600
G01 X97.5944 Y164.5291 Z-0.7550 F600
G01 X97.5522 Y164.4311 Z-0.7530 F600
G01 X97.5196 Y164.3609 Z-0.7507 F600
G01 X97.4751 Y164.2686 Z-0.7478 F600
G01 X97.4409 Y164.1994 Z-0.7463 F600
G01 X97.4179 Y164.1559 Z-0.7449 F600
G01 X97.3945 Y164.1126 Z-0.7430 F600
G01 X97.3571 Y164.0449 Z-0.7408 F600
G01 X97.3339 Y164.0038 Z-0.7400 F600
G01 X97.3103 Y163.9629 Z-0.7388 F600
G01 X97.2694 Y163.8969 Z-0.7359 F600
G01 X97.2208 Y163.8204 Z-0.7336 F600
G01 X97.1781 Y163.7559 Z-0.7317 F600
G01 X97.1270 Y163.6840 Z-0.7287 F600
G01 X97.0821 Y163.6223 Z-0.7270 F600
G01 X97.0560 Y163.5874 Z-0.7264 F600
G01 X97.0288 Y163.5532 Z-0.7245 F600
G01 X96.9807 Y163.4940 Z-0.7221 F600
G01 X96.9254 Y163.4276 Z-0.7203 F600
G01 X96.8744 Y163.3708 Z-0.7177 F600
G01 X96.8159 Y163.3080 Z-0.7151 F600
G01 X96.7632 Y163.2529 Z-0.7137 F600
G01 X96.7015 Y163.1937 Z-0.7103 F600
G01 X96.6461 Y163.1417 Z-0.7082 F600
G01 X96.6146 Y163.1130 Z-0.7075 F600
G01 X96.5825 Y163.0850 Z-0.7058 F600
G01 X96.5242 Y163.0364 Z-0.7029 F600
G01 X96.4582 Y162.9825 Z-0.7008 F600
G01 X96.3980 Y162.9368 Z-0.6980 F600
G01 X96.3290 Y162.8866 Z-0.6951 F600
G01 X96.2675 Y162.8431 Z-0.6934 F600
G01 X96.1955 Y162.7966 Z-0.6898 F600
G01 X96.1321 Y162.7568 Z-0.6873 F600
G01 X96.0953 Y162.7343 Z-0.6865 F600
G01 X96.0581 Y162.7126 Z-0.6847 F600
G01 X95.9888 Y162.6745 Z-0.6815 F600
G01 X95.9125 Y162.6339 Z-0.6792 F600
G01 X95.8376 Y162.5976 Z-0.6761 F600
G01 X95.7589 Y162.5618 Z-0.6735 F600
G01 X95.6828 Y162.5290 Z-0.6717 F600
G01 X95.6017 Y162.4980 Z-0.6687 F600
G01 X95.5243 Y162.4698 Z-0.6671 F600
G01 X95.4829 Y162.4557 Z-0.6666 F600
G01 X95.4412 Y162.4426 Z-0.6649 F600
G01 X95.3627 Y162.4192 Z-0.6631 F600
G01 X95.2777 Y162.3954 Z-0.6622 F600
G01 X95.1985 Y162.3768 Z-0.6601 F600
G01 X95.1110 Y162.3577 Z-0.6590 F600
G01 X95.0317 Y162.3423 Z-0.6583 F600
G01 X94.9418 Y162.3280 Z-0.6569 F600
G01 X94.8624 Y162.3164 Z-0.6567 F600
G01 X94.8163 Y162.3107 F600
G01 X94.7702 Y162.3060 Z-0.6558 F600
G01 X94.6908 Y162.2988 Z-0.6553 F600
G01 X94.5963 Y162.2915 Z-0.6559 F600
G01 X94.5170 Y162.2885 Z-0.6552 F600
G01 X94.4201 Y162.2860 Z-0.6554 F600
G01 X94.3335 Y162.2852 Z-0.6566 F600
G01 X94.2209 Y162.2880 Z-0.6571 F600
G01 X94.1256 Y162.2924 Z-0.6583 F600
G01 X94.0170 Y162.3007 Z-0.6598 F600
G01 X93.9211 Y162.3107 Z-0.6615 F600
G01 X93.8163 Y162.3244 Z-0.6640 F600
G01 X93.7199 Y162.3407 Z-0.6662 F600
G01 X93.6693 Y162.3503 Z-0.6680 F600
G01 X93.6189 Y162.3603 Z-0.6694 F600
G01 X93.5222 Y162.3829 Z-0.6724 F600
G01 X93.4735 Y162.3953 Z-0.6747 F600
G01 X93.4251 Y162.4088 Z-0.6759 F600
G01 X93.3285 Y162.4378 Z-0.6801 F600
G01 X93.2353 Y162.4702 Z-0.6836 F600
G01 X93.1397 Y162.5070 Z-0.6880 F600
G01 X93.0500 Y162.5451 Z-0.6926 F600
G01 X92.9565 Y162.5898 Z-0.6969 F600
G01 X92.9133 Y162.6117 Z-0.6998 F600
G01 X92.8706 Y162.6347 Z-0.7014 F600
G01 X92.7798 Y162.6865 Z-0.7066 F600
G01 X92.6979 Y162.7384 Z-0.7108 F600
G01 X92.6114 Y162.7979 Z-0.7155 F600
G01 X92.5720 Y162.8267 Z-0.7181 F600
G01 X92.5330 Y162.8561 Z-0.7201 F600
G01 X92.4473 Y162.9257 Z-0.7253 F600
G01 X92.3734 Y162.9917 Z-0.7295 F600
G01 X92.2908 Y163.0717 Z-0.7348 F600
G01 X92.2555 Y163.1083 Z-0.7377 F600
G01 X92.2208 Y163.1454 Z-0.7398 F600
G01 X92.1461 Y163.2311 Z-0.7453 F600
G01 X92.0812 Y163.3135 Z-0.7495 F600
G01 X92.0154 Y163.4042 Z-0.7540 F600
G01 X91.9847 Y163.4492 Z-0.7567 F600
G01 X91.9551 Y163.4948 Z-0.7582 F600
G01 X91.8975 Y163.5890 Z-0.7621 F600
G01 X91.8425 Y163.6881 Z-0.7655 F600
G01 X91.7937 Y163.7853 Z-0.7679 F600
G01 X91.7684 Y163.8388 Z-0.7697 F600
G01 X91.7443 Y163.8929 Z-0.7702 F600
G01 X91.7027 Y163.9918 Z-0.7721 F600
G01 X91.6587 Y164.1078 Z-0.7737 F600
G01 X91.6763 Y164.2240 Z-0.7201 F600
G01 X91.7912 Y164.3949 Z-0.5606 F600
G01 X91.8726 Y164.5128 Z-0.4506 F600
G01 X91.9938 Y164.6838 Z-0.2916 F600
G01 X92.0660 Y164.7832 Z-0.1992 F600
G01 X92.1938 Y164.9550 Z-0.0398 F600
G01 X92.0620 Y164.7778 Z-0.2042 F600
G01 X91.9966 Y164.6878 Z-0.2878 F600
G01 X91.8663 Y164.5039 Z-0.4589 F600
G01 X91.8013 Y164.4099 Z-0.5465 F600
G01 X91.6717 Y164.2172 Z-0.7265 F600
G01 X91.6005 Y164.1914 Z-0.7456 F600
G01 X91.4434 Y164.2964 Z-0.6266 F600
G01 X91.3647 Y164.3503 Z-0.5657 F600
G01 X91.1280 Y164.5200 Z-0.3749 F600
G01 X90.8903 Y164.7000 Z-0.1737 F600
G01 X90.7314 Y164.8249 Z-0.0347 F600
G01 X90.8884 Y164.7015 Z-0.1721 F600
G00 Z6.0000 F480
G00 X87.8657 Y168.8767 F1000
G01 Z-1.0316 F600
G01 X87.8930 Y169.0329 Z-1.0025 F600
G01 X87.9098 Y169.1587 Z-0.9818 F600
G01 X87.9282 Y169.3079 Z-0.9578 F600
G01 X87.9365 Y169.3825 Z-0.9468 F600
G01 X87.9431 Y169.4570 Z-0.9375 F600
G01 X87.9572 Y169.6457 Z-0.9119 F600
G01 X87.9606 Y169.7166 Z-0.9039 F600
G01 X87.9663 Y169.8584 Z-0.8891 F600
G01 X87.9692 Y169.9876 Z-0.8746 F600
G01 X87.9678 Y170.2295 Z-0.8530 F600
G01 X87.9669 Y170.2787 Z-0.8484 F600
G01 X87.9513 Y170.5835 Z-0.8245 F600
G01 X87.9197 Y170.9129 Z-0.8017 F600
G01 X87.8746 Y171.2172 Z-0.7830 F600
G01 X87.8193 Y171.4882 Z-0.7679 F600
G01 X87.7913 Y171.5962 Z-0.7623 F600
G01 X87.7520 Y171.7418 Z-0.7549 F600
G01 X87.7223 Y171.8352 Z-0.7493 F600
G01 X87.6763 Y171.9695 Z-0.7430 F600
G01 X87.6435 Y172.0574 Z-0.7367 F600
G01 X87.5911 Y172.1831 Z-0.7316 F600
G01 X87.5523 Y172.2701 Z-0.7261 F600
G01 X87.5244 Y172.3306 Z-0.7225 F600
G01 X87.4947 Y172.3902 Z-0.7209 F600
G01 X87.3950 Y172.5764 Z-0.7113 F600
G01 X87.3714 Y172.6154 Z-0.7101 F600
G01 X87.2803 Y172.7604 Z-0.7038 F600
G01 X87.2565 Y172.7969 Z-0.7017 F600
G01 X87.2070 Y172.8653 Z-0.6991 F600
G01 X87.1571 Y172.9333 Z-0.6970 F600
G01 X87.1318 Y172.9668 Z-0.6954 F600
G01 X87.0799 Y173.0324 Z-0.6913 F600
G01 X87.0259 Y173.0961 Z-0.6902 F600
G01 X86.9989 Y173.1269 Z-0.6891 F600
G01 X86.9431 Y173.1884 Z-0.6856 F600
G01 X86.8867 Y173.2493 Z-0.6830 F600
G01 X86.8579 Y173.2778 Z-0.6822 F600
G01 X86.7384 Y173.3925 Z-0.6766 F600
G01 X86.7082 Y173.4200 Z-0.6749 F600
G01 X86.5812 Y173.5264 Z-0.6701 F600
G01 X86.5487 Y173.5527 Z-0.6683 F600
G01 X86.4823 Y173.6030 Z-0.6649 F600
G01 X86.4148 Y173.6517 Z-0.6634 F600
G01 X86.3784 Y173.6772 Z-0.6619 F600
G01 X86.3096 Y173.7237 Z-0.6580 F600
G01 X86.2394 Y173.7678 Z-0.6570 F600
G01 X86.2006 Y173.7911 Z-0.6561 F600
G01 X86.1297 Y173.8323 Z-0.6533 F600
G01 X86.0582 Y173.8723 Z-0.6518 F600
G01 X86.0191 Y173.8921 Z-0.6516 F600
G01 X85.8731 Y173.9633 Z-0.6484 F600
G01 X85.8338 Y173.9804 Z-0.6481 F600
G01 X85.6838 Y174.0404 Z-0.6472 F600
G01 X85.6443 Y174.0555 Z-0.6464 F600
G01 X85.5677 Y174.0806 F600
G01 X85.4909 Y174.1049 Z-0.6471 F600
G01 X85.4504 Y174.1170 Z-0.6469 F600
G01 X85.3726 Y174.1384 Z-0.6460 F600
G01 X85.2941 Y174.1570 Z-0.6479 F600
G01 X85.2525 Y174.1662 Z-0.6483 F600
G01 X85.1731 Y174.1826 Z-0.6479 F600
G01 X85.0933 Y174.1969 Z-0.6496 F600
G01 X85.0502 Y174.2032 Z-0.6506 F600
G01 X84.8881 Y174.2242 Z-0.6523 F600
G01 X84.8433 Y174.2278 Z-0.6537 F600
G01 X84.6783 Y174.2380 Z-0.6572 F600
G01 X84.6316 Y174.2398 Z-0.6579 F600
G01 X84.4639 Y174.2389 Z-0.6635 F600
G01 X84.4152 Y174.2379 Z-0.6645 F600
G01 X84.3326 Y174.2336 Z-0.6667 F600
G01 X84.2501 Y174.2273 Z-0.6710 F600
G01 X84.2031 Y174.2232 Z-0.6728 F600
G01 X84.1226 Y174.2149 Z-0.6749 F600
G01 X84.0424 Y174.2040 Z-0.6797 F600
G01 X83.9993 Y174.1971 Z-0.6821 F600
G01 X83.8430 Y174.1695 Z-0.6892 F600
G01 X83.8037 Y174.1606 Z-0.6919 F600
G01 X83.6523 Y174.1227 Z-0.7012 F600
G01 X83.6164 Y174.1132 Z-0.7029 F600
G01 X83.5429 Y174.0905 Z-0.7073 F600
G01 X83.4697 Y174.0663 Z-0.7132 F600
G01 X83.4371 Y174.0551 Z-0.7153 F600
G01 X83.3655 Y174.0291 Z-0.7188 F600
G01 X83.2946 Y174.0014 Z-0.7242 F600
G01 X83.1269 Y173.9267 Z-0.7358 F600
G01 X83.0325 Y173.8785 Z-0.7421 F600
G01 X82.9662 Y173.8427 Z-0.7476 F600
G01 X82.8753 Y173.7905 Z-0.7525 F600
G01 X82.8110 Y173.7512 Z-0.7576 F600
G01 X82.6615 Y173.6502 Z-0.7676 F600
G01 X82.5769 Y173.5870 Z-0.7726 F600
G01 X82.5170 Y173.5400 Z-0.7773 F600
G01 X82.4343 Y173.4717 Z-0.7812 F600
G01 X82.3760 Y173.4216 Z-0.7849 F600
G01 X82.2394 Y173.2925 Z-0.7929 F600
G01 X82.1602 Y173.2113 Z-0.7965 F600
G01 X82.1064 Y173.1531 Z-0.8004 F600
G01 X82.0314 Y173.0680 Z-0.8032 F600
G01 X81.9798 Y173.0075 Z-0.8058 F600
G01 X81.8653 Y172.8571 Z-0.8122 F600
G01 X81.8029 Y172.7686 Z-0.8138 F600
G01 X81.7600 Y172.7027 Z-0.8170 F600
G01 X81.6629 Y172.5438 Z-0.8198 F600
G01 X81.6124 Y172.4483 Z-0.8220 F600
G01 X81.5762 Y172.3782 Z-0.8237 F600
G01 X81.5287 Y172.2799 Z-0.8234 F600
G01 X81.4967 Y172.2072 Z-0.8252 F600
G01 X81.4256 Y172.0292 Z-0.8261 F600
G01 X81.3885 Y171.9207 Z-0.8263 F600
G01 X81.3636 Y171.8432 Z-0.8272 F600
G01 X81.3300 Y171.7295 Z-0.8258 F600
G01 X81.3087 Y171.6496 Z-0.8264 F600
G01 X81.2630 Y171.4470 Z-0.8256 F600
G01 X81.2544 Y171.4052 Z-0.8250 F600
G01 X81.2268 Y171.2352 Z-0.8252 F600
G01 X81.2127 Y171.1346 Z-0.8235 F600
G01 X81.2046 Y171.0690 Z-0.8229 F600
G01 X81.1979 Y171.0032 Z-0.8237 F600
G01 X81.1799 Y170.7721 Z-0.8215 F600
G01 X81.1734 Y170.5310 Z-0.8208 F600
G01 X81.1735 Y170.4298 Z-0.8196 F600
G01 X81.1770 Y170.2949 Z-0.8202 F600
G01 X81.1813 Y170.1988 Z-0.8189 F600
G01 X81.1854 Y170.1333 Z-0.8188 F600
G01 X81.1907 Y170.0678 Z-0.8198 F600
G01 X81.2031 Y169.9455 Z-0.8192 F600
G01 X81.2125 Y169.8606 Z-0.8191 F600
G01 X81.2191 Y169.8166 Z-0.8197 F600
G01 X81.2461 Y169.6519 Z-0.8201 F600
G01 X81.2707 Y169.5321 F600
G01 X81.2889 Y169.4525 Z-0.8212 F600
G01 X81.3176 Y169.3388 Z-0.8203 F600
G01 X81.3397 Y169.2619 Z-0.8214 F600
G01 X81.3990 Y169.0797 Z-0.8216 F600
G01 X81.4385 Y168.9780 Z-0.8218 F600
G01 X81.4677 Y168.9060 Z-0.8226 F600
G01 X81.5102 Y168.8088 Z-0.8211 F600
G01 X81.5433 Y168.7394 Z-0.8219 F600
G01 X81.6271 Y168.5798 Z-0.8210 F600
G01 X81.6796 Y168.4915 Z-0.8201 F600
G01 X81.7198 Y168.4270 Z-0.8204 F600
G01 X81.7763 Y168.3415 Z-0.8182 F600
G01 X81.8196 Y168.2792 Z-0.8177 F600
G01 X81.9292 Y168.1372 Z-0.8156 F600
G01 X81.9967 Y168.0572 Z-0.8131 F600
G01 X82.0479 Y168.0001 Z-0.8129 F600
G01 X82.1216 Y167.9215 Z-0.8101 F600
G01 X82.1746 Y167.8668 Z-0.8086 F600
G01 X82.3074 Y167.7431 Z-0.8057 F600
G01 X82.3851 Y167.6761 Z-0.8026 F600
G01 X82.4422 Y167.6298 Z-0.8020 F600
G01 X82.5208 Y167.5693 Z-0.7988 F600
G01 X82.5787 Y167.5257 Z-0.7966 F600
G01 X82.7189 Y167.4327 Z-0.7924 F600
G01 X82.7996 Y167.3830 Z-0.7878 F600
G01 X82.8615 Y167.3479 Z-0.7865 F600
G01 X83.0075 Y167.2715 Z-0.7795 F600
G01 X83.0931 Y167.2327 Z-0.7754 F600
G01 X83.1581 Y167.2047 Z-0.7731 F600
G01 X83.2464 Y167.1694 Z-0.7674 F600
G01 X83.3130 Y167.1446 Z-0.7643 F600
G01 X83.4736 Y167.0937 Z-0.7561 F600
G01 X83.5698 Y167.0678 Z-0.7500 F600
G01 X83.6402 Y167.0511 Z-0.7472 F600
G01 X83.7412 Y167.0298 Z-0.7406 F600
G01 X83.8132 Y167.0158 Z-0.7365 F600
G01 X83.9936 Y166.9908 Z-0.7270 F600
G01 X84.1054 Y166.9802 Z-0.7202 F600
G01 X84.1813 Y166.9750 Z-0.7170 F600
G00 Z6.0000 F480
G00 X84.2149 Y166.9730 F1000
G01 Z-0.7152 F600
G01 X84.2790 Y166.9703 Z-0.7109 F600
G01 X84.3430 Y166.9683 Z-0.7073 F600
G01 X84.4977 Y166.9710 Z-0.6991 F600
G01 X84.5875 Y166.9749 Z-0.6923 F600
G01 X84.6501 Y166.9797 Z-0.6892 F600
G01 X84.8005 Y166.9955 Z-0.6787 F600
G01 X84.8881 Y167.0081 Z-0.6716 F600
G01 X84.9492 Y167.0187 Z-0.6678 F600
G01 X85.0972 Y167.0480 Z-0.6550 F600
G01 X85.1838 Y167.0702 Z-0.6480 F600
G01 X85.2438 Y167.0864 Z-0.6434 F600
G01 X85.3310 Y167.1120 Z-0.6346 F600
G01 X85.3905 Y167.1310 Z-0.6295 F600
G01 X85.5364 Y167.1852 Z-0.6166 F600
G01 X85.6244 Y167.2213 Z-0.6075 F600
G01 X85.6821 Y167.2476 Z-0.6032 F600
G01 X85.7135 Y167.2623 Z-0.6004 F600
G01 X85.8276 Y167.3177 Z-0.5890 F600
G01 X85.8591 Y167.3347 Z-0.5865 F600
G01 X85.9676 Y167.3964 Z-0.5777 F600
G01 X85.9976 Y167.4139 Z-0.5748 F600
G01 X86.0503 Y167.4460 Z-0.5694 F600
G01 X86.1016 Y167.4798 Z-0.5661 F600
G01 X86.1296 Y167.4988 Z-0.5640 F600
G01 X86.2296 Y167.5685 Z-0.5549 F600
G01 X86.2564 Y167.5882 Z-0.5525 F600
G01 X86.3505 Y167.6636 Z-0.5456 F600
G01 X86.3758 Y167.6845 Z-0.5434 F600
G01 X86.4217 Y167.7233 Z-0.5386 F600
G01 X86.4665 Y167.7631 Z-0.5351 F600
G01 X86.4904 Y167.7856 Z-0.5335 F600
G01 X86.5762 Y167.8687 Z-0.5259 F600
G01 X86.5996 Y167.8920 Z-0.5234 F600
G01 X86.6405 Y167.9355 Z-0.5193 F600
G01 X86.6805 Y167.9797 Z-0.5165 F600
G01 X86.7026 Y168.0048 Z-0.5144 F600
G01 X86.7804 Y168.0956 Z-0.5057 F600
G01 X86.8017 Y168.1225 Z-0.5038 F600
G01 X86.8915 Y168.2425 Z-0.4953 F600
G01 X86.9073 Y168.2630 Z-0.4941 F600
G01 X86.9236 Y168.2831 Z-0.4937 F600
G01 X86.9403 Y168.3029 Z-0.4941 F600
G01 X86.9570 Y168.3228 Z-0.4959 F600
G01 X86.9742 Y168.3425 Z-0.4987 F600
G01 X86.9920 Y168.3620 Z-0.5021 F600
G01 X87.0106 Y168.3812 Z-0.5063 F600
G01 X87.0300 Y168.4002 Z-0.5113 F600
G01 X87.0501 Y168.4189 Z-0.5170 F600
G01 X87.0711 Y168.4375 Z-0.5236 F600
G01 X87.0930 Y168.4558 Z-0.5310 F600
G01 X87.1159 Y168.4740 Z-0.5393 F600
G01 X87.1356 Y168.4895 Z-0.5474 F600
G01 X87.1560 Y168.5054 Z-0.5568 F600
G01 X87.1772 Y168.5215 Z-0.5672 F600
G01 X87.1994 Y168.5375 Z-0.5784 F600
G01 X87.2227 Y168.5535 Z-0.5905 F600
G01 X87.2470 Y168.5695 Z-0.6036 F600
G01 X87.2726 Y168.5855 Z-0.6176 F600
G01 X87.2994 Y168.6015 Z-0.6329 F600
G01 X87.3218 Y168.6143 Z-0.6459 F600
G01 X87.3452 Y168.6271 Z-0.6597 F600
G01 X87.3696 Y168.6401 Z-0.6746 F600
G01 X87.3951 Y168.6536 Z-0.6909 F600
G01 X87.4220 Y168.6678 Z-0.7090 F600
G01 X87.4502 Y168.6823 Z-0.7284 F600
G01 X87.4798 Y168.6968 Z-0.7490 F600
G01 X87.5031 Y168.7078 Z-0.7654 F600
G01 X87.5273 Y168.7188 Z-0.7825 F600
G01 X87.5524 Y168.7298 Z-0.8006 F600
G01 X87.5786 Y168.7409 Z-0.8195 F600
G01 X87.6059 Y168.7521 Z-0.8395 F600
G01 X87.6343 Y168.7633 Z-0.8604 F600
G01 X87.6640 Y168.7745 Z-0.8825 F600
G01 X87.6951 Y168.7859 Z-0.9059 F600
G01 X87.7278 Y168.7978 Z-0.9311 F600
G01 X87.7624 Y168.8105 Z-0.9584 F600
G01 X87.7991 Y168.8238 Z-0.9880 F600
G01 X87.8378 Y168.8373 Z-1.0194 F600
G01 X87.8858 Y168.7974 Z-1.0124 F600
G01 X87.9288 Y168.7114 Z-0.9704 F600
G01 X87.9623 Y168.6369 Z-0.9378 F600
G01 X87.9908 Y168.5643 Z-0.9089 F600
G01 X88.0152 Y168.4936 Z-0.8838 F600
G01 X88.0338 Y168.4324 Z-0.8645 F600
G01 X88.0498 Y168.3725 Z-0.8479 F600
G01 X88.0633 Y168.3136 Z-0.8337 F600
G01 X88.0744 Y168.2557 Z-0.8219 F600
G01 X88.0824 Y168.2057 Z-0.8134 F600
G01 X88.0887 Y168.1562 Z-0.8066 F600
G01 X88.0930 Y168.1069 Z-0.8008 F600
G01 X88.0957 Y168.0580 Z-0.7964 F600
G01 X88.0968 Y168.0094 Z-0.7936 F600
G01 X88.0959 Y167.7111 Z-0.7842 F600
G01 X88.0934 Y167.6070 Z-0.7808 F600
G01 X88.0850 Y167.3900 Z-0.7760 F600
G01 X88.0785 Y167.2584 Z-0.7743 F600
G01 X88.0629 Y167.0428 Z-0.7708 F600
G01 X88.0504 Y166.8931 Z-0.7700 F600
G01 X88.0441 Y166.8278 Z-0.7694 F600
G01 X88.0200 Y166.6136 Z-0.7678 F600
G01 X88.0099 Y166.5298 Z-0.7680 F600
G01 X88.0013 Y166.4648 Z-0.7682 F600
G01 X87.9794 Y166.3165 Z-0.7673 F600
G01 X87.9590 Y166.1871 Z-0.7677 F600
G01 X87.9451 Y166.1038 Z-0.7682 F600
G01 X87.9045 Y165.8922 Z-0.7681 F600
G01 X87.8916 Y165.8278 Z-0.7687 F600
G01 X87.8782 Y165.7636 Z-0.7688 F600
G01 X87.8291 Y165.5533 Z-0.7686 F600
G01 X87.8096 Y165.4728 Z-0.7692 F600
G01 X87.7541 Y165.2701 Z-0.7676 F600
G01 X87.7371 Y165.2102 Z-0.7677 F600
G01 X87.7194 Y165.1505 Z-0.7670 F600
G01 X87.6582 Y164.9603 Z-0.7643 F600
G01 X87.6327 Y164.8855 Z-0.7633 F600
G01 X87.5929 Y164.7771 Z-0.7607 F600
G01 X87.5654 Y164.7039 Z-0.7594 F600
G01 X87.5455 Y164.6521 Z-0.7589 F600
G01 X87.5243 Y164.6007 Z-0.7570 F600
G01 X87.4941 Y164.5291 Z-0.7550 F600
G01 X87.4519 Y164.4311 Z-0.7530 F600
G01 X87.4194 Y164.3609 Z-0.7507 F600
G01 X87.3748 Y164.2686 Z-0.7478 F600
G01 X87.3407 Y164.1994 Z-0.7463 F600
G01 X87.3176 Y164.1559 Z-0.7449 F600
G01 X87.2942 Y164.1126 Z-0.7430 F600
G01 X87.2568 Y164.0449 Z-0.7408 F600
G01 X87.2336 Y164.0038 Z-0.7400 F600
G01 X87.2100 Y163.9629 Z-0.7388 F600
G01 X87.1691 Y163.8969 Z-0.7359 F600
G01 X87.1206 Y163.8204 Z-0.7336 F600
G01 X87.0778 Y163.7559 Z-0.7317 F600
G01 X87.0267 Y163.6840 Z-0.7287 F600
G01 X86.9818 Y163.6223 Z-0.7270 F600
G01 X86.9557 Y163.5874 Z-0.7264 F600
G01 X86.9286 Y163.5532 Z-0.7245 F600
G01 X86.8804 Y163.4940 Z-0.7221 F600
G01 X86.8251 Y163.4276 Z-0.7203 F600
G01 X86.7741 Y163.3708 Z-0.7177 F600
G01 X86.7156 Y163.3080 Z-0.7151 F600
G01 X86.6630 Y163.2529 Z-0.7137 F600
G01 X86.6013 Y163.1937 Z-0.7103 F600
G01 X86.5458 Y163.1417 Z-0.7082 F600
G01 X86.5144 Y163.1130 Z-0.7075 F600
G01 X86.4822 Y163.0850 Z-0.7058 F600
G01 X86.4240 Y163.0364 Z-0.7029 F600
G01 X86.3580 Y162.9825 Z-0.7008 F600
G01 X86.2978 Y162.9368 Z-0.6980 F600
G01 X86.2287 Y162.8866 Z-0.6951 F600
G01 X86.1673 Y162.8431 Z-0.6934 F600
G01 X86.0953 Y162.7966 Z-0.6898 F600
G01 X86.0318 Y162.7568 Z-0.6873 F600
G01 X85.9950 Y162.7343 Z-0.6865 F600
G01 X85.9578 Y162.7126 Z-0.6847 F600
G01 X85.8885 Y162.6745 Z-0.6815 F600
G01 X85.8123 Y162.6339 Z-0.6792 F600
G01 X85.7373 Y162.5976 Z-0.6761 F600
G01 X85.6586 Y162.5618 Z-0.6735 F600
G01 X85.5825 Y162.5290 Z-0.6717 F600
G01 X85.5014 Y162.4980 Z-0.6687 F600
G01 X85.4240 Y162.4698 Z-0.6671 F600
G01 X85.3826 Y162.4557 Z-0.6666 F600
G01 X85.3409 Y162.4426 Z-0.6649 F600
G01 X85.2624 Y162.4192 Z-0.6631 F600
G01 X85.1774 Y162.3954 Z-0.6622 F600
G01 X85.0982 Y162.3768 Z-0.6601 F600
G01 X85.0107 Y162.3577 Z-0.6590 F600
G01 X84.9314 Y162.3423 Z-0.6583 F600
G01 X84.8415 Y162.3280 Z-0.6569 F600
G01 X84.7621 Y162.3164 Z-0.6567 F600
G01 X84.7161 Y162.3107 F600
G01 X84.6699 Y162.3060 Z-0.6558 F600
G01 X84.5905 Y162.2988 Z-0.6553 F600
G01 X84.4960 Y162.2915 Z-0.6559 F600
G01 X84.4167 Y162.2885 Z-0.6552 F600
G01 X84.3198 Y162.2860 Z-0.6554 F600
G01 X84.2333 Y162.2852 Z-0.6566 F600
G01 X84.1206 Y162.2880 Z-0.6571 F600
G01 X84.0254 Y162.2924 Z-0.6583 F600
G01 X83.9167 Y162.3007 Z-0.6598 F600
G01 X83.8208 Y162.3107 Z-0.6615 F600
G01 X83.7160 Y162.3244 Z-0.6640 F600
G01 X83.6196 Y162.3407 Z-0.6662 F600
G01 X83.5691 Y162.3503 Z-0.6680 F600
G01 X83.5187 Y162.3603 Z-0.6694 F600
G01 X83.4219 Y162.3829 Z-0.6724 F600
G01 X83.3732 Y162.3953 Z-0.6747 F600
G01 X83.3249 Y162.4088 Z-0.6759 F600
G01 X83.2282 Y162.4378 Z-0.6801 F600
G01 X83.1350 Y162.4702 Z-0.6836 F600
G01 X83.0395 Y162.5070 Z-0.6880 F600
G01 X82.9497 Y162.5451 Z-0.6926 F600
G01 X82.8563 Y162.5898 Z-0.6969 F600
G01 X82.8130 Y162.6117 Z-0.6998 F600
G01 X82.7704 Y162.6347 Z-0.7014 F600
G01 X82.6795 Y162.6865 Z-0.7066 F600
G01 X82.5976 Y162.7384 Z-0.7108 F600
G01 X82.5111 Y162.7979 Z-0.7155 F600
G01 X82.4717 Y162.8267 Z-0.7181 F600
G01 X82.4328 Y162.8560 Z-0.7201 F600
G01 X82.3470 Y162.9257 Z-0.7253 F600
G01 X82.2731 Y162.9917 Z-0.7295 F600
G01 X82.1905 Y163.0717 Z-0.7348 F600
G01 X82.1553 Y163.1083 Z-0.7377 F600
G01 X82.1205 Y163.1454 Z-0.7398 F600
G01 X82.0458 Y163.2311 Z-0.7453 F600
G01 X81.9809 Y163.3135 Z-0.7495 F600
G01 X81.9151 Y163.4042 Z-0.7540 F600
G01 X81.8844 Y163.4492 Z-0.7567 F600
G01 X81.8548 Y163.4948 Z-0.7582 F600
G01 X81.7972 Y163.5890 Z-0.7621 F600
G01 X81.7422 Y163.6881 Z-0.7655 F600
G01 X81.6934 Y163.7853 Z-0.7679 F600
G01 X81.6681 Y163.8388 Z-0.7697 F600
G01 X81.6440 Y163.8929 Z-0.7702 F600
G01 X81.6024 Y163.9918 Z-0.7721 F600
G01 X81.5584 Y164.1078 Z-0.7737 F600
G01 X81.5761 Y164.2240 Z-0.7201 F600
G01 X81.6909 Y164.3949 Z-0.5606 F600
G01 X81.7723 Y164.5128 Z-0.4506 F600
G01 X81.8935 Y164.6838 Z-0.2916 F600
G01 X81.9657 Y164.7832 Z-0.1992 F600
G01 X82.0935 Y164.9550 Z-0.0398 F600
G01 X81.9617 Y164.7778 Z-0.2042 F600
G01 X81.8963 Y164.6878 Z-0.2878 F600
G01 X81.7660 Y164.5039 Z-0.4589 F600
G01 X81.7010 Y164.4099 Z-0.5465 F600
G01 X81.5715 Y164.2172 Z-0.7265 F600
G01 X81.5002 Y164.1914 Z-0.7456 F600
G01 X81.3431 Y164.2964 Z-0.6266 F600
G01 X81.2645 Y164.3503 Z-0.5657 F600
G01 X81.0277 Y164.5200 Z-0.3749 F600
G01 X80.7900 Y164.7000 Z-0.1737 F600
G01 X80.5914 Y164.8561 Z0.0000 F600
G01 X80.8566 Y164.6488 Z-0.2308 F600
G00 Z6.0000 F480
G00 X78.9925 Y165.7900 F1000
G01 Z-0.0382 F600
G01 X78.2282 Y166.5543 Z-0.8025 F600
G01 X78.9925 Y167.3186 Z-0.0382 F600
G01 X78.2385 Y166.5647 Z-0.7922 F600
G01 X78.1631 Y166.5543 Z-0.8025 F600
G01 X74.9945 F600
G01 X74.9190 Y166.5647 Z-0.7922 F600
G01 X74.1646 Y167.3191 Z-0.0377 F600
G01 X74.9294 Y166.5543 Z-0.8025 F600
G01 X74.1269 Y165.7518 Z0.0000 F600
G01 X74.9190 Y166.5439 Z-0.7922 F600
G00 Z6.0000 F480
G00 X71.7521 Y162.7412 F1000
G01 Z-0.8913 F600
G01 X73.4772 Y161.8691 Z-0.0191 F600
G01 X71.7367 Y162.7490 Z-0.8990 F600
G01 X71.6611 Y162.6517 Z-0.8017 F600
G01 X71.2449 Y161.8500 Z0.0000 F600
G01 X71.5080 Y162.3569 Z-0.5069 F600
G01 X71.7071 Y162.7727 Z-0.9089 F600
G01 X67.2743 Y168.9309 Z-0.8274 F600
G01 X67.2479 Y168.9653 Z-0.8283 F600
G01 X67.2159 Y169.0046 Z-0.8308 F600
G01 X67.1824 Y169.0431 Z-0.8349 F600
G01 X67.1475 Y169.0810 Z-0.8406 F600
G01 X67.1114 Y169.1187 Z-0.8486 F600
G01 X67.0692 Y169.1629 Z-0.8619 F600
G01 X67.0254 Y169.2088 Z-0.8800 F600
G01 X66.9735 Y169.2630 Z-0.9067 F600
G01 X66.9116 Y169.3277 Z-0.9453 F600
G01 X66.8478 Y169.3791 Z-0.9772 F600
G01 X66.8108 Y169.3684 Z-0.9586 F600
G01 X66.7749 Y169.3573 Z-0.9411 F600
G01 X66.7402 Y169.3460 Z-0.9246 F600
G01 X66.7067 Y169.3343 Z-0.9091 F600
G01 X66.6741 Y169.3224 Z-0.8945 F600
G01 X66.6425 Y169.3102 Z-0.8808 F600
G01 X66.6118 Y169.2977 Z-0.8679 F600
G01 X66.5820 Y169.2850 Z-0.8559 F600
G01 X66.5530 Y169.2720 Z-0.8446 F600
G01 X66.5179 Y169.2555 Z-0.8315 F600
G01 X66.4839 Y169.2385 Z-0.8195 F600
G01 X66.4510 Y169.2212 Z-0.8084 F600
G01 X66.4191 Y169.2036 Z-0.7984 F600
G01 X66.3882 Y169.1855 Z-0.7893 F600
G01 X66.3581 Y169.1671 Z-0.7811 F600
G01 X66.3289 Y169.1484 Z-0.7738 F600
G01 X66.3005 Y169.1292 Z-0.7672 F600
G01 X66.2729 Y169.1097 Z-0.7615 F600
G01 X66.2460 Y169.0898 Z-0.7566 F600
G01 X66.2146 Y169.0654 Z-0.7517 F600
G01 X66.1841 Y169.0403 Z-0.7478 F600
G01 X66.1545 Y169.0147 Z-0.7451 F600
G01 X66.1256 Y168.9884 Z-0.7433 F600
G01 X65.0132 Y167.8915 Z-0.7334 F600
G01 X64.9594 Y167.8403 Z-0.7344 F600
G01 X64.9029 Y167.7918 Z-0.7391 F600
G01 X64.8438 Y167.7459 Z-0.7475 F600
G01 X64.7821 Y167.7028 Z-0.7597 F600
G01 X64.7177 Y167.6624 Z-0.7757 F600
G01 X64.6507 Y167.6246 Z-0.7954 F600
G01 X64.5811 Y167.5896 Z-0.8190 F600
G01 X64.5088 Y167.5572 Z-0.8462 F600
G01 X64.4340 Y167.5276 Z-0.8773 F600
G01 X64.2763 Y167.4764 Z-0.9506 F600
G01 X64.1082 Y167.4359 Z-1.0391 F600
G01 X63.9295 Y167.4063 Z-1.1426 F600
G01 X63.8902 Y167.3402 Z-1.1228 F600
G01 X63.7715 Y167.0586 Z-1.0041 F600
G01 X63.7576 Y167.0238 Z-0.9902 F600
G01 X63.7446 Y166.9894 Z-0.9772 F600
G01 X63.7295 Y166.9471 Z-0.9621 F600
G01 X63.7157 Y166.9055 Z-0.9483 F600
G01 X63.7030 Y166.8644 Z-0.9356 F600
G01 X63.6915 Y166.8238 Z-0.9241 F600
G01 X63.6810 Y166.7837 Z-0.9136 F600
G01 X63.6716 Y166.7440 Z-0.9042 F600
G01 X63.6632 Y166.7048 Z-0.8958 F600
G01 X63.6557 Y166.6659 Z-0.8883 F600
G01 X63.6491 Y166.6272 Z-0.8817 F600
G01 X63.6435 Y166.5889 Z-0.8761 F600
G01 X63.6379 Y166.5432 Z-0.8705 F600
G01 X63.6335 Y166.4977 Z-0.8661 F600
G01 X63.6303 Y166.4525 Z-0.8629 F600
G01 X63.6284 Y166.4073 Z-0.8610 F600
G01 X63.6276 Y162.7134 Z-0.8602 F600
G01 X63.6994 Y162.6383 Z-0.7883 F600
G01 X64.4503 Y161.8874 Z-0.0374 F600
G01 X63.6276 Y162.7102 Z-0.8602 F600
G01 X63.4813 Y162.5639 Z-0.7139 F600
G01 X62.7674 Y161.8500 Z0.0000 F600
G01 X63.6276 Y162.7102 Z-0.8602 F600
G01 X62.7674 Y161.8500 Z0.0000 F600
G01 X63.4813 Y162.5639 Z-0.7139 F600
G01 X62.8048 Y161.8874 Z-0.0374 F600
G00 Z6.0000 F480
G00 X66.8609 Y169.3808 F1000
G01 Z-0.9820 F600
G01 X66.8878 Y169.4702 Z-0.9409 F600
G01 X66.9185 Y169.5532 Z-0.9039 F600
G01 X66.9477 Y169.6229 Z-0.8752 F600
G01 X66.9781 Y169.6883 Z-0.8504 F600
G01 X67.0062 Y169.7432 Z-0.8314 F600
G01 X67.0352 Y169.7954 Z-0.8150 F600
G01 X67.0653 Y169.8452 Z-0.8010 F600
G01 X67.0962 Y169.8927 Z-0.7892 F600
G01 X67.1241 Y169.9326 Z-0.7807 F600
G01 X67.1528 Y169.9711 Z-0.7738 F600
G01 X67.1823 Y170.0082 Z-0.7683 F600
G01 X67.2126 Y170.0441 Z-0.7644 F600
G01 X67.2438 Y170.0788 Z-0.7619 F600
G01 X67.2713 Y170.1077 Z-0.7609 F600
G01 X71.2302 Y173.9961 Z-0.8068 F600
G01 X71.2862 Y174.0462 Z-0.8038 F600
G01 X73.2380 Y174.8348 Z-0.0152 F600
G01 X71.2819 Y174.0444 Z-0.8056 F600
G01 X70.9810 Y174.7591 Z-0.0909 F600
G01 X71.2758 Y174.0409 Z-0.8074 F600
G01 X67.2742 Y170.1107 Z-0.7608 F600
G01 X67.2231 Y170.0560 Z-0.7634 F600
G01 X67.1746 Y169.9988 Z-0.7696 F600
G01 X67.1287 Y169.9389 Z-0.7795 F600
G01 X67.0854 Y169.8765 Z-0.7931 F600
G01 X67.0446 Y169.8114 Z-0.8103 F600
G01 X67.0065 Y169.7438 Z-0.8312 F600
G01 X66.9710 Y169.6735 Z-0.8558 F600
G01 X66.9380 Y169.6007 Z-0.8841 F600
G01 X66.9077 Y169.5252 Z-0.9161 F600
G01 X66.8800 Y169.4472 Z-0.9517 F600
G01 X66.8435 Y169.3779 Z-0.9750 F600
G01 X66.6839 Y169.3261 Z-0.8988 F600
G01 X66.6080 Y169.2962 Z-0.8664 F600
G01 X66.5349 Y169.2636 Z-0.8377 F600
G01 X66.4643 Y169.2284 Z-0.8128 F600
G01 X66.3965 Y169.1905 Z-0.7917 F600
G01 X66.3313 Y169.1499 Z-0.7743 F600
G01 X66.2688 Y169.1067 Z-0.7607 F600
G01 X66.2089 Y169.0608 Z-0.7509 F600
G01 X66.1517 Y169.0123 Z-0.7448 F600
G01 X66.0972 Y168.9611 Z-0.7425 F600
G01 X64.9783 Y167.8577 Z-0.7336 F600
G01 X64.9498 Y167.8317 Z-0.7349 F600
G01 X64.9206 Y167.8065 Z-0.7372 F600
G01 X64.8906 Y167.7819 Z-0.7405 F600
G01 X64.8597 Y167.7578 Z-0.7449 F600
G01 X64.8279 Y167.7344 Z-0.7503 F600
G01 X64.8006 Y167.7153 Z-0.7557 F600
G01 X64.7726 Y167.6966 Z-0.7619 F600
G01 X64.7439 Y167.6783 Z-0.7688 F600
G01 X64.7143 Y167.6604 Z-0.7766 F600
G01 X64.6838 Y167.6428 Z-0.7853 F600
G01 X64.6525 Y167.6256 Z-0.7949 F600
G01 X64.6201 Y167.6087 Z-0.8054 F600
G01 X64.5867 Y167.5923 Z-0.8169 F600
G01 X64.5522 Y167.5762 Z-0.8295 F600
G01 X64.5166 Y167.5605 Z-0.8432 F600
G01 X64.4871 Y167.5483 Z-0.8549 F600
G01 X64.4569 Y167.5363 Z-0.8675 F600
G01 X64.4257 Y167.5245 Z-0.8809 F600
G01 X64.3936 Y167.5131 Z-0.8951 F600
G01 X64.3604 Y167.5019 Z-0.9102 F600
G01 X64.3262 Y167.4911 Z-0.9263 F600
G01 X64.2909 Y167.4805 Z-0.9434 F600
G01 X64.2545 Y167.4703 Z-0.9616 F600
G01 X64.2167 Y167.4605 Z-0.9809 F600
G01 X64.1776 Y167.4510 Z-1.0014 F600
G01 X64.1371 Y167.4420 Z-1.0232 F600
G01 X64.0951 Y167.4333 Z-1.0463 F600
G01 X64.0515 Y167.4251 Z-1.0709 F600
G01 X64.0061 Y167.4175 Z-1.0971 F600
G01 X63.9709 Y167.4121 Z-1.1178 F600
G01 X63.9346 Y167.4070 Z-1.1395 F600
G01 X63.8755 Y167.4796 Z-1.1081 F600
G01 X63.8273 Y167.5741 Z-1.0599 F600
G01 X63.7860 Y167.6648 Z-1.0186 F600
G01 X63.7540 Y167.7435 Z-0.9867 F600
G01 X63.7265 Y167.8199 Z-0.9591 F600
G01 X63.7053 Y167.8861 Z-0.9379 F600
G01 X63.6870 Y167.9509 Z-0.9196 F600
G01 X63.6715 Y168.0146 Z-0.9041 F600
G01 X63.6585 Y168.0772 Z-0.8911 F600
G01 X63.6490 Y168.1313 Z-0.8816 F600
G01 X63.6414 Y168.1850 Z-0.8740 F600
G01 X63.6355 Y168.2382 Z-0.8681 F600
G01 X63.6312 Y168.2910 Z-0.8638 F600
G01 X63.6286 Y168.3437 Z-0.8612 F600
G01 X63.6276 Y168.3888 Z-0.8602 F600
G01 Y173.9879 F600
G01 X64.4502 Y174.8125 Z-0.0375 F600
G01 X63.6276 Y173.9898 Z-0.8602 F600
G01 X62.8048 Y174.8126 Z-0.0374 F600
G01 X63.5564 Y174.0610 Z-0.7890 F600
G00 Z6.0000 F480
G00 X52.2332 Y170.5574 F1000
G01 Z-0.7100 F600
G01 X51.5232 Y171.2675 Z0.0000 F600
G01 X52.2415 Y170.5492 Z-0.7183 F600
G01 X52.9222 Y171.2299 Z-0.0376 F600
G01 X52.2459 Y170.5536 Z-0.7138 F600
G01 X52.2415 Y170.4785 Z-0.7183 F600
G01 Y169.8324 F600
G01 X52.2422 Y169.7947 Z-0.7190 F600
G01 X52.2439 Y169.7570 Z-0.7207 F600
G01 X52.2471 Y169.7129 Z-0.7239 F600
G01 X52.2517 Y169.6686 Z-0.7285 F600
G01 X52.2577 Y169.6239 Z-0.7345 F600
G01 X52.2652 Y169.5788 Z-0.7420 F600
G01 X52.2756 Y169.5267 Z-0.7524 F600
G01 X52.2881 Y169.4737 Z-0.7649 F600
G01 X52.3029 Y169.4198 Z-0.7797 F600
G01 X52.3200 Y169.3648 Z-0.7968 F600
G01 X52.3424 Y169.3014 Z-0.8192 F600
G01 X52.3683 Y169.2360 Z-0.8451 F600
G01 X52.4019 Y169.1608 Z-0.8787 F600
G01 X52.4411 Y169.0825 Z-0.9179 F600
G01 X52.4867 Y169.0005 Z-0.9635 F600
G01 X52.5209 Y169.0113 Z-0.9375 F600
G01 X52.5552 Y169.0250 Z-0.9097 F600
G01 X52.5877 Y169.0386 Z-0.8834 F600
G01 X52.6186 Y169.0517 Z-0.8587 F600
G01 X52.6478 Y169.0642 Z-0.8359 F600
G01 X52.6757 Y169.0762 Z-0.8147 F600
G01 X52.7023 Y169.0881 Z-0.7946 F600
G01 X52.7278 Y169.0999 Z-0.7754 F600
G01 X52.7522 Y169.1115 Z-0.7572 F600
G01 X52.7756 Y169.1231 Z-0.7399 F600
G01 X52.8054 Y169.1384 Z-0.7182 F600
G01 X52.8336 Y169.1528 Z-0.6984 F600
G01 X52.8603 Y169.1668 Z-0.6803 F600
G01 X52.8857 Y169.1806 Z-0.6633 F600
G01 X52.9100 Y169.1944 Z-0.6473 F600
G01 X52.9332 Y169.2081 Z-0.6322 F600
G01 X52.9553 Y169.2217 Z-0.6181 F600
G01 X52.9766 Y169.2350 Z-0.6050 F600
G01 X53.0019 Y169.2509 Z-0.5904 F600
G01 X53.0260 Y169.2667 Z-0.5769 F600
G01 X53.0489 Y169.2825 Z-0.5644 F600
G01 X53.0708 Y169.2982 Z-0.5528 F600
G01 X53.0918 Y169.3139 Z-0.5421 F600
G01 X53.1118 Y169.3294 Z-0.5326 F600
G01 X53.1350 Y169.3474 Z-0.5226 F600
G01 X53.1571 Y169.3655 Z-0.5137 F600
G01 X53.1782 Y169.3837 Z-0.5057 F600
G01 X53.1983 Y169.4021 Z-0.4985 F600
G01 X53.2177 Y169.4204 Z-0.4923 F600
G01 X53.2365 Y169.4384 Z-0.4876 F600
G01 X53.2547 Y169.4566 Z-0.4836 F600
G01 X53.2722 Y169.4751 Z-0.4803 F600
G01 X53.2891 Y169.4938 Z-0.4777 F600
G01 X53.3054 Y169.5128 Z-0.4758 F600
G01 X53.3242 Y169.5350 Z-0.4751 F600
G01 X53.3424 Y169.5576 Z-0.4755 F600
G01 X53.3600 Y169.5807 Z-0.4768 F600
G01 X53.3770 Y169.6046 Z-0.4790 F600
G01 X53.3985 Y169.6350 Z-0.4827 F600
G01 X53.4428 Y169.6950 Z-0.4919 F600
G01 X53.4879 Y169.7546 Z-0.5019 F600
G01 X53.5254 Y169.8014 Z-0.5108 F600
G01 X53.5704 Y169.8560 Z-0.5215 F600
G01 X53.6169 Y169.9095 Z-0.5340 F600
G01 X53.6522 Y169.9495 Z-0.5431 F600
G01 X53.7444 Y170.0465 Z-0.5689 F600
G01 X53.7774 Y170.0790 Z-0.5786 F600
G01 X53.8229 Y170.1225 Z-0.5917 F600
G01 X53.8978 Y170.1909 Z-0.6144 F600
G01 X53.9424 Y170.2295 Z-0.6274 F600
G01 X54.0111 Y170.2855 Z-0.6489 F600
G01 X54.0546 Y170.3193 Z-0.6617 F600
G01 X54.1148 Y170.3635 Z-0.6805 F600
G01 X54.1995 Y170.4214 Z-0.7055 F600
G01 X54.2471 Y170.4502 Z-0.7192 F600
G01 X54.3224 Y170.4936 Z-0.7394 F600
G01 X54.3815 Y170.5230 Z-0.7542 F600
G01 X54.4373 Y170.5477 Z-0.7660 F600
G01 X54.5002 Y170.5719 Z-0.7778 F600
G01 X54.5607 Y170.5920 Z-0.7883 F600
G01 X54.6190 Y170.6092 Z-0.7967 F600
G01 X54.6762 Y170.6227 Z-0.8045 F600
G01 X54.7327 Y170.6340 Z-0.8105 F600
G01 X54.7893 Y170.6427 Z-0.8154 F600
G01 X54.8469 Y170.6488 Z-0.8197 F600
G01 X54.9061 Y170.6531 Z-0.8223 F600
G01 X55.0000 Y170.6544 Z-0.8255 F600
G01 X55.0539 Y170.6527 Z-0.8254 F600
G01 X55.1098 Y170.6502 Z-0.8260 F600
G01 X55.2214 Y170.6399 Z-0.8256 F600
G01 X55.2758 Y170.6325 Z-0.8245 F600
G01 X55.3356 Y170.6232 Z-0.8241 F600
G01 X55.3905 Y170.6131 Z-0.8221 F600
G01 X55.4532 Y170.6003 Z-0.8209 F600
G01 X55.5745 Y170.5703 Z-0.8164 F600
G01 X55.6335 Y170.5638 Z-0.8034 F600
G01 X55.7067 Y170.5984 Z-0.7468 F600
G01 X55.8870 Y170.6782 Z-0.6056 F600
G01 X55.9270 Y170.6952 Z-0.5740 F600
G01 X56.0930 Y170.7633 Z-0.4421 F600
G01 X56.1504 Y170.7860 Z-0.3962 F600
G01 X56.3274 Y170.8537 Z-0.2538 F600
G01 X56.4040 Y170.8819 Z-0.1919 F600
G01 X56.5847 Y170.9463 Z-0.0449 F600
G01 X56.3641 Y170.8677 Z-0.2243 F600
G01 X56.1511 Y170.7863 Z-0.3956 F600
G01 X56.0474 Y170.7446 Z-0.4784 F600
G01 X55.8445 Y170.6595 Z-0.6390 F600
G01 X55.6495 Y170.5713 Z-0.7910 F600
G01 X55.6540 Y170.4894 Z-0.7583 F600
G01 X55.7049 Y170.3903 Z-0.6762 F600
G01 X55.7992 Y170.1948 Z-0.5196 F600
G01 X55.8861 Y170.0021 Z-0.3711 F600
G01 X55.9658 Y169.8120 Z-0.2302 F600
G01 X56.0389 Y169.6244 Z-0.0965 F600
G01 X56.0900 Y169.4851 Z0.0000 F600
G01 X56.0393 Y169.6232 Z-0.0956 F600
G01 X56.0159 Y169.6848 Z-0.1390 F600
G01 X55.9730 Y169.7939 Z-0.2173 F600
G01 X55.9449 Y169.8629 Z-0.2676 F600
G01 X55.8993 Y169.9708 Z-0.3479 F600
G01 X55.8653 Y170.0488 Z-0.4069 F600
G01 X55.8169 Y170.1559 Z-0.4896 F600
G01 X55.7753 Y170.2449 Z-0.5595 F600
G01 X55.7237 Y170.3516 Z-0.6451 F600
G01 X55.6166 Y170.5577 Z-0.8147 F600
G01 X55.5339 Y170.5806 Z-0.8179 F600
G01 X55.4564 Y170.5995 Z-0.8208 F600
G01 X55.3714 Y170.6166 Z-0.8228 F600
G01 X55.2936 Y170.6297 Z-0.8244 F600
G01 X55.2070 Y170.6413 Z-0.8257 F600
G01 X55.1290 Y170.6485 Z-0.8260 F600
G01 X55.0414 Y170.6531 Z-0.8254 F600
G01 X54.9634 Y170.6544 Z-0.8245 F600
G01 X54.8773 Y170.6515 Z-0.8215 F600
G01 X54.8084 Y170.6450 Z-0.8171 F600
G01 X54.7240 Y170.6324 Z-0.8097 F600
G01 X54.6570 Y170.6185 Z-0.8021 F600
G01 X54.5419 Y170.5861 Z-0.7853 F600
G01 X54.5097 Y170.5752 Z-0.7796 F600
G01 X54.4299 Y170.5446 Z-0.7646 F600
G01 X54.3989 Y170.5310 Z-0.7582 F600
G01 X54.3681 Y170.5167 Z-0.7511 F600
G01 X54.2930 Y170.4774 Z-0.7321 F600
G01 X54.2637 Y170.4602 Z-0.7239 F600
G01 X54.2344 Y170.4426 Z-0.7155 F600
G01 X54.1647 Y170.3978 Z-0.6951 F600
G01 X54.1085 Y170.3592 Z-0.6786 F600
G01 X54.0442 Y170.3112 Z-0.6586 F600
G01 X54.0172 Y170.2903 Z-0.6507 F600
G01 X53.9903 Y170.2692 Z-0.6424 F600
G01 X53.9311 Y170.2196 Z-0.6241 F600
G01 X53.8792 Y170.1746 Z-0.6088 F600
G01 X53.8247 Y170.1242 Z-0.5922 F600
G01 X53.7745 Y170.0762 Z-0.5778 F600
G01 X53.7243 Y170.0255 Z-0.5632 F600
G01 X53.6759 Y169.9745 Z-0.5496 F600
G01 X53.6285 Y169.9230 Z-0.5371 F600
G01 X53.5824 Y169.8698 Z-0.5247 F600
G01 X53.5376 Y169.8165 Z-0.5136 F600
G01 X53.5156 Y169.7894 Z-0.5086 F600
G01 X53.4938 Y169.7621 Z-0.5034 F600
G01 X53.4524 Y169.7080 Z-0.4939 F600
G01 X53.4110 Y169.6520 Z-0.4853 F600
G01 X53.3723 Y169.5978 Z-0.4782 F600
G01 X53.3518 Y169.5697 Z-0.4760 F600
G01 X53.3303 Y169.5425 Z-0.4751 F600
G01 X53.2878 Y169.4923 Z-0.4778 F600
G01 X53.2640 Y169.4663 Z-0.4817 F600
G01 X53.2393 Y169.4410 Z-0.4869 F600
G01 X53.1898 Y169.3942 Z-0.5015 F600
G01 X53.1333 Y169.3461 Z-0.5233 F600
G01 X53.0745 Y169.3009 Z-0.5509 F600
G01 X53.0084 Y169.2551 Z-0.5867 F600
G01 X52.9369 Y169.2103 Z-0.6299 F600
G01 X52.8589 Y169.1660 Z-0.6812 F600
G01 X52.6774 Y169.0769 Z-0.8134 F600
G01 X52.4839 Y168.9753 Z-0.9607 F600
G01 X52.4693 Y168.8810 Z-0.9461 F600
G01 X52.4521 Y168.7615 Z-0.9289 F600
G01 X52.4398 Y168.6709 Z-0.9166 F600
G01 X52.4245 Y168.5504 Z-0.9013 F600
G01 X52.4138 Y168.4606 Z-0.8907 F600
G01 X52.4004 Y168.3388 Z-0.8772 F600
G01 X52.3913 Y168.2498 Z-0.8681 F600
G01 X52.3796 Y168.1267 Z-0.8564 F600
G01 X52.3720 Y168.0382 Z-0.8488 F600
G01 X52.3621 Y167.9135 Z-0.8390 F600
G01 X52.3559 Y167.8254 Z-0.8327 F600
G01 X52.3479 Y167.6992 Z-0.8247 F600
G01 X52.3430 Y167.6113 Z-0.8198 F600
G01 X52.3367 Y167.4834 Z-0.8135 F600
G01 X52.3331 Y167.3956 Z-0.8099 F600
G01 X52.3287 Y167.2658 Z-0.8055 F600
G01 X52.3263 Y167.1779 Z-0.8031 F600
G01 X52.3236 Y167.0462 Z-0.8004 F600
G01 X52.3213 Y162.7091 Z-0.7981 F600
G01 X52.3350 Y162.6344 Z-0.7844 F600
G01 X53.0814 Y161.8880 Z-0.0380 F600
G01 X52.3213 Y162.6481 Z-0.7981 F600
G01 X51.5612 Y161.8880 Z-0.0380 F600
G00 Z6.0000 F480
G00 X49.2539 Y164.4941 F1000
G01 Z-0.2180 F600
G01 X49.4964 Y164.6524 Z-0.0311 F600
G01 X49.2470 Y164.4896 Z-0.2233 F600
G01 X49.1645 Y164.4380 Z-0.2846 F600
G01 X48.9175 Y164.2873 Z-0.4645 F600
G01 X48.6718 Y164.1468 Z-0.6341 F600
G01 X48.4274 Y164.0169 Z-0.7931 F600
G01 X48.3573 Y164.0660 Z-0.7529 F600
G01 X48.2332 Y164.2934 Z-0.5424 F600
G01 X48.0453 Y164.6201 Z-0.2413 F600
G01 X47.9190 Y164.8302 Z-0.0483 F600
G01 X48.0341 Y164.6387 Z-0.2242 F600
G01 X48.1013 Y164.5241 Z-0.3297 F600
G01 X48.2131 Y164.3286 Z-0.5100 F600
G01 X48.2897 Y164.1909 Z-0.6372 F600
G01 X48.3429 Y164.0927 Z-0.7282 F600
G01 X48.3915 Y163.9967 Z-0.8140 F600
G01 X48.3404 Y163.9053 Z-0.8110 F600
G01 X48.3093 Y163.8512 Z-0.8100 F600
G01 X48.2769 Y163.7978 Z-0.8075 F600
G01 X48.2201 Y163.7092 Z-0.8037 F600
G01 X48.1870 Y163.6591 Z-0.8023 F600
G01 X48.1521 Y163.6100 Z-0.7988 F600
G01 X48.0895 Y163.5247 Z-0.7943 F600
G01 X48.0541 Y163.4787 Z-0.7921 F600
G01 X48.0174 Y163.4336 Z-0.7883 F600
G01 X47.9489 Y163.3521 Z-0.7832 F600
G01 X47.9112 Y163.3103 Z-0.7803 F600
G01 X47.8729 Y163.2692 Z-0.7765 F600
G01 X47.7986 Y163.1920 Z-0.7710 F600
G01 X47.7590 Y163.1543 Z-0.7677 F600
G01 X47.7191 Y163.1170 Z-0.7639 F600
G01 X47.6392 Y163.0448 Z-0.7582 F600
G01 X47.5566 Y162.9777 Z-0.7510 F600
G01 X47.4714 Y162.9112 Z-0.7453 F600
G01 X47.3858 Y162.8518 Z-0.7380 F600
G01 X47.2986 Y162.7936 Z-0.7325 F600
G01 X47.2100 Y162.7411 Z-0.7253 F600
G01 X47.1223 Y162.6913 Z-0.7198 F600
G01 X47.0767 Y162.6679 Z-0.7167 F600
G01 X47.0308 Y162.6450 Z-0.7129 F600
G01 X46.9405 Y162.6017 Z-0.7074 F600
G01 X46.8937 Y162.5809 Z-0.7049 F600
G01 X46.8464 Y162.5612 Z-0.7011 F600
G01 X46.7541 Y162.5246 Z-0.6956 F600
G01 X46.7060 Y162.5065 Z-0.6936 F600
G01 X46.6573 Y162.4895 Z-0.6903 F600
G01 X46.5639 Y162.4595 Z-0.6849 F600
G01 X46.4644 Y162.4295 Z-0.6810 F600
G01 X46.3702 Y162.4059 Z-0.6758 F600
G01 X46.2676 Y162.3819 Z-0.6719 F600
G01 X46.1736 Y162.3630 Z-0.6686 F600
G01 X46.0678 Y162.3451 Z-0.6649 F600
G01 X45.9740 Y162.3308 Z-0.6630 F600
G01 X45.9196 Y162.3244 Z-0.6617 F600
G01 X45.8651 Y162.3184 Z-0.6600 F600
G01 X45.7715 Y162.3096 Z-0.6584 F600
G01 X45.7155 Y162.3051 Z-0.6582 F600
G01 X45.6595 Y162.3013 Z-0.6574 F600
G01 X45.5662 Y162.2976 Z-0.6560 F600
G01 X45.4508 Y162.2947 Z-0.6559 F600
G01 X45.3425 Y162.2950 Z-0.6564 F600
G01 X45.1878 Y162.2994 Z-0.6574 F600
G01 X45.0629 Y162.3070 Z-0.6589 F600
G01 X44.9131 Y162.3205 Z-0.6620 F600
G01 X44.7879 Y162.3366 Z-0.6646 F600
G01 X44.6427 Y162.3591 Z-0.6697 F600
G01 X44.5176 Y162.3844 Z-0.6734 F600
G01 X44.4471 Y162.4002 Z-0.6771 F600
G01 X44.3769 Y162.4170 Z-0.6795 F600
G01 X44.2524 Y162.4513 Z-0.6852 F600
G01 X44.1840 Y162.4721 Z-0.6893 F600
G01 X44.1162 Y162.4945 Z-0.6919 F600
G01 X43.9930 Y162.5380 Z-0.6993 F600
G01 X43.8613 Y162.5921 Z-0.7064 F600
G01 X43.7412 Y162.6467 Z-0.7137 F600
G01 X43.6134 Y162.7106 Z-0.7225 F600
G01 X43.4977 Y162.7761 Z-0.7294 F600
G01 X43.4357 Y162.8132 Z-0.7344 F600
G01 X43.3749 Y162.8520 Z-0.7374 F600
G01 X43.2641 Y162.9265 Z-0.7452 F600
G01 X43.1463 Y163.0142 Z-0.7526 F600
G01 X43.0427 Y163.0987 Z-0.7588 F600
G01 X42.9857 Y163.1478 Z-0.7632 F600
G01 X42.9299 Y163.1980 Z-0.7659 F600
G01 X42.8442 Y163.2794 Z-0.7709 F600
G01 X42.8059 Y163.3182 Z-0.7734 F600
G01 X42.7684 Y163.3576 Z-0.7750 F600
G01 X42.6982 Y163.4335 Z-0.7797 F600
G01 X42.6625 Y163.4751 Z-0.7819 F600
G01 X42.6272 Y163.5171 Z-0.7835 F600
G01 X42.5619 Y163.5973 Z-0.7882 F600
G01 X42.4959 Y163.6864 Z-0.7915 F600
G01 X42.4360 Y163.7707 Z-0.7957 F600
G01 X42.3750 Y163.8650 Z-0.7986 F600
G01 X42.3209 Y163.9529 Z-0.8020 F600
G01 X42.2648 Y164.0525 Z-0.8046 F600
G01 X42.2166 Y164.1434 Z-0.8074 F600
G01 X42.1655 Y164.2481 Z-0.8097 F600
G01 X42.1232 Y164.3415 Z-0.8117 F600
G01 X42.0771 Y164.4514 Z-0.8137 F600
G01 X42.0404 Y164.5467 Z-0.8151 F600
G01 X41.9994 Y164.6618 Z-0.8168 F600
G01 X41.9681 Y164.7585 Z-0.8177 F600
G01 X41.9323 Y164.8788 Z-0.8189 F600
G01 X41.9060 Y164.9767 Z-0.8195 F600
G01 X41.8753 Y165.1020 Z-0.8203 F600
G01 X41.8537 Y165.2009 Z-0.8207 F600
G01 X41.8283 Y165.3313 Z-0.8210 F600
G01 X41.8109 Y165.4309 Z-0.8213 F600
G01 X41.7907 Y165.5663 Z-0.8212 F600
G01 X41.7772 Y165.6667 Z-0.8215 F600
G01 X41.7622 Y165.8071 Z-0.8209 F600
G01 X41.7524 Y165.9081 Z-0.8214 F600
G01 X41.7397 Y166.0970 Z-0.8200 F600
G01 X41.7376 Y166.1399 Z-0.8204 F600
G01 X41.7366 Y166.1829 Z-0.8220 F600
G01 X41.7375 Y166.2260 Z-0.8239 F600
G01 X41.7396 Y166.2693 Z-0.8269 F600
G01 X41.7429 Y166.3128 Z-0.8310 F600
G01 X41.7474 Y166.3565 Z-0.8363 F600
G01 X41.7520 Y166.3932 Z-0.8416 F600
G01 X41.7575 Y166.4302 Z-0.8478 F600
G01 X41.7639 Y166.4675 Z-0.8549 F600
G01 X41.7716 Y166.5049 Z-0.8624 F600
G01 X41.7805 Y166.5425 Z-0.8706 F600
G01 X41.7904 Y166.5805 Z-0.8797 F600
G01 X41.8012 Y166.6189 Z-0.8898 F600
G01 X41.8131 Y166.6578 Z-0.9010 F600
G01 X41.8261 Y166.6971 Z-0.9133 F600
G01 X41.8403 Y166.7370 Z-0.9267 F600
G01 X41.8556 Y166.7774 Z-0.9413 F600
G01 X41.8729 Y166.8179 Z-0.9562 F600
G01 X41.8877 Y166.8507 Z-0.9691 F600
G01 X41.8825 Y166.8785 Z-0.9622 F600
G01 X41.8591 Y166.9610 Z-0.9341 F600
G01 X41.8396 Y167.0432 Z-0.9099 F600
G01 X41.8314 Y167.0859 Z-0.8984 F600
G01 X41.8197 Y167.1660 Z-0.8788 F600
G01 X41.8117 Y167.2456 Z-0.8629 F600
G01 X41.8073 Y167.3249 Z-0.8507 F600
G01 X41.8070 Y167.3650 Z-0.8454 F600
G01 X41.8097 Y167.4415 Z-0.8372 F600
G01 X41.8160 Y167.5176 Z-0.8325 F600
G01 X41.8295 Y167.6290 Z-0.8291 F600
G01 X41.8505 Y167.7757 Z-0.8218 F600
G01 X41.8682 Y167.8805 Z-0.8186 F600
G01 X41.8965 Y168.0219 Z-0.8124 F600
G01 X41.9178 Y168.1204 Z-0.8088 F600
G01 X41.9781 Y168.3488 Z-0.7998 F600
G01 X41.9991 Y168.4142 Z-0.7973 F600
G01 X42.0494 Y168.5658 Z-0.7922 F600
G01 X42.0727 Y168.6290 Z-0.7887 F600
G01 X42.1306 Y168.7722 Z-0.7848 F600
G01 X42.1572 Y168.8328 Z-0.7814 F600
G01 X42.1845 Y168.8931 Z-0.7788 F600
G01 X42.2263 Y168.9782 Z-0.7768 F600
G01 X42.2667 Y169.0553 Z-0.7729 F600
G01 X42.3076 Y169.1320 Z-0.7697 F600
G01 X42.3270 Y169.1648 Z-0.7689 F600
G01 X42.4174 Y169.3114 Z-0.7624 F600
G01 X42.4376 Y169.3426 Z-0.7607 F600
G01 X42.5373 Y169.4817 Z-0.7553 F600
G01 X42.5593 Y169.5112 Z-0.7536 F600
G01 X42.6122 Y169.5785 Z-0.7492 F600
G01 X42.6670 Y169.6440 Z-0.7473 F600
G01 X42.6928 Y169.6739 Z-0.7459 F600
G01 X42.7492 Y169.7373 Z-0.7415 F600
G01 X42.8069 Y169.7993 Z-0.7390 F600
G01 X42.8355 Y169.8282 Z-0.7379 F600
G01 X42.9549 Y169.9448 Z-0.7311 F600
G01 X42.9837 Y169.9708 Z-0.7298 F600
G01 X43.1092 Y170.0778 Z-0.7243 F600
G01 X43.1381 Y170.1017 Z-0.7225 F600
G01 X43.2031 Y170.1514 Z-0.7191 F600
G01 X43.2688 Y170.2000 Z-0.7170 F600
G01 X43.2987 Y170.2214 Z-0.7155 F600
G01 X43.3658 Y170.2677 Z-0.7109 F600
G01 X43.4341 Y170.3117 Z-0.7090 F600
G01 X43.4655 Y170.3310 Z-0.7078 F600
G01 X43.5356 Y170.3724 Z-0.7038 F600
G01 X43.6059 Y170.4133 Z-0.7004 F600
G01 X43.6392 Y170.4307 Z-0.6995 F600
G01 X43.7852 Y170.5035 Z-0.6930 F600
G01 X43.8205 Y170.5202 Z-0.6911 F600
G01 X43.9723 Y170.5831 Z-0.6859 F600
G01 X44.0103 Y170.5980 Z-0.6841 F600
G01 X44.0885 Y170.6262 Z-0.6803 F600
G01 X44.1673 Y170.6522 Z-0.6787 F600
G01 X44.2087 Y170.6652 Z-0.6773 F600
G01 X44.2895 Y170.6892 Z-0.6732 F600
G01 X44.3709 Y170.7106 Z-0.6719 F600
G01 X44.4160 Y170.7214 Z-0.6708 F600
G01 X44.4996 Y170.7402 Z-0.6676 F600
G01 X44.5835 Y170.7577 Z-0.6657 F600
G01 X44.6325 Y170.7660 Z-0.6651 F600
G01 X44.8054 Y170.7926 Z-0.6608 F600
G01 X44.8473 Y170.7973 Z-0.6606 F600
G01 X45.0478 Y170.8153 Z-0.6576 F600
G01 X45.0823 Y170.8173 Z-0.6573 F600
G01 X45.2886 Y170.8233 Z-0.6563 F600
G01 X45.3241 Y170.8238 Z-0.6559 F600
G01 X45.5238 Y170.8187 Z-0.6561 F600
G01 X45.5668 Y170.8159 Z-0.6564 F600
G01 X45.7395 Y170.8019 Z-0.6573 F600
G01 X45.7896 Y170.7958 Z-0.6583 F600
G01 X45.8736 Y170.7842 Z-0.6589 F600
G01 X45.9575 Y170.7721 Z-0.6601 F600
G01 X46.0038 Y170.7636 Z-0.6613 F600
G01 X46.0853 Y170.7475 Z-0.6622 F600
G01 X46.1667 Y170.7304 Z-0.6640 F600
G01 X46.2094 Y170.7198 Z-0.6652 F600
G01 X46.2885 Y170.6991 Z-0.6663 F600
G01 X46.3673 Y170.6772 Z-0.6686 F600
G01 X46.4067 Y170.6648 Z-0.6699 F600
G01 X46.4833 Y170.6395 Z-0.6712 F600
G01 X46.5595 Y170.6130 Z-0.6738 F600
G01 X46.5960 Y170.5990 Z-0.6751 F600
G01 X46.6701 Y170.5691 Z-0.6767 F600
G01 X46.7438 Y170.5382 Z-0.6794 F600
G01 X46.7777 Y170.5225 Z-0.6808 F600
G01 X46.8493 Y170.4881 Z-0.6825 F600
G01 X46.9205 Y170.4528 Z-0.6852 F600
G01 X46.9525 Y170.4355 Z-0.6867 F600
G01 X47.0215 Y170.3966 Z-0.6886 F600
G01 X47.1206 Y170.3380 Z-0.6927 F600
G01 X47.1871 Y170.2947 Z-0.6948 F600
G01 X47.2828 Y170.2298 Z-0.6988 F600
G01 X47.4106 Y170.1342 Z-0.7035 F600
G01 X47.4392 Y170.1108 Z-0.7050 F600
G01 X47.5621 Y170.0065 Z-0.7097 F600
G01 X47.5904 Y169.9805 Z-0.7111 F600
G01 X47.7082 Y169.8676 Z-0.7159 F600
G01 X47.7365 Y169.8386 Z-0.7174 F600
G01 X47.8494 Y169.7170 Z-0.7223 F600
G01 X47.8752 Y169.6873 Z-0.7235 F600
G01 X47.9281 Y169.6226 Z-0.7262 F600
G01 X48.0032 Y169.5287 Z-0.7301 F600
G01 X48.1201 Y169.3608 Z-0.7381 F600
G01 X48.2262 Y169.1836 Z-0.7471 F600
G01 X48.2657 Y169.1080 Z-0.7508 F600
G01 X48.3047 Y169.0321 Z-0.7552 F600
G01 X48.3220 Y168.9969 Z-0.7566 F600
G01 X48.3577 Y168.9181 Z-0.7601 F600
G01 X48.4041 Y168.8106 Z-0.7661 F600
G01 X48.4284 Y168.7493 Z-0.7678 F600
G01 X48.4813 Y168.6045 Z-0.7756 F600
G01 X48.5026 Y168.5407 Z-0.7773 F600
G01 X48.5226 Y168.4763 Z-0.7804 F600
G01 X48.5491 Y168.3879 Z-0.7849 F600
G01 X48.5673 Y168.3214 Z-0.7866 F600
G01 X48.5846 Y168.2547 Z-0.7893 F600
G01 X48.6077 Y168.1603 Z-0.7937 F600
G01 X48.6229 Y168.0913 Z-0.7953 F600
G01 X48.6374 Y168.0221 Z-0.7976 F600
G01 X48.6569 Y167.9214 Z-0.8019 F600
G01 X48.6810 Y167.7782 Z-0.8053 F600
G01 X48.6967 Y167.6710 Z-0.8093 F600
G01 X48.7152 Y167.5227 Z-0.8122 F600
G01 X48.7231 Y167.4083 Z-0.8198 F600
G01 X48.7226 Y167.3309 Z-0.8280 F600
G01 X48.7184 Y167.2531 Z-0.8399 F600
G01 X48.7043 Y167.1319 Z-0.8651 F600
G01 X48.6888 Y167.0515 Z-0.8852 F600
G01 X48.7043 Y167.1319 Z-0.8651 F600
G01 X48.7184 Y167.2531 Z-0.8399 F600
G01 X48.7226 Y167.3309 Z-0.8280 F600
G01 X48.7231 Y167.4083 Z-0.8198 F600
G01 X48.7152 Y167.5227 Z-0.8122 F600
G01 X48.6967 Y167.6710 Z-0.8093 F600
G01 X48.6810 Y167.7782 Z-0.8053 F600
G01 X48.6569 Y167.9214 Z-0.8019 F600
G01 X48.6374 Y168.0221 Z-0.7976 F600
G01 X48.6229 Y168.0913 Z-0.7953 F600
G01 X48.6077 Y168.1603 Z-0.7937 F600
G01 X48.5846 Y168.2547 Z-0.7893 F600
G01 X48.5673 Y168.3214 Z-0.7866 F600
G01 X48.5491 Y168.3879 Z-0.7849 F600
G01 X48.5226 Y168.4763 Z-0.7804 F600
G01 X48.5026 Y168.5407 Z-0.7773 F600
G01 X48.4813 Y168.6045 Z-0.7756 F600
G01 X48.4284 Y168.7493 Z-0.7678 F600
G01 X48.4041 Y168.8106 Z-0.7661 F600
G01 X48.3577 Y168.9181 Z-0.7601 F600
G01 X48.3220 Y168.9969 Z-0.7566 F600
G01 X48.3047 Y169.0321 Z-0.7552 F600
G01 X48.2657 Y169.1080 Z-0.7508 F600
G01 X48.2262 Y169.1836 Z-0.7471 F600
G01 X48.1201 Y169.3608 Z-0.7381 F600
G01 X48.0032 Y169.5287 Z-0.7301 F600
G01 X47.9281 Y169.6226 Z-0.7262 F600
G01 X47.8752 Y169.6873 Z-0.7235 F600
G01 X47.8494 Y169.7170 Z-0.7223 F600
G01 X47.7365 Y169.8386 Z-0.7174 F600
G01 X47.7082 Y169.8676 Z-0.7159 F600
G01 X47.5904 Y169.9805 Z-0.7111 F600
G01 X47.5621 Y170.0065 Z-0.7097 F600
G01 X47.4392 Y170.1108 Z-0.7050 F600
G01 X47.4106 Y170.1342 Z-0.7035 F600
G01 X47.2828 Y170.2298 Z-0.6988 F600
G01 X47.1871 Y170.2947 Z-0.6948 F600
G01 X47.1206 Y170.3380 Z-0.6927 F600
G01 X47.0215 Y170.3966 Z-0.6886 F600
G01 X46.9525 Y170.4355 Z-0.6867 F600
G01 X46.9205 Y170.4528 Z-0.6852 F600
G01 X46.8493 Y170.4881 Z-0.6825 F600
G01 X46.7777 Y170.5225 Z-0.6808 F600
G01 X46.7438 Y170.5382 Z-0.6794 F600
G01 X46.6701 Y170.5691 Z-0.6767 F600
G01 X46.5960 Y170.5990 Z-0.6751 F600
G01 X46.5595 Y170.6130 Z-0.6738 F600
G01 X46.4833 Y170.6395 Z-0.6712 F600
G01 X46.4067 Y170.6648 Z-0.6699 F600
G01 X46.3673 Y170.6772 Z-0.6686 F600
G01 X46.2885 Y170.6991 Z-0.6663 F600
G01 X46.2094 Y170.7198 Z-0.6652 F600
G01 X46.1667 Y170.7304 Z-0.6640 F600
G01 X46.0853 Y170.7475 Z-0.6622 F600
G01 X46.0038 Y170.7636 Z-0.6613 F600
G01 X45.9575 Y170.7721 Z-0.6601 F600
G01 X45.8736 Y170.7842 Z-0.6589 F600
G01 X45.7896 Y170.7958 Z-0.6583 F600
G01 X45.7395 Y170.8019 Z-0.6573 F600
G01 X45.5668 Y170.8159 Z-0.6564 F600
G01 X45.5238 Y170.8187 Z-0.6561 F600
G01 X45.3241 Y170.8238 Z-0.6559 F600
G01 X45.2886 Y170.8233 Z-0.6563 F600
G01 X45.0823 Y170.8173 Z-0.6573 F600
G01 X45.0478 Y170.8153 Z-0.6576 F600
G01 X44.8473 Y170.7973 Z-0.6606 F600
G01 X44.8054 Y170.7926 Z-0.6608 F600
G01 X44.6325 Y170.7660 Z-0.6651 F600
G01 X44.5835 Y170.7577 Z-0.6657 F600
G01 X44.4996 Y170.7402 Z-0.6676 F600
G01 X44.4160 Y170.7214 Z-0.6708 F600
G01 X44.3709 Y170.7106 Z-0.6719 F600
G01 X44.2895 Y170.6892 Z-0.6732 F600
G01 X44.2087 Y170.6652 Z-0.6773 F600
G01 X44.1673 Y170.6522 Z-0.6787 F600
G01 X44.0885 Y170.6262 Z-0.6803 F600
G01 X44.0103 Y170.5980 Z-0.6841 F600
G01 X43.9723 Y170.5831 Z-0.6859 F600
G01 X43.8205 Y170.5202 Z-0.6911 F600
G01 X43.7852 Y170.5035 Z-0.6930 F600
G01 X43.6392 Y170.4307 Z-0.6995 F600
G01 X43.6059 Y170.4133 Z-0.7004 F600
G01 X43.5356 Y170.3724 Z-0.7038 F600
G01 X43.4655 Y170.3310 Z-0.7078 F600
G01 X43.4341 Y170.3117 Z-0.7090 F600
G01 X43.3658 Y170.2677 Z-0.7109 F600
G01 X43.2987 Y170.2214 Z-0.7155 F600
G01 X43.2688 Y170.2000 Z-0.7170 F600
G01 X43.2031 Y170.1514 Z-0.7191 F600
G01 X43.1381 Y170.1017 Z-0.7225 F600
G01 X43.1092 Y170.0778 Z-0.7243 F600
G01 X42.9837 Y169.9708 Z-0.7298 F600
G01 X42.9549 Y169.9448 Z-0.7311 F600
G01 X42.8355 Y169.8282 Z-0.7379 F600
G01 X42.8069 Y169.7993 Z-0.7390 F600
G01 X42.7492 Y169.7373 Z-0.7415 F600
G01 X42.6928 Y169.6739 Z-0.7459 F600
G01 X42.6670 Y169.6440 Z-0.7473 F600
G01 X42.6122 Y169.5785 Z-0.7492 F600
G01 X42.5593 Y169.5112 Z-0.7536 F600
G01 X42.5373 Y169.4817 Z-0.7553 F600
G01 X42.4376 Y169.3426 Z-0.7607 F600
G01 X42.4174 Y169.3114 Z-0.7624 F600
G01 X42.3270 Y169.1648 Z-0.7689 F600
G01 X42.3076 Y169.1320 Z-0.7697 F600
G01 X42.2667 Y169.0553 Z-0.7729 F600
G01 X42.2263 Y168.9782 Z-0.7768 F600
G01 X42.1845 Y168.8931 Z-0.7788 F600
G01 X42.1572 Y168.8328 Z-0.7814 F600
G01 X42.1306 Y168.7722 Z-0.7848 F600
G01 X42.0727 Y168.6290 Z-0.7887 F600
G01 X42.0494 Y168.5658 Z-0.7922 F600
G01 X41.9991 Y168.4142 Z-0.7973 F600
G01 X41.9781 Y168.3488 Z-0.7998 F600
G01 X41.9178 Y168.1204 Z-0.8088 F600
G01 X41.8965 Y168.0219 Z-0.8124 F600
G01 X41.8682 Y167.8805 Z-0.8186 F600
G01 X41.8505 Y167.7757 Z-0.8218 F600
G01 X41.8295 Y167.6290 Z-0.8291 F600
G01 X41.8160 Y167.5176 Z-0.8325 F600
G01 X41.8097 Y167.4415 Z-0.8372 F600
G01 X41.8070 Y167.3650 Z-0.8454 F600
G01 X41.8073 Y167.3249 Z-0.8507 F600
G01 X41.8117 Y167.2456 Z-0.8629 F600
G01 X41.8197 Y167.1660 Z-0.8788 F600
G01 X41.8314 Y167.0859 Z-0.8984 F600
G01 X41.8396 Y167.0432 Z-0.9099 F600
G01 X41.8591 Y166.9610 Z-0.9341 F600
G01 X41.8825 Y166.8785 Z-0.9622 F600
G01 X42.0394 Y166.8451 Z-0.8666 F600
G01 X42.1576 Y166.8371 Z-0.7945 F600
G01 X42.2441 Y166.8312 Z-0.7493 F600
G01 X42.3153 Y166.8264 Z-0.7179 F600
G01 X42.3747 Y166.8224 Z-0.6961 F600
G01 X42.4249 Y166.8190 Z-0.6813 F600
G01 X42.4733 Y166.8157 Z-0.6703 F600
G01 X42.5145 Y166.8130 Z-0.6636 F600
G01 X42.5550 Y166.8102 Z-0.6594 F600
G01 X42.5953 Y166.8080 Z-0.6572 F600
G01 X42.6701 Y166.8070 Z-0.6562 F600
G01 X47.9748 Y166.8089 Z-0.6581 F600
G01 X48.0495 Y166.8150 Z-0.6641 F600
G01 X48.1242 Y166.8253 Z-0.6745 F600
G01 X48.1990 Y166.8399 Z-0.6891 F600
G01 X48.2737 Y166.8588 Z-0.7079 F600
G01 X48.3484 Y166.8819 Z-0.7310 F600
G01 X48.4231 Y166.9092 Z-0.7584 F600
G01 X48.4978 Y166.9408 Z-0.7900 F600
G01 X48.5725 Y166.9767 Z-0.8259 F600
G01 X48.6472 Y167.0168 Z-0.8660 F600
G01 X48.7220 Y167.0055 Z-0.8547 F600
G01 X48.8714 Y166.8640 Z-0.7132 F600
G01 X49.1702 Y166.5704 Z-0.4196 F600
G01 X49.5812 Y166.1508 Z0.0000 F600
G01 X49.2619 Y166.4768 Z-0.3260 F600
G01 X49.1909 Y166.5493 Z-0.3985 F600
G00 Z6.0000 F480
G00 X38.1594 Y162.6390 F1000
G01 Z-0.7890 F600
G01 X37.4080 Y161.8876 Z-0.0376 F600
G01 X38.1685 Y162.6481 Z-0.7981 F600
G01 X38.9286 Y161.8880 Z-0.0380 F600
G01 X38.1776 Y162.6390 Z-0.7890 F600
G01 X38.1685 Y162.7142 Z-0.7981 F600
G01 Y173.9858 F600
G01 X38.1776 Y174.0610 Z-0.7890 F600
G01 X38.9290 Y174.8124 Z-0.0376 F600
G01 X38.1685 Y174.0519 Z-0.7981 F600
G01 X37.3704 Y174.8500 Z0.0000 F600
G01 X38.1594 Y174.0610 Z-0.7890 F600
G01 X37.4844 Y174.7360 Z-0.1140 F600
G01 X37.4084 Y174.8120 Z-0.0380 F600
G00 Z6.0000 F480
G00 X34.1632 Y162.6333 F1000
G01 Z-0.7833 F600
G01 X33.3799 Y161.8500 Z0.0000 F600
G01 X34.1780 Y162.6481 Z-0.7981 F600
G01 X34.9381 Y161.8880 Z-0.0380 F600
G01 X34.1928 Y162.6333 Z-0.7833 F600
G01 X34.1780 Y162.7079 Z-0.7981 F600
G01 X34.1742 Y168.0444 Z-0.7991 F600
G01 X34.1725 Y168.0999 Z-0.7992 F600
G01 X34.1594 Y168.3311 Z-0.8025 F600
G01 X34.1442 Y168.4934 Z-0.8066 F600
G01 X34.1387 Y168.5463 Z-0.8077 F600
G01 X34.1294 Y168.6230 Z-0.8093 F600
G01 X34.1184 Y168.6996 Z-0.8126 F600
G01 X34.1114 Y168.7450 Z-0.8141 F600
G01 X34.0997 Y168.8173 Z-0.8159 F600
G01 X34.0866 Y168.8894 Z-0.8191 F600
G01 X34.0493 Y169.0622 Z-0.8262 F600
G01 X34.0247 Y169.1544 Z-0.8305 F600
G01 X34.0069 Y169.2174 Z-0.8340 F600
G01 X33.9826 Y169.2968 Z-0.8366 F600
G01 X33.9630 Y169.3553 Z-0.8397 F600
G01 X33.9166 Y169.4752 Z-0.8451 F600
G01 X33.8942 Y169.5278 Z-0.8458 F600
G01 X33.8486 Y169.6211 Z-0.8486 F600
G01 X33.8004 Y169.7096 Z-0.8489 F600
G01 X33.7484 Y169.7938 Z-0.8478 F600
G01 X33.6913 Y169.8743 Z-0.8462 F600
G01 X33.6304 Y169.9535 Z-0.8417 F600
G01 X33.5621 Y170.0295 Z-0.8377 F600
G01 X33.4882 Y170.1055 Z-0.8309 F600
G01 X33.4491 Y170.1429 Z-0.8276 F600
G01 X33.3638 Y170.2152 Z-0.8204 F600
G01 X33.3154 Y170.2537 Z-0.8147 F600
G01 X33.2707 Y170.2878 Z-0.8105 F600
G01 X33.1673 Y170.3581 Z-0.8010 F600
G01 X33.1066 Y170.3966 Z-0.7940 F600
G01 X33.0560 Y170.4263 Z-0.7900 F600
G01 X32.9387 Y170.4896 Z-0.7788 F600
G01 X32.8692 Y170.5227 Z-0.7721 F600
G01 X32.8146 Y170.5471 Z-0.7681 F600
G01 X32.7406 Y170.5781 Z-0.7609 F600
G01 X32.6842 Y170.6005 Z-0.7561 F600
G01 X32.5462 Y170.6471 Z-0.7453 F600
G01 X32.4615 Y170.6720 Z-0.7382 F600
G01 X32.4007 Y170.6880 Z-0.7346 F600
G01 X32.3106 Y170.7096 Z-0.7273 F600
G01 X32.2478 Y170.7231 Z-0.7234 F600
G01 X32.0871 Y170.7511 Z-0.7132 F600
G01 X31.9853 Y170.7637 Z-0.7076 F600
G01 X31.9185 Y170.7711 Z-0.7043 F600
G01 X31.8798 Y170.7750 Z-0.7020 F600
G01 X31.8110 Y170.7801 Z-0.6982 F600
G01 X31.7422 Y170.7840 Z-0.6958 F600
G01 X31.7007 Y170.7857 Z-0.6937 F600
G01 X31.6205 Y170.7882 Z-0.6891 F600
G01 X31.5404 Y170.7884 Z-0.6866 F600
G01 X31.5001 Y170.7879 Z-0.6849 F600
G01 X31.4217 Y170.7857 Z-0.6805 F600
G01 X31.3433 Y170.7821 Z-0.6774 F600
G01 X31.3059 Y170.7795 Z-0.6758 F600
G01 X31.2291 Y170.7730 Z-0.6713 F600
G01 X31.1526 Y170.7648 Z-0.6685 F600
G01 X31.1176 Y170.7603 Z-0.6668 F600
G01 X31.0426 Y170.7494 Z-0.6621 F600
G01 X30.9679 Y170.7368 Z-0.6593 F600
G01 X30.8614 Y170.7154 Z-0.6528 F600
G01 X30.7884 Y170.6985 Z-0.6497 F600
G01 X30.6849 Y170.6710 Z-0.6430 F600
G01 X30.6137 Y170.6500 Z-0.6396 F600
G01 X30.5126 Y170.6164 Z-0.6326 F600
G01 X30.4430 Y170.5912 Z-0.6288 F600
G01 X30.3438 Y170.5512 Z-0.6213 F600
G01 X30.2758 Y170.5219 Z-0.6172 F600
G01 X30.2447 Y170.5079 Z-0.6147 F600
G01 X30.1778 Y170.4752 Z-0.6092 F600
G01 X30.1113 Y170.4418 Z-0.6046 F600
G01 X30.0794 Y170.4251 Z-0.6018 F600
G01 X30.0141 Y170.3879 Z-0.5961 F600
G01 X29.9491 Y170.3503 Z-0.5910 F600
G01 X29.9161 Y170.3305 Z-0.5878 F600
G01 X29.7888 Y170.2471 Z-0.5764 F600
G01 X29.7547 Y170.2234 Z-0.5731 F600
G01 X29.6304 Y170.1312 Z-0.5611 F600
G01 X29.5954 Y170.1029 Z-0.5580 F600
G01 X29.5349 Y170.0523 Z-0.5519 F600
G01 X29.4749 Y170.0011 Z-0.5465 F600
G01 X29.4389 Y169.9681 Z-0.5434 F600
G01 X29.3802 Y169.9127 Z-0.5374 F600
G01 X29.3229 Y169.8561 Z-0.5332 F600
G01 X29.2945 Y169.8276 Z-0.5314 F600
G01 X29.2746 Y169.8081 Z-0.5306 F600
G01 X29.2543 Y169.7892 Z-0.5305 F600
G01 X29.2337 Y169.7705 Z-0.5315 F600
G01 X29.2128 Y169.7518 Z-0.5338 F600
G01 X29.1913 Y169.7336 Z-0.5368 F600
G01 X29.1691 Y169.7158 Z-0.5405 F600
G01 X29.1462 Y169.6984 Z-0.5451 F600
G01 X29.1225 Y169.6814 Z-0.5504 F600
G01 X29.0982 Y169.6642 Z-0.5572 F600
G01 X29.0774 Y169.6498 Z-0.5639 F600
G01 X29.0558 Y169.6355 Z-0.5713 F600
G01 X29.0335 Y169.6214 Z-0.5794 F600
G01 X29.0104 Y169.6075 Z-0.5882 F600
G01 X28.9865 Y169.5938 Z-0.5978 F600
G01 X28.9616 Y169.5802 Z-0.6083 F600
G01 X28.9358 Y169.5661 Z-0.6204 F600
G01 X28.9089 Y169.5519 Z-0.6338 F600
G01 X28.8865 Y169.5406 Z-0.6452 F600
G01 X28.8633 Y169.5294 Z-0.6574 F600
G01 X28.8392 Y169.5182 Z-0.6703 F600
G01 X28.8142 Y169.5072 Z-0.6840 F600
G01 X28.7882 Y169.4962 Z-0.6987 F600
G01 X28.7610 Y169.4848 Z-0.7148 F600
G01 X28.7326 Y169.4730 Z-0.7324 F600
G01 X28.7028 Y169.4611 Z-0.7513 F600
G01 X28.6717 Y169.4494 Z-0.7714 F600
G01 X28.6473 Y169.4406 Z-0.7873 F600
G01 X28.6221 Y169.4319 Z-0.8039 F600
G01 X28.5960 Y169.4232 Z-0.8214 F600
G01 X28.5688 Y169.4145 Z-0.8400 F600
G01 X28.5403 Y169.4053 Z-0.8599 F600
G01 X28.5104 Y169.3957 Z-0.8815 F600
G01 X28.4792 Y169.3861 Z-0.9043 F600
G01 X28.4467 Y169.3764 Z-0.9284 F600
G01 X28.4126 Y169.3669 Z-0.9537 F600
G01 X28.3770 Y169.3574 Z-0.9805 F600
G01 X28.3398 Y169.3479 Z-1.0087 F600
G01 X28.2948 Y169.4046 Z-0.9892 F600
G01 X28.2556 Y169.4892 Z-0.9500 F600
G01 X28.2253 Y169.5626 Z-0.9197 F600
G01 X28.1991 Y169.6338 Z-0.8935 F600
G01 X28.1790 Y169.6954 Z-0.8734 F600
G01 X28.1616 Y169.7558 Z-0.8560 F600
G01 X28.1467 Y169.8150 Z-0.8411 F600
G01 X28.1342 Y169.8733 Z-0.8287 F600
G01 X28.1252 Y169.9236 Z-0.8196 F600
G01 X28.1178 Y169.9734 Z-0.8122 F600
G01 X28.1120 Y170.0229 Z-0.8064 F600
G01 X28.1077 Y170.0720 Z-0.8021 F600
G01 X28.1050 Y170.1209 Z-0.7994 F600
G01 X28.1039 Y170.1627 Z-0.7983 F600
G01 X28.1037 Y173.9848 Z-0.7981 F600
G01 X28.1118 Y174.0601 Z-0.7899 F600
G01 X28.8642 Y174.8124 Z-0.0376 F600
G01 X28.1037 Y174.0519 Z-0.7981 F600
G01 X27.3056 Y174.8500 Z0.0000 F600
G01 X28.0946 Y174.0610 Z-0.7890 F600
G01 X28.1037 Y173.9858 Z-0.7981 F600
G01 X28.1040 Y170.1535 Z-0.7984 F600
G01 X28.1073 Y170.0783 Z-0.8017 F600
G01 X28.1141 Y170.0032 Z-0.8085 F600
G01 X28.1245 Y169.9280 Z-0.8189 F600
G01 X28.1384 Y169.8529 Z-0.8328 F600
G01 X28.1558 Y169.7777 Z-0.8502 F600
G01 X28.1768 Y169.7026 Z-0.8712 F600
G01 X28.2013 Y169.6275 Z-0.8957 F600
G01 X28.2293 Y169.5523 Z-0.9237 F600
G01 X28.2609 Y169.4772 Z-0.9553 F600
G01 X28.2960 Y169.4020 Z-0.9904 F600
G01 X28.3211 Y169.3269 Z-1.0155 F600
G01 X28.2876 Y169.1766 Z-0.9820 F600
G01 X28.2717 Y169.1014 Z-0.9661 F600
G01 X28.2436 Y168.9512 Z-0.9380 F600
G01 X28.2309 Y168.8760 Z-0.9253 F600
G01 X28.2074 Y168.7257 Z-0.9018 F600
G01 X28.1876 Y168.5754 Z-0.8820 F600
G01 X28.1783 Y168.5003 Z-0.8727 F600
G01 X28.1622 Y168.3500 Z-0.8566 F600
G01 X28.1552 Y168.2749 Z-0.8496 F600
G01 X28.1423 Y168.1246 Z-0.8367 F600
G01 X28.1273 Y167.8991 Z-0.8217 F600
G01 X28.1164 Y167.6737 Z-0.8108 F600
G01 X28.1091 Y167.4483 Z-0.8035 F600
G01 X28.1050 Y167.2228 Z-0.7994 F600
G01 X28.1037 Y162.7142 Z-0.7981 F600
G01 X28.0946 Y162.6390 Z-0.7890 F600
G01 X27.3432 Y161.8876 Z-0.0376 F600
G01 X28.1037 Y162.6481 Z-0.7981 F600
G01 X28.7878 Y161.9640 Z-0.1140 F600
G01 X28.8638 Y161.8880 Z-0.0380 F600
G00 Z6.0000 F480
G00 X17.4363 Y166.2808 F1000
G01 Z-0.8198 F600
G01 X17.4384 Y166.2304 Z-0.8200 F600
G01 X17.4517 Y165.9876 Z-0.8193 F600
G01 X17.4554 Y165.9422 Z-0.8195 F600
G01 X17.4699 Y165.7859 Z-0.8184 F600
G01 X17.4777 Y165.7079 Z-0.8185 F600
G01 X17.5030 Y165.5167 Z-0.8171 F600
G01 X17.5140 Y165.4415 Z-0.8172 F600
G01 X17.5461 Y165.2608 Z-0.8153 F600
G01 X17.5602 Y165.1884 F600
G01 X17.5989 Y165.0179 Z-0.8130 F600
G01 X17.6159 Y164.9483 Z-0.8128 F600
G01 X17.6610 Y164.7878 Z-0.8102 F600
G01 X17.6808 Y164.7210 Z-0.8097 F600
G01 X17.7321 Y164.5701 Z-0.8068 F600
G01 X17.7545 Y164.5060 Z-0.8059 F600
G01 X17.8371 Y164.3029 Z-0.8014 F600
G01 X17.9236 Y164.1209 Z-0.7966 F600
G01 X17.9813 Y164.0140 Z-0.7931 F600
G01 X18.0230 Y163.9393 Z-0.7909 F600
G01 X18.0851 Y163.8386 Z-0.7865 F600
G01 X18.1310 Y163.7675 Z-0.7844 F600
G01 X18.1978 Y163.6721 Z-0.7791 F600
G01 X18.2480 Y163.6047 Z-0.7770 F600
G01 X18.3200 Y163.5142 Z-0.7711 F600
G01 X18.3743 Y163.4504 Z-0.7689 F600
G01 X18.4538 Y163.3625 Z-0.7629 F600
G01 X18.5115 Y163.3026 Z-0.7606 F600
G01 X18.6568 Y163.1625 Z-0.7514 F600
G01 X18.7459 Y163.0860 Z-0.7462 F600
G01 X18.8085 Y163.0339 Z-0.7431 F600
G01 X18.9002 Y162.9619 Z-0.7357 F600
G01 X18.9658 Y162.9144 Z-0.7331 F600
G01 X19.1295 Y162.8043 Z-0.7223 F600
G01 X19.2309 Y162.7454 Z-0.7168 F600
G01 X19.3014 Y162.7055 Z-0.7131 F600
G01 X19.4071 Y162.6503 Z-0.7055 F600
G01 X19.4809 Y162.6156 Z-0.7029 F600
G01 X19.5168 Y162.5993 Z-0.7011 F600
G01 X19.5925 Y162.5665 Z-0.6960 F600
G01 X19.6685 Y162.5348 Z-0.6920 F600
G01 X19.7079 Y162.5204 Z-0.6907 F600
G01 X19.8657 Y162.4656 Z-0.6830 F600
G01 X19.9085 Y162.4517 Z-0.6806 F600
G01 X20.0724 Y162.4076 Z-0.6751 F600
G01 X20.1193 Y162.3958 Z-0.6730 F600
G01 X20.2037 Y162.3768 Z-0.6690 F600
G01 X20.2886 Y162.3605 Z-0.6678 F600
G01 X20.3289 Y162.3533 Z-0.6669 F600
G01 X20.4598 Y162.3321 Z-0.6619 F600
G01 X20.5256 Y162.3239 Z-0.6617 F600
G01 X20.5589 Y162.3203 Z-0.6613 F600
G01 X20.6941 Y162.3074 Z-0.6582 F600
G01 X20.7618 Y162.3018 Z-0.6574 F600
G01 X20.7988 Y162.3003 Z-0.6576 F600
G01 X21.0077 Y162.2938 Z-0.6560 F600
G01 X21.0526 Y162.2940 Z-0.6561 F600
G01 X21.2156 Y162.2991 Z-0.6573 F600
G01 X21.2650 Y162.3012 Z-0.6571 F600
G01 X21.3452 Y162.3070 F600
G01 X21.4254 Y162.3147 Z-0.6590 F600
G01 X21.4726 Y162.3198 Z-0.6596 F600
G01 X21.5516 Y162.3293 Z-0.6595 F600
G01 X21.6304 Y162.3405 Z-0.6611 F600
G01 X21.6756 Y162.3485 Z-0.6624 F600
G01 X21.8306 Y162.3780 Z-0.6650 F600
G01 X21.8742 Y162.3873 Z-0.6657 F600
G01 X22.0260 Y162.4271 Z-0.6710 F600
G01 X22.0680 Y162.4388 Z-0.6720 F600
G01 X22.1428 Y162.4611 Z-0.6733 F600
G01 X22.2169 Y162.4861 Z-0.6773 F600
G01 X22.2573 Y162.5005 Z-0.6791 F600
G01 X22.4036 Y162.5552 Z-0.6840 F600
G01 X22.4427 Y162.5720 Z-0.6864 F600
G01 X22.5852 Y162.6367 Z-0.6939 F600
G01 X22.6237 Y162.6548 Z-0.6954 F600
G01 X22.6935 Y162.6908 Z-0.6992 F600
G01 X22.7627 Y162.7283 Z-0.7045 F600
G01 X22.8001 Y162.7492 Z-0.7068 F600
G01 X22.8687 Y162.7887 Z-0.7101 F600
G01 X22.9364 Y162.8297 Z-0.7152 F600
G01 X22.9710 Y162.8523 Z-0.7182 F600
G01 X23.1018 Y162.9403 Z-0.7276 F600
G01 X23.1323 Y162.9617 Z-0.7295 F600
G01 X23.1940 Y163.0090 Z-0.7346 F600
G01 X23.2553 Y163.0569 Z-0.7403 F600
G01 X23.3412 Y163.1273 Z-0.7458 F600
G01 X23.3993 Y163.1776 Z-0.7510 F600
G01 X23.5332 Y163.3044 Z-0.7616 F600
G01 X23.6071 Y163.3804 Z-0.7662 F600
G01 X23.6584 Y163.4362 Z-0.7709 F600
G01 X23.7273 Y163.5153 Z-0.7748 F600
G01 X23.7751 Y163.5740 Z-0.7795 F600
G01 X23.8386 Y163.6571 Z-0.7839 F600
G01 X23.8839 Y163.7179 Z-0.7873 F600
G01 X23.9844 Y163.8690 Z-0.7953 F600
G01 X24.0390 Y163.9608 Z-0.7995 F600
G01 X24.0775 Y164.0274 Z-0.8029 F600
G01 X24.1289 Y164.1237 Z-0.8059 F600
G01 X24.1637 Y164.1934 Z-0.8095 F600
G01 X24.2091 Y164.2908 Z-0.8116 F600
G01 X24.2412 Y164.3641 Z-0.8144 F600
G01 X24.3114 Y164.5447 Z-0.8172 F600
G01 X24.3760 Y164.7431 Z-0.8192 F600
G01 X24.4027 Y164.8390 Z-0.8195 F600
G01 X24.4375 Y164.9705 Z-0.8202 F600
G01 X24.4593 Y165.0668 Z-0.8198 F600
G01 X24.4888 Y165.2060 Z-0.8203 F600
G01 X24.5082 Y165.3131 Z-0.8196 F600
G01 X24.5325 Y165.4600 Z-0.8199 F600
G01 X24.5485 Y165.5779 Z-0.8192 F600
G01 X24.5675 Y165.7326 Z-0.8193 F600
G01 X24.5727 Y165.7800 Z-0.8190 F600
G01 X24.5932 Y166.0236 F600
G01 X24.5963 Y166.0690 F600
G01 X24.6091 Y166.3412 Z-0.8192 F600
G01 X24.6101 Y166.3841 Z-0.8196 F600
G01 X24.6134 Y166.5976 F600
G01 X24.6136 Y166.6687 Z-0.8204 F600
G01 X24.6132 Y166.7148 Z-0.8207 F600
G01 X24.6103 Y166.8726 Z-0.8205 F600
G01 X24.6077 Y166.9515 Z-0.8215 F600
G01 X24.6057 Y166.9949 Z-0.8217 F600
G01 X24.5970 Y167.1477 Z-0.8210 F600
G01 X24.5914 Y167.2241 Z-0.8219 F600
G01 X24.5735 Y167.4110 Z-0.8208 F600
G01 X24.5649 Y167.4848 Z-0.8216 F600
G01 X24.5401 Y167.6625 Z-0.8199 F600
G01 X24.5285 Y167.7339 Z-0.8205 F600
G01 X24.4970 Y167.9025 Z-0.8182 F600
G01 X24.4825 Y167.9714 Z-0.8185 F600
G01 X24.4445 Y168.1313 Z-0.8158 F600
G01 X24.4272 Y168.1978 F600
G01 X24.3828 Y168.3493 Z-0.8127 F600
G01 X24.3629 Y168.4135 Z-0.8121 F600
G01 X24.3122 Y168.5570 Z-0.8088 F600
G01 X24.2897 Y168.6190 Z-0.8076 F600
G01 X24.2117 Y168.8048 Z-0.8026 F600
G01 X24.1208 Y168.9916 Z-0.7969 F600
G01 X24.0628 Y169.0967 Z-0.7928 F600
G01 X24.0208 Y169.1701 Z-0.7904 F600
G01 X23.9578 Y169.2705 Z-0.7855 F600
G01 X23.9115 Y169.3407 Z-0.7832 F600
G01 X23.8430 Y169.4372 Z-0.7775 F600
G01 X23.7924 Y169.5041 Z-0.7753 F600
G01 X23.7178 Y169.5970 Z-0.7691 F600
G01 X23.6628 Y169.6607 Z-0.7669 F600
G01 X23.5808 Y169.7508 Z-0.7608 F600
G01 X23.5224 Y169.8108 Z-0.7586 F600
G01 X23.3751 Y169.9524 Z-0.7495 F600
G01 X23.2843 Y170.0298 Z-0.7446 F600
G01 X23.2214 Y170.0820 Z-0.7415 F600
G01 X23.1286 Y170.1546 Z-0.7345 F600
G01 X23.0628 Y170.2020 Z-0.7322 F600
G01 X22.9659 Y170.2678 Z-0.7260 F600
G01 X22.8985 Y170.3126 Z-0.7217 F600
G01 X22.7265 Y170.4114 Z-0.7131 F600
G01 X22.6210 Y170.4661 Z-0.7064 F600
G01 X22.5476 Y170.5008 Z-0.7039 F600
G01 X22.5120 Y170.5170 Z-0.7021 F600
G01 X22.4370 Y170.5498 Z-0.6971 F600
G01 X22.3613 Y170.5809 Z-0.6939 F600
G01 X22.3226 Y170.5951 Z-0.6926 F600
G01 X22.1664 Y170.6500 Z-0.6851 F600
G01 X22.1246 Y170.6632 Z-0.6831 F600
G01 X21.9625 Y170.7071 Z-0.6781 F600
G01 X21.9171 Y170.7187 Z-0.6760 F600
G01 X21.8337 Y170.7372 Z-0.6726 F600
G01 X21.7499 Y170.7535 Z-0.6715 F600
G01 X21.7006 Y170.7623 Z-0.6701 F600
G01 X21.6145 Y170.7766 Z-0.6666 F600
G01 X21.5282 Y170.7883 Z-0.6658 F600
G01 X21.4859 Y170.7930 Z-0.6655 F600
G01 X21.3528 Y170.8059 Z-0.6624 F600
G01 X21.2862 Y170.8113 Z-0.6618 F600
G01 X21.2512 Y170.8128 Z-0.6620 F600
G01 X21.0459 Y170.8192 Z-0.6605 F600
G01 X21.0004 Y170.8190 F600
G01 X20.8359 Y170.8141 Z-0.6619 F600
G01 X20.7840 Y170.8120 Z-0.6618 F600
G01 X20.7036 Y170.8063 Z-0.6621 F600
G01 X20.6232 Y170.7989 Z-0.6642 F600
G01 X20.5744 Y170.7938 Z-0.6649 F600
G01 X20.4958 Y170.7847 Z-0.6651 F600
G01 X20.4173 Y170.7739 Z-0.6670 F600
G01 X20.3716 Y170.7661 Z-0.6686 F600
G01 X20.2184 Y170.7380 Z-0.6717 F600
G01 X20.1753 Y170.7291 Z-0.6726 F600
G01 X20.0265 Y170.6913 Z-0.6785 F600
G01 X19.9862 Y170.6805 Z-0.6796 F600
G01 X19.9133 Y170.6596 Z-0.6809 F600
G01 X19.8412 Y170.6361 Z-0.6850 F600
G01 X19.8036 Y170.6231 Z-0.6868 F600
G01 X19.6623 Y170.5721 Z-0.6918 F600
G01 X19.6269 Y170.5578 Z-0.6935 F600
G01 X19.4904 Y170.4973 Z-0.7011 F600
G01 X19.4569 Y170.4819 Z-0.7025 F600
G01 X19.3900 Y170.4496 Z-0.7047 F600
G01 X19.3241 Y170.4150 Z-0.7096 F600
G01 X19.2926 Y170.3976 Z-0.7116 F600
G01 X19.1635 Y170.3244 Z-0.7179 F600
G01 X19.1331 Y170.3059 Z-0.7196 F600
G01 X19.0091 Y170.2236 Z-0.7283 F600
G01 X18.9798 Y170.2036 Z-0.7299 F600
G01 X18.9189 Y170.1605 Z-0.7325 F600
G01 X18.8592 Y170.1155 Z-0.7373 F600
G01 X18.8310 Y170.0932 Z-0.7396 F600
G01 X18.7142 Y169.9984 Z-0.7468 F600
G01 X18.6861 Y169.9747 Z-0.7483 F600
G01 X18.5743 Y169.8716 Z-0.7574 F600
G01 X18.5089 Y169.8064 Z-0.7597 F600
G01 X18.4554 Y169.7514 Z-0.7623 F600
G01 X18.3512 Y169.6387 Z-0.7714 F600
G01 X18.3035 Y169.5823 Z-0.7740 F600
G01 X18.2638 Y169.5323 Z-0.7775 F600
G01 X18.2108 Y169.4626 Z-0.7804 F600
G01 X18.1726 Y169.4113 Z-0.7827 F600
G01 X18.0879 Y169.2846 Z-0.7886 F600
G01 X18.0407 Y169.2088 Z-0.7908 F600
G01 X18.0080 Y169.1529 Z-0.7936 F600
G01 X17.9638 Y169.0734 Z-0.7957 F600
G01 X17.9325 Y169.0159 Z-0.7974 F600
G01 X17.8630 Y168.8723 Z-0.8018 F600
G01 X17.8240 Y168.7847 Z-0.8033 F600
G01 X17.7980 Y168.7226 Z-0.8054 F600
G01 X17.7616 Y168.6304 Z-0.8066 F600
G01 X17.7374 Y168.5665 Z-0.8080 F600
G01 X17.6823 Y168.4031 Z-0.8107 F600
G01 X17.6518 Y168.3009 Z-0.8120 F600
G01 X17.6324 Y168.2325 Z-0.8132 F600
G01 X17.6042 Y168.1252 Z-0.8135 F600
G01 X17.5874 Y168.0546 Z-0.8150 F600
G01 X17.5783 Y168.0143 Z-0.8155 F600
G01 X17.5475 Y167.8691 Z-0.8161 F600
G01 X17.5395 Y167.8254 Z-0.8168 F600
G01 X17.5136 Y167.6758 Z-0.8176 F600
G01 X17.5061 Y167.6288 F600
G01 X17.4855 Y167.4745 Z-0.8188 F600
G01 X17.4793 Y167.4241 F600
G01 X17.4707 Y167.3448 Z-0.8187 F600
G01 X17.4631 Y167.2654 Z-0.8196 F600
G01 X17.4583 Y167.2115 Z-0.8197 F600
G01 X17.4518 Y167.1300 Z-0.8192 F600
G01 X17.4464 Y167.0484 Z-0.8199 F600
G01 X17.4433 Y166.9909 Z-0.8202 F600
G01 X17.4358 Y166.8233 Z-0.8200 F600
G01 X17.4345 Y166.7624 Z-0.8203 F600
G01 X17.4319 Y166.5902 Z-0.8202 F600
G01 Y166.5321 Z-0.8201 F600
G01 X17.4348 Y166.3645 Z-0.8199 F600
G01 X17.4363 Y166.2808 Z-0.8198 F600
G00 Z6.0000 F480
G00 X15.9349 Y161.8691 F1000
G01 Z-0.0191 F600
G01 X15.8592 Y161.9074 Z-0.0574 F600
G01 X14.1945 Y162.7490 Z-0.8990 F600
G01 X14.1188 Y162.6517 Z-0.8017 F600
G01 X13.7026 Y161.8500 Z0.0000 F600
G01 X13.9657 Y162.3569 Z-0.5069 F600
G01 X14.1648 Y162.7727 Z-0.9089 F600
G01 X9.7321 Y168.9309 Z-0.8274 F600
G01 X9.7056 Y168.9653 Z-0.8283 F600
G01 X9.6736 Y169.0046 Z-0.8308 F600
G01 X9.6401 Y169.0431 Z-0.8349 F600
G01 X9.6052 Y169.0810 Z-0.8406 F600
G01 X9.5691 Y169.1187 Z-0.8486 F600
G01 X9.5269 Y169.1629 Z-0.8619 F600
G01 X9.4831 Y169.2088 Z-0.8800 F600
G01 X9.4312 Y169.2630 Z-0.9067 F600
G01 X9.3693 Y169.3277 Z-0.9453 F600
G01 X9.3055 Y169.3791 Z-0.9772 F600
G01 X9.2685 Y169.3684 Z-0.9586 F600
G01 X9.2326 Y169.3573 Z-0.9411 F600
G01 X9.1980 Y169.3460 Z-0.9246 F600
G01 X9.1644 Y169.3343 Z-0.9091 F600
G01 X9.1318 Y169.3224 Z-0.8945 F600
G01 X9.1002 Y169.3102 Z-0.8808 F600
G01 X9.0695 Y169.2977 Z-0.8679 F600
G01 X9.0397 Y169.2850 Z-0.8559 F600
G01 X9.0107 Y169.2720 Z-0.8446 F600
G01 X8.9756 Y169.2555 Z-0.8315 F600
G01 X8.9416 Y169.2385 Z-0.8195 F600
G01 X8.9087 Y169.2212 Z-0.8084 F600
G01 X8.8768 Y169.2036 Z-0.7984 F600
G01 X8.8459 Y169.1855 Z-0.7893 F600
G01 X8.8158 Y169.1671 Z-0.7811 F600
G01 X8.7866 Y169.1484 Z-0.7738 F600
G01 X8.7582 Y169.1292 Z-0.7672 F600
G01 X8.7306 Y169.1097 Z-0.7615 F600
G01 X8.7037 Y169.0898 Z-0.7566 F600
G01 X8.6723 Y169.0654 Z-0.7517 F600
G01 X8.6418 Y169.0403 Z-0.7478 F600
G01 X8.6122 Y169.0147 Z-0.7451 F600
G01 X8.5833 Y168.9884 Z-0.7433 F600
G01 X7.4709 Y167.8915 Z-0.7334 F600
G01 X7.4171 Y167.8403 Z-0.7344 F600
G01 X7.3606 Y167.7918 Z-0.7391 F600
G01 X7.3015 Y167.7459 Z-0.7475 F600
G01 X7.2398 Y167.7028 Z-0.7597 F600
G01 X7.1754 Y167.6624 Z-0.7757 F600
G01 X7.1084 Y167.6246 Z-0.7954 F600
G01 X7.0388 Y167.5896 Z-0.8190 F600
G01 X6.9666 Y167.5572 Z-0.8462 F600
G01 X6.8917 Y167.5276 Z-0.8773 F600
G01 X6.7340 Y167.4764 Z-0.9506 F600
G01 X6.5659 Y167.4359 Z-1.0391 F600
G01 X6.3872 Y167.4063 Z-1.1426 F600
G01 X6.3479 Y167.3402 Z-1.1228 F600
G01 X6.2292 Y167.0586 Z-1.0041 F600
G01 X6.2153 Y167.0238 Z-0.9902 F600
G01 X6.2023 Y166.9894 Z-0.9772 F600
G01 X6.1873 Y166.9471 Z-0.9621 F600
G01 X6.1734 Y166.9055 Z-0.9483 F600
G01 X6.1607 Y166.8644 Z-0.9356 F600
G01 X6.1492 Y166.8238 Z-0.9241 F600
G01 X6.1387 Y166.7837 Z-0.9136 F600
G01 X6.1293 Y166.7440 Z-0.9042 F600
G01 X6.1209 Y166.7048 Z-0.8958 F600
G01 X6.1134 Y166.6659 Z-0.8883 F600
G01 X6.1068 Y166.6272 Z-0.8817 F600
G01 X6.1012 Y166.5889 Z-0.8761 F600
G01 X6.0956 Y166.5432 Z-0.8705 F600
G01 X6.0912 Y166.4977 Z-0.8661 F600
G01 X6.0880 Y166.4525 Z-0.8629 F600
G01 X6.0861 Y166.4073 Z-0.8610 F600
G01 X6.0853 Y162.7134 Z-0.8602 F600
G01 X6.1571 Y162.6383 Z-0.7883 F600
G01 X6.9080 Y161.8874 Z-0.0374 F600
G01 X6.0853 Y162.7102 Z-0.8602 F600
G01 X5.2627 Y161.8876 Z-0.0376 F600
G01 X5.9390 Y162.5639 Z-0.7139 F600
G01 X6.0853 Y162.7142 Z-0.8602 F600
G01 Y166.3211 F600
G01 X6.0858 Y166.3962 Z-0.8607 F600
G01 X6.0892 Y166.4714 Z-0.8641 F600
G01 X6.0960 Y166.5465 Z-0.8709 F600
G01 X6.1060 Y166.6217 Z-0.8809 F600
G01 X6.1193 Y166.6968 Z-0.8942 F600
G01 X6.1359 Y166.7720 Z-0.9107 F600
G01 X6.1557 Y166.8471 Z-0.9306 F600
G01 X6.1789 Y166.9223 Z-0.9538 F600
G01 X6.2053 Y166.9974 Z-0.9802 F600
G01 X6.2350 Y167.0725 Z-1.0099 F600
G01 X6.3617 Y167.3731 Z-1.1366 F600
G01 X6.3503 Y167.4483 Z-1.1252 F600
G01 X6.3102 Y167.5234 Z-1.0851 F600
G01 X6.2734 Y167.5986 Z-1.0483 F600
G01 X6.2399 Y167.6737 Z-1.0148 F600
G01 X6.2097 Y167.7488 Z-0.9846 F600
G01 X6.1828 Y167.8240 Z-0.9577 F600
G01 X6.1591 Y167.8991 Z-0.9340 F600
G01 X6.1387 Y167.9743 Z-0.9136 F600
G01 X6.1216 Y168.0494 Z-0.8965 F600
G01 X6.1078 Y168.1246 Z-0.8827 F600
G01 X6.0973 Y168.1997 Z-0.8722 F600
G01 X6.0901 Y168.2749 Z-0.8650 F600
G01 X6.0861 Y168.3500 Z-0.8610 F600
G01 X6.0853 Y173.9858 Z-0.8602 F600
G01 X6.0141 Y174.0610 Z-0.7890 F600
G01 X5.2625 Y174.8126 Z-0.0374 F600
G01 X6.0853 Y173.9898 Z-0.8602 F600
G01 X6.9080 Y174.8125 Z-0.0375 F600
G01 X6.0853 Y173.9879 Z-0.8602 F600
G01 Y168.3888 F600
G01 X6.0863 Y168.3437 Z-0.8612 F600
G01 X6.0889 Y168.2910 Z-0.8638 F600
G01 X6.0932 Y168.2382 Z-0.8681 F600
G01 X6.0991 Y168.1850 Z-0.8740 F600
G01 X6.1068 Y168.1313 Z-0.8816 F600
G01 X6.1162 Y168.0772 Z-0.8911 F600
G01 X6.1292 Y168.0146 Z-0.9041 F600
G01 X6.1447 Y167.9509 Z-0.9196 F600
G01 X6.1630 Y167.8861 Z-0.9379 F600
G01 X6.1842 Y167.8199 Z-0.9591 F600
G01 X6.2118 Y167.7435 Z-0.9866 F600
G01 X6.2437 Y167.6648 Z-1.0186 F600
G01 X6.2850 Y167.5741 Z-1.0599 F600
G01 X6.3332 Y167.4796 Z-1.1081 F600
G01 X6.3923 Y167.4070 Z-1.1395 F600
G01 X6.4286 Y167.4121 Z-1.1178 F600
G01 X6.4638 Y167.4175 Z-1.0971 F600
G01 X6.5092 Y167.4251 Z-1.0709 F600
G01 X6.5528 Y167.4333 Z-1.0463 F600
G01 X6.5948 Y167.4420 Z-1.0232 F600
G01 X6.6353 Y167.4510 Z-1.0014 F600
G01 X6.6744 Y167.4605 Z-0.9809 F600
G01 X6.7122 Y167.4703 Z-0.9616 F600
G01 X6.7487 Y167.4805 Z-0.9434 F600
G01 X6.7840 Y167.4911 Z-0.9263 F600
G01 X6.8181 Y167.5019 Z-0.9102 F600
G01 X6.8513 Y167.5131 Z-0.8951 F600
G01 X6.8834 Y167.5245 Z-0.8809 F600
G01 X6.9146 Y167.5363 Z-0.8675 F600
G01 X6.9448 Y167.5483 Z-0.8549 F600
G01 X6.9743 Y167.5605 Z-0.8432 F600
G01 X7.0099 Y167.5762 Z-0.8295 F600
G01 X7.0444 Y167.5923 Z-0.8169 F600
G01 X7.0778 Y167.6087 Z-0.8054 F600
G01 X7.1102 Y167.6256 Z-0.7949 F600
G01 X7.1415 Y167.6428 Z-0.7853 F600
G01 X7.1720 Y167.6604 Z-0.7766 F600
G01 X7.2016 Y167.6783 Z-0.7688 F600
G01 X7.2303 Y167.6966 Z-0.7619 F600
G01 X7.2583 Y167.7153 Z-0.7557 F600
G01 X7.2856 Y167.7344 Z-0.7503 F600
G01 X7.3174 Y167.7578 Z-0.7449 F600
G01 X7.3483 Y167.7819 Z-0.7405 F600
G01 X7.3783 Y167.8065 Z-0.7372 F600
G01 X7.4075 Y167.8317 Z-0.7349 F600
G01 X7.4360 Y167.8577 Z-0.7336 F600
G01 X8.5549 Y168.9611 Z-0.7425 F600
G01 X8.6094 Y169.0123 Z-0.7448 F600
G01 X8.6666 Y169.0608 Z-0.7509 F600
G01 X8.7265 Y169.1067 Z-0.7607 F600
G01 X8.7890 Y169.1499 Z-0.7743 F600
G01 X8.8542 Y169.1905 Z-0.7917 F600
G01 X8.9221 Y169.2284 Z-0.8128 F600
G01 X8.9926 Y169.2636 Z-0.8377 F600
G01 X9.0657 Y169.2962 Z-0.8664 F600
G01 X9.1416 Y169.3261 Z-0.8988 F600
G01 X9.3012 Y169.3779 Z-0.9750 F600
G01 X9.3377 Y169.4472 Z-0.9517 F600
G01 X9.3654 Y169.5252 Z-0.9161 F600
G01 X9.3957 Y169.6007 Z-0.8841 F600
G01 X9.4287 Y169.6735 Z-0.8558 F600
G01 X9.4642 Y169.7438 Z-0.8312 F600
G01 X9.5023 Y169.8114 Z-0.8103 F600
G01 X9.5431 Y169.8765 Z-0.7931 F600
G01 X9.5864 Y169.9389 Z-0.7795 F600
G01 X9.6323 Y169.9988 Z-0.7696 F600
G01 X9.6808 Y170.0560 Z-0.7634 F600
G01 X9.7319 Y170.1107 Z-0.7608 F600
G01 X13.7335 Y174.0409 Z-0.8074 F600
G01 X13.4387 Y174.7591 Z-0.0909 F600
G01 X13.7396 Y174.0444 Z-0.8056 F600
G01 X15.6958 Y174.8348 Z-0.0152 F600
G01 X13.7439 Y174.0462 Z-0.8038 F600
G00 Z6.0000 F480
G00 X0.0000 Y0.0000 F1000


M05
M30
