;FLAVOR:Marlin
;TIME:428
;Filament used: 0.498973m
;Layer height: 0.2
;MINX:0
;MINY:0
;MINZ:0.24
;MAXX:142.953
;MAXY:140.266
;MAXZ:8.04
;TARGET_MACHINE.NAME:VORON2 250
;Generated with Cura_SteamEngine 5.11.0
M140 S60
M105
M190 S60
M104 S225
M105
M109 S225
START_PRINT
M82 ;absolute extrusion mode
G92 E0
G92 E0
G1 F1200 E-0.5
;LAYER_COUNT:40
;LAYER:0
M107
M204 S2000
G1 F1200 Z0.68
G0 F6000 X0.00 Y0.00 Z0.68
G0 X109.901 Y112.514
;TYPE:SKIRT
G1 F1200 Z0.24
G1 F600 E0
G1 F1200 X110.172 Y112.257 E0.02921
G1 X110.527 Y111.947 E0.06606
G1 X110.877 Y111.672 E0.10087
G1 X111.2 Y111.439 E0.13202
G1 X111.582 Y111.189 E0.16772
G1 X111.844 Y111.03 E0.19169
G1 X112.278 Y110.795 E0.23028
G1 X112.618 Y110.631 E0.25981
G1 X113.102 Y110.423 E0.301
G1 X113.46 Y110.287 E0.33095
G1 X113.998 Y110.116 E0.3751
G1 X114.811 Y109.921 E0.44048
G1 X115.417 Y109.825 E0.48846
G1 X115.877 Y109.776 E0.52464
G1 X116.3 Y109.752 E0.55777
G1 X116.882 Y109.735 E0.60331
G1 X132.692 Y109.734 E1.83969
G1 X133.574 Y109.746 E1.90868
G1 X134.099 Y109.774 E1.94979
G1 X134.685 Y109.838 E1.99589
G1 X135.077 Y109.9 E2.02693
G1 X135.679 Y110.029 E2.07507
G1 X136.339 Y110.221 E2.12883
G1 X136.725 Y110.355 E2.16078
G1 X137.077 Y110.496 E2.19043
G1 X137.464 Y110.669 E2.22358
G1 X137.81 Y110.842 E2.25384
G1 X138.196 Y111.056 E2.28835
G1 X138.746 Y111.402 E2.33917
G1 X138.912 Y111.518 E2.355
G1 X139.429 Y111.911 E2.40579
G1 X139.898 Y112.323 E2.45461
G1 X140.172 Y112.588 E2.48442
G1 X140.429 Y112.859 E2.51363
G1 X140.739 Y113.214 E2.55048
G1 X141.012 Y113.561 E2.58501
G1 X141.244 Y113.882 E2.61598
G1 X141.431 Y114.165 E2.64251
G1 X141.707 Y114.621 E2.6842
G1 X141.891 Y114.965 E2.7147
G1 X142.055 Y115.305 E2.74422
G1 X142.367 Y116.055 E2.80775
G1 X142.568 Y116.677 E2.85887
G1 X142.625 Y116.887 E2.87588
G1 X142.774 Y117.542 E2.92842
G1 X142.872 Y118.179 E2.97882
G1 X142.911 Y118.565 E3.00916
G1 X142.952 Y119.567 E3.08758
G1 X142.953 Y130.006 E3.90394
G1 X142.935 Y131.04 E3.98482
G1 X142.902 Y131.552 E4.02494
G1 X142.82 Y132.194 E4.07555
G1 X142.783 Y132.408 E4.09254
G1 X142.662 Y132.972 E4.13765
G1 X142.454 Y133.686 E4.1958
G1 X142.331 Y134.039 E4.22504
G1 X142.1 Y134.597 E4.27227
G1 X141.844 Y135.123 E4.31801
G1 X141.63 Y135.509 E4.35253
G1 X141.284 Y136.059 E4.40334
G1 X140.893 Y136.593 E4.4551
G1 X140.645 Y136.896 E4.48572
G1 X140.363 Y137.211 E4.51879
G1 X140.098 Y137.485 E4.5486
G1 X139.827 Y137.742 E4.5778
G1 X139.472 Y138.052 E4.61466
G1 X139.125 Y138.325 E4.64919
G1 X138.802 Y138.558 E4.68033
G1 X138.185 Y138.951 E4.73754
G1 X137.721 Y139.204 E4.77887
G1 X137.381 Y139.368 E4.80839
G1 X137.003 Y139.532 E4.84062
G1 X136.541 Y139.711 E4.87936
G1 X135.982 Y139.889 E4.92524
G1 X135.402 Y140.033 E4.97198
G1 X134.981 Y140.115 E5.00552
G1 X134.512 Y140.183 E5.04258
G1 X134.144 Y140.223 E5.07153
G1 X133.855 Y140.241 E5.09417
G1 X133.118 Y140.264 E5.15183
G1 X117.306 Y140.266 E6.38838
G1 X116.272 Y140.248 E6.46925
G1 X115.76 Y140.215 E6.50938
G1 X115.357 Y140.168 E6.5411
G1 X114.925 Y140.099 E6.57532
G1 X114.329 Y139.972 E6.62297
G1 X113.605 Y139.761 E6.68195
G1 X113.277 Y139.646 E6.70913
G1 X112.712 Y139.412 E6.75695
G1 X112.189 Y139.157 E6.80245
G1 X111.803 Y138.943 E6.83697
G1 X111.253 Y138.597 E6.88778
G1 X110.719 Y138.206 E6.93954
G1 X110.421 Y137.962 E6.96966
G1 X110.09 Y137.666 E7.00439
G1 X109.827 Y137.411 E7.03304
G1 X109.57 Y137.14 E7.06224
G1 X109.26 Y136.785 E7.0991
G1 X108.987 Y136.438 E7.13363
G1 X108.754 Y136.115 E7.16477
G1 X108.502 Y135.73 E7.20076
G1 X108.343 Y135.468 E7.22473
G1 X108.101 Y135.02 E7.26455
G1 X107.944 Y134.694 E7.29284
G1 X107.736 Y134.21 E7.33404
G1 X107.598 Y133.847 E7.36441
G1 X107.428 Y133.312 E7.40831
G1 X107.23 Y132.486 E7.47473
G1 X107.141 Y131.918 E7.5197
G1 X107.092 Y131.501 E7.55253
G1 X107.071 Y131.169 E7.57855
G1 X107.048 Y130.454 E7.63449
G1 X107.046 Y119.99 E8.4528
G1 X107.059 Y119.101 E8.52233
G1 X107.098 Y118.444 E8.5738
G1 X107.152 Y117.987 E8.60979
G1 X107.214 Y117.598 E8.6406
G1 X107.338 Y117.023 E8.6866
G1 X107.516 Y116.404 E8.73697
G1 X107.602 Y116.14 E8.75868
G1 X107.679 Y115.957 E8.77421
G1 X107.671 Y115.954 E8.77487
G1 X107.81 Y115.608 E8.80403
G1 X107.982 Y115.222 E8.83708
G1 X108.156 Y114.874 E8.86751
G1 X108.367 Y114.492 E8.90164
G1 X108.557 Y114.183 E8.93
G1 X108.829 Y113.777 E8.96822
G1 X109.106 Y113.406 E9.00443
G1 X109.354 Y113.103 E9.03505
G1 X109.636 Y112.788 E9.06811
G1 X109.901 Y112.514 E9.09792
G1 F1200 E8.59792
G1 F1200 Z0.68
;MESH:new-rear-port-cover-v2.stl
G0 F6000 X109.901 Y112.514 Z0.68
G0 X131.648 Y132.014
;TYPE:WALL-OUTER
G1 F1200 Z0.24
G1 F600 E9.09792
G1 F1200 X131.006 Y132.096 E9.1512
G1 X130.428 Y132.12 E9.19882
G1 X119.554 Y132.12 E10.09396
G1 X118.967 Y132.093 E10.14233
G1 X118.344 Y132.011 E10.19406
G1 X117.776 Y131.887 E10.24191
G1 X117.186 Y131.707 E10.29269
G1 X116.633 Y131.484 E10.34178
G1 X116.121 Y131.224 E10.38905
G1 X115.598 Y130.907 E10.43939
G1 X115.099 Y130.538 E10.49048
G1 X114.667 Y130.158 E10.53784
G1 X114.219 Y129.692 E10.59105
G1 X113.837 Y129.218 E10.64117
G1 X113.504 Y128.719 E10.69055
G1 X113.221 Y128.211 E10.73842
G1 X112.96 Y127.636 E10.7904
G1 X112.761 Y127.077 E10.83925
G1 X112.61 Y126.495 E10.88874
G1 X112.509 Y125.91 E10.93761
G1 X112.461 Y125.313 E10.98691
G1 X112.461 Y124.648 E11.04166
G1 X112.509 Y124.098 E11.0871
G1 X112.612 Y123.502 E11.13689
G1 X112.771 Y122.887 E11.18918
G1 X112.964 Y122.341 E11.23685
G1 X113.2 Y121.821 E11.28386
G1 X113.525 Y121.238 E11.33881
G1 X113.825 Y120.79 E11.38319
G1 X114.233 Y120.287 E11.43651
G1 X114.669 Y119.833 E11.48832
G1 X115.098 Y119.461 E11.53507
G1 X115.608 Y119.085 E11.58722
G1 X116.103 Y118.781 E11.63504
G1 X116.611 Y118.519 E11.68209
G1 X117.207 Y118.281 E11.73492
G1 X117.771 Y118.109 E11.78346
G1 X118.374 Y117.979 E11.83424
G1 X118.99 Y117.9 E11.88537
G1 X119.568 Y117.876 E11.93299
G1 X130.447 Y117.876 E12.82853
G1 X130.995 Y117.9 E12.87369
G1 X131.654 Y117.981 E12.92834
G1 X132.217 Y118.108 E12.97585
G1 X132.773 Y118.272 E13.02357
G1 X133.365 Y118.509 E13.07607
G1 X133.92 Y118.796 E13.1275
G1 X134.404 Y119.095 E13.17433
G1 X134.894 Y119.454 E13.22433
G1 X135.358 Y119.862 E13.2752
G1 X135.756 Y120.277 E13.32253
G1 X136.151 Y120.762 E13.37402
G1 X136.475 Y121.246 E13.42197
G1 X136.76 Y121.755 E13.46999
G1 X137.015 Y122.303 E13.51974
G1 X137.235 Y122.919 E13.57359
G1 X137.387 Y123.502 E13.62318
G1 X137.491 Y124.12 E13.67477
G1 X137.539 Y124.68 E13.72104
G1 X137.535 Y125.348 E13.77603
G1 X137.491 Y125.864 E13.81866
G1 X137.395 Y126.468 E13.86901
G1 X137.235 Y127.078 E13.92092
G1 X137.033 Y127.652 E13.97101
G1 X136.784 Y128.206 E14.02101
G1 X136.46 Y128.782 E14.07541
G1 X136.141 Y129.244 E14.12163
G1 X135.785 Y129.684 E14.16822
G1 X135.341 Y130.15 E14.2212
G1 X134.885 Y130.548 E14.27103
G1 X134.396 Y130.908 E14.32101
G1 X133.92 Y131.2 E14.36698
G1 X133.385 Y131.477 E14.41658
G1 X132.813 Y131.706 E14.4673
G1 X132.703 Y131.74 E14.47677
G0 F1080 X132.193 Y131.895
G0 X131.648 Y132.014
G0 F6000 X131.006 Y132.096
G0 X130.428 Y132.12
G0 X126.653 Y132.12
G1 F1200 E13.97677
G1 F1200 Z0.68
G0 F6000 X126.653 Y132.12 Z0.68
G0 X134.853 Y136.245
G1 F1200 Z0.24
G1 F600 E14.47677
G1 F1200 X135.325 Y136.096 E14.51752
G1 X135.804 Y135.894 E14.56031
G1 X136.241 Y135.666 E14.60089
G1 X136.664 Y135.397 E14.64215
G1 X137.071 Y135.087 E14.68427
G1 X137.444 Y134.744 E14.72598
G1 X137.775 Y134.383 E14.7663
G1 X138.085 Y133.976 E14.80842
G1 X138.362 Y133.542 E14.8508
G1 X138.585 Y133.11 E14.89082
G1 X138.78 Y132.637 E14.93294
G1 X138.933 Y132.164 E14.97386
G1 X139.041 Y131.669 E15.01556
G1 X139.105 Y131.184 E15.05584
G1 X139.128 Y130.651 E15.09975
G1 X139.128 Y119.329 E16.03177
G1 X139.105 Y118.805 E16.07494
G1 X139.041 Y118.328 E16.11456
G1 X138.933 Y117.832 E16.15635
G1 X138.777 Y117.347 E16.19829
G1 X138.586 Y116.887 E16.23929
G1 X138.354 Y116.443 E16.28053
G1 X138.085 Y116.02 E16.32179
G1 X137.775 Y115.613 E16.36391
G1 X137.433 Y115.241 E16.4055
G1 X137.067 Y114.909 E16.44618
G1 X136.663 Y114.598 E16.48815
G1 X136.241 Y114.33 E16.5293
G1 X135.796 Y114.098 E16.57061
G1 X135.325 Y113.9 E16.61267
G1 X134.854 Y113.751 E16.65334
G1 X134.357 Y113.643 E16.69521
G1 X133.876 Y113.579 E16.73515
G1 X133.339 Y113.556 E16.7794
G1 X116.657 Y113.556 E18.15264
G1 X116.12 Y113.579 E18.19689
G1 X115.639 Y113.643 E18.23683
G1 X115.143 Y113.751 E18.27862
G1 X114.671 Y113.9 E18.31936
G1 X114.2 Y114.098 E18.36142
G1 X113.755 Y114.33 E18.40273
G1 X113.333 Y114.598 E18.44388
G1 X112.929 Y114.909 E18.48585
G1 X112.552 Y115.253 E18.52786
G1 X112.221 Y115.613 E18.56812
G1 X111.911 Y116.021 E18.6103
G1 X111.634 Y116.454 E18.65262
G1 X111.411 Y116.886 E18.69264
G1 X111.216 Y117.359 E18.73475
G1 X111.063 Y117.832 E18.77568
G1 X110.955 Y118.328 E18.81746
G1 X110.891 Y118.804 E18.857
G1 X110.868 Y119.345 E18.90157
G1 X110.868 Y130.666 E19.8335
G1 X110.891 Y131.184 E19.87619
G1 X110.955 Y131.669 E19.91646
G1 X111.063 Y132.164 E19.95817
G1 X111.215 Y132.637 E19.99906
G1 X111.411 Y133.11 E20.04121
G1 X111.634 Y133.542 E20.08123
G1 X111.911 Y133.975 E20.12354
G1 X112.221 Y134.383 E20.16573
G1 X112.552 Y134.744 E20.20604
G1 X112.925 Y135.087 E20.24776
G1 X113.332 Y135.397 E20.28987
G1 X113.755 Y135.666 E20.33114
G1 X114.192 Y135.894 E20.37171
G1 X114.671 Y136.096 E20.41451
G1 X115.143 Y136.245 E20.45525
G1 X115.639 Y136.353 E20.49704
G1 X116.12 Y136.417 E20.53698
G1 X116.657 Y136.44 E20.58123
G1 X133.339 Y136.44 E21.95447
G1 X133.778 Y136.421 E21.99064
G0 F1080 X133.876 Y136.417
G0 X134.357 Y136.353
G0 X134.853 Y136.245
G0 F6000 X135.325 Y136.096
G0 X135.804 Y135.894
G0 X136.241 Y135.666
G0 X136.664 Y135.397
G0 X137.071 Y135.087
G0 X137.444 Y134.744
G0 X137.775 Y134.383
G0 X138.085 Y133.976
G0 X138.362 Y133.542
G0 X138.57 Y133.138
G1 F1200 E21.49064
G0 F6000 X139.529 Y133.636
G0 X138.966 Y134.6
G0 X138.201 Y135.514
G0 X137.287 Y136.279
G0 X136.456 Y136.761
G0 X135.214 Y137.26
G0 X134.641 Y135.447
;TYPE:WALL-INNER
G1 F600 E21.99064
G1 F1200 X135.04 Y135.321 E22.02509
G1 X135.452 Y135.147 E22.0619
G1 X135.828 Y134.952 E22.09677
G1 X136.191 Y134.72 E22.13223
G1 X136.54 Y134.454 E22.16836
G1 X136.859 Y134.161 E22.20401
G1 X137.141 Y133.853 E22.23839
G1 X137.408 Y133.503 E22.27462
G1 X137.646 Y133.13 E22.31105
G1 X137.836 Y132.762 E22.34514
G1 X138.005 Y132.353 E22.38157
G1 X138.136 Y131.949 E22.41653
G1 X138.228 Y131.527 E22.45209
G1 X138.282 Y131.113 E22.48645
G1 X138.303 Y130.613 E22.52765
G1 X138.303 Y127.323 E22.79848
G1 F1348.8 X138.394 Y126.97 E22.82518
G1 F1796.7 X138.485 Y126.618 E22.84517
G1 F2281.1 X138.512 Y125.933 E22.87485
G1 F2506.3 X138.524 Y125.32 E22.89902
G1 F2584.9 X138.524 Y124.613 E22.92604
G1 F2506.3 X138.512 Y124.051 E22.94819
G1 F2270.6 X138.483 Y123.354 E22.97854
G1 F1787 X138.393 Y123.014 E22.99798
G1 F1346.9 X138.303 Y122.675 E23.02371
G1 F1200 X138.303 Y119.368 E23.29593
G1 X138.282 Y118.877 E23.33639
G1 X138.228 Y118.47 E23.37019
G1 X138.136 Y118.047 E23.40582
G1 X138.002 Y117.632 E23.44172
G1 X137.838 Y117.236 E23.477
G1 X137.639 Y116.856 E23.51232
G1 X137.408 Y116.493 E23.54773
G1 X137.142 Y116.144 E23.58386
G1 X136.851 Y115.827 E23.61928
G1 X136.538 Y115.542 E23.65413
G1 X136.189 Y115.274 E23.69035
G1 X135.828 Y115.045 E23.72554
G1 X135.445 Y114.845 E23.76111
G1 X135.041 Y114.675 E23.79719
G1 X134.641 Y114.549 E23.83171
G1 X134.214 Y114.456 E23.86769
G1 X133.804 Y114.402 E23.90173
G1 X133.321 Y114.381 E23.94153
G1 X116.675 Y114.381 E25.31181
G1 X116.192 Y114.402 E25.3516
G1 X115.781 Y114.456 E25.38573
G1 X115.355 Y114.549 E25.42162
G1 X114.955 Y114.675 E25.45614
G1 X114.551 Y114.845 E25.49222
G1 X114.168 Y115.045 E25.52779
G1 X113.807 Y115.275 E25.56303
G1 X113.459 Y115.541 E25.59909
G1 X113.135 Y115.838 E25.63527
G1 X112.854 Y116.143 E25.66941
G1 X112.588 Y116.493 E25.70559
G1 X112.35 Y116.867 E25.74209
G1 X112.16 Y117.234 E25.77611
G1 X111.991 Y117.643 E25.81254
G1 X111.86 Y118.047 E25.8475
G1 X111.768 Y118.47 E25.88313
G1 X111.714 Y118.876 E25.91685
G1 X111.693 Y119.383 E25.95862
G1 X111.693 Y122.684 E26.23035
G1 F1348.8 X111.602 Y123.036 E26.25698
G1 F1790.2 X111.512 Y123.389 E26.27708
G1 F2281.1 X111.484 Y124.063 E26.30629
G1 F2506.3 X111.472 Y125.28 E26.35426
G1 X111.484 Y125.936 E26.38012
G1 F2270.6 X111.513 Y126.646 E26.41104
G1 F1783.8 X111.604 Y126.984 E26.43042
G1 F1346.9 X111.694 Y127.322 E26.45607
G1 F1200 X111.693 Y130.648 E26.72987
G1 X111.714 Y131.112 E26.7681
G1 X111.768 Y131.527 E26.80255
G1 X111.86 Y131.949 E26.83811
G1 X111.99 Y132.353 E26.87304
G1 X112.16 Y132.762 E26.9095
G1 X112.35 Y133.129 E26.94352
G1 X112.588 Y133.503 E26.98001
G1 X112.855 Y133.853 E27.01625
G1 X113.136 Y134.161 E27.05057
G1 X113.456 Y134.454 E27.08629
G1 X113.805 Y134.72 E27.12241
G1 X114.168 Y134.951 E27.15783
G1 X114.544 Y135.147 E27.19274
G1 X114.956 Y135.321 E27.22955
G1 X115.355 Y135.447 E27.264
G1 X115.781 Y135.54 E27.29989
G1 X116.192 Y135.594 E27.33401
G1 X116.675 Y135.615 E27.37381
G1 X133.321 Y135.615 E28.74409
G1 X133.564 Y135.604 E28.76411
G0 F1080 X133.804 Y135.594
G0 X134.215 Y135.54
G0 X134.641 Y135.447
G1 F1200 E28.26411
G0 F6000 X133.102 Y132.479
G1 F600 E28.76411
G1 F1200 X132.37 Y132.701 E28.82708
G1 X131.79 Y132.827 E28.87594
G1 X131.042 Y132.921 E28.938
G1 X130.481 Y132.944 E28.98422
G1 X119.518 Y132.945 E29.88668
G1 X118.966 Y132.921 E29.93216
G1 X118.273 Y132.836 E29.98964
G1 X117.634 Y132.702 E30.04338
G1 X116.88 Y132.473 E30.10825
G1 X116.276 Y132.228 E30.16191
G1 X115.663 Y131.913 E30.21864
G1 X115.163 Y131.607 E30.2669
G1 X114.6 Y131.195 E30.32433
G1 X114.122 Y130.777 E30.3766
G1 X113.628 Y130.269 E30.43493
G1 X113.152 Y129.677 E30.49746
G1 X112.785 Y129.123 E30.55216
G1 X112.47 Y128.554 E30.6057
G1 X112.222 Y128.009 E30.65499
G1 X111.963 Y127.287 E30.71813
G1 F1466.7 X111.964 Y126.701 E30.7576
G1 F2000 X111.974 Y126.606 E30.76232
G1 F2250 X111.898 Y126.015 E30.78848
G1 F2475 X111.858 Y125.36 E30.81467
G1 F2564.8 X111.858 Y124.597 E30.84406
G1 F2475 X111.898 Y123.994 E30.86818
G1 F2260.3 X111.97 Y123.426 E30.8932
G1 F2016.3 X111.96 Y123.335 E30.89769
G1 F1473.2 X111.961 Y122.717 E30.93912
G1 F1200 X112.213 Y122 E31.00169
G1 X112.495 Y121.389 E31.05708
G1 X112.84 Y120.779 E31.11477
G1 X113.207 Y120.239 E31.16852
G1 X113.571 Y119.791 E31.21604
G1 X114.048 Y119.285 E31.27328
G1 X114.585 Y118.814 E31.33208
G1 X115.175 Y118.382 E31.39227
G1 X115.724 Y118.048 E31.44517
G1 X116.257 Y117.774 E31.49451
G1 X116.894 Y117.517 E31.55105
G1 X117.63 Y117.294 E31.61436
G1 X118.166 Y117.178 E31.6595
G1 X118.954 Y117.075 E31.72492
G1 X119.515 Y117.051 E31.77114
G1 X130.483 Y117.051 E32.67402
G1 X131.031 Y117.075 E32.71917
G1 X131.835 Y117.176 E32.78588
G1 X132.45 Y117.317 E32.83782
G1 X133.095 Y117.51 E32.89324
G1 X133.743 Y117.775 E32.95087
G1 X134.352 Y118.093 E33.00742
G1 X134.819 Y118.38 E33.05255
G1 X135.401 Y118.804 E33.11182
G1 X135.876 Y119.217 E33.16364
G1 X136.365 Y119.72 E33.22138
G1 X136.837 Y120.303 E33.28313
G1 X137.213 Y120.872 E33.33927
G1 X137.481 Y121.352 E33.38453
G1 X137.764 Y121.957 E33.43951
G1 X138.032 Y122.71 E33.50531
G1 F1464.5 X138.033 Y123.295 E33.54477
G1 F2000 X138.023 Y123.393 E33.54963
G1 F2255.1 X138.098 Y123.981 E33.5756
G1 F2487.4 X138.141 Y124.629 E33.60139
G1 F2578.1 X138.138 Y125.399 E33.63089
G1 F2481.2 X138.098 Y125.993 E33.65459
G1 F2270.6 X138.029 Y126.579 E33.68026
G1 F2020.4 X138.038 Y126.673 E33.68488
G1 F1473.2 X138.032 Y127.288 E33.72612
G1 F1200 X137.787 Y127.988 E33.78717
G1 X137.554 Y128.509 E33.83415
G1 X137.14 Y129.25 E33.90402
G1 X136.782 Y129.762 E33.95545
G1 X136.426 Y130.203 E34.00211
G1 X135.954 Y130.705 E34.05883
G1 X135.376 Y131.212 E34.12212
G1 X134.828 Y131.611 E34.17792
G1 X134.272 Y131.948 E34.23144
G1 X134.098 Y132.037 E34.24753
G0 F1080 X133.739 Y132.222
G0 X133.102 Y132.479
G1 F1200 E33.74753
G0 F6000 X132.457 Y130.693
G0 X135.286 Y128.592
G0 X137.512 Y130.094
;TYPE:SKIN
G1 F600 E34.24753
G1 F1200 X137.402 Y130.252 E34.26338
G1 X137.038 Y130.703 E34.31109
G1 X136.5 Y131.275 E34.37573
G1 X135.868 Y131.827 E34.4448
G1 X135.25 Y132.277 E34.50773
G1 X134.654 Y132.637 E34.56505
G1 X134.099 Y132.927 E34.6166
G1 X133.376 Y133.221 E34.68085
G1 F1198.5 X132.535 Y133.476 E34.75328
G1 F1069.1 X131.941 Y133.706 E34.81213
G1 F987 X131.254 Y133.77 E34.88119
G1 F1021.7 X130.492 Y133.799 E34.95492
G1 F1033.4 X119.479 Y133.799 E36.00764
G1 F1021.7 X118.749 Y133.77 E36.07828
G1 F988 X118.116 Y133.71 E36.14185
G1 F1071.4 X117.48 Y133.476 E36.20433
G1 F1200 X116.6 Y133.212 E36.27996
G1 X116.066 Y132.999 E36.32729
G1 X115.415 Y132.677 E36.38708
G1 X114.735 Y132.271 E36.45227
G1 X114.572 Y132.162 E36.46841
G1 X114.056 Y131.774 E36.52156
G1 X113.573 Y131.344 E36.57479
G1 X113.026 Y130.782 E36.63935
G1 X112.483 Y130.095 E36.71143
G1 X112.485 Y130.646 E36.75679
G1 X112.506 Y131.076 E36.79223
G1 X112.551 Y131.417 E36.82055
G1 X112.619 Y131.733 E36.84715
G1 X112.727 Y132.073 E36.87652
G1 X112.878 Y132.433 E36.90866
G1 X113.03 Y132.726 E36.93583
G1 X113.231 Y133.044 E36.9668
G1 X113.457 Y133.338 E36.99732
G1 X113.693 Y133.596 E37.02611
G1 X113.965 Y133.847 E37.05657
G1 X114.257 Y134.069 E37.08677
G1 X114.559 Y134.262 E37.11627
G1 X114.873 Y134.427 E37.14547
G1 X115.233 Y134.579 E37.17764
G1 X115.555 Y134.677 E37.20535
G1 X115.921 Y134.761 E37.23626
G1 X116.252 Y134.805 E37.26375
G1 X116.732 Y134.824 E37.30329
G1 X117.342 Y134.824 E37.3535
G1 F1071.4 X118.012 Y134.723 E37.41597
G1 F988 X118.687 Y134.746 E37.4835
G1 F1021.7 X119.504 Y134.757 E37.5625
G1 F1033.4 X130.541 Y134.756 E38.61752
G1 F1021.7 X131.316 Y134.746 E38.69246
G1 F987 X132.029 Y134.723 E38.76386
G1 F1069.1 X132.678 Y134.823 E38.82453
G1 F1198.5 X133.299 Y134.824 E38.87571
G1 F1200 X133.74 Y134.805 E38.91205
G1 X134.071 Y134.761 E38.93953
G1 X134.441 Y134.677 E38.97077
G1 X134.758 Y134.58 E38.99806
G1 X135.119 Y134.427 E39.03033
G1 X135.425 Y134.267 E39.05876
G1 X135.739 Y134.065 E39.08949
G1 X136.026 Y133.848 E39.11911
G1 X136.3 Y133.592 E39.14998
G1 X136.536 Y133.338 E39.17852
G1 X136.757 Y133.047 E39.2086
G1 X136.962 Y132.726 E39.23995
G1 X137.114 Y132.433 E39.26713
G1 X137.265 Y132.073 E39.29926
G1 X137.373 Y131.732 E39.32871
G1 X137.449 Y131.385 E39.35795
G1 X137.493 Y131.049 E39.38584
G1 X137.512 Y130.596 E39.42317
G1 X137.512 Y130.094 E39.46449
G1 F1200 E38.96449
G0 F6000 X135.709 Y133.017
G1 F600 E39.46449
G1 F1200 X135.873 Y132.84 E39.48435
G1 X135.691 Y132.973 E39.50291
G1 X135.451 Y133.118 E39.52599
G1 X135.523 Y133.19
G1 X135.274 Y133.384 E39.55198
G1 X135.005 Y133.556 E39.57826
G1 X134.82 Y133.653 E39.59546
G1 X134.707 Y133.54
G1 X134.463 Y133.667 E39.6181
G1 X133.898 Y133.898 E39.66835
G1 F1200 E39.16835
G0 F6000 X132.457 Y130.693
G0 X116.638 Y130.281
G0 X114.733 Y133.396
G1 F600 E39.66835
G1 F1200 X114.962 Y133.542 E39.6907
G1 X115.227 Y133.681 E39.71534
G1 X115.52 Y133.804 E39.7415
G1 X115.768 Y133.88 E39.76285
G1 X116.076 Y133.951 E39.78887
G1 X116.304 Y133.981 E39.8078
G1 X115.683 Y133.73 E39.86293
G1 X114.979 Y133.377 E39.92776
G1 X114.308 Y132.976 E39.99211
G1 X114.715 Y133.382 E40.03944
G1 X114.496 Y133.216 E40.06206
G1 X114.278 Y133.015 E40.08647
G1 X114.142 Y132.866 E40.10307
G1 X114.287 Y132.963 E40.11743
G1 F1200 E39.61743
G0 F6000 X116.638 Y130.281
G0 X135.286 Y121.406
G0 X137.512 Y119.873
G1 F600 E40.11743
G1 F1200 X137.512 Y119.375 E40.15843
G1 X137.489 Y118.911 E40.19667
G1 X137.446 Y118.6 E40.22252
G1 X137.373 Y118.259 E40.25122
G1 X137.257 Y117.899 E40.28236
G1 X137.122 Y117.575 E40.31125
G1 X136.951 Y117.248 E40.34163
G1 X136.762 Y116.954 E40.3704
G1 X136.536 Y116.658 E40.40106
G1 X136.288 Y116.388 E40.43124
G1 X136.023 Y116.144 E40.46089
G1 X135.727 Y115.918 E40.49155
G1 X135.436 Y115.733 E40.51993
G1 X135.111 Y115.561 E40.5502
G1 X134.767 Y115.417 E40.5809
G1 X134.435 Y115.315 E40.60949
G1 X134.072 Y115.235 E40.64009
G1 X133.74 Y115.191 E40.66766
G1 X133.283 Y115.173 E40.70531
G1 X132.854 Y115.172 E40.74062
G1 F1063.4 X132.172 Y115.279 E40.80475
G1 F987 X131.086 Y115.244 E40.91349
G1 F1029.1 X119.451 Y115.239 E42.03032
G1 F1022.7 X118.666 Y115.249 E42.10615
G1 F990 X118.004 Y115.272 E42.17224
G1 F1071.4 X117.191 Y115.172 E42.24777
G1 F1200 X116.677 Y115.173 E42.29008
G1 X116.252 Y115.191 E42.32509
G1 X115.916 Y115.235 E42.35299
G1 X115.555 Y115.314 E42.38341
G1 X115.233 Y115.416 E42.41122
G1 X114.881 Y115.562 E42.44259
G1 X114.559 Y115.733 E42.4726
G1 X114.264 Y115.919 E42.50131
G1 X113.97 Y116.144 E42.53178
G1 X113.689 Y116.404 E42.5633
G1 X113.457 Y116.658 E42.59161
G1 X113.238 Y116.942 E42.62114
G1 X113.03 Y117.267 E42.6529
G1 X112.879 Y117.557 E42.67981
G1 X112.731 Y117.919 E42.71201
G1 X112.619 Y118.259 E42.74148
G1 X112.547 Y118.61 E42.77097
G1 X112.502 Y118.95 E42.7992
G1 X112.484 Y119.396 E42.83595
G1 X112.486 Y119.875 E42.87538
G1 X113.052 Y119.181 E42.9491
G1 X113.472 Y118.741 E42.99917
G1 X113.996 Y118.269 E43.05723
G1 X114.765 Y117.703 E43.13583
G1 X115.337 Y117.355 E43.19094
G1 X115.91 Y117.061 E43.24396
G1 X116.637 Y116.766 E43.30854
G1 X117.339 Y116.549 E43.36903
G1 F1071.4 X118.072 Y116.289 E43.44074
G1 F990 X118.731 Y116.223 E43.50682
G1 F1022.7 X119.5 Y116.194 E43.58115
G1 F1035.6 X130.517 Y116.194 E44.63206
G1 F1027 X131.101 Y116.213 E44.68826
G1 F986.1 X132.054 Y116.303 E44.78416
G1 F1063.4 X132.654 Y116.552 E44.84451
G1 F1200 X133.382 Y116.77 E44.90706
G1 X134.101 Y117.067 E44.9711
G1 X134.763 Y117.414 E45.03263
G1 X135.254 Y117.722 E45.08034
G1 X135.888 Y118.181 E45.14477
G1 X136.389 Y118.611 E45.19912
G1 X136.924 Y119.157 E45.26205
G1 X137.512 Y119.873 E45.33832
G1 F1200 E44.83832
G0 F6000 X135.692 Y117.025
G1 F600 E45.33832
G1 F1200 X135.283 Y116.615 E45.38599
G1 X135.253 Y116.592
G1 X135.033 Y116.452 E45.40746
G1 X134.757 Y116.307 E45.43312
G1 X134.485 Y116.193 E45.4574
G1 X134.22 Y116.111 E45.48023
G1 X133.927 Y116.046 E45.50494
G1 X133.724 Y116.02 E45.52179
G1 X134.443 Y116.317 E45.58582
G1 X135.175 Y116.699 E45.65379
G1 X135.692 Y117.025 E45.70411
G1 F1200 E45.20411
G0 F6000 X132.9 Y119.484
G0 X117.542 Y119.307
G0 X116.288 Y116.018
G1 F600 E45.70411
G1 F1200 X116.05 Y116.05 E45.72388
G1 X116.096 Y116.096
G1 X115.565 Y116.312 E45.77106
G1 X115.287 Y116.454 E45.79676
G1 X115.174 Y116.34
G1 X114.973 Y116.446 E45.81547
G1 X114.737 Y116.594 E45.8384
G1 X114.471 Y116.804 E45.8663
G1 X114.54 Y116.873
G1 X114.321 Y117.008 E45.88748
G1 X114.116 Y117.159 E45.90843
G1 X114.276 Y116.983 E45.92801
G1 F1200 E45.42801
;MESH:NONMESH
G0 X114.276 Y116.983 Z0.44
G0 F6000 X117.078 Y119.495
G0 X131.468 Y130.954
G0 X131.574 Y131.518
;TIME_ELAPSED:35.345731
;LAYER:1
M106 S12.8
M204 S2125
;TYPE:WALL-OUTER
;MESH:new-rear-port-cover-v2.stl
G1 F600 E45.92801
G1 F1500 X131.012 Y131.592 E45.95912
G1 X130.419 Y131.618 E45.9917
G1 X119.563 Y131.614 E46.58747
G1 X119.027 Y131.592 E46.61691
G1 X118.446 Y131.519 E46.64904
G1 X117.897 Y131.401 E46.67986
G1 X117.413 Y131.257 E46.70757
G1 X116.847 Y131.027 E46.7411
G1 X116.331 Y130.766 E46.77283
G1 X115.885 Y130.491 E46.80159
G1 X115.422 Y130.153 E46.83305
G1 X114.981 Y129.765 E46.86528
G1 X114.616 Y129.382 E46.89432
G1 X114.253 Y128.936 E46.92588
G1 X113.945 Y128.476 E46.95626
G1 X113.671 Y127.989 E46.98692
G1 X113.447 Y127.497 E47.01659
G1 X113.244 Y126.928 E47.04974
G1 X113.098 Y126.363 E47.08177
G1 X113.014 Y125.863 E47.10959
G1 X112.963 Y125.306 E47.14029
G1 X112.963 Y124.69 E47.17409
G1 X113.01 Y124.169 E47.2028
G1 X113.102 Y123.621 E47.2333
G1 X113.252 Y123.034 E47.26655
G1 X113.42 Y122.554 E47.29446
G1 X113.667 Y122.014 E47.32704
G1 X113.931 Y121.542 E47.35672
G1 X114.251 Y121.064 E47.38829
G1 X114.605 Y120.627 E47.41915
G1 X115.012 Y120.205 E47.45133
G1 X115.404 Y119.857 E47.4801
G1 X115.856 Y119.526 E47.51084
G1 X116.341 Y119.225 E47.54217
G1 X116.83 Y118.974 E47.57233
G1 X117.377 Y118.751 E47.60475
G1 X117.924 Y118.589 E47.63606
G1 X118.422 Y118.478 E47.66406
G1 X118.984 Y118.404 E47.69517
G1 X119.575 Y118.382 E47.72762
G1 X130.436 Y118.378 E48.32367
G1 X130.966 Y118.404 E48.35279
G1 X131.552 Y118.473 E48.38517
G1 X132.099 Y118.595 E48.41592
G1 X132.579 Y118.739 E48.44343
G1 X133.154 Y118.969 E48.47741
G1 X133.642 Y119.217 E48.50745
G1 X134.092 Y119.488 E48.53628
G1 X134.574 Y119.843 E48.56913
G1 X135.015 Y120.231 E48.60137
G1 X135.368 Y120.6 E48.62939
G1 X135.737 Y121.054 E48.6615
G1 X136.068 Y121.542 E48.69386
G1 X136.313 Y121.978 E48.72131
G1 X136.559 Y122.519 E48.75392
G1 X136.757 Y123.071 E48.78611
G1 X136.889 Y123.595 E48.81576
G1 X136.989 Y124.16 E48.84725
G1 X137.033 Y124.692 E48.87654
G1 X137.034 Y125.303 E48.91008
G1 X136.994 Y125.799 E48.93738
G1 X136.898 Y126.373 E48.96932
G1 X136.752 Y126.932 E49.00103
G1 X136.58 Y127.429 E49.02989
G1 X136.342 Y127.964 E49.06203
G1 X136.054 Y128.477 E49.09431
G1 X135.75 Y128.927 E49.12411
G1 X135.378 Y129.387 E49.15658
G1 X134.987 Y129.792 E49.18747
G1 X134.593 Y130.138 E49.21625
G1 X134.121 Y130.486 E49.24843
G1 X133.655 Y130.771 E49.27841
G1 X133.166 Y131.022 E49.30858
G1 X133.134 Y131.035 E49.31047
G0 F1350 X132.619 Y131.245
G0 X132.072 Y131.407
G0 X131.574 Y131.518
M204 S2375
G0 F7500 X131.012 Y131.592
G0 X130.419 Y131.618
G0 X126.58 Y131.617
G1 F1200 E48.81047
G1 F1200 Z0.88
G0 F7500 X126.58 Y131.617 Z0.88
G0 X134.407 Y136.63
M204 S2500
G1 F1200 Z0.44
G1 F600 E49.31047
G1 F2400 X134.931 Y136.516 E49.3399
G1 X135.427 Y136.361 E49.36842
G1 X135.912 Y136.16 E49.39723
G1 X136.389 Y135.91 E49.42679
G1 X136.825 Y135.63 E49.45522
G1 X137.244 Y135.306 E49.48429
G1 X137.642 Y134.945 E49.51378
G1 X137.998 Y134.556 E49.54272
G1 X138.317 Y134.135 E49.5717
G1 X138.602 Y133.69 E49.6007
G1 X138.844 Y133.224 E49.62952
G1 X139.045 Y132.739 E49.65833
G1 X139.2 Y132.246 E49.68669
G1 X139.318 Y131.718 E49.71638
G1 X139.386 Y131.207 E49.74467
G1 X139.41 Y130.664 E49.7745
G1 X139.41 Y119.374 E50.39409
G1 X139.386 Y118.789 E50.42622
G1 X139.318 Y118.278 E50.45451
G1 X139.2 Y117.75 E50.4842
G1 X139.045 Y117.253 E50.51277
G1 X138.844 Y116.769 E50.54153
G1 X138.594 Y116.295 E50.57094
G1 X138.317 Y115.861 E50.5992
G1 X137.998 Y115.44 E50.62819
G1 X137.63 Y115.042 E50.65793
G1 X137.243 Y114.685 E50.68683
G1 X136.822 Y114.363 E50.71592
G1 X136.39 Y114.086 E50.74408
G1 X135.908 Y113.836 E50.77388
G1 X135.423 Y113.635 E50.80269
G1 X134.931 Y113.48 E50.831
G1 X134.407 Y113.366 E50.86043
G1 X133.895 Y113.298 E50.88877
G1 X133.348 Y113.274 E50.91882
G1 X116.648 Y113.274 E51.8353
G1 X116.101 Y113.298 E51.86535
G1 X115.589 Y113.366 E51.8937
G1 X115.065 Y113.48 E51.92312
G1 X114.573 Y113.635 E51.95143
G1 X114.088 Y113.836 E51.98024
G1 X113.606 Y114.086 E52.01004
G1 X113.174 Y114.363 E52.03821
G1 X112.753 Y114.686 E52.06733
G1 X112.354 Y115.05 E52.09697
G1 X111.999 Y115.44 E52.12591
G1 X111.679 Y115.861 E52.15493
G1 X111.394 Y116.306 E52.18393
G1 X111.152 Y116.772 E52.21275
G1 X110.951 Y117.257 E52.24156
G1 X110.796 Y117.75 E52.26992
G1 X110.678 Y118.278 E52.29961
G1 X110.61 Y118.789 E52.3279
G1 X110.587 Y119.332 E52.35773
G1 X110.586 Y130.668 E52.97984
G1 X110.61 Y131.207 E53.00945
G1 X110.678 Y131.718 E53.03774
G1 X110.795 Y132.246 E53.06742
G1 X110.951 Y132.739 E53.09579
G1 X111.152 Y133.224 E53.12461
G1 X111.394 Y133.69 E53.15342
G1 X111.679 Y134.135 E53.18242
G1 X111.999 Y134.556 E53.21144
G1 X112.354 Y134.945 E53.24034
G1 X112.752 Y135.306 E53.26983
G1 X113.171 Y135.63 E53.2989
G1 X113.607 Y135.91 E53.32734
G1 X114.085 Y136.16 E53.35694
G1 X114.569 Y136.361 E53.3857
G1 X115.065 Y136.516 E53.41422
G1 X115.589 Y136.63 E53.44365
G1 X116.101 Y136.698 E53.47199
G1 X116.648 Y136.722 E53.50204
G1 X132.776 Y136.722 E54.38713
G0 F2160 X133.348 Y136.722
G0 X133.895 Y136.699
G0 X134.407 Y136.63
M204 S2375
G0 F7500 X134.931 Y136.516
G0 X135.427 Y136.361
G0 X135.912 Y136.16
G0 X136.389 Y135.91
G0 X136.825 Y135.63
G0 X137.244 Y135.306
G0 X137.642 Y134.945
G0 X137.998 Y134.556
G0 X138.317 Y134.135
G0 X138.446 Y133.933
G1 F1200 E53.88713
G0 F7500 X139.131 Y134.714
G0 X138.342 Y135.655
G0 X137.401 Y136.444
G0 X136.339 Y137.059
G0 X134.651 Y137.597
G0 X134.293 Y135.98
M204 S3500
;TYPE:WALL-INNER
G1 F600 E54.38713
G1 F2400 X134.762 Y135.878 E54.41347
G1 X135.202 Y135.74 E54.43878
G1 X135.632 Y135.562 E54.46432
G1 X136.057 Y135.339 E54.49066
G1 X136.444 Y135.09 E54.51591
G1 X136.82 Y134.799 E54.54201
G1 X137.176 Y134.477 E54.56835
G1 X137.49 Y134.134 E54.59387
G1 X137.775 Y133.757 E54.61981
G1 X138.03 Y133.359 E54.64575
G1 X138.245 Y132.945 E54.67135
G1 X138.424 Y132.513 E54.69701
G1 X138.562 Y132.074 E54.72226
G1 X138.667 Y131.602 E54.7488
G1 X138.728 Y131.149 E54.77389
G1 X138.75 Y130.65 E54.8013
G1 X138.75 Y127.276 E54.98646
G1 F1985 X138.613 Y126.591 E55.03281
G1 F1763.9 X138.65 Y125.398 E55.12193
G1 F1841.9 X138.65 Y124.595 E55.17936
G1 F1808.2 X138.634 Y123.913 E55.22905
G1 F2030.8 X138.746 Y123.283 E55.27055
G1 F2385.5 X138.75 Y119.374 E55.48637
G1 F2400 X138.728 Y118.847 E55.51532
G1 X138.668 Y118.394 E55.54039
G1 X138.562 Y117.921 E55.567
G1 X138.424 Y117.478 E55.59246
G1 X138.246 Y117.05 E55.6179
G1 X138.023 Y116.627 E55.64414
G1 X137.775 Y116.239 E55.66941
G1 X137.491 Y115.864 E55.69523
G1 X137.163 Y115.509 E55.72175
G1 X136.818 Y115.191 E55.7475
G1 X136.443 Y114.904 E55.77342
G1 X136.059 Y114.658 E55.79844
G1 X135.629 Y114.435 E55.82503
G1 X135.197 Y114.256 E55.85069
G1 X134.761 Y114.118 E55.87579
G1 X134.293 Y114.017 E55.90206
G1 X133.837 Y113.956 E55.92731
G1 X133.334 Y113.934 E55.95494
G1 X116.662 Y113.934 E56.86989
G1 X116.159 Y113.956 E56.89752
G1 X115.703 Y114.016 E56.92276
G1 X115.235 Y114.118 E56.94904
G1 X114.799 Y114.256 E56.97414
G1 X114.367 Y114.435 E56.9998
G1 X113.936 Y114.658 E57.02643
G1 X113.553 Y114.904 E57.05142
G1 X113.177 Y115.192 E57.07741
G1 X112.82 Y115.518 E57.10394
G1 X112.507 Y115.862 E57.12946
G1 X112.221 Y116.239 E57.15543
G1 X111.966 Y116.637 E57.18137
G1 X111.75 Y117.051 E57.207
G1 X111.572 Y117.483 E57.23264
G1 X111.434 Y117.922 E57.25789
G1 X111.328 Y118.394 E57.28444
G1 X111.268 Y118.847 E57.30952
G1 X111.247 Y119.346 E57.33693
G1 X111.246 Y122.728 E57.52253
G1 F1985 X111.384 Y123.412 E57.56883
G1 F1762 X111.346 Y124.586 E57.65664
G1 F1839.7 X111.346 Y125.413 E57.71584
G1 F1763.9 X111.383 Y126.572 E57.80243
G1 F1985 X111.246 Y127.269 E57.84956
G1 F2400 X111.246 Y130.654 E58.03533
G1 X111.268 Y131.149 E58.06252
G1 X111.328 Y131.602 E58.0876
G1 X111.433 Y132.074 E58.11413
G1 X111.572 Y132.513 E58.13941
G1 X111.751 Y132.945 E58.16507
G1 X111.966 Y133.359 E58.19067
G1 X112.221 Y133.757 E58.21661
G1 X112.507 Y134.134 E58.24258
G1 X112.82 Y134.477 E58.26806
G1 X113.176 Y134.8 E58.29444
G1 X113.552 Y135.09 E58.3205
G1 X113.939 Y135.339 E58.34575
G1 X114.365 Y135.561 E58.37212
G1 X114.795 Y135.74 E58.39768
G1 X115.234 Y135.877 E58.42292
G1 X115.703 Y135.979 E58.44926
G1 X116.159 Y136.04 E58.4745
G1 X116.662 Y136.062 E58.50213
G1 X132.661 Y136.062 E59.38015
G0 F2160 X133.334 Y136.062
G0 X133.837 Y136.041
G0 X134.293 Y135.98
M204 S2375
G1 F1200 E58.88015
G1 F1200 Z0.88
G0 F7500 X134.293 Y135.98 Z0.88
G0 X132.877 Y131.853
G1 F1200 Z0.44
G1 F600 E59.38015
G1 F1500 X132.216 Y132.051 E59.41802
G1 X131.688 Y132.168 E59.44769
G1 X131.098 Y132.246 E59.48035
G1 X130.419 Y132.278 E59.51766
G1 X119.537 Y132.274 E60.11485
G1 X119.029 Y132.254 E60.14276
G1 X118.308 Y132.165 E60.18262
G1 X117.784 Y132.053 E60.21203
G1 X117.135 Y131.858 E60.24922
G1 X116.55 Y131.617 E60.28394
G1 X115.986 Y131.329 E60.31869
G1 X115.55 Y131.061 E60.34678
G1 X115.031 Y130.686 E60.38192
G1 X114.504 Y130.221 E60.42049
G1 X114.152 Y129.853 E60.44844
G1 X113.705 Y129.303 E60.48733
G1 X113.357 Y128.778 E60.5219
G1 X113.109 Y128.339 E60.54957
G1 X112.815 Y127.693 E60.58852
G1 X112.606 Y127.095 E60.62328
G1 F1240.6 X112.312 Y126.495 E60.66762
G1 F1083.2 X112.248 Y125.992 E60.70616
G1 F1130.1 X112.206 Y125.375 E60.7512
G1 F1151.2 X112.203 Y124.72 E60.79804
G1 F1132.7 X112.245 Y124.04 E60.84755
G1 F1083.2 X112.315 Y123.489 E60.88976
G1 F1240.6 X112.604 Y122.898 E60.93342
G1 F1500 X112.797 Y122.336 E60.96603
G1 X113.091 Y121.692 E61.00488
G1 X113.355 Y121.22 E61.03456
G1 X113.737 Y120.649 E61.07226
G1 X114.145 Y120.153 E61.10751
G1 X114.573 Y119.712 E61.14123
G1 X115.014 Y119.325 E61.17343
G1 X115.465 Y118.994 E61.20413
G1 X116.059 Y118.627 E61.24245
G1 X116.53 Y118.386 E61.27149
G1 X117.119 Y118.142 E61.30647
G1 X117.78 Y117.945 E61.34433
G1 X118.308 Y117.828 E61.374
G1 X118.991 Y117.742 E61.41178
G1 X119.539 Y117.722 E61.44188
G1 X130.467 Y117.719 E62.0416
G1 X131.042 Y117.748 E62.07319
G1 X131.694 Y117.829 E62.10925
G1 X132.289 Y117.963 E62.14272
G1 X132.852 Y118.136 E62.17504
G1 X133.453 Y118.381 E62.21066
G1 X134.004 Y118.664 E62.24465
G1 X134.504 Y118.97 E62.27682
G1 X134.963 Y119.309 E62.30814
G1 X135.492 Y119.775 E62.34683
G1 X135.896 Y120.202 E62.37909
G1 X136.283 Y120.682 E62.41293
G1 X136.599 Y121.146 E62.44373
G1 X136.889 Y121.656 E62.47593
G1 X137.15 Y122.221 E62.51009
G1 X137.397 Y122.909 E62.5502
G1 F1491 X137.533 Y123.433 E62.58009
G1 F1439 X137.565 Y123.496 E62.58413
G1 F1237.5 X137.749 Y123.992 E62.61932
G1 F1131.4 X137.793 Y124.72 E62.67239
G1 F1152.5 X137.792 Y125.364 E62.71839
G1 F1132.7 X137.753 Y125.956 E62.7615
G1 F1174.4 X137.687 Y126.486 E62.79894
G1 F1359.9 X137.39 Y127.1 E62.84023
G1 F1500 X137.204 Y127.646 E62.87188
G1 X136.944 Y128.234 E62.90717
G1 X136.602 Y128.845 E62.94559
G1 X136.264 Y129.341 E62.97853
G1 X135.921 Y129.769 E63.00863
G1 X135.459 Y130.254 E63.04539
G1 X135.052 Y130.615 E63.07525
G1 X134.465 Y131.049 E63.11531
G1 X134.34 Y131.126 E63.12337
G0 F1350 X133.995 Y131.337
G0 X133.468 Y131.609
G0 X132.877 Y131.853
G1 F1200 E62.62337
G0 F7500 X132.303 Y130.301
G0 X135.802 Y126.642
G0 X138.122 Y127.332
;TYPE:SKIN
G1 F600 E63.12337
G1 F1200 X138.067 Y127.196 E63.13142
G1 X137.973 Y127.323 E63.14009
G1 X137.786 Y127.874 E63.17202
G1 X137.518 Y128.478 E63.20829
G1 X137.133 Y129.173 E63.25189
G1 X136.754 Y129.731 E63.28891
G1 X136.397 Y130.175 E63.32017
G1 X135.945 Y130.655 E63.35635
G1 X135.469 Y131.083 E63.39148
G1 X134.789 Y131.582 E63.43777
G1 X134.218 Y131.931 E63.4745
G1 X133.724 Y132.181 E63.50488
G1 X133.086 Y132.445 E63.54277
G1 X132.344 Y132.663 E63.58522
G1 X131.805 Y132.782 E63.61551
G1 X131.062 Y132.876 E63.65661
G1 X130.415 Y132.902 E63.69214
G1 X119.513 Y132.898 E64.29044
G1 X118.864 Y132.868 E64.32609
G1 X118.2 Y132.78 E64.36285
G1 X117.641 Y132.661 E64.39421
G1 X116.9 Y132.439 E64.43667
G1 X116.384 Y132.231 E64.4672
G1 X115.651 Y131.858 E64.51233
G1 X115.197 Y131.579 E64.54158
G1 X114.631 Y131.166 E64.58003
G1 X114.088 Y130.692 E64.61958
G1 X113.628 Y130.208 E64.65623
G1 X113.165 Y129.627 E64.697
G1 X112.872 Y129.187 E64.72601
G1 X112.512 Y128.551 E64.76612
G1 X112.216 Y127.892 E64.80576
G1 X112.016 Y127.31 E64.83954
G1 X111.927 Y127.186 E64.84791
G1 X111.87 Y127.33 E64.85641
G1 X111.87 Y130.639 E65.03801
G1 X111.894 Y131.099 E65.06329
G1 X111.942 Y131.482 E65.08447
G1 X112.039 Y131.913 E65.10871
G1 X112.159 Y132.29 E65.13043
G1 X112.319 Y132.679 E65.15351
G1 X112.506 Y133.034 E65.17553
G1 X112.736 Y133.396 E65.19907
G1 X112.983 Y133.725 E65.22164
G1 X113.258 Y134.025 E65.24398
G1 X113.58 Y134.318 E65.26787
G1 X113.907 Y134.57 E65.29053
G1 X114.259 Y134.798 E65.31354
G1 X114.624 Y134.988 E65.33612
G1 X115.014 Y135.149 E65.35928
G1 X115.389 Y135.268 E65.38087
G1 X115.81 Y135.358 E65.4045
G1 X116.206 Y135.414 E65.42644
G1 X116.675 Y135.433 E65.4522
G1 X133.317 Y135.434 E66.3655
G1 X133.787 Y135.415 E66.39132
G1 X134.181 Y135.362 E66.41314
G1 X134.599 Y135.268 E66.43665
G1 X134.987 Y135.149 E66.45892
G1 X135.364 Y134.992 E66.48133
G1 X135.736 Y134.798 E66.50436
G1 X136.084 Y134.57 E66.52719
G1 X136.412 Y134.318 E66.54989
G1 X136.734 Y134.025 E66.57378
G1 X137.01 Y133.724 E66.59619
G1 X137.284 Y133.364 E66.62102
G1 X137.488 Y133.036 E66.64222
G1 X137.672 Y132.679 E66.66426
G1 X137.837 Y132.291 E66.6874
G1 X137.952 Y131.915 E66.70897
G1 X138.05 Y131.481 E66.73339
G1 X138.102 Y131.099 E66.75455
G1 X138.122 Y130.633 E66.78015
G1 X138.122 Y127.332 E66.9613
G1 F1200 E66.4613
G0 F7500 X135.802 Y126.642
G0 X115.059 Y128.351
G0 X112.622 Y130.003
G1 F600 E66.9613
G1 F1200 X112.53 Y129.862 E66.97054
G1 X112.53 Y130.149 E66.98629
G1 X112.646 Y130.033 E66.9953
G1 X113.06 Y130.552 E67.03173
G1 X112.554 Y131.058 E67.071
G1 X112.593 Y131.37 E67.08826
G1 X112.675 Y131.734 E67.10873
G1 X112.708 Y131.838 E67.11472
G1 X113.508 Y131.037 E67.17685
G1 X113.666 Y131.202 E67.18939
G1 X113.993 Y131.486 E67.21315
G1 X112.974 Y132.505 E67.29224
G1 X113.081 Y132.708 E67.30483
G1 X113.329 Y133.084 E67.32955
G1 X114.515 Y131.897 E67.42164
G1 X114.85 Y132.142 E67.44441
G1 X115.07 Y132.276 E67.45855
G1 X113.758 Y133.588 E67.56038
G1 X114.001 Y133.809 E67.5784
G1 X114.266 Y134.013 E67.59675
G1 X115.671 Y132.608 E67.7058
G1 X116.07 Y132.813 E67.73042
G1 X116.304 Y132.908 E67.74428
G1 X114.85 Y134.362 E67.85712
G1 X115.235 Y134.526 E67.88009
G1 X115.526 Y134.62 E67.89687
G1 X116.993 Y133.153 E68.01073
G1 X117.517 Y133.309 E68.04073
G1 X117.726 Y133.353 E68.05245
G1 X116.321 Y134.758 E68.16149
G1 X116.718 Y134.773 E68.1833
G1 X117.239 Y134.774 E68.21189
G1 X118.525 Y133.488 E68.3117
G1 X118.791 Y133.524 E68.32643
G1 X119.163 Y133.541 E68.34686
G1 X119.163 Y133.558 E68.3478
G1 X119.388 Y133.558 E68.36014
G1 X118.172 Y134.774 E68.45452
G1 X119.106 Y134.774 E68.50578
G1 X120.321 Y133.558 E68.60011
G1 X121.255 Y133.558 E68.65137
G1 X120.039 Y134.774 E68.74574
G1 X120.973 Y134.774 E68.797
G1 X122.187 Y133.559 E68.89126
G1 X123.121 Y133.559 E68.94252
G1 X121.906 Y134.774 E69.03681
G1 X122.839 Y134.774 E69.08802
G1 X124.053 Y133.56 E69.18224
G1 X124.987 Y133.56 E69.23349
G1 X123.773 Y134.774 E69.32771
G1 X124.706 Y134.774 E69.37892
G1 X125.92 Y133.56 E69.47314
G1 X126.853 Y133.56 E69.52434
G1 X125.639 Y134.774 E69.61856
G1 X126.573 Y134.774 E69.66981
G1 X127.786 Y133.56 E69.764
G1 X128.719 Y133.561 E69.8152
G1 X127.506 Y134.774 E69.90934
G1 X128.44 Y134.774 E69.9606
G1 X129.652 Y133.561 E70.0547
G1 X130.591 Y133.556 E70.10623
G1 X129.373 Y134.774 E70.20076
G1 X130.306 Y134.774 E70.25197
G1 X131.61 Y133.47 E70.35317
G1 X131.923 Y133.432 E70.37047
G1 X132.498 Y133.305 E70.40279
G1 X132.798 Y133.215 E70.41998
G1 X131.24 Y134.774 E70.54093
G1 X132.173 Y134.774 E70.59214
G1 X134.335 Y132.612 E70.75993
G1 X134.529 Y132.513 E70.77188
G1 X135.146 Y132.137 E70.81154
G1 X135.897 Y131.585 E70.86269
G1 X136.375 Y131.157 E70.8979
G1 X136.921 Y130.579 E70.94153
G1 X137.276 Y130.133 E70.97282
G1 X137.462 Y129.862 E70.99085
G1 X137.462 Y130.419 E71.02142
G1 X133.106 Y134.774 E71.35946
G1 X133.734 Y134.756 E71.39394
G1 X134.113 Y134.701 E71.41495
G1 X137.386 Y131.428 E71.66897
G1 X137.313 Y131.751 E71.68715
G1 X137.219 Y132.056 E71.70466
G1 X137.071 Y132.406 E71.72552
G1 X136.917 Y132.704 E71.74392
G1 X136.737 Y132.993 E71.76261
G1 X136.682 Y133.065 E71.76758
G1 X135.762 Y133.985 E71.83898
G1 F1200 E71.33898
G1 F1200 Z0.88
G0 F7500 X135.762 Y133.985 Z0.88
G0 X138.115 Y123.168
G1 F1200 Z0.44
G1 F600 E71.83898
G1 F1200 X138.122 Y122.737 E71.86264
G1 X138.122 Y119.358 E72.04808
G1 X138.102 Y118.893 E72.07362
G1 X138.05 Y118.51 E72.09483
G1 X137.957 Y118.086 E72.11865
G1 X137.829 Y117.686 E72.1417
G1 X137.672 Y117.309 E72.16411
G1 X137.482 Y116.947 E72.18655
G1 X137.28 Y116.633 E72.20704
G1 X137.009 Y116.271 E72.23185
G1 X136.713 Y115.946 E72.25598
G1 X136.407 Y115.666 E72.27874
G1 X136.086 Y115.419 E72.30097
G1 X135.737 Y115.198 E72.32364
G1 X135.364 Y115 E72.34681
G1 X134.975 Y114.843 E72.36984
G1 X134.601 Y114.724 E72.39137
G1 X134.179 Y114.63 E72.4151
G1 X133.787 Y114.582 E72.43677
G1 X133.316 Y114.559 E72.46265
G1 X116.676 Y114.558 E73.37584
G1 X116.206 Y114.581 E73.40167
G1 X115.813 Y114.634 E73.42343
G1 X115.389 Y114.724 E73.44722
G1 X115.017 Y114.843 E73.46865
G1 X114.632 Y115 E73.49147
G1 X114.258 Y115.199 E73.51472
G1 X113.906 Y115.419 E73.5375
G1 X113.585 Y115.669 E73.55983
G1 X113.258 Y115.967 E73.58411
G1 X112.983 Y116.267 E73.60644
G1 X112.74 Y116.592 E73.62871
G1 X112.506 Y116.958 E73.65255
G1 X112.316 Y117.32 E73.67499
G1 X112.159 Y117.701 E73.6976
G1 X112.039 Y118.079 E73.71937
G1 X111.942 Y118.51 E73.74361
G1 X111.894 Y118.892 E73.76474
G1 X111.874 Y119.404 E73.79286
G1 X111.87 Y122.671 E73.97215
G1 X111.925 Y122.805 E73.9801
G1 X112.016 Y122.681 E73.98854
G1 X112.215 Y122.095 E74.0225
G1 X112.527 Y121.41 E74.06381
G1 X112.865 Y120.819 E74.10118
G1 X113.252 Y120.246 E74.13912
G1 X113.652 Y119.758 E74.17375
G1 X114.098 Y119.294 E74.20907
G1 X114.65 Y118.812 E74.24929
G1 X115.205 Y118.411 E74.28686
G1 X115.684 Y118.114 E74.31779
G1 X116.265 Y117.814 E74.35368
G1 X116.91 Y117.547 E74.39199
G1 X117.649 Y117.329 E74.43427
G1 X118.191 Y117.21 E74.46472
G1 X118.943 Y117.116 E74.50631
G1 X119.531 Y117.094 E74.53861
G1 X130.494 Y117.09 E75.14025
G1 X131.118 Y117.124 E75.17454
G1 X131.806 Y117.212 E75.21261
G1 X132.425 Y117.349 E75.2474
G1 X133.085 Y117.55 E75.28526
G1 X133.619 Y117.768 E75.31691
G1 X134.219 Y118.063 E75.35361
G1 X134.848 Y118.446 E75.39402
G1 X135.365 Y118.826 E75.42923
G1 X135.845 Y119.242 E75.46409
G1 X136.299 Y119.711 E75.49991
G1 X136.781 Y120.303 E75.54181
G1 X137.124 Y120.805 E75.57518
G1 X137.439 Y121.363 E75.61034
G1 X137.731 Y121.988 E75.6482
G1 X138.004 Y122.752 E75.69272
G1 X138.115 Y123.168 E75.71635
G1 F1200 E75.21635
G1 F1200 Z0.88
G0 F7500 X138.115 Y123.168 Z0.88
G0 X114.903 Y115.603
G1 F1200 Z0.44
G1 F600 E75.71635
G1 F1200 X114.594 Y115.767 E75.73555
G1 X114.283 Y115.962 E75.75569
G1 X114.011 Y116.173 E75.77459
G1 X113.73 Y116.43 E75.79548
G1 X113.489 Y116.693 E75.81506
G1 X113.284 Y116.967 E75.83384
G1 X113.078 Y117.29 E75.85486
G1 X112.892 Y117.653 E75.87725
G1 X114.97 Y115.575 E76.03852
G1 F1200 E75.53852
G0 F7500 X112.892 Y117.653
G1 F600 E76.03852
G1 F1200 X112.78 Y117.928 E76.05482
G1 X112.679 Y118.244 E76.07303
G1 X112.591 Y118.63 E76.09475
G1 X112.554 Y118.924 E76.11101
G1 X116.236 Y115.243 E76.39674
G1 X116.7 Y115.218 E76.42224
G1 X117.194 Y115.218 E76.44935
G1 X112.534 Y119.878 E76.81102
G1 X112.533 Y120.132 E76.82496
G1 X112.733 Y119.839 E76.84443
G1 X113.15 Y119.33 E76.88054
G1 X113.641 Y118.818 E76.91947
G1 X114.012 Y118.495 E76.94646
G1 X113.995 Y118.471 E76.94808
G1 X114.847 Y117.856 E77.00574
G1 X115.369 Y117.534 E77.0394
G1 X115.982 Y117.217 E77.07727
G1 X116.231 Y117.114 E77.09206
G1 X118.127 Y115.218 E77.23921
G1 X119.061 Y115.218 E77.29047
G1 X117.619 Y116.66 E77.40238
G1 X118.078 Y116.559 E77.42818
G1 X118.735 Y116.477 E77.46451
G1 X119.994 Y115.218 E77.56222
G1 X120.927 Y115.218 E77.61343
G1 X119.712 Y116.434 E77.70776
G1 X120.645 Y116.434 E77.75896
G1 X121.861 Y115.218 E77.85334
G1 X122.794 Y115.218 E77.90454
G1 X121.579 Y116.434 E77.99888
G1 X122.513 Y116.433 E78.05013
G1 X123.727 Y115.218 E78.14439
G1 X124.661 Y115.218 E78.19565
G1 X123.446 Y116.433 E78.28995
G1 X124.38 Y116.432 E78.34121
G1 X125.594 Y115.218 E78.43542
G1 X126.528 Y115.218 E78.48668
G1 X125.313 Y116.432 E78.58094
G1 X126.248 Y116.431 E78.63225
G1 X127.461 Y115.218 E78.72639
G1 X128.394 Y115.218 E78.7776
G1 X127.181 Y116.431 E78.87174
G1 X128.114 Y116.431 E78.92294
G1 X129.328 Y115.218 E79.01712
G1 X130.261 Y115.218 E79.06832
G1 X129.048 Y116.431 E79.16247
G1 X129.982 Y116.431 E79.21372
G1 X131.194 Y115.218 E79.30783
G1 X132.128 Y115.218 E79.35908
G1 X130.896 Y116.45 E79.4547
G1 X131.142 Y116.463 E79.46822
G1 X131.741 Y116.538 E79.50135
G1 X133.061 Y115.218 E79.6038
G1 X133.292 Y115.219 E79.61647
G1 X133.729 Y115.24 E79.64048
G1 X133.946 Y115.267 E79.65248
G1 X132.52 Y116.693 E79.76316
G1 X133.238 Y116.908 E79.80429
G1 X134.699 Y115.447 E79.91768
G1 X135.082 Y115.597 E79.94025
G1 X135.343 Y115.736 E79.95648
G1 X133.904 Y117.175 E80.06816
G1 X134.531 Y117.482 E80.10647
G1 X135.902 Y116.11 E80.21292
G1 X136.245 Y116.412 E80.238
G1 X136.383 Y116.564 E80.24926
G1 X135.112 Y117.834 E80.34787
G1 X135.203 Y117.889 E80.3537
G1 X135.657 Y118.223 E80.38464
G1 X136.79 Y117.09 E80.47257
G1 X136.911 Y117.278 E80.48484
G1 X137.074 Y117.59 E80.50416
G1 X137.117 Y117.696 E80.51043
G1 X136.163 Y118.65 E80.58448
G1 X136.334 Y118.798 E80.59689
G1 X136.636 Y119.11 E80.62072
G1 X137.35 Y118.397 E80.67609
G1 X137.393 Y118.592 E80.68705
G1 X137.445 Y118.951 E80.70696
G1 X137.455 Y119.225 E80.722
G1 X137.068 Y119.611 E80.752
G0 F7500 X137.3 Y119.897
G1 F1200 X137.462 Y120.13 E80.76757
G1 X137.455 Y119.225 E80.81724
G1 F1200 E80.31724
;MESH:NONMESH
G0 X137.455 Y119.225 Z0.64
G0 F7500 X134.761 Y121.429
G0 X131.405 Y130.537
G0 X131.473 Y131.328
;TIME_ELAPSED:64.326285
;LAYER:2
M106 S25.5
M204 S2250
;TYPE:WALL-OUTER
;MESH:new-rear-port-cover-v2.stl
G1 F600 E80.81724
G1 F1800 X130.971 Y131.394 E80.84503
G1 X130.419 Y131.418 E80.87535
G1 X119.561 Y131.414 E81.47123
G1 X118.994 Y131.388 E81.50238
G1 X118.526 Y131.328 E81.52827
G1 X117.968 Y131.212 E81.55955
G1 X117.488 Y131.069 E81.58704
G1 X116.938 Y130.851 E81.6195
G1 X116.434 Y130.593 E81.65058
G1 X115.955 Y130.297 E81.68148
G1 X115.579 Y130.018 E81.70717
G1 X115.144 Y129.639 E81.73883
G1 X114.761 Y129.241 E81.76915
G1 X114.422 Y128.822 E81.79872
G1 X114.118 Y128.374 E81.82844
G1 X113.848 Y127.894 E81.85866
G1 X113.624 Y127.407 E81.88808
G1 X113.436 Y126.87 E81.9193
G1 X113.298 Y126.329 E81.94994
G1 X113.214 Y125.849 E81.97668
G1 X113.163 Y125.303 E82.00678
G1 X113.163 Y124.695 E82.04015
G1 X113.206 Y124.204 E82.06719
G1 X113.303 Y123.643 E82.09844
G1 X113.435 Y123.119 E82.12809
G1 X113.61 Y122.629 E82.15665
G1 X113.834 Y122.129 E82.18672
G1 X114.104 Y121.646 E82.21708
G1 X114.405 Y121.194 E82.24688
G1 X114.729 Y120.786 E82.27548
G1 X115.153 Y120.349 E82.30889
G1 X115.526 Y120.019 E82.33622
G1 X115.958 Y119.696 E82.36583
G1 X116.452 Y119.394 E82.3976
G1 X116.913 Y119.159 E82.426
G1 X117.427 Y118.948 E82.45649
G1 X117.939 Y118.792 E82.48586
G1 X118.511 Y118.67 E82.51796
G1 X118.998 Y118.608 E82.5449
G1 X119.576 Y118.582 E82.57665
G1 X130.435 Y118.582 E83.17259
G1 X131 Y118.608 E83.20363
G1 X131.499 Y118.669 E83.23122
G1 X132.031 Y118.785 E83.2611
G1 X132.521 Y118.932 E83.28917
G1 X133.058 Y119.145 E83.32088
G1 X133.533 Y119.387 E83.35013
G1 X133.994 Y119.668 E83.37976
G1 X134.417 Y119.974 E83.40841
G1 X134.856 Y120.357 E83.44038
G1 X135.215 Y120.733 E83.46891
G1 X135.555 Y121.145 E83.49823
G1 X135.898 Y121.648 E83.53164
G1 X136.161 Y122.127 E83.56163
G1 X136.357 Y122.559 E83.58766
G1 X136.561 Y123.126 E83.62073
G1 X136.693 Y123.642 E83.64996
G1 X136.782 Y124.147 E83.6781
G1 X136.833 Y124.693 E83.7082
G1 X136.834 Y125.301 E83.74156
G1 X136.794 Y125.765 E83.76712
G1 X136.702 Y126.326 E83.79832
G1 X136.552 Y126.903 E83.83104
G1 X136.386 Y127.367 E83.85808
G1 X136.149 Y127.897 E83.88994
G1 X135.882 Y128.374 E83.91994
G1 X135.591 Y128.802 E83.94835
G1 X135.239 Y129.241 E83.97923
G1 X134.875 Y129.621 E84.0081
G1 X134.47 Y129.977 E84.0377
G1 X134.041 Y130.297 E84.06707
G1 X133.537 Y130.611 E84.09966
G1 X133.086 Y130.838 E84.12737
G1 X133.036 Y130.858 E84.13032
G0 F1620 X132.569 Y131.048
G0 X132.057 Y131.204
G0 X131.473 Y131.328
M204 S2750
G0 F9000 X130.971 Y131.394
G0 X130.419 Y131.418
G0 X126.478 Y131.417
G1 F1200 E83.63032
G1 F1200 Z1.08
G0 F9000 X126.478 Y131.417 Z1.08
G0 X134.745 Y135.522
M204 S2250
G1 F1200 Z0.64
G1 F600 E84.13032
G1 F1800 X135.192 Y135.375 E84.15614
G1 X135.608 Y135.188 E84.18117
G1 X136.009 Y134.967 E84.2063
G1 X136.404 Y134.692 E84.23271
G1 X136.766 Y134.395 E84.25841
G1 X137.084 Y134.077 E84.28309
G1 X137.384 Y133.717 E84.30881
G1 X137.647 Y133.329 E84.33453
G1 X137.879 Y132.917 E84.36048
G1 X138.059 Y132.5 E84.38541
G1 X138.21 Y132.061 E84.41088
G1 X138.319 Y131.591 E84.43736
G1 X138.382 Y131.141 E84.4623
G1 X138.402 Y130.681 E84.48757
G1 X138.404 Y119.284 E85.11303
G1 X138.383 Y118.852 E85.13676
G1 X138.319 Y118.405 E85.16154
G1 X138.21 Y117.935 E85.18802
G1 X138.06 Y117.492 E85.21369
G1 X137.879 Y117.079 E85.23843
G1 X137.647 Y116.664 E85.26453
G1 X137.38 Y116.28 E85.29019
G1 X137.083 Y115.919 E85.31585
G1 X136.765 Y115.6 E85.34057
G1 X136.404 Y115.3 E85.36633
G1 X136.01 Y115.03 E85.39254
G1 X135.608 Y114.808 E85.41774
G1 X135.192 Y114.621 E85.44277
G1 X134.745 Y114.474 E85.46859
G1 X134.279 Y114.361 E85.49491
G1 X133.833 Y114.301 E85.51961
G1 X133.367 Y114.279 E85.54521
G1 X116.648 Y114.278 E86.46273
G1 X116.162 Y114.302 E86.48944
G1 X115.717 Y114.361 E86.51407
G1 X115.251 Y114.474 E86.54039
G1 X114.804 Y114.621 E86.56621
G1 X114.388 Y114.808 E86.59124
G1 X113.986 Y115.03 E86.61644
G1 X113.592 Y115.3 E86.64266
G1 X113.231 Y115.6 E86.66841
G1 X112.913 Y115.919 E86.69313
G1 X112.616 Y116.28 E86.71879
G1 X112.349 Y116.664 E86.74446
G1 X112.116 Y117.079 E86.77057
G1 X111.936 Y117.492 E86.7953
G1 X111.786 Y117.935 E86.82097
G1 X111.677 Y118.405 E86.84744
G1 X111.614 Y118.851 E86.87216
G1 X111.595 Y119.311 E86.89743
G1 X111.59 Y130.668 E87.52069
G1 X111.613 Y131.14 E87.54663
G1 X111.677 Y131.591 E87.57162
G1 X111.786 Y132.061 E87.5981
G1 X111.936 Y132.501 E87.62361
G1 X112.117 Y132.916 E87.64846
G1 X112.349 Y133.329 E87.67446
G1 X112.612 Y133.717 E87.70018
G1 X112.913 Y134.077 E87.72593
G1 X113.231 Y134.396 E87.75065
G1 X113.591 Y134.695 E87.77633
G1 X113.986 Y134.962 E87.8025
G1 X114.389 Y135.188 E87.82786
G1 X114.804 Y135.375 E87.85284
G1 X115.251 Y135.522 E87.87866
G1 X115.717 Y135.635 E87.90497
G1 X116.163 Y135.694 E87.92966
G1 X116.629 Y135.718 E87.95527
G1 X133.128 Y135.718 E88.86072
G0 F1620 X133.348 Y135.718
G0 X133.834 Y135.695
G0 X134.279 Y135.635
G0 X134.745 Y135.522
M204 S2750
G0 F9000 X135.192 Y135.375
G0 X135.608 Y135.188
G0 X136.009 Y134.967
G0 X136.404 Y134.692
G0 X136.766 Y134.395
G0 X137.084 Y134.077
G0 X137.384 Y133.717
G0 X137.647 Y133.329
G0 X137.879 Y132.917
G0 X138.059 Y132.5
G0 X138.173 Y132.168
G1 F1200 E88.36072
G0 F9000 X138.993 Y132.857
G0 X138.495 Y133.855
G0 X137.826 Y134.742
G0 X137.001 Y135.493
G0 X135.544 Y136.306
G0 X134.564 Y134.887
;TYPE:WALL-INNER
G1 F600 E88.86072
G1 F1800 X134.953 Y134.759 E88.8832
G1 X135.312 Y134.597 E88.90481
G1 X135.66 Y134.405 E88.92662
G1 X136.005 Y134.166 E88.94966
G1 X136.322 Y133.905 E88.97219
G1 X136.596 Y133.631 E88.99346
G1 X136.856 Y133.319 E89.01575
G1 X137.085 Y132.981 E89.03815
G1 X137.287 Y132.623 E89.06071
G1 X137.443 Y132.262 E89.08229
G1 X137.574 Y131.879 E89.10451
G1 X137.669 Y131.47 E89.12755
G1 X137.724 Y131.081 E89.14911
G1 X137.742 Y130.667 E89.17185
G1 F1805.5 X137.745 Y127.11 E89.36646
G1 F2010.2 X137.81 Y126.473 E89.39793
G1 F2424.5 X137.846 Y125.272 E89.44689
G1 F2605.3 X137.846 Y124.621 E89.47157
G1 F2516.9 X137.831 Y124.006 E89.49571
G1 F2110.1 X137.755 Y123.427 E89.52305
G1 F1827.7 X137.744 Y122.894 E89.55186
G1 F1800 X137.745 Y119.373 E89.74509
G1 X137.725 Y118.914 E89.77031
G1 X137.669 Y118.527 E89.79177
G1 X137.574 Y118.116 E89.81492
G1 X137.444 Y117.73 E89.83727
G1 X137.287 Y117.373 E89.85867
G1 X137.087 Y117.014 E89.88123
G1 X136.854 Y116.679 E89.90362
G1 X136.594 Y116.363 E89.92608
G1 X136.319 Y116.088 E89.94742
G1 X136.005 Y115.827 E89.96983
G1 X135.663 Y115.592 E89.9926
G1 X135.313 Y115.399 E90.01453
G1 X134.953 Y115.237 E90.0362
G1 X134.564 Y115.109 E90.05867
G1 X134.157 Y115.011 E90.08165
G1 X133.773 Y114.959 E90.10291
G1 X133.351 Y114.939 E90.1261
G1 X116.664 Y114.938 E91.04187
G1 X116.222 Y114.96 E91.06615
G1 X115.839 Y115.011 E91.08736
G1 X115.432 Y115.11 E91.11035
G1 X115.043 Y115.237 E91.1328
G1 X114.683 Y115.398 E91.15444
G1 X114.333 Y115.592 E91.17641
G1 X113.99 Y115.827 E91.19922
G1 X113.677 Y116.088 E91.22159
G1 X113.402 Y116.363 E91.24293
G1 X113.142 Y116.679 E91.26539
G1 X112.909 Y117.014 E91.28778
G1 X112.708 Y117.373 E91.31036
G1 X112.552 Y117.73 E91.33174
G1 X112.422 Y118.116 E91.3541
G1 X112.327 Y118.527 E91.37725
G1 X112.272 Y118.911 E91.39854
G1 X112.255 Y119.35 E91.42265
G1 F1805.5 X112.251 Y122.891 E91.61638
G1 F2006.8 X112.187 Y123.523 E91.64765
G1 F2361.8 X112.161 Y124.162 E91.6744
G1 F2549.4 X112.149 Y125.272 E91.71741
G1 F2414.6 X112.187 Y126.477 E91.76673
G1 F2006.8 X112.247 Y127.102 E91.79764
G1 F1811 X112.25 Y130.652 E91.99128
G1 F1800 X112.271 Y131.078 E92.01469
G1 X112.327 Y131.47 E92.03642
G1 X112.421 Y131.879 E92.05945
G1 X112.552 Y132.263 E92.08172
G1 X112.709 Y132.622 E92.10322
G1 X112.911 Y132.981 E92.12583
G1 X113.14 Y133.319 E92.14823
G1 X113.401 Y133.631 E92.17056
G1 X113.677 Y133.908 E92.19202
G1 X113.988 Y134.167 E92.21423
G1 X114.333 Y134.4 E92.23707
G1 X114.687 Y134.598 E92.25933
G1 X115.043 Y134.759 E92.28077
G1 X115.432 Y134.887 E92.30325
G1 X115.839 Y134.985 E92.32622
G1 X116.223 Y135.036 E92.34748
G1 X116.645 Y135.058 E92.37067
G1 X132.944 Y135.058 E93.26515
G0 F1620 X133.332 Y135.058
G0 X133.774 Y135.037
G0 X134.157 Y134.985
G0 X134.564 Y134.887
G1 F1200 E92.76515
G1 F1200 Z1.08
G0 F9000 X134.564 Y134.887 Z1.08
G0 X133.407 Y131.417
G1 F1200 Z0.64
G1 F600 E93.26515
G1 F1800 X132.848 Y131.649 E93.29836
G1 X132.164 Y131.857 E93.3376
G1 X131.599 Y131.976 E93.36929
G1 X131.001 Y132.053 E93.40237
G1 X130.419 Y132.078 E93.43434
G1 X119.532 Y132.074 E94.03181
G1 X118.91 Y132.043 E94.06599
G1 X118.442 Y131.983 E94.09188
G1 X117.832 Y131.858 E94.12606
G1 X117.298 Y131.701 E94.1566
G1 X116.639 Y131.439 E94.19552
G1 X116.087 Y131.155 E94.22959
G1 X115.57 Y130.833 E94.26301
G1 X115.124 Y130.498 E94.29363
G1 X114.704 Y130.131 E94.32423
G1 X114.284 Y129.697 E94.35738
G1 X113.876 Y129.193 E94.39297
G1 X113.528 Y128.673 E94.4273
G1 X113.272 Y128.217 E94.456
G1 X113.002 Y127.627 E94.49161
G1 F1805.5 X112.807 Y127.075 E94.52364
G1 F1973.4 X112.72 Y126.503 E94.5526
G1 F2293.4 X112.649 Y125.948 E94.5767
G1 F2511.6 X112.606 Y125.354 E94.60013
G1 F2593.9 X112.607 Y124.647 E94.62705
G1 F2527.7 X112.643 Y124.107 E94.6482
G1 F2306.8 X112.719 Y123.496 E94.67457
G1 F1973.4 X112.804 Y122.919 E94.70376
G1 F1805.5 X113.008 Y122.359 E94.73637
G1 F1800 X113.272 Y121.779 E94.77134
G1 X113.528 Y121.323 E94.80004
G1 X113.84 Y120.85 E94.83114
G1 X114.277 Y120.302 E94.8696
G1 X114.715 Y119.855 E94.90395
G1 X115.083 Y119.529 E94.93093
G1 X115.571 Y119.161 E94.96447
G1 X116.087 Y118.842 E94.99776
G1 X116.587 Y118.583 E95.02866
G1 X117.235 Y118.316 E95.06713
G1 X117.832 Y118.139 E95.1013
G1 X118.397 Y118.02 E95.13299
G1 X118.915 Y117.953 E95.16165
G1 X119.531 Y117.922 E95.1955
G1 X130.464 Y117.922 E95.79549
G1 X131.005 Y117.946 E95.82521
G1 X131.64 Y118.024 E95.86032
G1 X132.171 Y118.14 E95.89015
G1 X132.739 Y118.308 E95.92266
G1 X133.304 Y118.531 E95.95599
G1 X133.839 Y118.802 E95.9889
G1 X134.381 Y119.134 E96.02378
G1 X134.81 Y119.444 E96.05283
G1 X135.296 Y119.865 E96.08812
G1 X135.678 Y120.26 E96.11827
G1 X136.119 Y120.798 E96.15645
G1 X136.476 Y121.328 E96.19152
G1 X136.762 Y121.854 E96.22438
G1 X136.989 Y122.36 E96.25481
G1 X137.201 Y122.962 E96.28984
G1 F1827.7 X137.322 Y123.481 E96.31864
G1 F2110.1 X137.347 Y124.048 E96.34521
G1 F2516.9 X137.389 Y124.642 E96.36858
G1 F2605.3 X137.39 Y125.349 E96.39539
G1 F2533 X137.354 Y125.883 E96.41626
G1 F2311.3 X137.28 Y126.503 E96.44295
G1 F1973.4 X137.191 Y127.076 E96.47197
G1 F1802.7 X136.989 Y127.635 E96.50454
G1 F1800 X136.766 Y128.139 E96.53479
G1 X136.429 Y128.744 E96.57279
G1 X136.107 Y129.214 E96.60406
G1 X135.715 Y129.697 E96.6382
G1 X135.296 Y130.132 E96.67134
G1 X134.864 Y130.507 E96.70274
G1 X134.796 Y130.558 E96.7074
G0 F1620 X134.426 Y130.833
G0 X133.914 Y131.156
G0 X133.407 Y131.417
G1 F1200 E96.2074
G0 F9000 X131.565 Y133.822
;TYPE:SKIN
G1 F600 E96.7074
G1 F1424.5 X131.499 Y133.232 E96.73485
G1 F1434.8 X131.1 Y133.278 E96.75328
G1 F1461.3 X130.44 Y133.299 E96.78304
G1 F1477.6 X119.473 Y133.296 E97.27183
G1 F1447.9 X118.741 Y133.265 E97.30515
G1 F1421.9 X118.463 Y133.225 E97.31816
G1 X118.401 Y133.821 E97.34591
G1 F1450.5 X119.488 Y133.832 E97.39526
G1 F1480.4 X130.463 Y133.833 E97.88349
G1 F1450.5 X131.565 Y133.822 E97.93352
G1 F1200 E97.43352
G0 F9000 X131.121 Y130.373
G0 X135.036 Y127.85
G0 X137.114 Y128.795
G1 F600 E97.93352
G1 F1200 X136.961 Y129.073 E97.95094
G1 X136.612 Y129.58 E97.98472
G1 X136.167 Y130.133 E98.02367
G1 X135.811 Y130.505 E98.05193
G1 X135.317 Y130.946 E98.08827
G1 X134.791 Y131.342 E98.1244
G1 X134.253 Y131.683 E98.15936
G1 X133.662 Y131.99 E98.19591
G1 X133.086 Y132.226 E98.23007
G1 X132.415 Y132.439 E98.2687
G1 X131.705 Y132.594 E98.30858
G1 X131.049 Y132.676 E98.34487
G1 X130.416 Y132.702 E98.37963
G1 X119.503 Y132.698 E98.97853
G1 X118.826 Y132.664 E99.01573
G1 X118.224 Y132.579 E99.0491
G1 X117.708 Y132.472 E99.07802
G1 X117.03 Y132.271 E99.11682
G1 X116.434 Y132.036 E99.15198
G1 X115.757 Y131.689 E99.19373
G1 X115.207 Y131.345 E99.22933
G1 X114.795 Y131.038 E99.25753
G1 X114.264 Y130.576 E99.29616
G1 X113.814 Y130.115 E99.33151
G1 X113.341 Y129.524 E99.37305
G1 X112.978 Y128.979 E99.40899
G1 X112.877 Y128.795 E99.42051
G1 X112.874 Y130.638 E99.52165
G1 X112.897 Y131.02 E99.54265
G1 X112.942 Y131.348 E99.56082
G1 X113.022 Y131.698 E99.58053
G1 X113.132 Y132.028 E99.59962
G1 X113.272 Y132.339 E99.61833
G1 X113.442 Y132.643 E99.63745
G1 X113.645 Y132.945 E99.65742
G1 X113.86 Y133.2 E99.67572
G1 X114.108 Y133.448 E99.69497
G1 X114.36 Y133.66 E99.71304
G1 X114.667 Y133.867 E99.73336
G1 X114.966 Y134.037 E99.75224
G1 X115.271 Y134.175 E99.77061
G1 X115.593 Y134.278 E99.78916
G1 X115.961 Y134.366 E99.80993
G1 X116.275 Y134.406 E99.8273
G1 X116.666 Y134.43 E99.8488
G1 X133.312 Y134.43 E100.76232
G1 X133.721 Y134.411 E100.78479
G1 X134.03 Y134.367 E100.80191
G1 X134.36 Y134.288 E100.82054
G1 X134.725 Y134.175 E100.84151
G1 X135.033 Y134.033 E100.86012
G1 X135.32 Y133.871 E100.8782
G1 X135.621 Y133.664 E100.89825
G1 X135.906 Y133.43 E100.91849
G1 X136.135 Y133.201 E100.93626
G1 X136.348 Y132.945 E100.95454
G1 X136.555 Y132.641 E100.97472
G1 X136.72 Y132.348 E100.99318
G1 X136.859 Y132.029 E101.01227
G1 X136.969 Y131.698 E101.03141
G1 X137.051 Y131.346 E101.05125
G1 X137.098 Y131.025 E101.06905
G1 X137.114 Y130.622 E101.09119
G1 X137.114 Y128.795 E101.19145
G1 F1200 E100.69145
G0 F9000 X136.447 Y130.794
G1 F600 E101.19145
G1 F1200 X136.421 Y130.82 E101.19347
G1 X136.445 Y130.845
G1 X136.44 Y130.968 E101.20022
G1 X136.402 Y131.222 E101.21432
G1 X136.331 Y131.527 E101.2315
G1 X136.298 Y131.631 E101.23749
G1 X135.942 Y131.275 E101.26512
G1 X135.742 Y131.453 E101.27982
G1 X135.425 Y131.692 E101.3016
G1 X136.006 Y132.273 E101.34669
G1 X135.819 Y132.548 E101.36494
G1 X135.602 Y132.802 E101.38328
G1 X134.871 Y132.071 E101.44001
G1 X134.544 Y132.277 E101.46122
G1 X134.28 Y132.414 E101.47754
G1 X135.093 Y133.226 E101.5406
G1 X134.965 Y133.314 E101.54913
G1 X134.739 Y133.442 E101.56338
G1 X134.49 Y133.557 E101.57843
G1 X133.642 Y132.709 E101.64425
G1 X133.324 Y132.841 E101.66314
G1 X132.957 Y132.957 E101.68427
G1 X133.741 Y133.741 E101.74511
G1 X133.661 Y133.753 E101.74955
G1 X133.289 Y133.77 E101.76999
G1 X132.836 Y133.77 E101.79485
G1 X132.223 Y133.157 E101.84242
G1 X132.108 Y133.181
G1 X132.172 Y133.77 E101.87494
G1 X132.836 Y133.77 E101.91138
G1 F1200 E101.41138
G0 F9000 X131.322 Y130.347
G0 X118.682 Y130.348
G0 X117.857 Y133.179
G1 F600 E101.91138
G1 F1200 X117.562 Y133.116 E101.92793
G1 X117.116 Y132.983 E101.95347
G1 X117.806 Y133.674 E102.00706
G0 F9000 X117.116 Y132.983
G1 F1200 X116.8 Y132.889 E102.02516
G1 X116.177 Y132.644 E102.0619
G1 X115.495 Y132.295 E102.10394
G1 X116.969 Y133.77 E102.21838
G1 X116.68 Y133.77 E102.23424
G1 X116.336 Y133.749 E102.25315
G1 X116.085 Y133.717 E102.26704
G1 X115.951 Y133.685 E102.2746
G1 X113.619 Y131.354 E102.45555
G1 X113.658 Y131.518
G1 X113.747 Y131.787 E102.4711
G1 X113.861 Y132.039 E102.48628
G1 X114.008 Y132.301 E102.50276
G1 X114.173 Y132.548 E102.51906
G1 X114.35 Y132.757 E102.53409
G1 X114.55 Y132.957 E102.54962
G1 X114.757 Y133.132 E102.56449
G1 X115.013 Y133.304 E102.58142
G1 X115.276 Y133.454 E102.59803
G1 X115.499 Y133.556 E102.61149
G1 X115.776 Y133.643 E102.62742
G1 X115.951 Y133.685 E102.6373
G1 F1200 E102.1373
G0 F9000 X118.682 Y130.348
G0 X115.833 Y121.077
G0 X113.685 Y119.003
G1 F600 E102.6373
G1 F2231 X113.431 Y118.798 E102.64694
G1 X113.401 Y119.002 E102.65302
G1 X113.389 Y119.576 E102.66997
G1 X113.837 Y119.126 E102.68871
G1 X113.685 Y119.003 E102.69449
G1 F1200 E102.19449
G0 F9000 X115.833 Y121.077
G0 X131.167 Y119.631
G0 X131.522 Y116.764
G1 F600 E102.69449
G1 F1427 X131.587 Y116.173 E102.72192
G1 F1455.9 X130.5 Y116.163 E102.77109
G1 F1480.4 X119.461 Y116.161 E103.26217
G1 F1447.9 X118.419 Y116.171 E103.30956
G1 F1419.4 X118.483 Y116.762 E103.33715
G1 F1424.5 X118.83 Y116.72 E103.35331
G1 F1455.9 X119.488 Y116.696 E103.38309
G1 F1477.6 X130.514 Y116.697 E103.8745
G1 F1453.2 X131.24 Y116.725 E103.90743
G1 F1427 X131.522 Y116.764 E103.92056
G1 F1200 E103.42056
G0 F9000 X131.167 Y119.631
G0 X135.039 Y122.153
G0 X137.115 Y121.182
G1 F600 E103.92056
G1 F1200 X137.117 Y119.362 E104.02045
G1 X137.099 Y118.964 E104.04231
G1 X137.051 Y118.635 E104.06056
G1 X136.98 Y118.332 E104.07763
G1 X136.855 Y117.948 E104.0998
G1 X136.72 Y117.643 E104.1181
G1 X136.559 Y117.352 E104.13635
G1 X136.349 Y117.053 E104.1564
G1 X136.123 Y116.779 E104.1759
G1 X135.901 Y116.556 E104.19316
G1 X135.632 Y116.332 E104.21238
G1 X135.326 Y116.122 E104.23274
G1 X135.031 Y115.959 E104.25124
G1 X134.728 Y115.821 E104.26951
G1 X134.398 Y115.714 E104.28855
G1 X134.029 Y115.625 E104.30938
G1 X133.722 Y115.582 E104.32639
G1 X133.312 Y115.567 E104.34891
G1 X116.682 Y115.563 E105.26155
G1 X116.271 Y115.585 E105.28414
G1 X115.961 Y115.625 E105.30129
G1 X115.595 Y115.714 E105.32196
G1 X115.268 Y115.821 E105.34084
G1 X114.961 Y115.959 E105.35932
G1 X114.67 Y116.121 E105.37759
G1 X114.364 Y116.331 E105.39796
G1 X114.094 Y116.557 E105.41728
G1 X113.868 Y116.78 E105.43471
G1 X113.644 Y117.052 E105.45404
G1 X113.444 Y117.34 E105.47329
G1 X113.272 Y117.645 E105.4925
G1 X113.133 Y117.959 E105.51135
G1 X113.022 Y118.294 E105.53072
G1 X112.941 Y118.645 E105.55048
G1 X112.898 Y118.958 E105.56782
G1 X112.883 Y119.369 E105.59039
G1 X112.879 Y121.201 E105.69093
G1 X113.047 Y120.907 E105.70952
G1 X113.313 Y120.502 E105.73611
G1 X113.82 Y119.868 E105.78066
G1 X114.3 Y119.381 E105.81818
G1 X114.683 Y119.042 E105.84625
G1 X115.313 Y118.577 E105.88922
G1 X115.845 Y118.257 E105.92329
G1 X116.312 Y118.015 E105.95216
G1 X116.931 Y117.757 E105.98896
G1 X117.579 Y117.553 E106.02625
G1 X118.299 Y117.4 E106.06664
G1 X118.831 Y117.328 E106.0961
G1 X119.52 Y117.294 E106.13396
G1 X130.489 Y117.294 E106.73593
G1 X131.156 Y117.328 E106.77258
G1 X131.752 Y117.408 E106.80558
G1 X132.41 Y117.552 E106.84255
G1 X132.951 Y117.719 E106.87362
G1 X133.505 Y117.933 E106.90621
G1 X134.146 Y118.257 E106.94563
G1 X134.723 Y118.605 E106.98261
G1 X135.196 Y118.949 E107.01471
G1 X135.715 Y119.396 E107.0523
G1 X136.13 Y119.821 E107.08489
G1 X136.625 Y120.427 E107.12784
G1 X137.031 Y121.028 E107.16764
G1 X137.115 Y121.182 E107.17727
G1 F1200 E106.67727
G0 F9000 X136.303 Y118.377
G1 F600 E107.17727
G1 F1200 X136.241 Y118.191 E107.18803
G1 X136.125 Y117.931 E107.20365
G1 X136 Y117.704 E107.21787
G1 X135.825 Y117.455 E107.23457
G1 X135.632 Y117.222 E107.25118
G1 X135.455 Y117.044 E107.26495
G1 X135.231 Y116.858 E107.28093
G1 X134.977 Y116.683 E107.29786
G1 X134.734 Y116.549 E107.31309
G1 X134.491 Y116.439 E107.32773
G1 X134.218 Y116.349 E107.3435
G1 X134.042 Y116.308 E107.35342
G1 X136.193 Y118.459 E107.52036
G1 F1200 E107.02036
G0 F9000 X134.042 Y116.308
G1 F600 E107.52036
G1 F1200 X133.901 Y116.274 E107.52832
G1 X133.671 Y116.241 E107.54107
G1 X133.028 Y116.227 E107.57637
G1 F1200 E107.07637
G0 F9000 X136.386 Y119.138
G1 F600 E107.57637
G1 F1200 X136.448 Y119.202 E107.58126
G1 X136.444 Y119.094 E107.58719
G1 F1200 E107.08719
G0 F9000 X134.499 Y117.698
G1 F600 E107.58719
G1 F1200 X133.028 Y116.227 E107.70135
G0 F9000 X132.872 Y117.004
G1 F1200 X133.179 Y117.099 E107.71899
G1 X133.773 Y117.328 E107.75393
G1 X134.499 Y117.698 E107.79864
G1 F1200 E107.29864
G0 F9000 X132.838 Y116.97
G1 F600 E107.79864
G1 F1200 X132.182 Y116.315 E107.84952
G0 F9000 X132.128 Y116.816
G1 F1200 X132.838 Y116.97 E107.88939
G1 F1200 E107.38939
G1 F1200 Z1.08
G0 F9000 X132.838 Y116.97 Z1.08
G0 X117.876 Y116.814
G1 F1200 Z0.64
G1 F600 E107.88939
G1 F1200 X117.813 Y116.224 E107.92195
G1 X117.158 Y116.224 E107.9579
G1 X117.769 Y116.836 E108.00536
G0 F9000 X117.158 Y116.224
G1 F1200 X116.688 Y116.224 E108.03115
G1 X116.253 Y116.253 E108.05508
G1 X117.032 Y117.032 E108.11553
G1 X116.714 Y117.132 E108.13383
G1 X116.349 Y117.283 E108.15551
G1 X115.504 Y116.438 E108.22109
G1 X115.258 Y116.549 E108.2359
G1 X115.019 Y116.682 E108.25091
G1 X114.898 Y116.765 E108.25896
G1 X115.714 Y117.581 E108.32229
G1 X115.51 Y117.687 E108.33491
G1 X115.121 Y117.921 E108.35982
G1 X114.391 Y117.192 E108.41644
G1 X114.179 Y117.439 E108.4343
G1 X113.987 Y117.721 E108.45302
G1 X114.571 Y118.305 E108.49835
G1 X114.078 Y118.668 E108.53195
G1 X113.695 Y118.36 E108.55892
G1 X113.749 Y118.198 E108.56829
G1 X113.862 Y117.942 E108.58365
G1 F1200 E108.08365
G1 F1200 Z1.08
;MESH:NONMESH
G0 F9000 X113.862 Y117.942 Z1.08
G0 X131.976 Y131.02
;TIME_ELAPSED:89.225565
;LAYER:3
M106 S38.2
M204 S3125
;MESH:new-rear-port-cover-v2.stl
G0 F10500 X131.976 Y131.02 Z1.28
M204 S2375
;TYPE:WALL-OUTER
G1 F1200 Z0.84
G1 F600 E108.58365
G1 F2100 X131.445 Y131.13 E108.61341
G1 X130.99 Y131.188 E108.63858
G1 X130.42 Y131.214 E108.66989
G1 X119.561 Y131.214 E109.26583
G1 X119.006 Y131.188 E109.29632
G1 X118.566 Y131.132 E109.32066
G1 X117.991 Y131.008 E109.35294
G1 X117.488 Y130.854 E109.38181
G1 X117.031 Y130.671 E109.40882
G1 X116.552 Y130.43 E109.43825
G1 X116.059 Y130.126 E109.47004
G1 X115.688 Y129.851 E109.49538
G1 X115.26 Y129.476 E109.52661
G1 X114.884 Y129.077 E109.5567
G1 X114.604 Y128.733 E109.58104
G1 X114.278 Y128.256 E109.61275
G1 X114.007 Y127.761 E109.64372
G1 X113.827 Y127.365 E109.66759
G1 X113.628 Y126.811 E109.69989
G1 X113.49 Y126.273 E109.73037
G1 X113.411 Y125.811 E109.7561
G1 X113.363 Y125.299 E109.78432
G1 X113.367 Y124.7 E109.81719
G1 X113.405 Y124.248 E109.84208
G1 X113.497 Y123.683 E109.8735
G1 X113.64 Y123.147 E109.90394
G1 X113.791 Y122.716 E109.92901
G1 X114.022 Y122.204 E109.95983
G1 X114.295 Y121.713 E109.99066
G1 X114.539 Y121.357 E110.01435
G1 X114.906 Y120.89 E110.04694
G1 X115.274 Y120.51 E110.07597
G1 X115.642 Y120.183 E110.10299
G1 X116.066 Y119.865 E110.13208
G1 X116.559 Y119.561 E110.16386
G1 X116.977 Y119.35 E110.18956
G1 X117.461 Y119.15 E110.2183
G1 X118.018 Y118.981 E110.25024
G1 X118.551 Y118.866 E110.28016
G1 X119.006 Y118.808 E110.30534
G1 X119.576 Y118.782 E110.33665
G1 X130.435 Y118.782 E110.93258
G1 X130.99 Y118.808 E110.96308
G1 X131.456 Y118.868 E110.98886
G1 X131.976 Y118.976 E111.01801
G1 X132.527 Y119.149 E111.0497
G1 X132.965 Y119.325 E111.07561
G1 X133.444 Y119.566 E111.10503
G1 X133.937 Y119.87 E111.13682
G1 X134.289 Y120.13 E111.16083
G1 X134.736 Y120.521 E111.19343
G1 X135.107 Y120.913 E111.22304
G1 X135.41 Y121.283 E111.24929
G1 X135.717 Y121.739 E111.27946
G1 X135.977 Y122.207 E111.30884
G1 X136.179 Y122.647 E111.33541
G1 X136.368 Y123.173 E111.36608
G1 X136.506 Y123.712 E111.39662
G1 X136.582 Y124.16 E111.42155
G1 X136.633 Y124.697 E111.45116
G1 X136.633 Y125.296 E111.48403
G1 X136.594 Y125.751 E111.50909
G1 X136.506 Y126.281 E111.53857
G1 X136.36 Y126.846 E111.5706
G1 X136.206 Y127.278 E111.59577
G1 X135.972 Y127.803 E111.62731
G1 X135.707 Y128.268 E111.65668
G1 X135.444 Y128.661 E111.68264
G1 X135.09 Y129.106 E111.71384
G1 X134.722 Y129.486 E111.74287
G1 X134.362 Y129.809 E111.76942
G1 X133.926 Y130.135 E111.79929
G1 X133.488 Y130.406 E111.82756
G0 F1890 X133.477 Y130.413
G0 X133.019 Y130.646
G0 X132.507 Y130.856
G0 X131.976 Y131.02
M204 S3125
G0 F10500 X131.445 Y131.13
G0 X130.99 Y131.188
G0 X130.42 Y131.214
G0 X126.992 Y131.214
G1 F1200 E111.32756
G1 F1200 Z1.28
G0 F10500 X126.992 Y131.214 Z1.28
G0 X134.745 Y135.522
M204 S2375
G1 F1200 Z0.84
G1 F600 E111.82756
G1 F2100 X135.192 Y135.375 E111.85338
G1 X135.608 Y135.188 E111.87841
G1 X136.009 Y134.967 E111.90354
G1 X136.404 Y134.692 E111.92995
G1 X136.765 Y134.395 E111.95561
G1 X137.084 Y134.077 E111.98033
G1 X137.384 Y133.717 E112.00604
G1 X137.647 Y133.329 E112.03177
G1 X137.879 Y132.917 E112.05772
G1 X138.059 Y132.5 E112.08264
G1 X138.21 Y132.061 E112.10812
G1 X138.319 Y131.591 E112.1346
G1 X138.383 Y131.144 E112.15938
G1 X138.406 Y130.664 E112.18575
G1 X138.406 Y119.328 E112.80786
G1 X138.383 Y118.852 E112.83401
G1 X138.319 Y118.405 E112.85879
G1 X138.21 Y117.935 E112.88527
G1 X138.06 Y117.492 E112.91094
G1 X137.879 Y117.079 E112.93569
G1 X137.647 Y116.664 E112.96178
G1 X137.38 Y116.28 E112.98745
G1 X137.083 Y115.918 E113.01314
G1 X136.765 Y115.6 E113.03782
G1 X136.404 Y115.3 E113.06358
G1 X136.01 Y115.03 E113.08979
G1 X135.608 Y114.808 E113.115
G1 X135.192 Y114.621 E113.14003
G1 X134.745 Y114.474 E113.16585
G1 X134.279 Y114.361 E113.19216
G1 X133.834 Y114.301 E113.21681
G1 X133.348 Y114.279 E113.24351
G1 X116.648 Y114.279 E114.15999
G1 X116.162 Y114.302 E114.18669
G1 X115.717 Y114.361 E114.21132
G1 X115.251 Y114.474 E114.23764
G1 X114.804 Y114.621 E114.26346
G1 X114.388 Y114.808 E114.28849
G1 X113.986 Y115.03 E114.3137
G1 X113.592 Y115.3 E114.33991
G1 X113.231 Y115.6 E114.36567
G1 X112.913 Y115.919 E114.39039
G1 X112.616 Y116.28 E114.41604
G1 X112.349 Y116.664 E114.44171
G1 X112.116 Y117.079 E114.46783
G1 X111.937 Y117.492 E114.49253
G1 X111.786 Y117.935 E114.51821
G1 X111.677 Y118.405 E114.54469
G1 X111.613 Y118.852 E114.56947
G1 X111.59 Y119.332 E114.59585
G1 X111.59 Y130.668 E115.21796
G1 X111.613 Y131.144 E115.24411
G1 X111.677 Y131.591 E115.26889
G1 X111.786 Y132.061 E115.29537
G1 X111.936 Y132.5 E115.32083
G1 X112.117 Y132.917 E115.34577
G1 X112.349 Y133.329 E115.37172
G1 X112.612 Y133.717 E115.39745
G1 X112.912 Y134.077 E115.42316
G1 X113.231 Y134.395 E115.44788
G1 X113.591 Y134.695 E115.4736
G1 X113.986 Y134.962 E115.49977
G1 X114.389 Y135.189 E115.52515
G1 X114.804 Y135.375 E115.55011
G1 X115.251 Y135.522 E115.57593
G1 X115.717 Y135.635 E115.60225
G1 X116.162 Y135.694 E115.62688
G1 X116.648 Y135.718 E115.65358
G1 X133.128 Y135.718 E116.55799
G0 F1890 X133.348 Y135.718
G0 X133.834 Y135.695
G0 X134.279 Y135.635
G0 X134.745 Y135.522
M204 S3125
G0 F10500 X135.192 Y135.375
G0 X135.608 Y135.188
G0 X136.009 Y134.967
G0 X136.404 Y134.692
G0 X136.765 Y134.395
G0 X137.084 Y134.077
G0 X137.384 Y133.717
G0 X137.647 Y133.329
G0 X137.879 Y132.917
G0 X138.059 Y132.5
G0 X138.173 Y132.167
G1 F1200 E116.05799
G0 F10500 X138.993 Y132.857
G0 X138.495 Y133.855
G0 X137.826 Y134.742
G0 X137.001 Y135.493
G0 X135.544 Y136.306
G0 X134.564 Y134.887
;TYPE:WALL-INNER
G1 F600 E116.55799
G1 F2100 X134.953 Y134.759 E116.58047
G1 X135.313 Y134.598 E116.60211
G1 X135.661 Y134.405 E116.62395
G1 X136.005 Y134.166 E116.64694
G1 X136.321 Y133.905 E116.66943
G1 X136.596 Y133.631 E116.69073
G1 X136.856 Y133.319 E116.71302
G1 X137.085 Y132.981 E116.73543
G1 X137.287 Y132.623 E116.75798
G1 X137.443 Y132.262 E116.77957
G1 X137.574 Y131.879 E116.80178
G1 X137.669 Y131.469 E116.82488
G1 X137.725 Y131.082 E116.84634
G1 X137.746 Y130.648 E116.87018
G1 F2103.2 X137.747 Y127.077 E117.06586
G1 F2283.4 X137.798 Y125.268 E117.1572
G1 F2483.9 X137.797 Y124.614 E117.18754
G1 F2275.9 X137.747 Y122.915 E117.27362
G1 F2100 X137.746 Y119.344 E117.46959
G1 X137.725 Y118.915 E117.49316
G1 X137.669 Y118.527 E117.51468
G1 X137.574 Y118.116 E117.53783
G1 X137.444 Y117.73 E117.56018
G1 X137.287 Y117.373 E117.58158
G1 X137.087 Y117.014 E117.60413
G1 X136.854 Y116.679 E117.62653
G1 X136.594 Y116.362 E117.64903
G1 X136.319 Y116.088 E117.67033
G1 X136.005 Y115.827 E117.69274
G1 X135.663 Y115.592 E117.71551
G1 X135.313 Y115.399 E117.73745
G1 X134.953 Y115.237 E117.75911
G1 X134.565 Y115.11 E117.78152
G1 X134.157 Y115.011 E117.80456
G1 X133.774 Y114.959 E117.82577
G1 X133.332 Y114.939 E117.85005
G1 X116.664 Y114.939 E118.76478
G1 X116.222 Y114.96 E118.78906
G1 X115.839 Y115.01 E118.81026
G1 X115.432 Y115.11 E118.83326
G1 X115.043 Y115.237 E118.85571
G1 X114.684 Y115.399 E118.87733
G1 X114.333 Y115.592 E118.89931
G1 X113.99 Y115.827 E118.92213
G1 X113.677 Y116.088 E118.94449
G1 X113.403 Y116.363 E118.9658
G1 X113.142 Y116.679 E118.98829
G1 X112.909 Y117.014 E119.01069
G1 X112.708 Y117.373 E119.03326
G1 X112.553 Y117.73 E119.05462
G1 X112.422 Y118.116 E119.07699
G1 X112.327 Y118.527 E119.10014
G1 X112.271 Y118.914 E119.1216
G1 X112.25 Y119.348 E119.14545
G1 X112.25 Y122.905 E119.34065
G1 F2275.9 X112.199 Y124.719 E119.43255
G1 F2488.3 X112.198 Y125.259 E119.45756
G1 F2283.4 X112.25 Y127.069 E119.54895
G1 F2103.2 X112.25 Y130.652 E119.74529
G1 F2100 X112.271 Y131.081 E119.76886
G1 X112.327 Y131.469 E119.79037
G1 X112.421 Y131.879 E119.81345
G1 X112.552 Y132.262 E119.83567
G1 X112.709 Y132.623 E119.85727
G1 X112.911 Y132.981 E119.87983
G1 X113.14 Y133.319 E119.90224
G1 X113.4 Y133.631 E119.92453
G1 X113.677 Y133.907 E119.94598
G1 X113.988 Y134.167 E119.96823
G1 X114.333 Y134.4 E119.99108
G1 X114.687 Y134.599 E120.01336
G1 X115.043 Y134.759 E120.03478
G1 X115.431 Y134.886 E120.05719
G1 X115.839 Y134.985 E120.08023
G1 X116.222 Y135.036 E120.10143
G1 X116.664 Y135.058 E120.12572
G1 X132.944 Y135.058 E121.01915
G0 F1890 X133.332 Y135.058
G0 X133.774 Y135.037
G0 X134.157 Y134.985
G0 X134.564 Y134.887
G1 F1200 E120.51915
G1 F1200 Z1.28
G0 F10500 X134.564 Y134.887 Z1.28
G0 X133.271 Y131.256
G1 F1200 Z0.84
G1 F600 E121.01915
G1 F2100 X132.703 Y131.486 E121.05278
G1 X132.11 Y131.666 E121.08679
G1 X131.559 Y131.78 E121.11767
G1 X130.993 Y131.849 E121.14896
G1 X130.42 Y131.874 E121.18044
G1 X119.531 Y131.873 E121.77802
G1 X119.002 Y131.85 E121.80708
G1 X118.483 Y131.787 E121.83577
G1 X117.879 Y131.661 E121.86963
G1 X117.281 Y131.481 E121.9039
G1 X116.734 Y131.261 E121.93626
G1 X116.248 Y131.016 E121.96613
G1 X115.667 Y130.657 E122.00361
G1 X115.253 Y130.347 E122.03199
G1 X114.781 Y129.93 E122.06655
G1 X114.372 Y129.493 E122.0994
G1 X114.042 Y129.082 E122.12833
G1 X113.7 Y128.574 E122.16194
G1 X113.406 Y128.034 E122.19568
G1 X113.196 Y127.564 E122.22393
G1 F2103.2 X112.99 Y126.976 E122.25807
G1 F2155.5 X112.856 Y126.384 E122.29052
G1 F2275.9 X112.799 Y125.945 E122.31294
G1 F2414.6 X112.756 Y125.356 E122.34113
G1 F2479.4 X112.759 Y124.649 E122.37399
G1 F2423.1 X112.792 Y124.151 E122.39773
G1 F2294.7 X112.855 Y123.615 E122.42483
G1 F2155.5 X112.995 Y123.002 E122.45845
G1 F2100 X113.156 Y122.527 E122.48597
G1 X113.444 Y121.885 E122.52459
G1 X113.7 Y121.421 E122.55367
G1 X114.032 Y120.933 E122.58606
G1 X114.432 Y120.431 E122.62129
G1 X114.853 Y120 E122.65435
G1 X115.246 Y119.655 E122.68305
G1 X115.688 Y119.324 E122.71336
G1 X116.261 Y118.972 E122.75026
G1 X116.725 Y118.74 E122.77873
G1 X117.209 Y118.54 E122.80747
G1 X117.8 Y118.356 E122.84144
G1 X118.437 Y118.216 E122.87723
G1 X118.922 Y118.153 E122.90407
G1 X119.576 Y118.122 E122.94
G1 X130.465 Y118.123 E123.53758
G1 X131.074 Y118.153 E123.57104
G1 X131.59 Y118.222 E123.59961
G1 X132.206 Y118.355 E123.6342
G1 X132.715 Y118.515 E123.66348
G1 X133.212 Y118.711 E123.6928
G1 X133.747 Y118.98 E123.72566
G1 X134.329 Y119.339 E123.76319
G1 X134.743 Y119.649 E123.79157
G1 X135.147 Y120.001 E123.82098
G1 X135.616 Y120.493 E123.85828
G1 X135.957 Y120.913 E123.88797
G1 X136.249 Y121.345 E123.91659
G1 X136.554 Y121.887 E123.95072
G1 X136.8 Y122.422 E123.98303
G1 X137.006 Y123.009 E124.01717
G1 F2155.5 X137.14 Y123.605 E124.04983
G1 F2279.6 X137.197 Y124.056 E124.07282
G1 F2423.1 X137.242 Y124.728 E124.10485
G1 F2488.3 X137.24 Y125.347 E124.13352
G1 F2431.6 X137.207 Y125.853 E124.15755
G1 F2294.7 X137.14 Y126.392 E124.18483
G1 F2152.2 X136.983 Y127.066 E124.22189
G1 F2100 X136.809 Y127.546 E124.24991
G1 X136.546 Y128.129 E124.28501
G1 X136.257 Y128.634 E124.31694
G1 X135.962 Y129.07 E124.34583
G1 X135.564 Y129.565 E124.38069
G1 X135.196 Y129.945 E124.40972
G1 X134.784 Y130.317 E124.44018
G1 X134.666 Y130.405 E124.44826
G0 F1890 X134.304 Y130.676
G0 X133.823 Y130.975
G0 X133.271 Y131.256
G1 F1200 E123.94826
G0 F10500 X132.621 Y129.736
G0 X135.092 Y127.341
G0 X137.152 Y128.228
M204 S2375
;TYPE:SKIN
G1 F600 E124.44826
G1 F1200 X137.065 Y128.422 E124.45886
G1 X136.765 Y128.946 E124.48899
G1 X136.453 Y129.409 E124.51684
G1 X135.992 Y129.981 E124.55349
G1 X135.614 Y130.371 E124.58059
G1 X135.226 Y130.723 E124.60673
G1 X134.663 Y131.151 E124.64201
G1 X134.113 Y131.492 E124.6743
G1 X133.502 Y131.802 E124.70848
G1 X132.878 Y132.056 E124.74209
G1 X132.234 Y132.248 E124.77562
G1 X131.66 Y132.368 E124.80487
G1 X131.013 Y132.444 E124.83737
G1 X130.416 Y132.468 E124.86718
G1 X119.504 Y132.468 E125.41158
G1 X118.847 Y132.434 E125.44441
G1 X118.283 Y132.358 E125.4728
G1 X117.64 Y132.215 E125.50566
G1 X117.095 Y132.05 E125.53407
G1 X116.505 Y131.813 E125.56579
G1 X115.967 Y131.544 E125.5958
G1 X115.336 Y131.157 E125.63273
G1 X114.856 Y130.797 E125.66266
G1 X114.343 Y130.34 E125.69694
G1 X113.915 Y129.876 E125.72843
G1 X113.526 Y129.387 E125.75961
G1 X113.186 Y128.879 E125.7901
G1 X112.844 Y128.24 E125.82626
G1 X112.844 Y130.639 E125.94595
G1 X112.867 Y131.03 E125.96549
G1 X112.912 Y131.353 E125.98176
G1 X112.994 Y131.706 E125.99984
G1 X113.105 Y132.04 E126.0174
G1 X113.245 Y132.36 E126.03483
G1 X113.416 Y132.657 E126.05192
G1 X113.621 Y132.964 E126.07034
G1 X113.834 Y133.22 E126.08696
G1 X114.083 Y133.465 E126.10438
G1 X114.342 Y133.684 E126.12131
G1 X114.646 Y133.892 E126.13968
G1 X114.956 Y134.063 E126.15735
G1 X115.261 Y134.203 E126.17409
G1 X115.586 Y134.306 E126.1911
G1 X115.955 Y134.396 E126.21005
G1 X116.268 Y134.436 E126.22579
G1 X116.681 Y134.46 E126.24643
G1 X133.312 Y134.46 E127.07615
G1 X133.724 Y134.441 E127.09673
G1 X134.035 Y134.397 E127.1124
G1 X134.407 Y134.306 E127.13151
G1 X134.736 Y134.203 E127.14871
G1 X135.092 Y134.036 E127.16832
G1 X135.337 Y133.901 E127.18228
G1 X135.646 Y133.684 E127.20112
G1 X135.914 Y133.465 E127.21838
G1 X136.158 Y133.221 E127.2356
G1 X136.371 Y132.964 E127.25225
G1 X136.576 Y132.657 E127.27067
G1 X136.747 Y132.36 E127.28777
G1 X136.887 Y132.04 E127.30519
G1 X136.998 Y131.706 E127.32275
G1 X137.081 Y131.351 E127.34094
G1 X137.128 Y131.03 E127.35713
G1 X137.148 Y130.628 E127.37721
G1 X137.152 Y128.228 E127.49694
M204 S3125
G1 F1200 E126.99694
G0 F10500 X135.092 Y127.341
G0 X115.644 Y128.434
G0 X113.444 Y130.248
M204 S2375
G1 F600 E127.49694
G1 F1200 X113.444 Y130.629 E127.51595
G1 X113.462 Y130.914 E127.5302
G1 X113.771 Y130.605 E127.552
G1 X113.912 Y130.757 E127.56235
G1 X114.206 Y131.018 E127.58196
G1 X113.6 Y131.624 E127.62472
G1 X113.667 Y131.828 E127.63543
G1 X113.781 Y132.088 E127.64959
G1 X113.856 Y132.217 E127.65704
G1 X114.667 Y131.406 E127.71426
G1 X115.009 Y131.661 E127.73554
G1 X115.166 Y131.756 E127.74469
G1 X114.201 Y132.721 E127.81278
G1 X114.278 Y132.815 E127.81884
G1 X114.483 Y133.018 E127.83324
G1 X114.629 Y133.141 E127.84276
G1 X115.692 Y132.078 E127.91776
G1 X115.928 Y132.223 E127.93158
G1 X115.941 Y132.202 E127.93281
G1 X116.258 Y132.36 E127.95048
G1 X115.139 Y133.48 E128.02947
G1 X115.478 Y133.642 E128.04821
G1 X115.741 Y133.726 E128.06199
G1 X116.864 Y132.604 E128.14119
G1 X117.513 Y132.803 E128.17505
G1 X116.468 Y133.848 E128.24878
G1 X116.69 Y133.86 E128.25988
G1 X117.304 Y133.86 E128.29051
G1 X118.211 Y132.953 E128.3545
G1 X118.83 Y133.034 E128.38565
G1 X118.971 Y133.041 E128.39269
G1 X118.153 Y133.86 E128.45044
G1 X119.001 Y133.86 E128.49275
G1 X119.794 Y133.068 E128.54866
G1 X120.642 Y133.068 E128.59097
G1 X119.85 Y133.86 E128.64685
G1 X120.698 Y133.86 E128.68916
G1 X121.491 Y133.068 E128.74507
G1 X122.339 Y133.068 E128.78738
G1 X121.547 Y133.86 E128.84326
G1 X122.395 Y133.86 E128.88556
G1 X123.188 Y133.068 E128.94148
G1 X124.036 Y133.068 E128.98379
G1 X123.244 Y133.86 E129.03967
G1 X124.092 Y133.86 E129.08197
G1 X124.885 Y133.068 E129.13789
G1 X125.733 Y133.068 E129.1802
G1 X124.941 Y133.86 E129.23608
G1 X125.789 Y133.86 E129.27838
G1 X126.582 Y133.068 E129.3343
G1 X127.431 Y133.068 E129.37665
G1 X126.638 Y133.86 E129.43257
G1 X127.486 Y133.86 E129.47488
G1 X128.279 Y133.068 E129.53079
G1 X129.128 Y133.068 E129.57315
G1 X128.335 Y133.86 E129.62906
G1 X129.183 Y133.86 E129.67137
G1 X129.976 Y133.068 E129.72729
G1 X130.422 Y133.068 E129.74954
G1 X130.841 Y133.051 E129.77046
G1 X130.032 Y133.86 E129.82754
G1 X130.881 Y133.86 E129.86989
G1 X131.786 Y132.954 E129.93378
G1 X132.344 Y132.839 E129.96221
G1 X132.924 Y132.665 E129.99242
G1 X131.729 Y133.86 E130.07673
G1 X132.578 Y133.86 E130.11909
G1 X134.451 Y131.986 E130.25127
G1 X134.991 Y131.653 E130.28292
G1 X135.62 Y131.176 E130.32231
G1 X136.025 Y130.809 E130.34957
G1 X136.433 Y130.389 E130.37879
G1 X136.549 Y130.246 E130.38797
G1 X136.541 Y130.745 E130.41287
G1 X133.433 Y133.853 E130.63216
G1 X133.672 Y133.842 E130.6441
G1 X133.925 Y133.807 E130.65684
G1 X134.246 Y133.728 E130.67333
G1 X134.48 Y133.655 E130.68556
G1 X136.333 Y131.802 E130.8163
G1 X136.211 Y132.088 E130.83181
G1 X136.063 Y132.344 E130.84656
G1 X135.89 Y132.604 E130.86214
G1 X135.719 Y132.811 E130.87554
G1 X135.507 Y133.022 E130.89046
G1 X135.284 Y133.205 E130.90485
G1 X135.017 Y133.392 E130.92112
G1 X134.78 Y133.522 E130.9346
G1 X134.513 Y133.645 E130.94927
M204 S3125
G1 F1200 E130.44927
G1 F1200 Z1.28
G0 F10500 X134.513 Y133.645 Z1.28
G0 X137.153 Y121.732
M204 S2375
G1 F1200 Z0.84
G1 F600 E130.94927
G1 F1200 X137.149 Y119.351 E131.06806
G1 X137.129 Y118.966 E131.08729
G1 X137.081 Y118.633 E131.10408
G1 X136.999 Y118.287 E131.12182
G1 X136.883 Y117.944 E131.13988
G1 X136.746 Y117.629 E131.15702
G1 X136.581 Y117.328 E131.17414
G1 X136.378 Y117.044 E131.19156
G1 X136.141 Y116.759 E131.21005
G1 X135.908 Y116.525 E131.22653
G1 X135.646 Y116.304 E131.24363
G1 X135.342 Y116.096 E131.262
G1 X135.049 Y115.933 E131.27873
G1 X134.736 Y115.793 E131.29584
G1 X134.406 Y115.685 E131.31316
G1 X134.035 Y115.596 E131.3322
G1 X133.725 Y115.552 E131.34782
G1 X133.292 Y115.537 E131.36943
G1 X116.68 Y115.536 E132.19821
G1 X116.267 Y115.556 E132.21884
G1 X115.955 Y115.596 E132.23453
G1 X115.587 Y115.685 E132.25342
G1 X115.26 Y115.793 E132.2706
G1 X114.943 Y115.933 E132.28789
G1 X114.655 Y116.095 E132.30437
G1 X114.346 Y116.308 E132.3231
G1 X114.074 Y116.535 E132.34077
G1 X113.846 Y116.759 E132.35672
G1 X113.62 Y117.034 E132.37448
G1 X113.415 Y117.328 E132.39236
G1 X113.246 Y117.629 E132.40958
G1 X113.109 Y117.952 E132.42709
G1 X112.993 Y118.287 E132.44477
G1 X112.912 Y118.639 E132.46279
G1 X112.867 Y118.961 E132.47901
G1 X112.844 Y119.365 E132.4992
G1 X112.841 Y121.743 E132.61784
G1 X113.172 Y121.136 E132.65233
G1 X113.565 Y120.556 E132.68729
G1 X113.997 Y120.017 E132.72175
G1 X114.445 Y119.561 E132.75364
G1 X114.852 Y119.199 E132.78082
G1 X115.35 Y118.828 E132.8118
G1 X115.986 Y118.439 E132.84899
G1 X116.498 Y118.186 E132.87749
G1 X117.104 Y117.941 E132.9101
G1 X117.664 Y117.77 E132.93931
G1 X118.324 Y117.628 E132.97299
G1 X118.978 Y117.548 E133.00586
G1 X119.52 Y117.524 E133.03293
G1 X130.488 Y117.524 E133.58012
G1 X131.15 Y117.558 E133.61319
G1 X131.711 Y117.638 E133.64147
G1 X132.394 Y117.785 E133.67632
G1 X132.904 Y117.945 E133.70299
G1 X133.444 Y118.16 E133.73199
G1 X134.02 Y118.448 E133.76411
G1 X134.652 Y118.835 E133.80109
G1 X135.128 Y119.191 E133.83074
G1 X135.632 Y119.639 E133.86438
G1 X136.058 Y120.089 E133.8953
G1 X136.465 Y120.596 E133.92774
G1 X136.745 Y121.012 E133.95275
G1 X137.153 Y121.732 E133.99404
M204 S3125
G1 F1200 E133.49404
G1 F1200 Z1.28
G0 F10500 X137.153 Y121.732 Z1.28
G0 X115.135 Y116.513
M204 S2375
G1 F1200 Z0.84
G1 F600 E133.99404
G1 F1200 X113.825 Y117.823 E134.08647
G1 X113.789 Y117.887 E134.09013
G1 X113.671 Y118.165 E134.1052
G1 X113.569 Y118.459 E134.12072
G1 X113.503 Y118.748 E134.13551
G1 X113.465 Y119.032 E134.14981
G1 X116.344 Y116.153 E134.35294
G1 X116.702 Y116.136 E134.37082
G1 X117.209 Y116.136 E134.39611
G1 X115.014 Y118.331 E134.55098
G1 X115.659 Y117.933 E134.58879
G1 X116.262 Y117.634 E134.62237
G1 X116.762 Y117.431 E134.6493
G1 X118.058 Y116.136 E134.7407
G1 X118.906 Y116.136 E134.78301
G1 X117.947 Y117.095 E134.85067
G1 X118.223 Y117.036 E134.86475
G1 X118.942 Y116.949 E134.90088
G1 X119.755 Y116.136 E134.95824
G1 X120.603 Y116.136 E135.00055
G1 X119.815 Y116.924 E135.05615
G1 X120.664 Y116.924 E135.09851
G1 X121.452 Y116.136 E135.1541
G1 X122.3 Y116.136 E135.19641
G1 X121.512 Y116.924 E135.25201
G1 X122.361 Y116.924 E135.29437
G1 X123.149 Y116.136 E135.34996
G1 X123.998 Y116.136 E135.39232
G1 X123.209 Y116.924 E135.44795
G1 X124.058 Y116.924 E135.49031
G1 X124.846 Y116.136 E135.54591
G1 X125.694 Y116.137 E135.58821
G1 X124.906 Y116.924 E135.64378
G1 X125.755 Y116.924 E135.68613
G1 X126.542 Y116.137 E135.74166
G1 X127.391 Y116.137 E135.78402
G1 X126.603 Y116.924 E135.83958
G1 X127.452 Y116.924 E135.88194
G1 X128.239 Y116.137 E135.93746
G1 X129.088 Y116.137 E135.97982
G1 X128.3 Y116.924 E136.03538
G1 X129.149 Y116.924 E136.07774
G1 X129.937 Y116.137 E136.1333
G1 X130.785 Y116.137 E136.17561
G1 X129.997 Y116.924 E136.23117
G1 X130.511 Y116.924 E136.25681
G1 X130.829 Y116.941 E136.2727
G1 X131.634 Y116.137 E136.32946
G1 X132.482 Y116.137 E136.37177
G1 X131.603 Y117.016 E136.43379
G1 X131.786 Y117.041 E136.443
G1 X132.312 Y117.156 E136.46987
G1 X133.329 Y116.139 E136.54162
G1 X133.674 Y116.151 E136.55884
G1 X133.919 Y116.185 E136.57118
G1 X134.09 Y116.226 E136.57996
G1 X132.976 Y117.339 E136.65852
G1 X133.088 Y117.373 E136.66436
G1 X133.591 Y117.573 E136.69137
G1 X134.721 Y116.444 E136.77106
G1 X135.027 Y116.607 E136.78835
G1 X135.252 Y116.761 E136.80196
G1 X134.162 Y117.851 E136.87886
G1 X134.344 Y117.942 E136.88901
G1 X134.7 Y118.161 E136.90987
G1 X135.697 Y117.164 E136.98021
G1 X135.9 Y117.406 E136.99597
G1 X136.067 Y117.643 E137.01043
G1 X135.207 Y118.503 E137.07111
G1 X135.517 Y118.735 E137.09043
G1 X135.679 Y118.879 E137.10124
G1 X136.342 Y118.217 E137.14799
G1 X136.413 Y118.426 E137.159
G1 X136.489 Y118.735 E137.17487
G1 X136.512 Y118.895 E137.18294
G1 X136.123 Y119.284 E137.21038
G1 X136.533 Y119.722 E137.24032
M204 S3125
G1 F1200 E136.74032
;MESH:NONMESH
G0 X136.533 Y119.722 Z1.04
G0 F10500 X134.353 Y121.564
G0 X131.738 Y130.054
G0 X131.925 Y130.823
;TIME_ELAPSED:112.958571
;LAYER:4
M106 S51
M204 S2500
;TYPE:WALL-OUTER
;MESH:new-rear-port-cover-v2.stl
G1 F600 E137.24032
G1 F2400 X131.401 Y130.934 E137.26971
G1 X130.978 Y130.988 E137.29311
G1 X130.42 Y131.014 E137.32377
G1 X119.56 Y131.014 E137.91976
G1 X119.013 Y130.988 E137.94981
G1 X118.609 Y130.936 E137.97216
G1 X118.041 Y130.816 E138.00402
G1 X117.545 Y130.661 E138.03254
G1 X117.123 Y130.491 E138.05751
G1 X116.652 Y130.254 E138.08645
G1 X116.178 Y129.966 E138.11688
G1 X115.818 Y129.697 E138.14155
G1 X115.412 Y129.34 E138.17122
G1 X115.048 Y128.956 E138.20025
G1 X114.759 Y128.607 E138.22512
G1 X114.451 Y128.153 E138.25523
G1 X114.182 Y127.667 E138.28571
G1 X114.018 Y127.299 E138.30782
G1 X113.819 Y126.753 E138.33971
G1 X113.695 Y126.261 E138.36756
G1 X113.614 Y125.821 E138.39211
G1 X113.567 Y125.293 E138.4212
G1 X113.566 Y124.748 E138.45111
G1 X113.598 Y124.299 E138.47582
G1 X113.692 Y123.731 E138.50741
G1 X113.824 Y123.231 E138.53579
G1 X113.964 Y122.827 E138.55925
G1 X114.195 Y122.303 E138.59068
G1 X114.451 Y121.843 E138.61957
G1 X114.69 Y121.487 E138.6431
G1 X115.057 Y121.027 E138.6754
G1 X115.412 Y120.656 E138.70358
G1 X115.753 Y120.352 E138.72865
G1 X116.185 Y120.027 E138.75832
G1 X116.657 Y119.738 E138.78869
G1 X117.049 Y119.539 E138.81281
G1 X117.55 Y119.332 E138.84256
G1 X118.042 Y119.18 E138.87082
G1 X118.595 Y119.062 E138.90185
G1 X119.018 Y119.008 E138.92526
G1 X119.576 Y118.982 E138.95591
G1 X130.436 Y118.982 E139.5519
G1 X130.983 Y119.008 E139.58195
G1 X131.387 Y119.06 E139.60431
G1 X131.952 Y119.18 E139.63601
G1 X132.451 Y119.331 E139.66462
G1 X132.871 Y119.504 E139.68955
G1 X133.368 Y119.752 E139.72003
G1 X133.818 Y120.034 E139.74917
G1 X134.177 Y120.298 E139.77363
G1 X134.595 Y120.663 E139.80408
G1 X134.947 Y121.031 E139.83203
G1 X135.221 Y121.368 E139.85586
G1 X135.545 Y121.843 E139.88742
G1 X135.814 Y122.328 E139.91785
G1 X135.987 Y122.715 E139.94112
G1 X136.176 Y123.24 E139.97174
G1 X136.31 Y123.759 E140.00116
G1 X136.382 Y124.175 E140.02433
G1 X136.433 Y124.7 E140.05327
G1 X136.429 Y125.273 E140.08472
G1 X136.398 Y125.697 E140.10805
G1 X136.305 Y126.258 E140.13926
G1 X136.177 Y126.762 E140.1678
G1 X136.031 Y127.172 E140.19168
G1 X135.796 Y127.703 E140.22355
G1 X135.535 Y128.163 E140.25257
G1 X135.292 Y128.529 E140.27668
G1 X134.942 Y128.97 E140.30758
G1 X134.566 Y129.357 E140.33719
G1 X134.247 Y129.644 E140.36074
G1 X133.814 Y129.969 E140.39045
G1 X133.433 Y130.201 E140.41493
G0 F2160 X133.339 Y130.258
G0 X132.983 Y130.441
G0 X132.444 Y130.669
G0 X131.925 Y130.823
M204 S3500
G0 F12000 X131.401 Y130.934
G0 X130.978 Y130.988
G0 X130.42 Y131.014
G0 X126.941 Y131.014
G1 F1200 E139.91493
G1 F1200 Z1.48
G0 F12000 X126.941 Y131.014 Z1.48
G0 X134.745 Y135.522
M204 S2500
G1 F1200 Z1.04
G1 F600 E140.41493
G1 F2400 X135.192 Y135.375 E140.44076
G1 X135.608 Y135.188 E140.46579
G1 X136.009 Y134.967 E140.49091
G1 X136.404 Y134.692 E140.51733
G1 X136.765 Y134.395 E140.54298
G1 X137.084 Y134.077 E140.5677
G1 X137.384 Y133.717 E140.59342
G1 X137.647 Y133.329 E140.61914
G1 X137.88 Y132.917 E140.64512
G1 X138.059 Y132.5 E140.67002
G1 X138.21 Y132.061 E140.6955
G1 X138.319 Y131.591 E140.72198
G1 X138.383 Y131.144 E140.74676
G1 X138.406 Y130.664 E140.77313
G1 X138.406 Y119.328 E141.39524
G1 X138.383 Y118.852 E141.42139
G1 X138.319 Y118.405 E141.44617
G1 X138.21 Y117.935 E141.47265
G1 X138.059 Y117.492 E141.49834
G1 X137.88 Y117.079 E141.52304
G1 X137.647 Y116.664 E141.54916
G1 X137.38 Y116.28 E141.57482
G1 X137.083 Y115.919 E141.60048
G1 X136.765 Y115.6 E141.6252
G1 X136.404 Y115.3 E141.65096
G1 X136.01 Y115.03 E141.67717
G1 X135.608 Y114.808 E141.70237
G1 X135.192 Y114.621 E141.7274
G1 X134.745 Y114.474 E141.75323
G1 X134.279 Y114.361 E141.77954
G1 X133.834 Y114.302 E141.80418
G1 X133.348 Y114.279 E141.83088
G1 X116.648 Y114.278 E142.74736
G1 X116.162 Y114.302 E142.77406
G1 X115.717 Y114.361 E142.7987
G1 X115.251 Y114.474 E142.82501
G1 X114.804 Y114.621 E142.85084
G1 X114.388 Y114.808 E142.87587
G1 X113.986 Y115.03 E142.90107
G1 X113.592 Y115.3 E142.92728
G1 X113.231 Y115.6 E142.95304
G1 X112.913 Y115.919 E142.97776
G1 X112.616 Y116.28 E143.00341
G1 X112.349 Y116.664 E143.02908
G1 X112.117 Y117.079 E143.05517
G1 X111.937 Y117.492 E143.0799
G1 X111.786 Y117.935 E143.10558
G1 X111.677 Y118.405 E143.13206
G1 X111.613 Y118.852 E143.15684
G1 X111.59 Y119.332 E143.18321
G1 X111.59 Y130.668 E143.80533
G1 X111.613 Y131.144 E143.83148
G1 X111.677 Y131.591 E143.85626
G1 X111.786 Y132.061 E143.88274
G1 X111.936 Y132.5 E143.9082
G1 X112.117 Y132.917 E143.93314
G1 X112.349 Y133.329 E143.95909
G1 X112.612 Y133.717 E143.98482
G1 X112.912 Y134.077 E144.01053
G1 X113.231 Y134.396 E144.03529
G1 X113.591 Y134.695 E144.06097
G1 X113.986 Y134.962 E144.08714
G1 X114.389 Y135.188 E144.1125
G1 X114.804 Y135.375 E144.13748
G1 X115.251 Y135.522 E144.1633
G1 X115.718 Y135.635 E144.18967
G1 X116.162 Y135.694 E144.21425
G1 X116.648 Y135.718 E144.24095
G1 X133.128 Y135.718 E145.14536
G0 F2160 X133.348 Y135.718
G0 X133.834 Y135.694
G0 X134.279 Y135.635
G0 X134.745 Y135.522
M204 S3500
G0 F12000 X135.192 Y135.375
G0 X135.608 Y135.188
G0 X136.009 Y134.967
G0 X136.404 Y134.692
G0 X136.765 Y134.395
G0 X137.084 Y134.077
G0 X137.384 Y133.717
G0 X137.647 Y133.329
G0 X137.88 Y132.917
G0 X138.059 Y132.5
G0 X138.173 Y132.167
G1 F1200 E144.64536
G0 F12000 X138.993 Y132.857
G0 X138.495 Y133.855
G0 X137.826 Y134.742
G0 X137.001 Y135.493
G0 X135.544 Y136.306
G0 X134.565 Y134.887
;TYPE:WALL-INNER
G1 F600 E145.14536
G1 F2400 X134.953 Y134.759 E145.16778
G1 X135.312 Y134.597 E145.1894
G1 X135.66 Y134.405 E145.21121
G1 X136.005 Y134.165 E145.23427
G1 X136.321 Y133.906 E145.2567
G1 X136.596 Y133.631 E145.27804
G1 X136.856 Y133.319 E145.30033
G1 X137.085 Y132.981 E145.32273
G1 X137.288 Y132.623 E145.34532
G1 X137.443 Y132.262 E145.36688
G1 X137.574 Y131.879 E145.38909
G1 X137.67 Y131.469 E145.4122
G1 X137.725 Y131.082 E145.43365
G1 X137.746 Y130.648 E145.4575
G1 X137.746 Y127.04 E145.6555
G1 F2285.7 X137.714 Y126.404 E145.6922
G1 F2250 X137.735 Y125.893 E145.72214
G1 F2364.2 X137.747 Y125.258 E145.75752
G1 F2407.3 X137.747 Y124.606 E145.79319
G1 F2289 X137.713 Y123.58 E145.85226
G1 F2282.4 X137.745 Y122.955 E145.88837
G1 F2392.7 X137.746 Y119.344 E146.08714
G1 F2400 X137.725 Y118.914 E146.11077
G1 X137.67 Y118.527 E146.13222
G1 X137.574 Y118.116 E146.15538
G1 X137.443 Y117.73 E146.17775
G1 X137.288 Y117.373 E146.19911
G1 X137.087 Y117.014 E146.22169
G1 X136.854 Y116.679 E146.24409
G1 X136.594 Y116.363 E146.26654
G1 X136.319 Y116.088 E146.28789
G1 X136.005 Y115.827 E146.31029
G1 X135.664 Y115.592 E146.33302
G1 X135.312 Y115.399 E146.35505
G1 X134.953 Y115.237 E146.37667
G1 X134.565 Y115.109 E146.39909
G1 X134.157 Y115.011 E146.42212
G1 X133.774 Y114.96 E146.44332
G1 X133.332 Y114.939 E146.4676
G1 X116.664 Y114.938 E147.38233
G1 X116.222 Y114.96 E147.40662
G1 X115.839 Y115.011 E147.42782
G1 X115.431 Y115.109 E147.45085
G1 X115.043 Y115.237 E147.47327
G1 X114.684 Y115.399 E147.49489
G1 X114.333 Y115.592 E147.51687
G1 X113.99 Y115.826 E147.53966
G1 X113.676 Y116.088 E147.5621
G1 X113.403 Y116.363 E147.58336
G1 X113.142 Y116.679 E147.60586
G1 X112.909 Y117.014 E147.62825
G1 X112.709 Y117.373 E147.6508
G1 X112.553 Y117.73 E147.67218
G1 X112.422 Y118.116 E147.69455
G1 X112.327 Y118.527 E147.7177
G1 X112.271 Y118.914 E147.73916
G1 X112.25 Y119.348 E147.76301
G1 X112.25 Y122.942 E147.96024
G1 F2285.7 X112.283 Y123.59 E147.99763
G1 F2250 X112.261 Y124.105 E148.02781
G1 F2364.2 X112.249 Y124.748 E148.06364
G1 F2400 X112.25 Y125.38 E148.09832
G1 F2343.2 X112.265 Y125.997 E148.13301
G1 F2336.3 X112.253 Y126.522 E148.16262
G1 F2389.1 X112.25 Y130.652 E148.3903
G1 F2400 X112.271 Y131.081 E148.41387
G1 X112.326 Y131.469 E148.43537
G1 X112.422 Y131.879 E148.45848
G1 X112.552 Y132.262 E148.48068
G1 X112.709 Y132.623 E148.50228
G1 X112.911 Y132.981 E148.52484
G1 X113.14 Y133.319 E148.54725
G1 X113.4 Y133.632 E148.56958
G1 X113.677 Y133.908 E148.59104
G1 X113.988 Y134.167 E148.61325
G1 X114.333 Y134.4 E148.6361
G1 X114.687 Y134.598 E148.65836
G1 X115.043 Y134.759 E148.6798
G1 X115.431 Y134.887 E148.70222
G1 X115.84 Y134.985 E148.7253
G1 X116.222 Y135.036 E148.74645
G1 X116.664 Y135.058 E148.77074
G1 X132.945 Y135.058 E149.66423
G0 F2160 X133.332 Y135.058
G0 X133.774 Y135.036
G0 X134.157 Y134.985
G0 X134.565 Y134.887
G1 F1200 E149.16423
G1 F1200 Z1.48
G0 F12000 X134.565 Y134.887 Z1.48
G0 X133.283 Y131.029
G1 F1200 Z1.04
G1 F600 E149.66423
G1 F2400 X132.634 Y131.301 E149.70284
G1 X132.061 Y131.469 E149.73561
G1 X131.515 Y131.584 E149.76623
G1 X130.982 Y131.649 E149.7957
G1 X130.467 Y131.673 E149.824
G1 X119.576 Y131.674 E150.42169
G1 X119.01 Y131.65 E150.45277
G1 X118.525 Y131.591 E150.47959
G1 X117.845 Y131.446 E150.51774
G1 X117.333 Y131.286 E150.54718
G1 X116.826 Y131.081 E150.57719
G1 X116.348 Y130.84 E150.60657
G1 X115.808 Y130.512 E150.64125
G1 X115.404 Y130.211 E150.66889
G1 X114.953 Y129.814 E150.70187
G1 X114.569 Y129.41 E150.73246
G1 X114.214 Y128.979 E150.7631
G1 X113.874 Y128.474 E150.79651
G1 X113.579 Y127.936 E150.83018
G1 X113.39 Y127.505 E150.85601
G1 X113.179 Y126.914 E150.89045
G1 F2382 X113.037 Y126.359 E150.92212
G1 F2329.4 X112.949 Y125.938 E150.94644
G1 F2350.1 X112.907 Y125.264 E150.98429
G1 F2403.6 X112.909 Y124.673 E151.01667
G1 F2357.1 X112.94 Y124.16 E151.04539
G1 F2250 X113.003 Y123.649 E151.07553
G1 F2285.7 X113.208 Y122.99 E151.1153
G1 F2400 X113.34 Y122.611 E151.13732
G1 X113.618 Y121.982 E151.17506
G1 X113.874 Y121.522 E151.20396
G1 X114.143 Y121.118 E151.23059
G1 X114.58 Y120.571 E151.26901
G1 X114.949 Y120.186 E151.29828
G1 X115.356 Y119.824 E151.32817
G1 X115.813 Y119.482 E151.3595
G1 X116.357 Y119.15 E151.39447
G1 X116.796 Y118.929 E151.42144
G1 X117.268 Y118.733 E151.44949
G1 X117.847 Y118.549 E151.48283
G1 X118.481 Y118.412 E151.51843
G1 X119.014 Y118.347 E151.5479
G1 X119.529 Y118.323 E151.57619
G1 X130.466 Y118.323 E152.1764
G1 X131.067 Y118.354 E152.20943
G1 X131.471 Y118.405 E152.23178
G1 X132.144 Y118.548 E152.26954
G1 X132.664 Y118.706 E152.29936
G1 X133.12 Y118.892 E152.32639
G1 X133.648 Y119.153 E152.35871
G1 X134.188 Y119.488 E152.39359
G1 X134.61 Y119.8 E152.42239
G1 X135.072 Y120.207 E152.45618
G1 X135.478 Y120.636 E152.48859
G1 X135.782 Y121.018 E152.51538
G1 X136.122 Y121.522 E152.54875
G1 X136.416 Y122.057 E152.58225
G1 X136.607 Y122.49 E152.60822
G1 X136.786 Y122.986 E152.63716
G1 F2285.7 X136.993 Y123.641 E152.67674
G1 F2237.3 X137.047 Y124.06 E152.70161
G1 F2353.6 X137.092 Y124.74 E152.73975
G1 F2407.3 X137.087 Y125.323 E152.77165
G1 F2357.1 X137.056 Y125.837 E152.80042
G1 F2253.2 X136.991 Y126.353 E152.83082
G1 F2289 X136.789 Y127.014 E152.87059
G1 F2400 X136.653 Y127.394 E152.89274
G1 X136.371 Y128.027 E152.93077
G1 X136.123 Y128.466 E152.95844
G1 X135.81 Y128.938 E152.98952
G1 X135.416 Y129.429 E153.02407
G1 X135.043 Y129.815 E153.05353
G1 X134.713 Y130.115 E153.078
G1 X134.661 Y130.155 E153.08161
G0 F2160 X134.224 Y130.488
G0 X133.704 Y130.81
G0 X133.283 Y131.029
G1 F1200 E152.58161
G0 F12000 X132.868 Y129.385
G0 X135.093 Y126.839
G0 X137.148 Y127.744
M204 S2500
;TYPE:SKIN
G1 F600 E153.08161
G1 F1200 X136.884 Y128.33 E153.11367
G1 X136.584 Y128.848 E153.14354
G1 X136.345 Y129.213 E153.1653
G1 X135.931 Y129.742 E153.19881
G1 X135.458 Y130.243 E153.23319
G1 X135.11 Y130.559 E153.25664
G1 X134.524 Y131.01 E153.29353
G1 X133.997 Y131.33 E153.32429
G1 X133.56 Y131.56 E153.34893
G1 X132.878 Y131.851 E153.38592
G1 X132.209 Y132.048 E153.42072
G1 X131.616 Y132.172 E153.45094
G1 X131.006 Y132.244 E153.48159
G1 X130.476 Y132.268 E153.50805
G1 X119.502 Y132.268 E154.05555
G1 X118.965 Y132.242 E154.08237
G1 X118.453 Y132.183 E154.10808
G1 X117.657 Y132.015 E154.14867
G1 X117.137 Y131.85 E154.17589
G1 X116.552 Y131.608 E154.20747
G1 X116.075 Y131.368 E154.23411
G1 X115.469 Y131.006 E154.26933
G1 X114.979 Y130.636 E154.29996
G1 X114.498 Y130.203 E154.33225
G1 X114.116 Y129.799 E154.35999
G1 X113.71 Y129.303 E154.39197
G1 X113.366 Y128.787 E154.42291
G1 X113.044 Y128.196 E154.45649
G1 X112.849 Y127.756 E154.4805
G1 X112.844 Y130.639 E154.62433
G1 X112.867 Y131.03 E154.64387
G1 X112.911 Y131.353 E154.66014
G1 X112.994 Y131.706 E154.67823
G1 X113.105 Y132.04 E154.69579
G1 X113.245 Y132.36 E154.71321
G1 X113.416 Y132.657 E154.73031
G1 X113.621 Y132.963 E154.74869
G1 X113.847 Y133.234 E154.76629
G1 X114.071 Y133.462 E154.78224
G1 X114.34 Y133.683 E154.79961
G1 X114.651 Y133.892 E154.8183
G1 X114.953 Y134.064 E154.83564
G1 X115.26 Y134.203 E154.85245
G1 X115.585 Y134.306 E154.86946
G1 X115.959 Y134.396 E154.88865
G1 X116.268 Y134.437 E154.9042
G1 X116.681 Y134.46 E154.92484
G1 X133.311 Y134.46 E155.75451
G1 X133.724 Y134.437 E155.77515
G1 X134.037 Y134.396 E155.7909
G1 X134.407 Y134.306 E155.8099
G1 X134.736 Y134.203 E155.8271
G1 X135.048 Y134.06 E155.84422
G1 X135.337 Y133.901 E155.86068
G1 X135.646 Y133.684 E155.87951
G1 X135.914 Y133.465 E155.89678
G1 X136.157 Y133.221 E155.91396
G1 X136.372 Y132.963 E155.93072
G1 X136.58 Y132.657 E155.94918
G1 X136.75 Y132.354 E155.96651
G1 X136.887 Y132.04 E155.9836
G1 X136.998 Y131.706 E156.00116
G1 X137.08 Y131.351 E156.01934
G1 X137.128 Y131.03 E156.03553
G1 X137.148 Y130.609 E156.05656
G1 X137.148 Y127.744 E156.19949
M204 S3500
G1 F1200 E155.69949
G0 F12000 X136.235 Y130.295
M204 S2500
G1 F600 E156.19949
G1 F1200 X136.377 Y130.144 E156.20983
G1 X136.548 Y129.927 E156.22362
G1 X136.548 Y130.593 E156.25685
G1 X136.547 Y130.608
G1 X136.235 Y130.295 E156.27889
G1 X135.905 Y130.646 E156.30293
G1 X135.818 Y130.726 E156.30883
G1 X136.461 Y131.37 E156.35423
G1 X136.421 Y131.54 E156.36294
G1 X136.331 Y131.812 E156.37723
G1 X136.247 Y132.005 E156.38774
G1 X135.364 Y131.121 E156.45007
G1 X134.884 Y131.49 E156.48028
G1 X135.934 Y132.54 E156.55436
G1 X135.709 Y132.821 E156.57232
G1 X135.538 Y132.992 E156.58439
G1 X134.358 Y131.812 E156.66764
G1 X133.805 Y132.108 E156.69893
G1 X135.06 Y133.362 E156.78745
G1 X134.771 Y133.528 E156.80407
G1 X134.497 Y133.648 E156.819
G1 X133.209 Y132.36 E156.90987
G1 X133.059 Y132.423 E156.91799
G1 X132.568 Y132.568 E156.94353
G1 X133.819 Y133.819 E157.0318
G1 X133.669 Y133.839 E157.03934
G1 X133.286 Y133.86 E157.05848
G1 X133.012 Y133.86 E157.07215
G1 X131.88 Y132.729 E157.15198
G1 X131.679 Y132.769 E157.16221
G1 X131.136 Y132.833 E157.18949
G1 X132.163 Y133.86 E157.26195
G1 X131.315 Y133.86 E157.30425
G1 X130.323 Y132.868 E157.37425
G1 X129.474 Y132.868 E157.4166
G1 X130.466 Y133.86 E157.48659
G1 X129.618 Y133.86 E157.5289
G1 X128.626 Y132.868 E157.59889
G1 X127.777 Y132.868 E157.64125
G1 X128.769 Y133.86 E157.71124
G1 X127.921 Y133.86 E157.75355
G1 X126.928 Y132.868 E157.82357
G1 X126.08 Y132.868 E157.86588
G1 X127.072 Y133.86 E157.93587
G1 X126.224 Y133.86 E157.97818
G1 X125.231 Y132.868 E158.0482
G1 X124.383 Y132.868 E158.09051
G1 X125.375 Y133.86 E158.1605
G1 X124.526 Y133.86 E158.20286
G1 X123.534 Y132.868 E158.27285
G1 X122.686 Y132.868 E158.31516
G1 X123.678 Y133.86 E158.38515
G1 X122.829 Y133.86 E158.4275
G1 X121.837 Y132.868 E158.49749
G1 X120.989 Y132.868 E158.5398
G1 X121.981 Y133.86 E158.60979
G1 X121.132 Y133.86 E158.65215
G1 X120.14 Y132.868 E158.72214
G1 X119.481 Y132.868 E158.75502
G1 X119.283 Y132.859 E158.76491
G1 X120.284 Y133.86 E158.83553
G1 X119.435 Y133.86 E158.87789
G1 X118.351 Y132.776 E158.95437
G1 X117.494 Y132.592 E158.9981
G1 X117.238 Y132.512 E159.01148
G1 X118.587 Y133.86 E159.10663
G1 X117.738 Y133.86 E159.14898
G1 X115.756 Y131.878 E159.28882
G1 X115.135 Y131.505 E159.32496
G1 X114.618 Y131.116 E159.35724
G1 X114.098 Y130.651 E159.39205
G1 X113.66 Y130.189 E159.42381
G1 X113.445 Y129.929 E159.44064
G1 X113.444 Y130.415 E159.46489
G1 X116.89 Y133.86 E159.70798
G1 X116.706 Y133.86 E159.71716
G1 X116.313 Y133.838 E159.7368
G1 X116.076 Y133.807 E159.74873
G1 X115.96 Y133.779 E159.75468
G1 X113.525 Y131.344 E159.92648
G1 X113.571 Y131.538
G1 X113.666 Y131.825 E159.94157
G1 X113.782 Y132.09 E159.956
G1 X113.943 Y132.368 E159.97202
G1 X114.102 Y132.605 E159.98626
G1 X114.283 Y132.821 E160.00032
G1 X114.483 Y133.023 E160.0145
G1 X114.698 Y133.201 E160.02843
G1 X114.964 Y133.38 E160.04443
G1 X115.231 Y133.532 E160.05975
G1 X115.471 Y133.639 E160.07286
G1 X115.745 Y133.727 E160.08722
G1 X115.96 Y133.779 E160.09826
M204 S3500
G1 F1200 E159.59826
G1 F1200 Z1.48
G0 F12000 X115.96 Y133.779 Z1.48
G0 X137.144 Y122.227
M204 S2500
G1 F1200 Z1.04
G1 F600 E160.09826
G1 F1200 X137.147 Y119.307 E160.24394
G1 X137.129 Y118.966 E160.26097
G1 X137.081 Y118.633 E160.27776
G1 X136.999 Y118.286 E160.29555
G1 X136.887 Y117.948 E160.31331
G1 X136.746 Y117.63 E160.33067
G1 X136.581 Y117.328 E160.34783
G1 X136.373 Y117.034 E160.3658
G1 X136.153 Y116.766 E160.3831
G1 X135.909 Y116.522 E160.40032
G1 X135.647 Y116.304 E160.41732
G1 X135.342 Y116.096 E160.43574
G1 X135.045 Y115.933 E160.45264
G1 X134.739 Y115.793 E160.46943
G1 X134.406 Y115.685 E160.48689
G1 X134.037 Y115.596 E160.50583
G1 X133.725 Y115.556 E160.52152
G1 X133.313 Y115.536 E160.5421
G1 X116.681 Y115.532 E161.37188
G1 X116.268 Y115.555 E161.39251
G1 X115.955 Y115.596 E161.40826
G1 X115.587 Y115.685 E161.42715
G1 X115.261 Y115.793 E161.44429
G1 X114.946 Y115.933 E161.46148
G1 X114.65 Y116.096 E161.47834
G1 X114.341 Y116.308 E161.49704
G1 X114.083 Y116.523 E161.51379
G1 X113.839 Y116.766 E161.53097
G1 X113.62 Y117.033 E161.5482
G1 X113.419 Y117.324 E161.56585
G1 X113.246 Y117.63 E161.58338
G1 X113.109 Y117.952 E161.60084
G1 X112.993 Y118.287 E161.61853
G1 X112.911 Y118.64 E161.63661
G1 X112.864 Y118.962 E161.65284
G1 X112.844 Y119.383 E161.67387
G1 X112.844 Y122.255 E161.81716
G1 X113.095 Y121.687 E161.84814
G1 X113.424 Y121.11 E161.88127
G1 X113.704 Y120.702 E161.90596
G1 X114.135 Y120.17 E161.94012
G1 X114.533 Y119.755 E161.96881
G1 X114.999 Y119.344 E161.99981
G1 X115.469 Y118.99 E162.02916
G1 X116.088 Y118.616 E162.06524
G1 X116.569 Y118.374 E162.09211
G1 X117.142 Y118.14 E162.12299
G1 X117.79 Y117.948 E162.1567
G1 X118.39 Y117.822 E162.18729
G1 X118.986 Y117.748 E162.21725
G1 X119.516 Y117.724 E162.24372
G1 X130.488 Y117.724 E162.79112
G1 X131.142 Y117.758 E162.82379
G1 X131.704 Y117.838 E162.85211
G1 X132.276 Y117.962 E162.88131
G1 X132.85 Y118.136 E162.91123
G1 X133.361 Y118.344 E162.93876
G1 X134.007 Y118.667 E162.97479
G1 X134.569 Y119.024 E163.00801
G1 X134.974 Y119.33 E163.03333
G1 X135.504 Y119.795 E163.06851
G1 X135.869 Y120.173 E163.09473
G1 X136.197 Y120.573 E163.12053
G1 X136.645 Y121.232 E163.16029
G1 X136.958 Y121.812 E163.19317
G1 X137.144 Y122.227 E163.21586
M204 S3500
G1 F1200 E162.71586
G0 F12000 X136.421 Y118.45
M204 S2500
G1 F600 E163.21586
G1 F1200 X136.326 Y118.163 E163.23094
G1 X136.209 Y117.898 E163.24539
G1 X136.071 Y117.647 E163.25968
G1 X135.902 Y117.407 E163.27433
G1 X135.699 Y117.162 E163.2902
G1 X135.507 Y116.968 E163.30382
G1 X135.283 Y116.782 E163.31834
G1 X135.031 Y116.609 E163.33359
G1 X134.772 Y116.468 E163.34831
G1 X134.517 Y116.352 E163.36228
G1 X134.253 Y116.266 E163.37614
G1 X134.031 Y116.212 E163.38753
G1 X136.469 Y118.65 E163.55955
M204 S3500
G1 F1200 E163.05955
G0 F12000 X134.031 Y116.212
M204 S2500
G1 F600 E163.55955
G1 F1200 X133.927 Y116.187 E163.56488
G1 X133.672 Y116.154 E163.57771
G1 X133.106 Y116.136 E163.60596
G1 X136.547 Y119.577 E163.84875
G1 X136.547 Y120.055 E163.87259
G1 X136.328 Y119.786 E163.8899
G1 X135.93 Y119.372 E163.91855
G1 X135.349 Y118.861 E163.95715
G1 X134.922 Y118.538 E163.98386
G1 X134.343 Y118.168 E164.01814
G1 X134.236 Y118.114 E164.02412
G1 X132.258 Y116.136 E164.16368
G1 X131.409 Y116.136 E164.20604
G1 X132.755 Y117.482 E164.30101
G1 X132.415 Y117.378 E164.31875
G1 X131.82 Y117.25 E164.34911
G1 X131.65 Y117.225 E164.35768
G1 X130.561 Y116.136 E164.43452
G1 X129.712 Y116.135 E164.47687
G1 X130.711 Y117.134 E164.54736
G1 X130.511 Y117.124 E164.55735
G1 X129.852 Y117.124 E164.59023
G1 X128.863 Y116.135 E164.66001
G1 X128.015 Y116.135 E164.70231
G1 X129.003 Y117.124 E164.77206
G1 X128.155 Y117.124 E164.81436
G1 X127.165 Y116.135 E164.88418
G1 X126.317 Y116.135 E164.92649
G1 X127.306 Y117.124 E164.99626
G1 X126.458 Y117.124 E165.03857
G1 X125.468 Y116.135 E165.10839
G1 X124.619 Y116.134 E165.15074
G1 X125.609 Y117.124 E165.22059
G1 X124.761 Y117.124 E165.2629
G1 X123.771 Y116.134 E165.33275
G1 X122.922 Y116.134 E165.37511
G1 X123.912 Y117.124 E165.44496
G1 X123.063 Y117.124 E165.48731
G1 X122.073 Y116.133 E165.5572
G1 X121.224 Y116.133 E165.59955
G1 X122.215 Y117.124 E165.66948
G1 X121.366 Y117.124 E165.71183
G1 X120.376 Y116.133 E165.78172
G1 X119.527 Y116.133 E165.82407
G1 X120.518 Y117.124 E165.89399
G1 X119.669 Y117.124 E165.93635
G1 X118.678 Y116.132 E166.00631
G1 X117.829 Y116.132 E166.04866
G1 X118.855 Y117.158 E166.12105
G1 X118.254 Y117.236 E166.15129
G1 X118.114 Y117.265 E166.15842
G1 X116.981 Y116.132 E166.23836
G1 X116.706 Y116.132 E166.25208
G1 X116.323 Y116.153 E166.27122
G1 X116.173 Y116.173 E166.27877
G1 X117.43 Y117.43 E166.36746
G1 X116.958 Y117.568 E166.39199
G1 X116.788 Y117.636 E166.40112
G1 X115.499 Y116.347 E166.49207
G1 X115.217 Y116.469 E166.5074
G1 X114.932 Y116.629 E166.52371
G1 X116.194 Y117.891 E166.61275
G1 X115.806 Y118.086 E166.63441
G1 X115.64 Y118.186 E166.64408
G1 X114.454 Y117 E166.72776
G1 X114.28 Y117.174 E166.74003
G1 X114.059 Y117.453 E166.75779
G1 X115.113 Y118.507 E166.83216
G1 X114.628 Y118.871 E166.86241
G1 X113.744 Y117.987 E166.92478
G1 X113.673 Y118.158 E166.93402
G1 X113.569 Y118.459 E166.94991
G1 X113.531 Y118.622 E166.95826
G1 X114.179 Y119.27 E167.00398
G1 X114.088 Y119.35 E167.01002
G1 X113.757 Y119.696 E167.03391
G1 X113.445 Y119.384 E167.05592
G1 X113.444 Y119.399
G1 X113.445 Y120.068 E167.0893
G1 X113.757 Y119.696 E167.11352
M204 S3500
G1 F1200 E166.61352
;MESH:NONMESH
G0 X113.757 Y119.696 Z1.24
G0 F12000 X115.79 Y121.703
G0 X131.681 Y129.86
G0 X131.906 Y130.62
;TIME_ELAPSED:136.635087
;LAYER:5
M106 S63.8
M204 S2500
;TYPE:WALL-OUTER
;MESH:new-rear-port-cover-v2.stl
G1 F600 E167.11352
G1 F2400 X131.361 Y130.738 E167.14413
G1 X130.97 Y130.788 E167.16576
G1 X130.419 Y130.814 E167.19603
G1 X119.56 Y130.81 E167.79196
G1 X119.029 Y130.784 E167.82114
G1 X118.622 Y130.735 E167.84364
G1 X118.094 Y130.62 E167.87329
G1 X117.589 Y130.463 E167.90231
G1 X117.212 Y130.312 E167.9246
G1 X116.73 Y130.069 E167.95423
G1 X116.29 Y129.796 E167.98264
G1 X115.961 Y129.554 E168.00506
G1 X115.553 Y129.197 E168.03481
G1 X115.193 Y128.821 E168.06338
G1 X114.919 Y128.483 E168.08725
G1 X114.622 Y128.047 E168.11621
G1 X114.363 Y127.574 E168.1458
G1 X114.202 Y127.218 E168.16724
G1 X114.012 Y126.694 E168.19783
G1 X113.882 Y126.18 E168.22693
G1 X113.815 Y125.781 E168.24913
G1 X113.767 Y125.293 E168.27604
G1 X113.767 Y124.725 E168.30721
G1 X113.802 Y124.307 E168.33023
G1 X113.888 Y123.776 E168.35975
G1 X114.016 Y123.284 E168.38765
G1 X114.157 Y122.891 E168.41057
G1 X114.379 Y122.387 E168.44079
G1 X114.634 Y121.93 E168.46951
G1 X114.868 Y121.587 E168.4923
G1 X115.18 Y121.191 E168.51996
G1 X115.545 Y120.807 E168.54904
G1 X115.852 Y120.533 E168.57162
G1 X116.308 Y120.185 E168.6031
G1 X116.736 Y119.925 E168.63058
G1 X117.094 Y119.741 E168.65267
G1 X117.614 Y119.524 E168.68359
G1 X118.124 Y119.368 E168.71286
G1 X118.635 Y119.262 E168.7415
G1 X119.055 Y119.206 E168.76476
G1 X119.575 Y119.186 E168.79331
G1 X130.436 Y119.182 E169.38936
G1 X130.97 Y119.208 E169.4187
G1 X131.372 Y119.26 E169.44094
G1 X131.872 Y119.364 E169.46897
G1 X132.408 Y119.533 E169.49981
G1 X132.779 Y119.684 E169.52179
G1 X133.265 Y119.926 E169.55159
G1 X133.726 Y120.211 E169.58133
G1 X134.045 Y120.45 E169.60321
G1 X134.441 Y120.794 E169.632
G1 X134.812 Y121.183 E169.6615
G1 X135.077 Y121.51 E169.68459
G1 X135.373 Y121.947 E169.71356
G1 X135.638 Y122.425 E169.74355
G1 X135.794 Y122.777 E169.76468
G1 X135.974 Y123.26 E169.79297
G1 X136.114 Y123.803 E169.82374
G1 X136.185 Y124.218 E169.84685
G1 X136.229 Y124.706 E169.87374
G1 X136.23 Y125.268 E169.90458
G1 X136.198 Y125.692 E169.92792
G1 X136.114 Y126.189 E169.95558
G1 X135.973 Y126.732 E169.98637
G1 X135.843 Y127.105 E170.00804
G1 X135.62 Y127.611 E170.03839
G1 X135.362 Y128.066 E170.0671
G1 X135.129 Y128.407 E170.08976
G1 X134.802 Y128.826 E170.11893
G1 X134.425 Y129.214 E170.14862
G1 X134.124 Y129.484 E170.17081
G1 X133.702 Y129.801 E170.19977
G1 X133.407 Y129.983 E170.2188
G0 F2160 X133.239 Y130.086
G0 X132.878 Y130.27
G0 X132.382 Y130.472
G0 X131.906 Y130.62
M204 S3500
G0 F12000 X131.361 Y130.738
G0 X130.97 Y130.788
G0 X130.419 Y130.814
G0 X126.923 Y130.813
G1 F1200 E169.7188
G1 F1200 Z1.68
G0 F12000 X126.923 Y130.813 Z1.68
G0 X134.745 Y135.522
M204 S2500
G1 F1200 Z1.24
G1 F600 E170.2188
G1 F2400 X135.192 Y135.375 E170.24462
G1 X135.608 Y135.188 E170.26965
G1 X136.009 Y134.967 E170.29478
G1 X136.404 Y134.692 E170.32119
G1 X136.765 Y134.395 E170.34685
G1 X137.083 Y134.077 E170.37153
G1 X137.384 Y133.717 E170.39728
G1 X137.647 Y133.329 E170.423
G1 X137.88 Y132.917 E170.44898
G1 X138.059 Y132.5 E170.47388
G1 X138.21 Y132.061 E170.49936
G1 X138.319 Y131.591 E170.52584
G1 X138.382 Y131.144 E170.55061
G1 X138.406 Y130.664 E170.57698
G1 X138.406 Y119.328 E171.1991
G1 X138.383 Y118.852 E171.22525
G1 X138.319 Y118.405 E171.25003
G1 X138.21 Y117.935 E171.27651
G1 X138.059 Y117.492 E171.30219
G1 X137.88 Y117.079 E171.32689
G1 X137.647 Y116.664 E171.35301
G1 X137.38 Y116.28 E171.37868
G1 X137.083 Y115.919 E171.40434
G1 X136.765 Y115.6 E171.42905
G1 X136.404 Y115.3 E171.45481
G1 X136.01 Y115.03 E171.48103
G1 X135.608 Y114.808 E171.50623
G1 X135.192 Y114.621 E171.53126
G1 X134.745 Y114.474 E171.55708
G1 X134.279 Y114.361 E171.5834
G1 X133.834 Y114.301 E171.60804
G1 X133.348 Y114.279 E171.63474
G1 X116.648 Y114.278 E172.55122
G1 X116.162 Y114.301 E172.57792
G1 X115.717 Y114.361 E172.60256
G1 X115.251 Y114.474 E172.62888
G1 X114.804 Y114.621 E172.6547
G1 X114.388 Y114.808 E172.67973
G1 X113.986 Y115.03 E172.70493
G1 X113.592 Y115.3 E172.73115
G1 X113.231 Y115.6 E172.75691
G1 X112.913 Y115.919 E172.78163
G1 X112.616 Y116.28 E172.80728
G1 X112.349 Y116.664 E172.83295
G1 X112.117 Y117.079 E172.85904
G1 X111.937 Y117.492 E172.88376
G1 X111.786 Y117.935 E172.90945
G1 X111.677 Y118.405 E172.93593
G1 X111.613 Y118.852 E172.96071
G1 X111.59 Y119.332 E172.98708
G1 X111.59 Y130.668 E173.60919
G1 X111.613 Y131.144 E173.63534
G1 X111.677 Y131.591 E173.66012
G1 X111.786 Y132.061 E173.6866
G1 X111.937 Y132.5 E173.71208
G1 X112.116 Y132.917 E173.73698
G1 X112.349 Y133.329 E173.76296
G1 X112.612 Y133.717 E173.78868
G1 X112.912 Y134.077 E173.8144
G1 X113.231 Y134.396 E173.83916
G1 X113.591 Y134.695 E173.86484
G1 X113.986 Y134.962 E173.89101
G1 X114.389 Y135.188 E173.91636
G1 X114.804 Y135.375 E173.94134
G1 X115.251 Y135.522 E173.96717
G1 X115.717 Y135.635 E173.99348
G1 X116.162 Y135.694 E174.01812
G1 X116.648 Y135.718 E174.04482
G1 X133.128 Y135.718 E174.94923
G0 F2160 X133.348 Y135.718
G0 X133.834 Y135.695
G0 X134.279 Y135.635
G0 X134.745 Y135.522
M204 S3500
G0 F12000 X135.192 Y135.375
G0 X135.608 Y135.188
G0 X136.009 Y134.967
G0 X136.404 Y134.692
G0 X136.765 Y134.395
G0 X137.083 Y134.077
G0 X137.384 Y133.717
G0 X137.647 Y133.329
G0 X137.88 Y132.917
G0 X138.059 Y132.5
G0 X138.173 Y132.167
G1 F1200 E174.44923
G0 F12000 X138.993 Y132.857
G0 X138.495 Y133.855
G0 X137.826 Y134.742
G0 X137.001 Y135.493
G0 X135.544 Y136.306
G0 X134.564 Y134.887
;TYPE:WALL-INNER
G1 F600 E174.94923
G1 F2400 X134.953 Y134.759 E174.9717
G1 X135.313 Y134.598 E174.99335
G1 X135.66 Y134.405 E175.01514
G1 X136.005 Y134.166 E175.03817
G1 X136.321 Y133.906 E175.06063
G1 X136.595 Y133.631 E175.08193
G1 X136.856 Y133.319 E175.10425
G1 X137.085 Y132.981 E175.12666
G1 X137.288 Y132.623 E175.14924
G1 X137.443 Y132.262 E175.1708
G1 X137.574 Y131.879 E175.19302
G1 X137.669 Y131.469 E175.21612
G1 X137.724 Y131.082 E175.23757
G1 X137.746 Y130.648 E175.26142
G1 F2392.7 X137.744 Y127.018 E175.46123
G1 F2129 X137.664 Y126.38 E175.50101
G1 F1982.5 X137.689 Y125.738 E175.54369
G1 F2062.5 X137.696 Y124.608 E175.61586
G1 F1997.5 X137.664 Y123.604 E175.68209
G1 F2117.6 X137.742 Y122.989 E175.72065
G1 F2382 X137.746 Y119.344 E175.9222
G1 F2400 X137.725 Y118.914 E175.94583
G1 X137.67 Y118.527 E175.96728
G1 X137.574 Y118.116 E175.99044
G1 X137.443 Y117.73 E176.01281
G1 X137.288 Y117.373 E176.03417
G1 X137.087 Y117.014 E176.05675
G1 X136.854 Y116.679 E176.07914
G1 X136.594 Y116.363 E176.1016
G1 X136.319 Y116.088 E176.12294
G1 X136.005 Y115.827 E176.14535
G1 X135.663 Y115.592 E176.16812
G1 X135.313 Y115.399 E176.19006
G1 X134.953 Y115.237 E176.21172
G1 X134.565 Y115.109 E176.23414
G1 X134.157 Y115.011 E176.25717
G1 X133.774 Y114.959 E176.27838
G1 X133.332 Y114.939 E176.30266
G1 X116.664 Y114.938 E177.21739
G1 X116.222 Y114.959 E177.24168
G1 X115.839 Y115.011 E177.26289
G1 X115.431 Y115.11 E177.28593
G1 X115.043 Y115.237 E177.30833
G1 X114.684 Y115.399 E177.32995
G1 X114.333 Y115.592 E177.35193
G1 X113.991 Y115.827 E177.3747
G1 X113.677 Y116.088 E177.39711
G1 X113.403 Y116.363 E177.41841
G1 X113.142 Y116.679 E177.44091
G1 X112.909 Y117.014 E177.4633
G1 X112.709 Y117.373 E177.48585
G1 X112.553 Y117.73 E177.50723
G1 X112.422 Y118.116 E177.5296
G1 X112.326 Y118.527 E177.55277
G1 X112.271 Y118.914 E177.57422
G1 X112.25 Y119.348 E177.59806
G1 X112.25 Y122.974 E177.79706
G1 F2134.8 X112.332 Y123.626 E177.8376
G1 F2000 X112.3 Y124.636 E177.90415
G1 F2078.7 X112.301 Y125.399 E177.95249
G1 F1997.5 X112.333 Y126.373 E178.01675
G1 F2123.3 X112.253 Y126.996 E178.05571
G1 F2385.5 X112.25 Y130.652 E178.25757
G1 F2400 X112.271 Y131.082 E178.28119
G1 X112.326 Y131.469 E178.30264
G1 X112.422 Y131.879 E178.32575
G1 X112.553 Y132.262 E178.34797
G1 X112.708 Y132.623 E178.36953
G1 X112.911 Y132.981 E178.39211
G1 X113.14 Y133.319 E178.41452
G1 X113.4 Y133.631 E178.43681
G1 X113.677 Y133.908 E178.4583
G1 X113.988 Y134.167 E178.48052
G1 X114.333 Y134.4 E178.50336
G1 X114.687 Y134.598 E178.52562
G1 X115.043 Y134.759 E178.54706
G1 X115.432 Y134.887 E178.56954
G1 X115.839 Y134.985 E178.59251
G1 X116.222 Y135.036 E178.61372
G1 X116.664 Y135.058 E178.638
G1 X132.944 Y135.058 E179.53144
G0 F2160 X133.332 Y135.058
G0 X133.774 Y135.037
G0 X134.157 Y134.985
G0 X134.564 Y134.887
G1 F1200 E179.03144
G1 F1200 Z1.68
G0 F12000 X134.564 Y134.887 Z1.68
G0 X133.128 Y130.88
G1 F1200 Z1.24
G1 F600 E179.53144
G1 F2400 X132.611 Y131.091 E179.56208
G1 X132.016 Y131.272 E179.59621
G1 X131.475 Y131.388 E179.62658
G1 X130.975 Y131.449 E179.65422
G1 X130.419 Y131.474 E179.68476
G1 X119.575 Y131.471 E180.27987
G1 X119.021 Y131.446 E180.31031
G1 X118.482 Y131.38 E180.34011
G1 X117.9 Y131.251 E180.37282
G1 X117.385 Y131.091 E180.40242
G1 X116.994 Y130.937 E180.42548
G1 X116.448 Y130.667 E180.45891
G1 X115.927 Y130.348 E180.49243
G1 X115.58 Y130.094 E180.51603
G1 X115.076 Y129.653 E180.55279
G1 X114.662 Y129.216 E180.58582
G1 X114.375 Y128.857 E180.61105
G1 X114.044 Y128.365 E180.64359
G1 X113.763 Y127.848 E180.67588
G1 X113.582 Y127.445 E180.70012
G1 F2385.5 X113.369 Y126.857 E180.73465
G1 F2129 X113.152 Y126.309 E180.77112
G1 F1960.4 X113.103 Y125.926 E180.79706
G1 F2036 X113.06 Y125.362 E180.83365
G1 F2078.7 X113.059 Y124.667 E180.87769
G1 F2051.8 X113.09 Y124.193 E180.90818
G1 F1970.1 X113.149 Y123.69 E180.94203
G1 F2134.8 X113.377 Y123.118 E180.98003
G1 F2400 X113.552 Y122.627 E181.00863
G1 X113.76 Y122.151 E181.03714
G1 X114.088 Y121.559 E181.07428
G1 X114.35 Y121.179 E181.09961
G1 X114.662 Y120.783 E181.12728
G1 X115.068 Y120.351 E181.15981
G1 X115.422 Y120.033 E181.18593
G1 X115.931 Y119.643 E181.22112
G1 X116.456 Y119.326 E181.25477
G1 X116.861 Y119.122 E181.27966
G1 X117.385 Y118.905 E181.31079
G1 X117.9 Y118.745 E181.34038
G1 X118.521 Y118.612 E181.37523
G1 X119.029 Y118.546 E181.40335
G1 X119.536 Y118.526 E181.43119
G1 X130.467 Y118.523 E182.03108
G1 X131.054 Y118.554 E182.06334
G1 X131.506 Y118.614 E182.08836
G1 X132.006 Y118.718 E182.11639
G1 X132.611 Y118.905 E182.15114
G1 X133.028 Y119.072 E182.17579
G1 X133.548 Y119.328 E182.2076
G1 X134.121 Y119.682 E182.24456
G1 X134.447 Y119.926 E182.26691
G1 X134.932 Y120.352 E182.30233
G1 X135.324 Y120.766 E182.33362
G1 X135.572 Y121.07 E182.35515
G1 X135.95 Y121.625 E182.392
G1 X136.241 Y122.156 E182.42523
G1 X136.412 Y122.547 E182.44865
G1 F2382 X136.628 Y123.129 E182.48298
G1 F2117.6 X136.845 Y123.675 E182.51952
G1 F1960.4 X136.896 Y124.066 E182.54602
G1 F2041.2 X136.936 Y124.642 E182.58327
G1 F2084.2 X136.938 Y125.318 E182.62599
G1 F2054.5 X136.909 Y125.812 E182.65772
G1 F1972.6 X136.846 Y126.312 E182.69136
G1 F2129 X136.621 Y126.875 E182.72887
G1 F2392.7 X136.447 Y127.369 E182.7577
G1 F2400 X136.24 Y127.845 E182.78619
G1 X135.908 Y128.437 E182.82344
G1 X135.651 Y128.811 E182.84834
G1 X135.276 Y129.285 E182.88151
G1 X134.883 Y129.69 E182.91248
G1 X134.587 Y129.957 E182.93436
G1 X134.511 Y130.014 E182.93957
G0 F2160 X134.049 Y130.363
G0 X133.543 Y130.673
G0 X133.128 Y130.88
G1 F1200 E182.43957
G0 F12000 X132.466 Y129.364
G0 X134.915 Y126.745
G0 X137.145 Y127.186
M204 S2500
;TYPE:SKIN
G1 F600 E182.93957
G1 F1200 X137.004 Y127.588 E182.96082
G1 X136.73 Y128.196 E182.99409
G1 X136.397 Y128.777 E183.0275
G1 X136.175 Y129.103 E183.04718
G1 X135.759 Y129.642 E183.08115
G1 X135.281 Y130.132 E183.1153
G1 X134.901 Y130.472 E183.14074
G1 X134.389 Y130.852 E183.17255
G1 X133.818 Y131.201 E183.20594
G1 X133.371 Y131.422 E183.23082
G1 X132.879 Y131.626 E183.25739
G1 X132.249 Y131.826 E183.29036
G1 X131.584 Y131.972 E183.32433
G1 X130.997 Y132.044 E183.35384
G1 X130.412 Y132.068 E183.38305
G1 X119.561 Y132.068 E183.92441
G1 X118.97 Y132.039 E183.95393
G1 X118.51 Y131.987 E183.97702
G1 X117.837 Y131.852 E184.01127
G1 X117.211 Y131.663 E184.04389
G1 X116.695 Y131.455 E184.07165
G1 X116.131 Y131.173 E184.10311
G1 X115.598 Y130.847 E184.13428
G1 X115.172 Y130.535 E184.16062
G1 X114.707 Y130.128 E184.19145
G1 X114.196 Y129.59 E184.22847
G1 X113.88 Y129.191 E184.25386
G1 X113.511 Y128.643 E184.28682
G1 X113.227 Y128.114 E184.31678
G1 X113.017 Y127.642 E184.34255
G1 X112.844 Y127.163 E184.36796
G1 X112.849 Y130.691 E184.54397
G1 X112.867 Y131.031 E184.56096
G1 X112.912 Y131.353 E184.57718
G1 X112.993 Y131.704 E184.59515
G1 X113.109 Y132.041 E184.61293
G1 X113.242 Y132.358 E184.63008
G1 X113.415 Y132.656 E184.64727
G1 X113.621 Y132.963 E184.66572
G1 X113.846 Y133.233 E184.68325
G1 X114.075 Y133.462 E184.69941
G1 X114.341 Y133.683 E184.71666
G1 X114.651 Y133.892 E184.73532
G1 X114.953 Y134.064 E184.75266
G1 X115.26 Y134.203 E184.76947
G1 X115.586 Y134.306 E184.78653
G1 X115.955 Y134.396 E184.80547
G1 X116.268 Y134.437 E184.82122
G1 X116.681 Y134.46 E184.84186
G1 X133.313 Y134.46 E185.67163
G1 X133.724 Y134.441 E185.69216
G1 X134.035 Y134.397 E185.70783
G1 X134.407 Y134.306 E185.72694
G1 X134.736 Y134.203 E185.74414
G1 X135.047 Y134.06 E185.76121
G1 X135.337 Y133.897 E185.77781
G1 X135.647 Y133.684 E185.79658
G1 X135.923 Y133.456 E185.81444
G1 X136.15 Y133.233 E185.83031
G1 X136.371 Y132.963 E185.84772
G1 X136.581 Y132.657 E185.86624
G1 X136.75 Y132.358 E185.88337
G1 X136.887 Y132.041 E185.9006
G1 X136.998 Y131.706 E185.91821
G1 X137.08 Y131.353 E185.93629
G1 X137.125 Y131.03 E185.95256
G1 X137.148 Y130.627 E185.97269
G1 X137.145 Y127.186 E186.14437
M204 S3500
G1 F1200 E185.64437
G0 F12000 X135.024 Y126.437
G0 X115.727 Y127.9
G0 X113.447 Y129.608
M204 S2500
G1 F600 E186.14437
G1 F1200 X113.448 Y130.079 E186.16787
G1 X113.655 Y129.872 E186.18247
G1 X113.448 Y130.079
G1 X113.449 Y130.66 E186.21146
G1 X113.463 Y130.913 E186.2241
G1 X114.058 Y130.318 E186.26608
G1 X114.294 Y130.564 E186.28309
G1 X114.49 Y130.735 E186.29606
G1 X113.602 Y131.623 E186.35872
G1 X113.672 Y131.829 E186.36957
G1 X113.782 Y132.095 E186.38393
G1 X113.855 Y132.218 E186.39107
G1 X114.956 Y131.117 E186.46875
G1 X115.277 Y131.354 E186.48866
G1 X115.458 Y131.464 E186.49922
G1 X114.201 Y132.72 E186.58788
G1 X114.293 Y132.831 E186.59507
G1 X114.481 Y133.019 E186.60833
G1 X114.628 Y133.143 E186.61793
G1 X115.996 Y131.774 E186.71448
G1 X116.415 Y131.986 E186.73791
G1 X116.57 Y132.049 E186.74626
G1 X115.139 Y133.48 E186.84722
G1 X115.231 Y133.532 E186.85249
G1 X115.471 Y133.639 E186.8656
G1 X115.741 Y133.727 E186.87977
G1 X117.187 Y132.281 E186.98179
G1 X117.678 Y132.43 E187.00739
G1 X117.851 Y132.464 E187.01619
G1 X116.468 Y133.848 E187.1138
G1 X116.706 Y133.86 E187.12569
G1 X117.304 Y133.86 E187.15553
G1 X118.567 Y132.597 E187.24464
G1 X118.912 Y132.636 E187.26196
G1 X119.355 Y132.658 E187.28409
G1 X118.153 Y133.86 E187.3689
G1 X119.001 Y133.86 E187.4112
G1 X120.193 Y132.668 E187.49531
G1 X121.042 Y132.668 E187.53766
G1 X119.85 Y133.86 E187.62176
G1 X120.698 Y133.86 E187.66407
G1 X121.89 Y132.668 E187.74817
G1 X122.739 Y132.668 E187.79053
G1 X121.547 Y133.86 E187.87463
G1 X122.395 Y133.86 E187.91694
G1 X123.587 Y132.668 E188.00104
G1 X124.436 Y132.668 E188.0434
G1 X123.244 Y133.86 E188.1275
G1 X124.092 Y133.86 E188.16981
G1 X125.284 Y132.668 E188.25391
G1 X126.133 Y132.668 E188.29627
G1 X124.941 Y133.86 E188.38037
G1 X125.789 Y133.86 E188.42267
G1 X126.982 Y132.668 E188.50681
G1 X127.83 Y132.668 E188.54912
G1 X126.638 Y133.86 E188.63322
G1 X127.486 Y133.86 E188.67553
G1 X128.679 Y132.668 E188.75966
G1 X129.527 Y132.668 E188.80197
G1 X128.335 Y133.86 E188.88607
G1 X129.183 Y133.86 E188.92838
G1 X130.376 Y132.668 E189.01252
G1 X131.034 Y132.643 E189.04537
G1 X131.279 Y132.613 E189.05768
G1 X130.032 Y133.86 E189.14567
G1 X130.881 Y133.86 E189.18802
G1 X132.315 Y132.426 E189.2892
G1 X132.392 Y132.409 E189.29313
G1 X133.097 Y132.185 E189.33004
G1 X133.624 Y131.965 E189.35853
G1 X131.729 Y133.86 E189.49223
G1 X132.578 Y133.86 E189.53459
G1 X136.547 Y129.891 E189.81462
G1 X136.548 Y130.603 E189.85015
G1 X136.539 Y130.747 E189.85734
G1 X133.432 Y133.854 E190.07656
G1 X133.672 Y133.842 E190.08855
G1 X133.926 Y133.806 E190.10135
G1 X134.242 Y133.729 E190.11757
G1 X134.48 Y133.654 E190.13002
G1 X136.333 Y131.802 E190.26073
G1 X136.214 Y132.087 E190.27613
G1 X136.072 Y132.339 E190.29057
G1 X135.889 Y132.605 E190.30667
G1 X135.71 Y132.824 E190.32079
G1 X135.52 Y133.01 E190.33405
G1 X135.279 Y133.209 E190.34964
G1 X135.021 Y133.386 E190.36525
G1 X134.773 Y133.527 E190.37949
G1 X134.52 Y133.642 E190.39335
M204 S3500
G1 F1200 E189.89335
G1 F1200 Z1.68
G0 F12000 X134.52 Y133.642 Z1.68
G0 X137.148 Y122.813
M204 S2500
G1 F1200 Z1.24
G1 F600 E190.39335
G1 F1200 X137.147 Y119.3 E190.56861
G1 X137.129 Y118.966 E190.5853
G1 X137.081 Y118.629 E190.60228
G1 X136.999 Y118.287 E190.61983
G1 X136.887 Y117.952 E190.63745
G1 X136.746 Y117.629 E190.65504
G1 X136.581 Y117.328 E190.67216
G1 X136.373 Y117.034 E190.69013
G1 X136.153 Y116.766 E190.70743
G1 X135.909 Y116.523 E190.72461
G1 X135.65 Y116.308 E190.7414
G1 X135.342 Y116.096 E190.76006
G1 X135.045 Y115.933 E190.77696
G1 X134.735 Y115.793 E190.79393
G1 X134.406 Y115.685 E190.8112
G1 X134.035 Y115.596 E190.83024
G1 X133.725 Y115.552 E190.84586
G1 X133.288 Y115.537 E190.86767
G1 X116.679 Y115.532 E191.6963
G1 X116.269 Y115.551 E191.71678
G1 X115.957 Y115.595 E191.7325
G1 X115.586 Y115.685 E191.75154
G1 X115.257 Y115.793 E191.76882
G1 X114.947 Y115.933 E191.78579
G1 X114.65 Y116.096 E191.80269
G1 X114.343 Y116.307 E191.82128
G1 X114.075 Y116.534 E191.8388
G1 X113.846 Y116.759 E191.85481
G1 X113.62 Y117.033 E191.87253
G1 X113.415 Y117.332 E191.89062
G1 X113.245 Y117.63 E191.90774
G1 X113.109 Y117.948 E191.92499
G1 X112.993 Y118.287 E191.94287
G1 X112.912 Y118.639 E191.96089
G1 X112.867 Y118.965 E191.97731
G1 X112.844 Y119.365 E191.9973
G1 X112.844 Y122.828 E192.17007
G1 X112.997 Y122.398 E192.19284
G1 X113.275 Y121.779 E192.22669
G1 X113.578 Y121.243 E192.25741
G1 X113.864 Y120.825 E192.28268
G1 X114.204 Y120.399 E192.30987
G1 X114.655 Y119.916 E192.34284
G1 X115.083 Y119.532 E192.37152
G1 X115.632 Y119.121 E192.40574
G1 X116.059 Y118.862 E192.43066
G1 X116.516 Y118.62 E192.45645
G1 X117.238 Y118.32 E192.49546
G1 X117.872 Y118.133 E192.52844
G1 X118.425 Y118.022 E192.55658
G1 X118.981 Y117.95 E192.58455
G1 X119.523 Y117.928 E192.61161
G1 X130.492 Y117.924 E193.15886
G1 X131.13 Y117.958 E193.19073
G1 X131.637 Y118.03 E193.21628
G1 X132.283 Y118.173 E193.24929
G1 X132.802 Y118.337 E193.27644
G1 X133.265 Y118.524 E193.30136
G1 X133.828 Y118.8 E193.33264
G1 X134.422 Y119.16 E193.36729
G1 X134.849 Y119.484 E193.39403
G1 X135.339 Y119.915 E193.42659
G1 X135.789 Y120.39 E193.45923
G1 X136.053 Y120.715 E193.48012
G1 X136.472 Y121.336 E193.5175
G1 X136.782 Y121.908 E193.54996
G1 X136.941 Y122.262 E193.56932
G1 X137.148 Y122.813 E193.59868
M204 S3500
G1 F1200 E193.09868
G1 F1200 Z1.68
G0 F12000 X137.148 Y122.813 Z1.68
G0 X115.133 Y116.515
M204 S2500
G1 F1200 Z1.24
G1 F600 E193.59868
G1 F1200 X113.828 Y117.82 E193.69076
G1 X113.784 Y117.897 E193.69518
G1 X113.67 Y118.164 E193.70967
G1 X113.57 Y118.455 E193.72502
G1 X113.503 Y118.748 E193.74001
G1 X113.464 Y119.033 E193.75436
G1 X116.348 Y116.149 E193.95785
G1 X116.7 Y116.132 E193.97543
G1 X117.214 Y116.132 E194.00107
G1 X113.445 Y119.901 E194.26699
G1 X113.445 Y120.39 E194.29139
G1 X113.757 Y119.998 E194.31639
G1 X114.206 Y119.516 E194.34925
G1 X114.692 Y119.077 E194.38192
G1 X115.292 Y118.626 E194.41937
G1 X115.77 Y118.336 E194.44726
G1 X115.957 Y118.237 E194.45782
G1 X118.062 Y116.132 E194.60634
G1 X118.911 Y116.132 E194.6487
G1 X117.391 Y117.651 E194.75591
G1 X117.739 Y117.548 E194.77401
G1 X118.311 Y117.431 E194.80314
G1 X118.481 Y117.409 E194.81169
G1 X119.758 Y116.132 E194.90179
G1 X120.607 Y116.132 E194.94415
G1 X119.406 Y117.333 E195.02889
G1 X120.26 Y117.328 E195.07149
G1 X121.455 Y116.133 E195.15581
G1 X122.303 Y116.133 E195.19811
G1 X121.108 Y117.328 E195.28243
G1 X121.958 Y117.327 E195.32483
G1 X123.152 Y116.133 E195.40908
G1 X124 Y116.134 E195.45138
G1 X122.806 Y117.327 E195.53559
G1 X123.655 Y117.327 E195.57795
G1 X124.848 Y116.134 E195.66212
G1 X125.697 Y116.134 E195.70448
G1 X124.504 Y117.327 E195.78865
G1 X125.353 Y117.326 E195.83101
G1 X126.545 Y116.135 E195.91507
G1 X127.393 Y116.135 E195.95738
G1 X126.202 Y117.326 E196.04141
G1 X127.051 Y117.325 E196.08377
G1 X128.242 Y116.135 E196.16777
G1 X129.089 Y116.135 E196.21002
G1 X127.899 Y117.325 E196.29398
G1 X128.749 Y117.325 E196.33639
G1 X129.938 Y116.135 E196.42032
G1 X130.786 Y116.135 E196.46262
G1 X129.597 Y117.325 E196.54655
G1 X130.446 Y117.325 E196.5889
G1 X131.634 Y116.136 E196.67276
G1 X132.483 Y116.136 E196.71512
G1 X131.25 Y117.369 E196.80211
G1 X131.755 Y117.442 E196.82757
G1 X131.976 Y117.491 E196.83886
G1 X133.329 Y116.138 E196.93432
G1 X133.674 Y116.151 E196.95155
G1 X133.919 Y116.185 E196.96389
G1 X134.09 Y116.226 E196.97266
G1 X132.654 Y117.662 E197.07398
G1 X133.004 Y117.771 E197.09227
G1 X133.28 Y117.884 E197.10715
G1 X134.72 Y116.444 E197.20875
G1 X135.03 Y116.61 E197.22629
G1 X135.251 Y116.762 E197.23967
G1 X133.863 Y118.15 E197.3376
G1 X134.108 Y118.269 E197.35119
G1 X134.409 Y118.452 E197.36877
G1 X135.699 Y117.162 E197.45978
G1 X135.902 Y117.407 E197.47566
G1 X136.067 Y117.643 E197.49002
G1 X134.922 Y118.788 E197.57081
G1 X135.22 Y119.012 E197.58941
G1 X135.393 Y119.165 E197.60093
G1 X136.342 Y118.216 E197.66789
G1 X136.421 Y118.454 E197.6804
G1 X136.492 Y118.745 E197.69534
G1 X136.512 Y118.895 E197.70289
G1 X135.837 Y119.57 E197.75052
G1 X136.25 Y120.005 E197.78044
G1 X136.548 Y119.708 E197.80143
G1 X136.548 Y120.374 E197.83466
M204 S3500
G1 F1200 E197.33466
;MESH:NONMESH
G0 X136.548 Y120.374 Z1.44
G0 F12000 X137.479 Y123.773
;TIME_ELAPSED:161.190914
;LAYER:6
;note -- min layer time used
M106 S76.5
M204 S2500
;TYPE:WALL-OUTER
;MESH:new-rear-port-cover-v2.stl
G1 F600 E197.83466
G1 F1448 X137.247 Y123.79 E197.84742
G1 X137.036 Y123.661 E197.861
G1 X136.795 Y122.834 E197.90827
G1 X136.593 Y122.309 E197.93914
G1 X136.349 Y121.813 E197.96948
G1 X136.071 Y121.34 E197.99958
G1 X135.725 Y120.858 E198.03215
G1 X135.383 Y120.451 E198.06132
G1 X134.999 Y120.063 E198.09128
G1 X134.573 Y119.701 E198.12196
G1 X134.087 Y119.359 E198.15457
G1 X133.633 Y119.082 E198.18376
G1 X133.143 Y118.843 E198.21368
G1 X132.612 Y118.637 E198.24493
G1 X132.082 Y118.477 E198.27532
G1 X131.536 Y118.362 E198.30594
G1 X130.987 Y118.294 E198.3363
G1 X130.399 Y118.267 E198.3686
G1 X119.554 Y118.271 E198.96377
G1 X119.039 Y118.292 E198.99205
G1 X118.471 Y118.359 E199.02344
G1 X117.926 Y118.476 E199.05403
G1 X117.395 Y118.633 E199.08442
G1 X116.865 Y118.839 E199.11562
G1 X116.374 Y119.079 E199.14562
G1 X115.893 Y119.369 E199.17644
G1 X115.431 Y119.698 E199.20757
G1 X115.005 Y120.059 E199.23821
G1 X114.62 Y120.448 E199.26825
G1 X114.257 Y120.876 E199.29904
G1 X113.929 Y121.333 E199.32991
G1 X113.643 Y121.813 E199.36058
G1 X113.372 Y122.377 E199.39492
G1 X113.377 Y122.384 E199.39539
G1 X113.202 Y122.835 E199.42194
G1 X113.045 Y123.373 E199.45269
G1 X113 Y123.572 E199.46389
G1 X112.9 Y123.714 E199.47342
G1 X112.753 Y123.793 E199.48258
G1 X112.523 Y123.777 E199.49523
G1 F1456.8 X112.231 Y123.504 E199.51704
G1 F1472.5 X112.229 Y119.308 E199.74347
G1 F1479.4 X112.249 Y118.896 E199.76563
G1 F1484 X112.325 Y118.409 E199.79202
G1 F1486.3 X112.447 Y117.959 E199.81695
G1 X112.608 Y117.532 E199.84135
G1 F1488.6 X112.823 Y117.108 E199.86673
G1 X113.069 Y116.735 E199.89058
G1 F1484 X113.373 Y116.358 E199.91651
G1 X113.696 Y116.038 E199.94086
G1 X114.049 Y115.754 E199.96512
G1 F1486.3 X114.44 Y115.502 E199.98999
G1 X114.854 Y115.291 E200.01484
G1 X115.285 Y115.129 E200.03946
G1 X115.712 Y115.015 E200.06308
G1 F1484 X116.186 Y114.938 E200.0888
G1 X116.655 Y114.914 E200.11395
G1 X133.372 Y114.914 E201.00912
G1 X133.788 Y114.934 E201.03142
G1 X134.276 Y115.013 E201.0579
G1 F1488.6 X134.708 Y115.129 E201.08177
G1 X135.153 Y115.297 E201.10717
G1 X135.543 Y115.494 E201.13049
G1 F1490.9 X135.934 Y115.743 E201.1552
G1 F1486.3 X136.325 Y116.06 E201.18211
G1 F1481.7 X136.617 Y116.353 E201.2043
G1 F1484 X136.929 Y116.737 E201.23079
G1 F1488.6 X137.186 Y117.134 E201.25604
G1 X137.383 Y117.519 E201.27912
G1 X137.555 Y117.972 E201.30499
G1 X137.669 Y118.399 E201.32858
G1 X137.743 Y118.846 E201.35277
G1 F1486.3 X137.77 Y119.335 E201.37895
G1 F1479.4 X137.769 Y122.262 E201.53618
G0 F2160 X137.768 Y123.5
G0 X137.479 Y123.773
M204 S3500
G0 F12000 X137.247 Y123.79
G0 X137.036 Y123.661
G0 X136.795 Y122.834
G0 X136.593 Y122.309
G0 X136.349 Y121.813
G0 X136.071 Y121.34
G0 X135.725 Y120.858
G0 X135.383 Y120.451
G0 X134.999 Y120.063
G0 X134.753 Y119.854
G1 F1200 E201.03618
G1 F1200 Z1.88
G0 F12000 X134.753 Y119.854 Z1.88
G0 X137.473 Y126.227
M204 S2500
G1 F1200 Z1.44
G1 F600 E201.53618
G1 F1463.5 X137.767 Y126.556 E201.56013
G1 F1479.4 X137.766 Y130.688 E201.78209
G1 F1484 X137.743 Y131.133 E201.80595
G1 F1486.3 X137.671 Y131.587 E201.83052
G1 F1488.6 X137.55 Y132.036 E201.85535
G1 X137.394 Y132.451 E201.87901
G1 X137.179 Y132.87 E201.90415
G1 F1484 X136.924 Y133.265 E201.92933
G1 X136.63 Y133.631 E201.95447
G1 X136.332 Y133.932 E201.97715
G1 F1488.6 X135.945 Y134.241 E202.00359
G1 X135.55 Y134.498 E202.02874
G1 X135.142 Y134.705 E202.05317
G1 F1486.3 X134.711 Y134.867 E202.07778
G1 F1484 X134.284 Y134.981 E202.10145
G1 X133.81 Y135.058 E202.12717
G1 F1481.7 X133.341 Y135.082 E202.15235
G1 X116.627 Y135.078 E203.04876
G1 F1484 X116.207 Y135.062 E203.07126
G1 X115.721 Y134.983 E203.09763
G1 X115.271 Y134.862 E203.12258
G1 X114.843 Y134.699 E203.14711
G1 F1488.6 X114.426 Y134.486 E203.1721
G1 X114.049 Y134.242 E203.19608
G1 F1484 X113.685 Y133.946 E203.2212
G1 F1481.7 X113.373 Y133.638 E203.24471
G1 F1484 X113.086 Y133.288 E203.26895
G1 F1486.3 X112.831 Y132.9 E203.29377
G1 F1488.6 X112.608 Y132.46 E203.32011
G1 X112.448 Y132.044 E203.3439
G1 X112.327 Y131.597 E203.36862
G1 F1484 X112.253 Y131.146 E203.39309
G1 F1481.7 X112.229 Y130.661 E203.41914
G1 F1479.4 X112.226 Y126.549 E203.64001
G1 F1465.8 X112.519 Y126.219 E203.66394
G1 F1448 X112.76 Y126.202 E203.6772
G1 X112.979 Y126.335 E203.69126
G1 X113.041 Y126.613 E203.70689
G1 X113.197 Y127.153 E203.73774
G1 X113.376 Y127.612 E203.76477
G1 X113.371 Y127.618 E203.7652
G1 X113.64 Y128.171 E203.79895
G1 X113.925 Y128.651 E203.82959
G1 X114.249 Y129.11 E203.86042
G1 X114.62 Y129.549 E203.89196
G1 X114.997 Y129.93 E203.92138
G1 X115.424 Y130.295 E203.95221
G1 X115.889 Y130.627 E203.98356
G1 X116.362 Y130.91 E204.01381
G1 X116.854 Y131.153 E204.04392
G1 X117.383 Y131.359 E204.07508
G1 X117.927 Y131.52 E204.10621
G1 X118.46 Y131.634 E204.13613
G1 X119.009 Y131.702 E204.16648
G1 X119.597 Y131.73 E204.19879
G1 X130.445 Y131.729 E204.79412
G1 X130.984 Y131.703 E204.82373
G1 X131.526 Y131.638 E204.85369
G1 X132.074 Y131.524 E204.88441
G1 X132.607 Y131.364 E204.91495
G1 X133.149 Y131.149 E204.94695
G1 X133.626 Y130.917 E204.97606
G1 X134.115 Y130.621 E205.00743
G1 X134.565 Y130.303 E205.03767
G1 X134.983 Y129.945 E205.06787
G1 X135.357 Y129.572 E205.09686
G1 X135.747 Y129.113 E205.12991
G1 X136.067 Y128.659 E205.16039
G1 X136.345 Y128.194 E205.19013
G1 X136.589 Y127.695 E205.22061
G1 X136.684 Y127.449 E205.23508
G0 F2160 X136.795 Y127.162
G0 X136.952 Y126.626
G0 X136.999 Y126.426
G0 X137.102 Y126.285
G0 X137.243 Y126.211
G0 X137.473 Y126.227
M204 S3500
G0 F12000 X137.767 Y126.556
G0 X137.766 Y130.688
G0 X137.744 Y131.114
G1 F1200 E204.73508
G1 F1200 Z1.88
G0 F12000 X137.744 Y131.114 Z1.88
G0 X131.815 Y130.436
M204 S2500
G1 F1200 Z1.44
G1 F600 E205.23508
G1 F1448 X131.309 Y130.54 E205.26343
G1 X130.956 Y130.588 E205.28298
G1 X130.399 Y130.614 E205.31358
G1 X119.56 Y130.61 E205.90842
G1 X119.033 Y130.584 E205.93737
G1 X118.664 Y130.535 E205.9578
G1 X118.178 Y130.436 E205.98502
G1 X117.673 Y130.28 E206.01403
G1 X117.3 Y130.128 E206.03613
G1 X116.835 Y129.894 E206.0647
G1 X116.403 Y129.63 E206.09248
G1 X116.104 Y129.412 E206.11279
G1 X115.693 Y129.053 E206.14274
G1 X115.324 Y128.665 E206.17213
G1 X115.096 Y128.384 E206.19198
G1 X114.8 Y127.954 E206.22063
G1 X114.55 Y127.499 E206.24912
G1 X114.396 Y127.166 E206.26926
G1 X114.204 Y126.638 E206.30009
G1 X114.078 Y126.143 E206.32812
G1 X114.015 Y125.765 E206.34915
G1 X113.967 Y125.29 E206.37535
G1 X113.966 Y124.756 E206.40466
G1 X113.994 Y124.37 E206.4259
G1 X114.078 Y123.855 E206.45453
G1 X114.216 Y123.318 E206.48496
G1 X114.337 Y122.975 E206.50492
G1 X114.546 Y122.5 E206.5334
G1 X114.805 Y122.036 E206.56256
G1 X115.011 Y121.727 E206.58294
G1 X115.328 Y121.322 E206.61117
G1 X115.697 Y120.939 E206.64036
G1 X115.982 Y120.686 E206.66127
G1 X116.388 Y120.374 E206.68937
G1 X116.833 Y120.097 E206.71814
G1 X117.16 Y119.932 E206.73824
G1 X117.652 Y119.724 E206.76755
G1 X118.154 Y119.567 E206.79642
G1 X118.669 Y119.459 E206.82529
G1 X119.033 Y119.412 E206.84544
G1 X119.594 Y119.386 E206.87626
G1 X130.42 Y119.385 E207.47038
G1 X130.959 Y119.412 E207.5
G1 X131.33 Y119.457 E207.52051
G1 X131.851 Y119.568 E207.54974
G1 X132.349 Y119.725 E207.57839
G1 X132.686 Y119.864 E207.5984
G1 X133.171 Y120.103 E207.62807
G1 X133.616 Y120.381 E207.65687
G1 X133.893 Y120.585 E207.67575
G1 X134.284 Y120.921 E207.70404
G1 X134.673 Y121.331 E207.73506
G1 X134.901 Y121.613 E207.75496
G1 X135.193 Y122.04 E207.78335
G1 X135.457 Y122.515 E207.81317
G1 X135.597 Y122.823 E207.83174
G1 X135.792 Y123.358 E207.86299
G1 X135.918 Y123.852 E207.89096
G1 X135.981 Y124.227 E207.91183
G1 X136.029 Y124.707 E207.93831
G1 X136.029 Y125.28 E207.96975
G1 X135.999 Y125.641 E207.98963
G1 X135.918 Y126.137 E208.01721
G1 X135.78 Y126.678 E208.04785
G1 X135.659 Y127.022 E208.06786
G1 X135.45 Y127.498 E208.09639
G1 X135.2 Y127.946 E208.12455
G1 X134.987 Y128.263 E208.14551
G1 X134.668 Y128.67 E208.17389
G1 X134.302 Y129.058 E208.20316
G1 X133.903 Y129.4 E208.232
G1 X133.611 Y129.623 E208.25216
G1 X133.317 Y129.803 E208.27108
G0 F2160 X133.161 Y129.898
G0 X132.815 Y130.078
G0 X132.346 Y130.272
G0 X131.815 Y130.436
M204 S3500
G0 F12000 X131.309 Y130.54
G0 X130.956 Y130.588
G0 X130.399 Y130.614
G0 X126.83 Y130.613
G1 F1200 E207.77108
G1 F1200 Z1.88
G0 F12000 X126.83 Y130.613 Z1.88
G0 X134.759 Y135.525
M204 S2500
G1 F1200 Z1.44
G1 F600 E208.27108
G1 F1474.8 X135.209 Y135.375 E208.29664
G1 X135.622 Y135.189 E208.32104
G1 F1479.4 X136.013 Y134.973 E208.34504
G1 X136.419 Y134.69 E208.37162
G1 F1484 X136.782 Y134.391 E208.39681
G1 X137.106 Y134.063 E208.42149
G1 F1479.4 X137.389 Y133.721 E208.44534
G1 F1477.1 X137.653 Y133.333 E208.47059
G1 F1474.8 X137.885 Y132.92 E208.49611
G1 F1477.1 X138.07 Y132.492 E208.52119
G1 F1479.4 X138.216 Y132.063 E208.54554
G1 X138.328 Y131.579 E208.57222
G1 F1481.7 X138.391 Y131.131 E208.59648
G1 F1479.4 X138.413 Y130.657 E208.62197
G1 F1463.5 X138.406 Y124.617 E208.94993
G1 F1465.8 X138.414 Y123.444 E209.01352
G1 F1484 X138.414 Y119.335 E209.23355
G1 F1481.7 X138.39 Y118.851 E209.25954
G1 F1479.4 X138.326 Y118.404 E209.2838
G1 X138.216 Y117.933 E209.30978
G1 F1477.1 X138.061 Y117.477 E209.33569
G1 X137.886 Y117.076 E209.35923
G1 X137.653 Y116.66 E209.38488
G1 F1479.4 X137.379 Y116.265 E209.4107
G1 F1484 X137.089 Y115.913 E209.43513
G1 F1481.7 X136.755 Y115.581 E209.46038
G1 X136.409 Y115.294 E209.48449
G1 F1479.4 X136.014 Y115.024 E209.51019
G1 X135.6 Y114.797 E209.53555
G1 F1474.8 X135.194 Y114.615 E209.55953
G1 X134.735 Y114.465 E209.58555
G1 F1479.4 X134.28 Y114.355 E209.61069
G1 X133.819 Y114.292 E209.63568
G1 F1484 X133.341 Y114.27 E209.66131
G1 X116.591 Y114.272 E210.55825
G1 X116.176 Y114.292 E210.5805
G1 F1479.4 X115.716 Y114.355 E210.60544
G1 F1474.8 X115.237 Y114.471 E210.63199
G1 X114.787 Y114.621 E210.65755
G1 X114.374 Y114.808 E210.68198
G1 F1477.1 X113.97 Y115.032 E210.70683
G1 F1479.4 X113.576 Y115.303 E210.73252
G1 F1481.7 X113.226 Y115.595 E210.75696
G1 X112.907 Y115.913 E210.78112
G1 X112.603 Y116.285 E210.80689
G1 F1479.4 X112.342 Y116.66 E210.83143
G1 F1477.1 X112.11 Y117.076 E210.85705
G1 F1474.8 X111.93 Y117.489 E210.88133
G1 F1477.1 X111.776 Y117.949 E210.90743
G1 F1479.4 X111.668 Y118.417 E210.93322
G1 X111.605 Y118.865 E210.95753
G1 X111.583 Y119.339 E210.98301
G1 F1463.5 X111.591 Y125.366 E211.31026
G1 F1465.8 X111.582 Y126.549 E211.3744
G1 F1479.4 X111.585 Y130.72 E211.59845
G1 X111.606 Y131.145 E211.6213
G1 X111.67 Y131.592 E211.64556
G1 F1474.8 X111.78 Y132.063 E211.67162
G1 X111.934 Y132.514 E211.6973
G1 X112.111 Y132.92 E211.72116
G1 F1479.4 X112.35 Y133.345 E211.74735
G1 X112.606 Y133.721 E211.77179
G1 X112.908 Y134.083 E211.79711
G1 X113.226 Y134.401 E211.82127
G1 F1477.1 X113.587 Y134.701 E211.84652
G1 F1479.4 X113.982 Y134.969 E211.87216
G1 F1481.7 X114.386 Y135.195 E211.89699
G1 F1479.4 X114.802 Y135.381 E211.92146
G1 X115.261 Y135.531 E211.9474
G1 X115.716 Y135.641 E211.97255
G1 F1484 X116.183 Y135.704 E211.99778
G1 X116.655 Y135.725 E212.02308
G1 F1479.4 X133.142 Y135.726 E212.90868
G0 F2160 X133.355 Y135.726
G0 X133.848 Y135.701
G0 X134.28 Y135.641
G0 X134.759 Y135.525
M204 S3500
G0 F12000 X135.209 Y135.375
G0 X135.622 Y135.189
G0 X136.013 Y134.973
G0 X136.419 Y134.69
G0 X136.782 Y134.391
G0 X137.106 Y134.063
G0 X137.389 Y133.721
G0 X137.653 Y133.333
G0 X137.885 Y132.92
G0 X138.07 Y132.492
G0 X138.181 Y132.164
G1 F1200 E212.40868
G1 F1200 Z1.88
G0 F12000 X138.181 Y132.164 Z1.88
G0 X136.474 Y126.226
;TYPE:WALL-INNER
G1 F1200 Z1.44
G1 F600 E212.90868
G1 F2086.6 X136.318 Y126.816 E212.93192
G1 F2123.7 X136.183 Y127.207 E212.9474
G1 F2095.8 X136.074 Y127.471 E212.95823
G1 F2068.6 X135.852 Y127.927 E212.97771
G1 F2095.8 X135.677 Y128.23 E212.99098
G1 F2119 X135.441 Y128.583 E213.0069
G1 F2086.6 X135.303 Y128.769 E213.01572
G1 F2091.2 X135.091 Y129.029 E213.02847
G1 F2100.4 X134.945 Y129.192 E213.03675
G1 F2082.1 X134.604 Y129.535 E213.05521
G1 F2077.5 X134.221 Y129.86 E213.07442
G1 F2109.6 X133.93 Y130.075 E213.08805
G1 F2119 X133.359 Y130.426 E213.11319
G1 F2100.4 X133.027 Y130.591 E213.12721
G1 F2091.2 X132.424 Y130.834 E213.15192
G1 F2077.5 X131.928 Y130.983 E213.17173
G1 X131.436 Y131.085 E213.19095
G1 F2082.1 X130.938 Y131.147 E213.2101
G1 F2091.2 X130.399 Y131.172 E213.2306
G1 F2086.6 X119.576 Y131.17 E213.64277
G1 F2095.8 X119.033 Y131.143 E213.66339
G1 X118.553 Y131.082 E213.68173
G1 X118.067 Y130.981 E213.70055
G1 F2100.4 X117.563 Y130.83 E213.72046
G1 F2091.2 X117.079 Y130.641 E213.7402
G1 F2086.6 X116.61 Y130.407 E213.76017
G1 F2082.1 X116.195 Y130.158 E213.77864
G1 F2086.6 X115.768 Y129.856 E213.79855
G1 F2091.2 X115.378 Y129.521 E213.81809
G1 F2082.1 X115.033 Y129.171 E213.83685
G1 F2086.6 X114.69 Y128.769 E213.85697
G1 F2091.2 X114.393 Y128.347 E213.87658
G1 F2077.5 X114.134 Y127.905 E213.89618
G1 F2073 X114.07 Y127.773 E213.9018
G0 F2160 X113.911 Y127.45
G0 X113.728 Y126.973
G0 X113.673 Y126.802
G0 X113.526 Y126.236
G0 F12000 X113.238 Y125.626
G1 F1113.8 X113.207 Y125.256 E213.92829
G1 X113.21 Y124.671 E213.97002
G1 X113.231 Y124.392 E213.98999
G1 X112.97 Y124.518 E214.01066
G1 X112.753 Y124.547 E214.02628
G1 X112.456 Y124.534 E214.04749
G1 X112.35 Y124.435 E214.05784
G1 X112.35 Y125.578 E214.13938
G1 X112.455 Y125.462 E214.15055
G1 X112.753 Y125.449 E214.17183
G1 X113.005 Y125.484 E214.18998
G1 X113.238 Y125.626 E214.20944
G1 F1200 E213.70944
G0 F12000 X113.525 Y123.767
G1 F600 E214.20944
G1 F2068.6 X113.527 Y123.76 E214.20972
G1 F2100.4 X113.678 Y123.181 E214.23236
G1 F2119 X113.815 Y122.786 E214.24804
G1 F2114.3 X114.045 Y122.26 E214.26962
G1 F2086.6 X114.138 Y122.078 E214.2774
G1 F2068.6 X114.397 Y121.64 E214.29695
G1 F2082.1 X114.698 Y121.22 E214.31667
G1 F2105 X114.905 Y120.964 E214.3291
G1 X115.385 Y120.469 E214.35513
G1 F2082.1 X115.775 Y120.14 E214.3746
G1 F2086.6 X116.199 Y119.835 E214.39449
G1 F2095.8 X116.641 Y119.569 E214.41405
G1 F2077.5 X117.089 Y119.353 E214.43307
G1 F2068.6 X117.575 Y119.162 E214.45313
G1 F2091.2 X118.064 Y119.016 E214.47253
G1 F2095.8 X118.563 Y118.911 E214.49186
G1 F2086.6 X119.062 Y118.851 E214.511
G1 F2091.2 X119.594 Y118.828 E214.53124
G1 F2095.8 X130.42 Y118.826 E214.94172
G1 X130.963 Y118.853 E214.96234
G1 F2100.4 X131.444 Y118.912 E214.98067
G1 F2105 X131.944 Y119.017 E214.99996
G1 F2100.4 X132.43 Y119.165 E215.01918
G1 F2086.6 X132.932 Y119.362 E215.03971
G1 F2077.5 X133.364 Y119.573 E215.0581
G1 F2086.6 X133.796 Y119.835 E215.07734
G1 F2095.8 X134.231 Y120.142 E215.09753
G1 F2100.4 X134.648 Y120.499 E215.1183
G1 F2091.2 X134.969 Y120.828 E215.13577
G1 F2086.6 X135.297 Y121.216 E215.15512
G1 X135.601 Y121.645 E215.17514
G1 F2073 X135.856 Y122.079 E215.19443
G1 X135.926 Y122.22 E215.20047
G0 F2160 X136.08 Y122.533
G0 X136.264 Y123.013
G0 X136.476 Y123.757
G0 F12000 X136.757 Y124.358
G1 F1113.8 X136.789 Y124.74 E215.22782
G1 X136.789 Y125.252 E215.26434
G1 X136.763 Y125.611 E215.29002
G1 X137.018 Y125.487 E215.31025
G1 X137.243 Y125.457 E215.32645
G1 X137.54 Y125.471 E215.34766
G1 X137.647 Y125.589 E215.35902
G1 X137.647 Y124.439 E215.44107
G1 X137.55 Y124.529 E215.45051
G1 X137.246 Y124.543 E215.47222
G1 X136.998 Y124.506 E215.49011
G1 X136.757 Y124.358 E215.51029
G1 F1200 E215.01029
G0 F12000 X135.015 Y124.527
G0 X115.054 Y124.059
G0 X113.527 Y123.76
G1 F600 E215.51029
G1 F2068.6 X113.525 Y123.767 E215.51057
G1 F1200 E215.01057
G1 F1200 Z1.88
;MESH:NONMESH
G0 F12000 X113.525 Y123.767 Z1.88
G0 X134.256 Y134.937
;TIME_ELAPSED:176.805563
;LAYER:7
;note -- min layer time used
;MESH:new-rear-port-cover-v2.stl
G0 X134.256 Y134.937 Z2.08
M204 S2500
;TYPE:WALL-OUTER
G1 F1200 Z1.64
G1 F600 E215.51057
G1 F1371.2 X133.804 Y135.01 E215.53691
G1 F1369.2 X133.34 Y135.034 E215.56368
G1 X116.624 Y135.03 E216.52691
G1 F1371.2 X116.164 Y135.007 E216.55341
G1 X115.706 Y134.93 E216.58014
G1 F1375.2 X115.271 Y134.812 E216.606
G1 X114.911 Y134.676 E216.62808
G1 F1373.2 X114.492 Y134.466 E216.65501
G1 X114.117 Y134.229 E216.68049
G1 F1371.2 X113.734 Y133.925 E216.70863
G1 F1367.2 X113.417 Y133.615 E216.73422
G1 F1369.2 X113.139 Y133.275 E216.75952
G1 F1373.2 X112.866 Y132.864 E216.78787
G1 F1375.2 X112.664 Y132.465 E216.81353
G1 F1371.2 X112.496 Y132.034 E216.84015
G1 X112.371 Y131.569 E216.86785
G1 X112.297 Y131.098 E216.89529
G1 F1367.2 X112.277 Y130.66 E216.92059
G1 F1369.2 X112.278 Y119.308 E217.57473
G1 X112.301 Y118.88 E217.59943
G1 F1371.2 X112.375 Y118.405 E217.62709
G1 F1373.2 X112.504 Y117.944 E217.65459
G1 X112.632 Y117.599 E217.67574
G1 F1375.2 X112.842 Y117.18 E217.70263
G1 X113.078 Y116.805 E217.72805
G1 F1371.2 X113.383 Y116.422 E217.75622
G1 F1367.2 X113.693 Y116.105 E217.78181
G1 F1369.2 X114.031 Y115.825 E217.8071
G1 F1373.2 X114.454 Y115.549 E217.83612
G1 F1375.2 X114.861 Y115.341 E217.86234
G1 X115.293 Y115.178 E217.88883
G1 F1373.2 X115.74 Y115.059 E217.91541
G1 F1371.2 X116.213 Y114.985 E217.94296
G1 F1367.2 X116.656 Y114.965 E217.96855
G1 F1369.2 X133.372 Y114.966 E218.93178
G1 F1375.2 X133.832 Y114.989 E218.9582
G1 F1377.2 X134.279 Y115.063 E218.98416
G1 F1375.2 X134.737 Y115.189 E219.01141
G1 X135.157 Y115.352 E219.03726
G1 X135.572 Y115.566 E219.06405
G1 F1377.2 X135.877 Y115.764 E219.08488
G1 F1375.2 X136.262 Y116.071 E219.11313
G1 F1371.2 X136.578 Y116.38 E219.13857
G1 X136.857 Y116.721 E219.16392
G1 X137.119 Y117.112 E219.191
G1 F1373.2 X137.341 Y117.549 E219.21916
G1 F1375.2 X137.499 Y117.95 E219.24389
G1 F1373.2 X137.625 Y118.427 E219.27224
G1 F1369.2 X137.699 Y118.895 E219.29954
G1 X137.718 Y119.334 E219.32486
G1 F1371.2 X137.718 Y130.679 E219.97765
G1 F1373.2 X137.695 Y131.145 E220.00446
G1 F1375.2 X137.621 Y131.591 E220.0304
G1 F1379.2 X137.5 Y132.041 E220.05706
G1 F1375.2 X137.342 Y132.441 E220.08173
G1 F1373.2 X137.158 Y132.811 E220.10547
G1 F1375.2 X136.913 Y133.197 E220.1317
G1 F1373.2 X136.612 Y133.574 E220.15942
G1 F1371.2 X136.303 Y133.891 E220.18489
G1 F1373.2 X135.934 Y134.192 E220.21225
G1 F1377.2 X135.756 Y134.309 E220.22446
G0 F2160 X135.57 Y134.432
G0 X135.141 Y134.65
G0 X134.703 Y134.818
G0 X134.256 Y134.937
M204 S3500
G0 F12000 X133.804 Y135.01
G0 X133.34 Y135.034
G0 X129.263 Y135.034
G1 F1200 E219.72446
G1 F1200 Z2.08
G0 F12000 X129.263 Y135.034 Z2.08
G0 X134.745 Y135.529
M204 S2500
G1 F1200 Z1.64
G1 F600 E220.22446
G1 F1363.3 X135.193 Y135.379 E220.2518
G1 X135.625 Y135.186 E220.27918
G1 F1369.2 X136.025 Y134.962 E220.3056
G1 F1371.2 X136.409 Y134.699 E220.33238
G1 X136.77 Y134.403 E220.35924
G1 F1367.2 X137.086 Y134.083 E220.38519
G1 X137.391 Y133.714 E220.41282
G1 F1363.3 X137.652 Y133.336 E220.4394
G1 X137.89 Y132.904 E220.46795
G1 X138.067 Y132.506 E220.49316
G1 F1365.3 X138.221 Y132.042 E220.52141
G1 F1367.2 X138.326 Y131.592 E220.54807
G1 X138.391 Y131.131 E220.57494
G1 F1371.2 X138.41 Y130.668 E220.6016
G1 X138.41 Y119.334 E221.25376
G1 F1369.2 X138.39 Y118.848 E221.28179
G1 F1367.2 X138.323 Y118.39 E221.3085
G1 F1365.3 X138.217 Y117.935 E221.3355
G1 X138.068 Y117.491 E221.36257
G1 F1367.2 X137.878 Y117.066 E221.38943
G1 X137.643 Y116.645 E221.41725
G1 X137.387 Y116.274 E221.44326
G1 F1369.2 X137.126 Y115.958 E221.46688
G1 F1367.2 X136.77 Y115.594 E221.49626
G1 F1365.3 X136.407 Y115.297 E221.52337
G1 F1367.2 X136.013 Y115.023 E221.55106
G1 X135.613 Y114.803 E221.5774
G1 F1365.3 X135.193 Y114.617 E221.60395
G1 F1363.3 X134.745 Y114.467 E221.63129
G1 F1367.2 X134.28 Y114.358 E221.65885
G1 F1369.2 X133.816 Y114.293 E221.68585
G1 F1371.2 X133.356 Y114.274 E221.71234
G1 F1369.2 X116.641 Y114.271 E222.67551
G1 F1367.2 X116.132 Y114.297 E222.70492
G1 X115.702 Y114.361 E222.73001
G1 F1365.3 X115.251 Y114.467 E222.75678
G1 F1363.3 X114.787 Y114.623 E222.78511
G1 X114.378 Y114.806 E222.81104
G1 F1367.2 X113.979 Y115.027 E222.83736
G1 X113.584 Y115.297 E222.86498
G1 X113.225 Y115.593 E222.89183
G1 F1365.3 X112.906 Y115.914 E222.91798
G1 F1363.3 X112.61 Y116.273 E222.94491
G1 F1365.3 X112.344 Y116.663 E222.97219
G1 X112.112 Y117.08 E222.99976
G1 X111.929 Y117.49 E223.02571
G1 F1363.3 X111.779 Y117.939 E223.05311
G1 X111.67 Y118.404 E223.08075
G1 F1367.2 X111.607 Y118.848 E223.10663
G1 X111.587 Y119.288 E223.13204
G1 X111.583 Y130.676 E223.7892
G1 X111.606 Y131.147 E223.81641
G1 X111.673 Y131.606 E223.84318
G1 F1365.3 X111.779 Y132.057 E223.86996
G1 F1363.3 X111.929 Y132.506 E223.89735
G1 X112.118 Y132.93 E223.92422
G1 F1367.2 X112.349 Y133.343 E223.95152
G1 X112.619 Y133.735 E223.97899
G1 X112.905 Y134.083 E224.00499
G1 F1365.3 X113.226 Y134.402 E224.03114
G1 F1363.3 X113.585 Y134.698 E224.05807
G1 F1365.3 X113.979 Y134.968 E224.08567
G1 X114.405 Y135.202 E224.11376
G1 F1367.2 X114.802 Y135.38 E224.13886
G1 X115.251 Y135.529 E224.16616
G1 X115.716 Y135.638 E224.19372
G1 X116.18 Y135.703 E224.22076
G1 X116.656 Y135.725 E224.24826
G1 X133.127 Y135.726 E225.19874
G0 F2160 X133.355 Y135.726
G0 X133.831 Y135.702
G0 X134.294 Y135.635
G0 X134.745 Y135.529
M204 S3500
G0 F12000 X135.193 Y135.379
G0 X135.625 Y135.186
G0 X136.025 Y134.962
G0 X136.409 Y134.699
G0 X136.77 Y134.403
G0 X137.086 Y134.083
G0 X137.391 Y133.714
G0 X137.652 Y133.336
G0 X137.89 Y132.904
G0 X138.067 Y132.506
G0 X138.176 Y132.176
G1 F1200 E224.69874
G1 F1200 Z2.08
G0 F12000 X138.176 Y132.176 Z2.08
G0 X132 Y131.335
M204 S2500
G1 F1200 Z1.64
G1 F600 E225.19874
G1 F1437.7 X132.552 Y131.168 E225.23039
G1 X133.032 Y130.981 E225.25866
G1 X133.523 Y130.744 E225.28858
G1 X133.976 Y130.475 E225.31749
G1 X134.417 Y130.163 E225.34714
G1 X134.859 Y129.786 E225.37902
G1 X135.232 Y129.409 E225.40812
G1 X135.594 Y128.982 E225.43885
G1 X135.895 Y128.555 E225.46752
G1 X136.161 Y128.11 E225.49597
G1 X136.397 Y127.626 E225.52552
G1 X136.599 Y127.113 E225.55578
G1 X136.751 Y126.59 E225.58567
G1 X136.865 Y126.058 E225.61552
G1 X136.927 Y125.533 E225.64454
G1 X136.946 Y125.256 E225.65977
G1 X136.946 Y124.738 E225.6882
G1 X136.902 Y124.197 E225.71799
G1 X136.863 Y123.927 E225.73296
G1 X136.763 Y123.448 E225.75981
G1 X136.603 Y122.895 E225.79141
G1 X136.409 Y122.396 E225.82079
G1 X136.18 Y121.92 E225.84978
G1 X135.907 Y121.457 E225.87927
G1 X135.566 Y120.983 E225.91132
G1 X135.27 Y120.627 E225.93673
G1 X134.87 Y120.218 E225.96812
G1 X134.452 Y119.861 E225.99829
G1 X133.994 Y119.533 E226.0292
G1 X133.55 Y119.267 E226.05761
G1 X133.07 Y119.031 E226.08696
G1 X132.548 Y118.825 E226.11776
G1 X132.05 Y118.677 E226.14627
G1 X131.516 Y118.562 E226.17625
G1 X130.979 Y118.494 E226.20595
G1 X130.399 Y118.467 E226.23782
G1 X119.553 Y118.471 E226.83304
G1 X119.05 Y118.493 E226.86067
G1 X118.514 Y118.555 E226.89028
G1 X117.977 Y118.668 E226.9204
G1 X117.479 Y118.817 E226.94892
G1 X116.956 Y119.019 E226.97969
G1 X116.474 Y119.255 E227.00914
G1 X116.002 Y119.537 E227.03932
G1 X115.571 Y119.846 E227.06842
G1 X115.147 Y120.2 E227.09873
G1 X114.768 Y120.58 E227.12819
G1 X114.429 Y120.983 E227.15709
G1 X114.105 Y121.434 E227.18756
G1 X113.824 Y121.904 E227.21761
G1 X113.591 Y122.392 E227.24729
G1 X113.397 Y122.884 E227.27632
G1 X113.241 Y123.413 E227.30658
G1 X113.13 Y123.948 E227.33657
G1 X113.085 Y124.272 E227.35452
G1 X113.046 Y125.016 E227.39541
G1 X113.052 Y125.291 E227.4105
G1 X113.095 Y125.799 E227.43848
G1 X113.132 Y126.058 E227.45284
G1 X113.233 Y126.553 E227.48056
G1 X113.384 Y127.079 E227.51059
G1 X113.573 Y127.546 E227.53824
G1 X113.566 Y127.557 E227.53896
G1 X113.807 Y128.06 E227.56957
G1 X114.089 Y128.536 E227.59993
G1 X114.406 Y128.986 E227.63014
G1 X114.764 Y129.413 E227.66072
G1 X115.129 Y129.778 E227.68905
G1 X115.54 Y130.131 E227.71878
G1 X116.019 Y130.47 E227.75098
G1 X116.443 Y130.726 E227.77816
G1 X116.926 Y130.965 E227.80774
G1 X117.448 Y131.167 E227.83846
G1 X117.979 Y131.327 E227.86889
G1 X118.476 Y131.434 E227.89679
G1 X119.016 Y131.502 E227.92666
G1 X119.594 Y131.526 E227.95841
G1 X130.379 Y131.53 E228.55028
G0 F2160 X130.423 Y131.53
G0 X130.959 Y131.507
G0 X131.508 Y131.434
G0 X132 Y131.335
M204 S3500
G0 F12000 X132.552 Y131.168
G0 X133.032 Y130.981
G0 X133.523 Y130.744
G0 X133.976 Y130.475
G0 X134.417 Y130.163
G0 X134.859 Y129.786
G0 X135.232 Y129.409
G0 X135.594 Y128.982
G0 X135.895 Y128.555
G0 X135.947 Y128.467
G1 F1200 E228.05028
G1 F1200 Z2.08
G0 F12000 X135.947 Y128.467 Z2.08
G0 X131.796 Y130.237
M204 S2500
G1 F1200 Z1.64
G1 F600 E228.55028
G1 F1437.7 X131.266 Y130.344 E228.57995
G1 X130.95 Y130.384 E228.59743
G1 X130.401 Y130.41 E228.62759
G1 X119.559 Y130.41 E229.2226
G1 X119.046 Y130.384 E229.25078
G1 X118.73 Y130.344 E229.26826
G1 X118.202 Y130.232 E229.29789
G1 X117.734 Y130.088 E229.32476
G1 X117.395 Y129.953 E229.34478
G1 X116.932 Y129.724 E229.37313
G1 X116.494 Y129.448 E229.40154
G1 X116.224 Y129.251 E229.41988
G1 X115.848 Y128.927 E229.44712
G1 X115.471 Y128.528 E229.47725
G1 X115.256 Y128.26 E229.4961
G1 X114.963 Y127.833 E229.52452
G1 X114.718 Y127.392 E229.55221
G1 X114.581 Y127.085 E229.57066
G1 X114.4 Y126.584 E229.59989
G1 X114.274 Y126.097 E229.6275
G1 X114.215 Y125.754 E229.6466
G1 X114.167 Y125.275 E229.67302
G1 X114.166 Y124.73 E229.70293
G1 X114.194 Y124.395 E229.72137
G1 X114.276 Y123.885 E229.74972
G1 X114.412 Y123.375 E229.77869
G1 X114.521 Y123.065 E229.79672
G1 X114.727 Y122.591 E229.82508
G1 X114.986 Y122.127 E229.85425
G1 X115.176 Y121.848 E229.87277
G1 X115.475 Y121.467 E229.89935
G1 X115.838 Y121.082 E229.92839
G1 X116.087 Y120.858 E229.94677
G1 X116.495 Y120.547 E229.97492
G1 X116.934 Y120.272 E230.00335
G1 X117.231 Y120.119 E230.02169
G1 X117.712 Y119.916 E230.05034
G1 X118.198 Y119.764 E230.07828
G1 X118.709 Y119.655 E230.10696
G1 X119.071 Y119.61 E230.12698
G1 X119.595 Y119.586 E230.15576
G1 X130.399 Y119.585 E230.74868
G1 X130.95 Y119.612 E230.77895
G1 X131.29 Y119.656 E230.79777
G1 X131.79 Y119.758 E230.82577
G1 X132.287 Y119.914 E230.85436
G1 X132.606 Y120.047 E230.87333
G1 X133.038 Y120.259 E230.89974
G1 X133.509 Y120.551 E230.93015
G1 X133.764 Y120.739 E230.94754
G1 X134.163 Y121.087 E230.97659
G1 X134.523 Y121.463 E231.00516
G1 X134.732 Y121.723 E231.02347
G1 X135.029 Y122.155 E231.05224
G1 X135.282 Y122.613 E231.08095
G1 X135.417 Y122.919 E231.0993
G1 X135.593 Y123.387 E231.12674
G1 X135.722 Y123.895 E231.15551
G1 X135.78 Y124.23 E231.17417
G1 X135.829 Y124.721 E231.20125
G1 X135.831 Y125.248 E231.23017
G1 X135.805 Y125.587 E231.24883
G1 X135.724 Y126.106 E231.27765
G1 X135.594 Y126.605 E231.30595
G1 X135.476 Y126.941 E231.32549
G1 X135.278 Y127.393 E231.35258
G1 X135.024 Y127.85 E231.38127
G1 X134.821 Y128.147 E231.40101
G1 X134.509 Y128.547 E231.42885
G1 X134.144 Y128.931 E231.45793
G1 X133.753 Y129.267 E231.48622
G1 X133.503 Y129.45 E231.50322
G1 X133.29 Y129.582 E231.51697
G0 F2160 X133.062 Y129.724
G0 X132.764 Y129.878
G0 X132.265 Y130.087
G0 X131.796 Y130.237
M204 S3500
G0 F12000 X131.266 Y130.344
G0 X130.95 Y130.384
G0 X130.401 Y130.41
G0 X126.811 Y130.41
G1 F1200 E231.01697
G0 F12000 X126.811 Y129.417
G0 X131.532 Y129.276
G0 X131.876 Y130.79
;TYPE:WALL-INNER
G1 F600 E231.51697
G1 F2071.8 X132.35 Y130.646 E231.53584
G1 F2062.8 X132.809 Y130.467 E231.55468
G1 F2067.2 X133.259 Y130.252 E231.57372
G1 F2090 X133.824 Y129.904 E231.59877
G1 F2099.3 X134.083 Y129.715 E231.61082
G1 F2085.4 X134.479 Y129.377 E231.63052
G1 F2071.8 X134.82 Y129.031 E231.64902
G1 F2053.8 X135.15 Y128.638 E231.66873
G1 F2058.3 X135.426 Y128.251 E231.68695
G1 F2062.8 X135.668 Y127.843 E231.70509
G1 F2085.4 X135.776 Y127.636 E231.71393
G1 F2090 X135.884 Y127.401 E231.72369
G1 F2071.8 X136.07 Y126.933 E231.74287
G1 F2080.8 X136.21 Y126.454 E231.76179
G1 F2103.9 X136.265 Y126.221 E231.77077
G1 F2094.6 X136.312 Y125.967 E231.7805
G1 F2076.3 X136.372 Y125.483 E231.79903
G1 F2085.4 X136.388 Y125.238 E231.80832
G1 F2080.8 X136.388 Y124.76 E231.82645
G1 F2067.2 X136.347 Y124.273 E231.8451
G1 F2080.8 X136.264 Y123.771 E231.86439
G1 F2113.3 X136.125 Y123.233 E231.88514
G1 F2090 X136.073 Y123.074 E231.89145
G1 F2067.2 X135.896 Y122.618 E231.91012
G1 F2062.8 X135.686 Y122.184 E231.92856
G1 X135.438 Y121.762 E231.94728
G1 F2080.8 X135.138 Y121.339 E231.96695
G1 F2076.3 X134.839 Y120.985 E231.98455
G1 F2062.8 X134.488 Y120.627 E232.00373
G1 F2071.8 X134.108 Y120.3 E232.02282
G1 X133.687 Y120.001 E232.04249
G1 X133.284 Y119.758 E232.06041
G1 F2076.3 X132.844 Y119.542 E232.07904
G1 X132.366 Y119.353 E232.09857
G1 F2094.6 X131.948 Y119.225 E232.11503
G1 F2090 X131.422 Y119.113 E232.13534
G1 F2071.8 X130.93 Y119.051 E232.15422
G1 X130.399 Y119.026 E232.17447
G1 F2076.3 X119.576 Y119.028 E232.58574
G1 X119.093 Y119.05 E232.60411
G1 F2071.8 X118.603 Y119.107 E232.6229
G1 X118.113 Y119.21 E232.64196
G1 X117.66 Y119.346 E232.65998
G1 F2067.2 X117.18 Y119.533 E232.67964
G1 F2071.8 X116.739 Y119.745 E232.69827
G1 F2076.3 X116.308 Y120.005 E232.7174
G1 F2071.8 X115.914 Y120.288 E232.73587
G1 F2090 X115.71 Y120.452 E232.74575
G1 F2099.3 X115.444 Y120.689 E232.75914
G1 F2090 X115.048 Y121.11 E232.78096
G1 X114.716 Y121.534 E232.80129
G1 F2085.4 X114.497 Y121.858 E232.81609
G1 F2062.8 X114.319 Y122.169 E232.82979
G1 F2071.8 X114.203 Y122.4 E232.83964
G1 F2094.6 X113.999 Y122.87 E232.85894
G1 F2090 X113.873 Y123.234 E232.87348
G1 F2071.8 X113.785 Y123.549 E232.88593
G1 F2076.3 X113.725 Y123.811 E232.89615
G1 F2090 X113.641 Y124.324 E232.91577
G1 F2103.9 X113.614 Y124.701 E232.92994
G1 X113.608 Y125.248 E232.95046
G1 F2071.8 X113.649 Y125.721 E232.96854
G1 F2062.8 X113.681 Y125.948 E232.97731
G1 F2053.8 X113.778 Y126.42 E232.99582
G1 F2045 X113.915 Y126.894 E233.01485
G1 F2058.3 X114.116 Y127.414 E233.03622
G1 F2062.8 X114.301 Y127.795 E233.05242
G1 F2058.3 X114.559 Y128.233 E233.07191
G1 F2071.8 X114.849 Y128.646 E233.09113
G1 F2067.2 X115.177 Y129.034 E233.11052
G1 X115.508 Y129.369 E233.12849
G1 F2080.8 X115.884 Y129.692 E233.14729
G1 F2076.3 X116.308 Y129.992 E233.16703
G1 F2080.8 X116.717 Y130.24 E233.18516
G1 F2085.4 X117.15 Y130.454 E233.20343
G1 F2080.8 X117.629 Y130.639 E233.2229
G1 X118.118 Y130.786 E233.24227
G1 X118.588 Y130.885 E233.26048
G1 F2076.3 X119.062 Y130.945 E233.27863
G1 X119.594 Y130.968 E233.29887
G1 F2071.8 X130.254 Y130.97 E233.70483
G0 F2160 X130.42 Y130.97
G0 X130.911 Y130.948
G0 X131.4 Y130.886
G0 X131.876 Y130.79
G1 F1200 E233.20483
;MESH:NONMESH
G0 X131.876 Y130.79 Z1.84
G0 F12000 X132.317 Y132.28
G0 X134.069 Y133.947
G0 X134.256 Y134.912
;TIME_ELAPSED:192.312536
;LAYER:8
;note -- min layer time used
M204 S2500
;TYPE:WALL-OUTER
;MESH:new-rear-port-cover-v2.stl
G1 F600 E233.70483
G1 F1186 X133.786 Y134.986 E233.73597
G1 F1184.5 X133.338 Y135.006 E233.76535
G1 X116.618 Y135.005 E234.86088
G1 X116.215 Y134.984 E234.88733
G1 F1186 X115.717 Y134.907 E234.9203
G1 F1187.5 X115.266 Y134.781 E234.95091
G1 X114.842 Y134.613 E234.98071
G1 X114.541 Y134.464 E235.00266
G1 F1184.5 X114.125 Y134.203 E235.03484
G1 X113.789 Y133.939 E235.06284
G1 F1186 X113.441 Y133.6 E235.09463
G1 F1184.5 X113.155 Y133.254 E235.12405
G1 F1187.5 X112.892 Y132.854 E235.15533
G1 F1190.5 X112.683 Y132.449 E235.18504
G1 X112.524 Y132.046 E235.21329
G1 F1187.5 X112.395 Y131.565 E235.24583
G1 X112.33 Y131.147 E235.27348
G1 F1186 X112.302 Y130.655 E235.30573
G1 F1187.5 X112.304 Y119.306 E236.04745
G1 X112.326 Y118.881 E236.07527
G1 F1184.5 X112.404 Y118.401 E236.10713
G1 F1186 X112.527 Y117.951 E236.13766
G1 F1187.5 X112.697 Y117.522 E236.16782
G1 X112.854 Y117.217 E236.19024
G1 X113.105 Y116.813 E236.22132
G1 F1184.5 X113.368 Y116.478 E236.24923
G1 F1187.5 X113.679 Y116.153 E236.27863
G1 X114.038 Y115.855 E236.30912
G1 X114.445 Y115.584 E236.34108
G1 X114.856 Y115.374 E236.37124
G1 X115.269 Y115.212 E236.40024
G1 X115.717 Y115.089 E236.4306
G1 F1186 X116.21 Y115.01 E236.46327
G1 F1184.5 X116.658 Y114.99 E236.49266
G1 F1187.5 X133.378 Y114.992 E237.58541
G1 F1186 X133.784 Y115.012 E237.61201
G1 X134.29 Y115.092 E237.64554
G1 F1190.5 X134.73 Y115.212 E237.67527
G1 F1189 X135.154 Y115.383 E237.70511
G1 F1187.5 X135.454 Y115.531 E237.72697
G1 F1190.5 X135.852 Y115.781 E237.75761
G1 X136.206 Y116.057 E237.78687
G1 F1187.5 X136.551 Y116.392 E237.8183
G1 F1186 X136.827 Y116.724 E237.84656
G1 F1187.5 X137.083 Y117.106 E237.87661
G1 X137.306 Y117.531 E237.90798
G1 X137.469 Y117.953 E237.93754
G1 X137.593 Y118.398 E237.96774
G1 X137.67 Y118.877 E237.99944
G1 F1186 X137.693 Y119.335 E238.02945
G1 F1187.5 X137.692 Y130.69 E238.77157
G1 F1184.5 X137.672 Y131.096 E238.79821
G1 X137.588 Y131.607 E238.83214
G1 F1189 X137.469 Y132.039 E238.86138
G1 F1190.5 X137.308 Y132.455 E238.89046
G1 F1189 X137.154 Y132.761 E238.91282
G1 X136.903 Y133.164 E238.94381
G1 X136.627 Y133.519 E238.97317
G1 F1187.5 X136.289 Y133.868 E239.00492
G1 X135.958 Y134.141 E239.03296
G1 X135.753 Y134.278 E239.04907
G0 F2160 X135.551 Y134.412
G0 X135.174 Y134.608
G0 X134.731 Y134.784
G0 X134.256 Y134.912
M204 S3500
G0 F12000 X133.786 Y134.986
G0 X133.338 Y135.006
G0 X129.262 Y135.006
G1 F1200 E238.54907
G1 F1200 Z2.28
G0 F12000 X129.262 Y135.006 Z2.28
G0 X134.767 Y135.596
M204 S2500
G1 F1200 Z1.84
G1 F600 E239.04907
G1 F1181.5 X135.216 Y135.444 E239.08021
G1 X135.659 Y135.246 E239.11209
G1 X136.052 Y135.028 E239.14161
G1 F1184.5 X136.45 Y134.754 E239.17327
G1 F1187.5 X136.815 Y134.453 E239.20419
G1 F1186 X137.14 Y134.126 E239.23436
G1 F1184.5 X137.445 Y133.757 E239.26573
G1 F1180 X137.714 Y133.367 E239.29689
G1 F1178.5 X137.952 Y132.934 E239.32943
G1 F1181.5 X138.13 Y132.529 E239.35849
G1 X138.28 Y132.079 E239.38965
G1 X138.395 Y131.606 E239.42162
G1 X138.458 Y131.153 E239.45166
G1 F1184.5 X138.479 Y130.657 E239.48419
G1 F1187.5 X138.479 Y119.335 E240.22416
G1 F1184.5 X138.458 Y118.839 E240.25668
G1 F1181.5 X138.395 Y118.391 E240.2864
G1 X138.276 Y117.903 E240.3194
G1 X138.131 Y117.463 E240.34983
G1 X137.943 Y117.041 E240.38018
G1 F1183 X137.713 Y116.629 E240.41113
G1 F1184.5 X137.432 Y116.222 E240.44354
G1 F1186 X137.128 Y115.857 E240.47462
G1 F1184.5 X136.814 Y115.544 E240.50367
G1 X136.449 Y115.243 E240.53467
G1 F1181.5 X136.047 Y114.965 E240.56678
G1 F1180 X135.644 Y114.742 E240.59707
G1 F1181.5 X135.216 Y114.553 E240.62781
G1 X134.767 Y114.4 E240.65897
G1 X134.295 Y114.289 E240.69082
G1 X133.841 Y114.226 E240.72093
G1 F1184.5 X133.341 Y114.205 E240.75372
G1 F1186 X116.641 Y114.202 E241.84655
G1 F1184.5 X116.156 Y114.225 E241.87837
G1 F1181.5 X115.701 Y114.289 E241.90855
G1 X115.212 Y114.406 E241.94158
G1 X114.78 Y114.553 E241.97155
G1 X114.337 Y114.75 E242.0034
G1 X113.908 Y114.989 E242.03566
G1 F1183 X113.582 Y115.211 E242.06153
G1 F1186 X113.169 Y115.555 E242.09671
G1 F1184.5 X112.856 Y115.867 E242.12567
G1 F1181.5 X112.526 Y116.268 E242.15978
G1 X112.303 Y116.606 E242.18638
G1 X112.049 Y117.051 E242.22004
G1 X111.865 Y117.464 E242.24974
G1 F1180 X111.713 Y117.917 E242.28116
G1 X111.599 Y118.407 E242.31425
G1 F1181.5 X111.538 Y118.839 E242.34291
G1 F1184.5 X111.517 Y119.339 E242.3757
G1 F1186 X111.514 Y130.665 E243.11687
G1 F1184.5 X111.539 Y131.137 E243.14784
G1 X111.601 Y131.609 E243.17903
G1 F1181.5 X111.712 Y132.079 E243.21075
G1 X111.864 Y132.528 E243.24189
G1 F1183 X112.058 Y132.963 E243.27314
G1 F1181.5 X112.311 Y133.415 E243.30717
G1 F1183 X112.523 Y133.726 E243.33186
G1 F1184.5 X112.855 Y134.126 E243.36592
G1 X113.182 Y134.452 E243.39617
G1 F1181.5 X113.583 Y134.784 E243.43037
G1 F1178.5 X113.909 Y135.006 E243.45635
G1 F1180 X114.352 Y135.254 E243.48974
G1 F1181.5 X114.78 Y135.443 E243.52047
G1 F1180 X115.229 Y135.595 E243.55165
G1 F1181.5 X115.701 Y135.707 E243.58352
G1 F1183 X116.156 Y135.77 E243.61365
G1 F1184.5 X116.658 Y135.794 E243.64658
G1 X133.149 Y135.793 E244.72711
G0 F2160 X133.373 Y135.793
G0 X133.84 Y135.771
G0 X134.295 Y135.707
G0 X134.767 Y135.596
M204 S3500
G0 F12000 X135.216 Y135.444
G0 X135.659 Y135.246
G0 X136.052 Y135.028
G0 X136.45 Y134.754
G0 X136.815 Y134.453
G0 X137.14 Y134.126
G0 X137.445 Y133.757
G0 X137.714 Y133.367
G0 X137.952 Y132.934
G0 X138.13 Y132.529
G0 X138.22 Y132.258
G1 F1200 E244.22711
G1 F1200 Z2.28
G0 F12000 X138.22 Y132.258 Z2.28
G0 X131.97 Y131.136
M204 S2500
G1 F1200 Z1.84
G1 F600 E244.72711
G1 F1414.2 X132.46 Y130.987 E244.75522
G1 X132.932 Y130.805 E244.78298
G1 X133.405 Y130.576 E244.81182
G1 X133.877 Y130.3 E244.84183
G1 X134.269 Y130.022 E244.8682
G1 X134.723 Y129.637 E244.90087
G1 X135.084 Y129.272 E244.92904
G1 X135.439 Y128.857 E244.95901
G1 X135.726 Y128.449 E244.98639
G1 X135.977 Y128.023 E245.01352
G1 X136.206 Y127.557 E245.04202
G1 X136.403 Y127.064 E245.07115
G1 X136.567 Y126.504 E245.10318
G1 X136.662 Y126.042 E245.12906
G1 X136.727 Y125.528 E245.15749
G1 X136.745 Y125.247 E245.17295
G1 X136.746 Y124.762 E245.19956
G1 X136.702 Y124.235 E245.22858
G1 X136.663 Y123.958 E245.24394
G1 X136.559 Y123.465 E245.27159
G1 X136.407 Y122.947 E245.30121
G1 X136.255 Y122.551 E245.32449
G1 X136.26 Y122.545 E245.32492
G1 X136.016 Y122.036 E245.3559
G1 X135.743 Y121.572 E245.38544
G1 X135.423 Y121.123 E245.4157
G1 X135.119 Y120.759 E245.44173
G1 X134.73 Y120.366 E245.47207
G1 X134.332 Y120.025 E245.50083
G1 X133.879 Y119.701 E245.5314
G1 X133.464 Y119.454 E245.5579
G1 X132.997 Y119.218 E245.58662
G1 X132.484 Y119.017 E245.61685
G1 X131.962 Y118.861 E245.64675
G1 X131.496 Y118.762 E245.6729
G1 X130.967 Y118.694 E245.70217
G1 X130.402 Y118.67 E245.7332
G1 X119.555 Y118.671 E246.32848
G1 X119.109 Y118.688 E246.35297
G1 X118.558 Y118.754 E246.38343
G1 X118.03 Y118.864 E246.41302
G1 X117.508 Y119.021 E246.44294
G1 X117.048 Y119.199 E246.47001
G1 X116.578 Y119.427 E246.49868
G1 X116.101 Y119.713 E246.5292
G1 X115.714 Y119.986 E246.55519
G1 X115.292 Y120.339 E246.58538
G1 X114.92 Y120.715 E246.61441
G1 X114.561 Y121.14 E246.64494
G1 X114.281 Y121.529 E246.67124
G1 X114.004 Y121.996 E246.70104
G1 X113.775 Y122.473 E246.73008
G1 X113.601 Y122.913 E246.75604
G1 X113.441 Y123.449 E246.78674
G1 X113.328 Y124.001 E246.81766
G1 X113.295 Y124.222 E246.82993
G1 X113.254 Y124.759 E246.85948
G1 X113.246 Y124.997 E246.87255
G1 X113.256 Y125.274 E246.88776
G1 X113.294 Y125.759 E246.91446
G1 X113.333 Y126.034 E246.9297
G1 X113.425 Y126.49 E246.95523
G1 X113.572 Y127.007 E246.98473
G1 X113.758 Y127.465 E247.01186
G1 X113.75 Y127.478 E247.0127
G1 X113.986 Y127.967 E247.04249
G1 X114.25 Y128.417 E247.07113
G1 X114.562 Y128.857 E247.10073
G1 X114.916 Y129.277 E247.13087
G1 X115.261 Y129.626 E247.1578
G1 X115.661 Y129.968 E247.18668
G1 X116.11 Y130.292 E247.21707
G1 X116.528 Y130.542 E247.2438
G1 X116.995 Y130.778 E247.27252
G1 X117.507 Y130.979 E247.3027
G1 X118.029 Y131.131 E247.33254
G1 X118.497 Y131.23 E247.35879
G1 X119.029 Y131.302 E247.38825
G1 X119.594 Y131.326 E247.41929
G1 X130.349 Y131.324 E248.00951
G0 F2160 X130.484 Y131.324
G0 X130.918 Y131.308
G0 X131.438 Y131.246
G0 X131.97 Y131.136
M204 S3500
G0 F12000 X132.46 Y130.987
G0 X132.932 Y130.805
G0 X133.405 Y130.576
G0 X133.877 Y130.3
G0 X134.269 Y130.022
G0 X134.723 Y129.637
G0 X135.084 Y129.272
G0 X135.439 Y128.857
G0 X135.726 Y128.449
G0 X135.865 Y128.212
G1 F1200 E247.50951
G1 F1200 Z2.28
G0 F12000 X135.865 Y128.212 Z2.28
G0 X131.715 Y130.048
M204 S2500
G1 F1200 Z1.84
G1 F600 E248.00951
G1 F1414.2 X131.247 Y130.143 E248.03572
G1 X130.942 Y130.184 E248.05261
G1 X130.404 Y130.21 E248.08217
G1 X119.559 Y130.21 E248.67733
G1 X119.053 Y130.184 E248.70514
G1 X118.749 Y130.144 E248.72197
G1 X118.248 Y130.039 E248.75006
G1 X117.792 Y129.896 E248.77628
G1 X117.506 Y129.784 E248.79314
G1 X117.038 Y129.552 E248.82181
G1 X116.616 Y129.289 E248.84909
G1 X116.36 Y129.099 E248.86659
G1 X115.966 Y128.758 E248.89519
G1 X115.617 Y128.394 E248.92286
G1 X115.432 Y128.16 E248.93923
G1 X115.134 Y127.727 E248.96808
G1 X114.897 Y127.293 E248.99521
G1 X114.765 Y127.009 E249.0124
G1 X114.596 Y126.54 E249.03976
G1 X114.471 Y126.055 E249.06725
G1 X114.416 Y125.754 E249.08404
G1 X114.367 Y125.267 E249.1109
G1 X114.37 Y124.745 E249.13955
G1 X114.393 Y124.421 E249.15737
G1 X114.468 Y123.941 E249.18403
G1 X114.603 Y123.428 E249.21315
G1 X114.691 Y123.172 E249.228
G1 X114.894 Y122.701 E249.25615
G1 X115.156 Y122.234 E249.28554
G1 X115.311 Y121.999 E249.30098
G1 X115.632 Y121.59 E249.32952
G1 X115.969 Y121.235 E249.35638
G1 X116.221 Y121.011 E249.37488
G1 X116.593 Y120.722 E249.40074
G1 X117.025 Y120.452 E249.42869
G1 X117.327 Y120.296 E249.44735
G1 X117.772 Y120.108 E249.47386
G1 X118.253 Y119.955 E249.50156
G1 X118.753 Y119.851 E249.52958
G1 X119.053 Y119.812 E249.54619
G1 X119.593 Y119.786 E249.57586
G1 X130.42 Y119.785 E250.17003
G1 X130.943 Y119.811 E250.19877
G1 X131.247 Y119.852 E250.21561
G1 X131.715 Y119.948 E250.24182
G1 X132.226 Y120.109 E250.27123
G1 X132.515 Y120.223 E250.28828
G1 X132.963 Y120.448 E250.31579
G1 X133.399 Y120.72 E250.34399
G1 X133.64 Y120.897 E250.3604
G1 X134.033 Y121.237 E250.38892
G1 X134.374 Y121.6 E250.41625
G1 X134.549 Y121.816 E250.43151
G1 X134.857 Y122.259 E250.46112
G1 X135.105 Y122.707 E250.48922
G1 X135.221 Y122.963 E250.50464
G1 X135.4 Y123.453 E250.53327
G1 X135.525 Y123.941 E250.56092
G1 X135.58 Y124.254 E250.57836
G1 X135.629 Y124.724 E250.60429
G1 X135.63 Y125.26 E250.63371
G1 X135.605 Y125.566 E250.65055
G1 X135.528 Y126.055 E250.67772
G1 X135.396 Y126.567 E250.70674
G1 X135.296 Y126.847 E250.72305
G1 X135.101 Y127.298 E250.75002
G1 X134.853 Y127.744 E250.77803
G1 X134.683 Y127.995 E250.79466
G1 X134.368 Y128.403 E250.82295
G1 X134.023 Y128.768 E250.85051
G1 X133.639 Y129.099 E250.87833
G1 X133.379 Y129.293 E250.89614
G1 X133.209 Y129.399 E250.90713
G0 F2160 X132.95 Y129.559
G0 X132.669 Y129.701
G0 X132.224 Y129.888
G0 X131.715 Y130.048
M204 S3500
G0 F12000 X131.247 Y130.143
G0 X130.942 Y130.184
G0 X130.404 Y130.21
G0 X126.729 Y130.21
G1 F1200 E250.40713
G0 F12000 X126.729 Y129.216
G0 X131.482 Y129.081
G0 X131.833 Y130.594
;TYPE:WALL-INNER
G1 F600 E250.90713
G1 F2033.4 X132.278 Y130.458 E250.92489
G1 F2029 X132.709 Y130.291 E250.94257
G1 F2042.3 X133.144 Y130.084 E250.96088
G1 X133.555 Y129.842 E250.979
G1 F2037.9 X133.927 Y129.581 E250.99631
G1 F2051.3 X134.365 Y129.209 E251.01805
G1 F2046.8 X134.673 Y128.894 E251.03475
G1 F2020.2 X134.994 Y128.512 E251.05392
G1 X135.256 Y128.146 E251.07121
G1 F2033.4 X135.485 Y127.757 E251.08844
G1 X135.695 Y127.33 E251.1066
G1 F2046.8 X135.876 Y126.882 E251.12492
G1 X136.024 Y126.37 E251.14513
G1 F2037.9 X136.11 Y125.951 E251.16142
G1 F2060.4 X136.155 Y125.635 E251.17344
G1 F2069.5 X136.188 Y125.232 E251.1886
G1 F2051.3 X136.188 Y124.784 E251.20555
G1 F2037.9 X136.148 Y124.309 E251.22371
G1 F2033.4 X136.116 Y124.071 E251.23287
G1 X136.016 Y123.601 E251.25121
G1 F2029 X135.877 Y123.126 E251.27014
G1 F2033.4 X135.72 Y122.711 E251.28708
G1 F2029 X135.521 Y122.3 E251.30454
G1 F2024.6 X135.273 Y121.877 E251.32334
G1 F2037.9 X134.982 Y121.465 E251.34255
G1 X134.705 Y121.135 E251.35896
G1 F2042.3 X134.351 Y120.774 E251.37817
G1 F2055.8 X133.988 Y120.463 E251.39621
G1 F2046.8 X133.573 Y120.169 E251.4155
G1 F2051.3 X133.197 Y119.941 E251.43213
G1 F2060.4 X132.762 Y119.724 E251.45044
G1 F2055.8 X132.371 Y119.57 E251.46631
G1 F2051.3 X131.826 Y119.402 E251.48789
G1 F2046.8 X131.358 Y119.306 E251.506
G1 F2042.3 X130.92 Y119.251 E251.52277
G1 X130.402 Y119.228 E251.54248
G1 F2046.8 X119.576 Y119.228 E251.95296
G1 F2051.3 X119.052 Y119.254 E251.97281
G1 X118.649 Y119.304 E251.98818
G1 X118.166 Y119.404 E252.00684
G1 X117.689 Y119.549 E252.0257
G1 F2033.4 X117.271 Y119.712 E252.04282
G1 F2029 X116.843 Y119.918 E252.06099
G1 F2037.9 X116.405 Y120.181 E252.08045
G1 F2029 X116.056 Y120.43 E252.09684
G1 F2024.6 X115.671 Y120.751 E252.11606
G1 F2029 X115.332 Y121.093 E252.13448
G1 X115.003 Y121.485 E252.15405
G1 F2042.3 X114.84 Y121.703 E252.1644
G1 F2055.8 X114.659 Y121.982 E252.17695
G1 F2060.4 X114.393 Y122.462 E252.19762
G1 F2051.3 X114.287 Y122.697 E252.20737
G1 F2042.3 X114.128 Y123.095 E252.22366
G1 X113.983 Y123.586 E252.24312
G1 F2055.8 X113.918 Y123.872 E252.25419
G1 X113.852 Y124.266 E252.26927
G1 F2042.3 X113.811 Y124.777 E252.28875
G1 F2055.8 X113.81 Y125.232 E252.30592
G1 F2046.8 X113.848 Y125.685 E252.32316
G1 F2033.4 X113.88 Y125.924 E252.33236
G1 F2029 X113.97 Y126.358 E252.34932
G1 F2020.2 X114.102 Y126.824 E252.36792
G1 F2033.4 X114.3 Y127.334 E252.3888
G1 F2029 X114.471 Y127.685 E252.40374
G1 F2024.6 X114.72 Y128.114 E252.42275
G1 F2042.3 X115.01 Y128.525 E252.44187
G1 F2046.8 X115.328 Y128.9 E252.46051
G1 F2042.3 X115.642 Y129.217 E252.47746
G1 X116.006 Y129.529 E252.49568
G1 F2033.4 X116.418 Y129.824 E252.51502
G1 F2037.9 X116.814 Y130.063 E252.53264
G1 F2046.8 X117.223 Y130.268 E252.54998
G1 F2037.9 X117.688 Y130.449 E252.56898
G1 F2051.3 X118.17 Y130.593 E252.58802
G1 F2055.8 X118.592 Y130.68 E252.60428
G1 F2051.3 X119.052 Y130.743 E252.62185
G1 X119.594 Y130.768 E252.64238
G1 F2042.3 X130.21 Y130.766 E253.04578
G0 F2160 X130.464 Y130.766
G0 X130.898 Y130.748
G0 X131.348 Y130.694
G0 X131.833 Y130.594
G1 F1200 E252.54578
;MESH:NONMESH
G0 X131.833 Y130.594 Z2.04
G0 F12000 X132.278 Y132.084
G0 X134.059 Y133.874
G0 X134.256 Y134.773
;TIME_ELAPSED:208.883238
;LAYER:9
;note -- min layer time used
M204 S2500
;TYPE:WALL-OUTER
;MESH:new-rear-port-cover-v2.stl
G1 F600 E253.04578
G1 F1756.5 X133.823 Y134.843 E253.06985
G1 X133.375 Y134.87 E253.09448
G1 X116.621 Y134.87 E254.01393
G1 X116.164 Y134.842 E254.03906
G1 X115.733 Y134.767 E254.06306
G1 X115.287 Y134.644 E254.08845
G1 X114.886 Y134.485 E254.11213
G1 X114.616 Y134.35 E254.12869
G1 X114.236 Y134.117 E254.15316
G1 X113.883 Y133.839 E254.17781
G1 X113.556 Y133.522 E254.20281
G1 X113.269 Y133.18 E254.22731
G1 X113.019 Y132.802 E254.25218
G1 X112.813 Y132.41 E254.27648
G1 X112.654 Y132.005 E254.30036
G1 X112.534 Y131.551 E254.32613
G1 X112.462 Y131.105 E254.35092
G1 X112.442 Y130.676 E254.37449
G1 X112.442 Y119.312 E254.99814
G1 X112.466 Y118.853 E255.02336
G1 X112.54 Y118.419 E255.04753
G1 X112.654 Y117.992 E255.07178
G1 X112.825 Y117.57 E255.09677
G1 X112.955 Y117.315 E255.11248
G1 X113.194 Y116.926 E255.13753
G1 X113.469 Y116.571 E255.16218
G1 X113.79 Y116.241 E255.18744
G1 X114.101 Y115.977 E255.20983
G1 X114.482 Y115.724 E255.23493
G1 X114.907 Y115.5 E255.26129
G1 X115.297 Y115.347 E255.28428
G1 X115.741 Y115.222 E255.3096
G1 X116.175 Y115.153 E255.33371
G1 X116.621 Y115.126 E255.35823
G1 X133.369 Y115.125 E256.27735
G1 X133.823 Y115.152 E256.30231
G1 X134.252 Y115.225 E256.32619
G1 X134.698 Y115.346 E256.35155
G1 X135.099 Y115.501 E256.37515
G1 X135.369 Y115.638 E256.39176
G1 X135.758 Y115.882 E256.41696
G1 X136.094 Y116.14 E256.44021
G1 X136.42 Y116.451 E256.46494
G1 X136.712 Y116.796 E256.48974
G1 X136.977 Y117.193 E256.51594
G1 X137.169 Y117.558 E256.53857
G1 X137.338 Y117.988 E256.56392
G1 X137.462 Y118.445 E256.58991
G1 X137.531 Y118.863 E256.61316
G1 X137.558 Y119.32 E256.63828
G1 X137.559 Y130.668 E257.26105
G1 X137.532 Y131.133 E257.28662
G1 X137.459 Y131.567 E257.31077
G1 X137.348 Y131.985 E257.3345
G1 X137.179 Y132.409 E257.35955
G1 X137.038 Y132.693 E257.37695
G1 X136.813 Y133.059 E257.40053
G1 X136.542 Y133.408 E257.42478
G1 X136.236 Y133.733 E257.44928
G1 X135.868 Y134.039 E257.47554
G1 X135.745 Y134.121 E257.48365
G0 F2160 X135.497 Y134.285
G0 X135.107 Y134.49
G0 X134.682 Y134.654
G0 X134.256 Y134.773
M204 S3500
G0 F12000 X133.823 Y134.843
G0 X133.375 Y134.87
G0 X129.263 Y134.87
G1 F1200 E256.98365
G1 F1200 Z2.48
G0 F12000 X129.263 Y134.87 Z2.48
G0 X134.33 Y135.883
M204 S2500
G1 F1200 Z2.04
G1 F600 E257.48365
G1 F1756.5 X134.813 Y135.77 E257.51088
G1 X135.284 Y135.612 E257.53814
G1 X135.724 Y135.416 E257.56457
G1 X136.145 Y135.183 E257.59098
G1 X136.557 Y134.896 E257.61854
G1 X136.938 Y134.587 E257.64546
G1 X137.271 Y134.249 E257.6715
G1 X137.588 Y133.868 E257.6987
G1 X137.87 Y133.458 E257.72601
G1 X138.107 Y133.029 E257.7529
G1 X138.3 Y132.592 E257.77912
G1 X138.457 Y132.125 E257.80616
G1 X138.57 Y131.64 E257.83349
G1 X138.634 Y131.17 E257.85952
G1 X138.658 Y130.652 E257.88798
G1 X138.658 Y119.34 E258.50877
G1 X138.635 Y118.826 E258.53701
G1 X138.571 Y118.349 E258.56342
G1 X138.454 Y117.867 E258.59064
G1 X138.3 Y117.4 E258.61762
G1 X138.11 Y116.976 E258.64312
G1 X137.87 Y116.538 E258.67053
G1 X137.584 Y116.124 E258.69815
G1 X137.271 Y115.746 E258.72508
G1 X136.937 Y115.409 E258.75112
G1 X136.557 Y115.097 E258.7781
G1 X136.142 Y114.814 E258.80567
G1 X135.724 Y114.58 E258.83196
G1 X135.284 Y114.384 E258.85839
G1 X134.813 Y114.227 E258.88564
G1 X134.33 Y114.113 E258.91287
G1 X133.858 Y114.046 E258.93903
G1 X133.339 Y114.026 E258.96754
G1 X116.649 Y114.022 E259.88347
G1 X116.118 Y114.052 E259.91266
G1 X115.668 Y114.114 E259.93759
G1 X115.179 Y114.226 E259.96512
G1 X114.712 Y114.384 E259.99217
G1 X114.272 Y114.581 E260.01863
G1 X113.814 Y114.834 E260.04735
G1 X113.471 Y115.068 E260.07013
G1 X113.059 Y115.409 E260.09948
G1 X112.725 Y115.746 E260.12552
G1 X112.38 Y116.16 E260.1551
G1 X112.149 Y116.498 E260.17756
G1 X111.888 Y116.968 E260.20707
G1 X111.696 Y117.399 E260.23296
G1 X111.543 Y117.867 E260.25998
G1 X111.426 Y118.357 E260.28763
G1 X111.362 Y118.826 E260.31361
G1 X111.338 Y119.344 E260.34206
G1 X111.334 Y130.667 E260.96346
G1 X111.361 Y131.168 E260.991
G1 X111.425 Y131.639 E261.01708
G1 X111.542 Y132.129 E261.04473
G1 X111.696 Y132.593 E261.07156
G1 X111.888 Y133.029 E261.0977
G1 X112.15 Y133.498 E261.12718
G1 X112.38 Y133.836 E261.14962
G1 X112.725 Y134.25 E261.1792
G1 X113.059 Y134.587 E261.20523
G1 X113.471 Y134.928 E261.23458
G1 X113.814 Y135.162 E261.25737
G1 X114.272 Y135.416 E261.28611
G1 X114.713 Y135.612 E261.3126
G1 X115.179 Y135.769 E261.33958
G1 X115.669 Y135.882 E261.36718
G1 X116.14 Y135.95 E261.3933
G1 X116.66 Y135.974 E261.42186
G1 X132.7 Y135.973 E262.30213
G0 F2160 X133.379 Y135.973
G0 X133.857 Y135.951
G0 X134.33 Y135.883
M204 S3500
G0 F12000 X134.813 Y135.77
G0 X135.284 Y135.612
G0 X135.724 Y135.416
G0 X136.145 Y135.183
G0 X136.557 Y134.896
G0 X136.938 Y134.587
G0 X137.271 Y134.249
G0 X137.588 Y133.868
G0 X137.87 Y133.458
G0 X138.107 Y133.029
G0 X138.144 Y132.944
G1 F1200 E261.80213
G1 F1200 Z2.48
G0 F12000 X138.144 Y132.944 Z2.48
G0 X134.228 Y135.339
;TYPE:WALL-INNER
G1 F1200 Z2.04
G1 F600 E262.30213
G1 F2581.9 X134.662 Y135.236 E262.31878
G1 F2599.2 X134.912 Y135.157 E262.3285
G1 F2628.7 X135.291 Y135.008 E262.34344
G1 F2610.9 X135.478 Y134.92 E262.35107
G1 F2587.6 X135.852 Y134.713 E262.36699
G1 F2616.8 X136.239 Y134.448 E262.38427
G1 F2622.8 X136.566 Y134.177 E262.39988
G1 F2593.4 X136.861 Y133.877 E262.41551
G1 F2581.9 X137.146 Y133.533 E262.43219
G1 F2576.1 X137.398 Y133.166 E262.44885
G1 F2605.1 X137.546 Y132.909 E262.45982
G1 F2634.7 X137.693 Y132.606 E262.47214
G1 F2640.7 X137.86 Y132.181 E262.48881
G1 F2616.8 X137.924 Y131.973 E262.49683
G1 F2587.6 X138.025 Y131.54 E262.51339
G1 F2605.1 X138.085 Y131.12 E262.52909
G1 F2628.7 X138.108 Y130.652 E262.54627
G1 F2634.7 X138.108 Y119.34 E262.96014
G1 F2622.8 X138.083 Y118.857 E262.97791
G1 F2587.6 X138.025 Y118.451 E262.99319
G1 F2570.4 X137.921 Y118.019 E263.00985
G1 X137.782 Y117.601 E263.02637
G1 F2576.1 X137.605 Y117.202 E263.0427
G1 F2593.4 X137.4 Y116.829 E263.05852
G1 F2610.9 X137.124 Y116.43 E263.07643
G1 X136.857 Y116.113 E263.09174
G1 F2587.6 X136.562 Y115.819 E263.10725
G1 F2581.9 X136.225 Y115.541 E263.12356
G1 F2587.6 X135.85 Y115.285 E263.14047
G1 F2599.2 X135.477 Y115.074 E263.15637
G1 X135.083 Y114.901 E263.17232
G1 F2581.9 X134.661 Y114.761 E263.18892
G1 F2576.1 X134.228 Y114.659 E263.20557
G1 F2587.6 X133.809 Y114.597 E263.22135
G1 F2628.7 X133.389 Y114.576 E263.23677
G1 F2634.7 X116.663 Y114.574 E263.84871
G1 F2622.8 X116.17 Y114.601 E263.86685
G1 F2634.7 X115.618 Y114.687 E263.88729
G1 F2599.2 X115.33 Y114.761 E263.89832
G1 F2564.7 X114.914 Y114.901 E263.91482
G1 F2576.1 X114.519 Y115.077 E263.931
G1 F2593.4 X114.236 Y115.228 E263.94292
G1 F2599.2 X113.804 Y115.51 E263.96205
G1 F2593.4 X113.424 Y115.826 E263.98042
G1 F2581.9 X113.135 Y116.119 E263.99579
G1 F2564.7 X112.824 Y116.495 E264.01413
G1 F2553.4 X112.623 Y116.79 E264.0276
G1 F2564.7 X112.384 Y117.215 E264.04593
G1 F2576.1 X112.214 Y117.599 E264.06164
G1 F2616.8 X112.134 Y117.821 E264.07033
G1 F2640.7 X112.003 Y118.3 E264.08846
G1 F2610.9 X111.971 Y118.459 E264.09445
G1 X111.911 Y118.876 E264.11
G1 F2616.8 X111.89 Y119.344 E264.12726
G1 F2599.2 X111.888 Y130.653 E264.54665
G1 F2605.1 X111.912 Y131.131 E264.56436
G1 F2599.2 X111.97 Y131.537 E264.57957
G1 F2581.9 X112.074 Y131.977 E264.59645
G1 F2587.6 X112.213 Y132.394 E264.61283
G1 X112.384 Y132.783 E264.62865
G1 X112.622 Y133.207 E264.64677
G1 F2593.4 X112.821 Y133.503 E264.66002
G1 F2599.2 X113.139 Y133.883 E264.6784
G1 F2587.6 X113.434 Y134.177 E264.69391
G1 F2570.4 X113.805 Y134.484 E264.71197
G1 F2587.6 X113.942 Y134.584 E264.71829
G1 F2622.8 X114.362 Y134.838 E264.73633
G1 F2616.8 X114.518 Y134.92 E264.74282
G1 F2581.9 X114.915 Y135.094 E264.75901
G1 F2564.7 X115.331 Y135.234 E264.7755
G1 F2587.6 X115.622 Y135.308 E264.78669
G1 F2610.9 X116.095 Y135.389 E264.8044
G1 X116.66 Y135.422 E264.8253
G1 X132.597 Y135.422 E265.41367
G0 F2160 X133.356 Y135.422
G0 X133.826 Y135.397
G0 X134.228 Y135.339
G1 F1200 E264.91367
G0 F12000 X133.979 Y133.813
G0 X132.205 Y131.895
G0 X131.92 Y130.939
M204 S2500
;TYPE:WALL-OUTER
G1 F600 E265.41367
G1 F1756.5 X132.386 Y130.803 E265.44031
G1 X132.765 Y130.664 E265.46247
G1 X133.274 Y130.418 E265.49349
G1 X133.738 Y130.149 E265.52293
G1 X134.126 Y129.878 E265.5489
G1 X134.587 Y129.489 E265.582
G1 X134.932 Y129.14 E265.60893
G1 X135.283 Y128.729 E265.63859
G1 X135.555 Y128.343 E265.66451
G1 X135.802 Y127.933 E265.69078
G1 X136.017 Y127.495 E265.71755
G1 X136.231 Y126.941 E265.75015
G1 X136.356 Y126.522 E265.77414
G1 X136.462 Y126.02 E265.8023
G1 X136.526 Y125.527 E265.82958
G1 X136.55 Y124.99 E265.85908
G1 X136.543 Y124.744 E265.87259
G1 X136.508 Y124.286 E265.89779
G1 X136.464 Y123.996 E265.91389
G1 X136.363 Y123.509 E265.94119
G1 X136.215 Y123.007 E265.96991
G1 X136.044 Y122.563 E265.99602
G1 X135.824 Y122.1 E266.02415
G1 X135.571 Y121.677 E266.0512
G1 X135.263 Y121.243 E266.08041
G1 X134.92 Y120.839 E266.10949
G1 X134.603 Y120.519 E266.13421
G1 X134.194 Y120.171 E266.16368
G1 X133.77 Y119.868 E266.19228
G1 X133.388 Y119.638 E266.21675
G1 X132.917 Y119.402 E266.24566
G1 X132.42 Y119.209 E266.27492
G1 X131.909 Y119.056 E266.30419
G1 X131.475 Y118.962 E266.32856
G1 X130.955 Y118.894 E266.35734
G1 X130.401 Y118.87 E266.38778
G1 X119.549 Y118.872 E266.98333
G1 X119.04 Y118.897 E267.01129
G1 X118.567 Y118.956 E267.03745
G1 X118.085 Y119.057 E267.06448
G1 X117.57 Y119.209 E267.09395
G1 X117.162 Y119.365 E267.11792
G1 X116.678 Y119.599 E267.14742
G1 X116.218 Y119.876 E267.17689
G1 X115.783 Y120.189 E267.2063
G1 X115.475 Y120.448 E267.22838
G1 X115.102 Y120.818 E267.25722
G1 X114.716 Y121.268 E267.28975
G1 X114.456 Y121.63 E267.31421
G1 X114.184 Y122.085 E267.3433
G1 X113.96 Y122.551 E267.37168
G1 X113.765 Y123.063 E267.40175
G1 X113.637 Y123.491 E267.42626
G1 X113.527 Y124.011 E267.45543
G1 X113.466 Y124.511 E267.48307
G1 X113.446 Y124.989 E267.50933
G1 X113.456 Y125.276 E267.52509
G1 X113.491 Y125.725 E267.5498
G1 X113.526 Y125.984 E267.56415
G1 X113.617 Y126.429 E267.58907
G1 X113.761 Y126.936 E267.618
G1 X113.941 Y127.383 E267.64444
G1 X113.933 Y127.394 E267.64519
G1 X114.168 Y127.883 E267.67496
G1 X114.421 Y128.309 E267.70215
G1 X114.718 Y128.734 E267.73061
G1 X115.069 Y129.149 E267.76044
G1 X115.385 Y129.469 E267.78512
G1 X115.776 Y129.804 E267.81337
G1 X116.222 Y130.123 E267.84347
G1 X116.666 Y130.389 E267.87187
G1 X117.07 Y130.585 E267.89651
G1 X117.573 Y130.787 E267.92626
G1 X118.085 Y130.939 E267.95557
G1 X118.594 Y131.046 E267.98412
G1 X119.04 Y131.098 E268.00876
G1 X119.598 Y131.126 E268.03942
G1 X130.299 Y131.124 E268.62668
G0 F2160 X130.485 Y131.124
G0 X130.916 Y131.107
G0 X131.394 Y131.046
G0 X131.92 Y130.939
M204 S3500
G0 F12000 X132.386 Y130.803
G0 X132.765 Y130.664
G0 X133.274 Y130.418
G0 X133.738 Y130.149
G0 X134.126 Y129.878
G0 X134.587 Y129.489
G0 X134.932 Y129.14
G0 X135.283 Y128.729
G0 X135.555 Y128.343
G0 X135.777 Y127.975
G1 F1200 E268.12668
G1 F1200 Z2.48
G0 F12000 X135.777 Y127.975 Z2.48
G0 X131.689 Y129.845
M204 S2500
G1 F1200 Z2.04
G1 F600 E268.62668
G1 F1756.5 X131.182 Y129.952 E268.65512
G1 X130.93 Y129.984 E268.66906
G1 X130.403 Y130.01 E268.69801
G1 X119.558 Y130.006 E269.29318
G1 X119.07 Y129.98 E269.32
G1 X118.823 Y129.953 E269.33363
G1 X118.301 Y129.844 E269.3629
G1 X117.853 Y129.704 E269.38866
G1 X117.573 Y129.592 E269.40521
G1 X117.134 Y129.373 E269.43213
G1 X116.707 Y129.109 E269.45968
G1 X116.504 Y128.956 E269.47363
G1 X116.111 Y128.619 E269.50204
G1 X115.769 Y128.255 E269.52945
G1 X115.597 Y128.045 E269.54435
G1 X115.32 Y127.646 E269.57101
G1 X115.071 Y127.193 E269.59937
G1 X114.955 Y126.935 E269.6149
G1 X114.786 Y126.483 E269.64138
G1 X114.666 Y126.004 E269.66848
G1 X114.619 Y125.727 E269.6839
G1 X114.571 Y125.261 E269.70961
G1 X114.57 Y124.758 E269.73721
G1 X114.593 Y124.459 E269.75367
G1 X114.668 Y123.968 E269.78093
G1 X114.791 Y123.497 E269.80764
G1 X114.884 Y123.238 E269.82275
G1 X115.074 Y122.793 E269.8493
G1 X115.32 Y122.35 E269.87711
G1 X115.467 Y122.127 E269.89177
G1 X115.773 Y121.733 E269.91914
G1 X116.119 Y121.369 E269.9467
G1 X116.509 Y121.035 E269.97488
G1 X116.727 Y120.874 E269.98976
G1 X117.131 Y120.626 E270.01577
G1 X117.595 Y120.394 E270.04424
G1 X117.834 Y120.295 E270.05844
G1 X118.333 Y120.144 E270.08705
G1 X118.793 Y120.051 E270.1128
G1 X119.068 Y120.012 E270.12805
G1 X119.598 Y119.99 E270.15716
G1 X130.42 Y119.985 E270.75106
G1 X130.931 Y120.012 E270.77914
G1 X131.179 Y120.044 E270.79287
G1 X131.695 Y120.152 E270.8218
G1 X132.166 Y120.301 E270.84891
G1 X132.422 Y120.403 E270.86403
G1 X132.867 Y120.623 E270.89127
G1 X133.292 Y120.89 E270.91882
G1 X133.507 Y121.049 E270.93349
G1 X133.863 Y121.352 E270.95915
G1 X134.228 Y121.737 E270.98826
G1 X134.384 Y121.931 E271.00193
G1 X134.68 Y122.354 E271.03026
G1 X134.925 Y122.803 E271.05833
G1 X135.037 Y123.051 E271.07326
G1 X135.209 Y123.506 E271.09996
G1 X135.329 Y123.987 E271.12716
G1 X135.381 Y124.269 E271.1429
G1 X135.431 Y124.759 E271.16993
G1 X135.426 Y125.249 E271.19682
G1 X135.403 Y125.538 E271.21273
G1 X135.332 Y126.009 E271.23887
G1 X135.201 Y126.51 E271.26729
G1 X135.113 Y126.757 E271.28168
G1 X134.925 Y127.202 E271.30819
G1 X134.684 Y127.639 E271.33558
G1 X134.521 Y127.879 E271.3515
G1 X134.22 Y128.267 E271.37845
G1 X133.874 Y128.633 E271.40609
G1 X133.668 Y128.812 E271.42107
G1 X133.281 Y129.115 E271.44804
G1 X133.176 Y129.18 E271.45482
G0 F2160 X132.858 Y129.378
G0 X132.382 Y129.608
G0 X132.137 Y129.708
G0 X131.689 Y129.845
M204 S3500
G0 F12000 X131.182 Y129.952
G0 X130.93 Y129.984
G0 X130.403 Y130.01
G0 X126.703 Y130.009
G1 F1200 E270.95482
G0 F12000 X126.703 Y129.015
G0 X131.432 Y128.887
G0 X131.786 Y130.396
;TYPE:WALL-INNER
G1 F600 E271.45482
G1 F2514.7 X132.207 Y130.272 E271.47164
G1 X132.596 Y130.125 E271.48758
G1 F2525.6 X133.03 Y129.915 E271.50598
G1 X133.437 Y129.677 E271.52398
G1 F2514.7 X133.785 Y129.433 E271.54027
G1 F2525.6 X134.209 Y129.079 E271.56135
G1 F2536.7 X134.521 Y128.762 E271.57825
G1 F2514.7 X134.839 Y128.385 E271.59716
G1 F2525.6 X134.996 Y128.171 E271.60729
G1 F2570.4 X135.16 Y127.925 E271.61838
G1 F2581.9 X135.415 Y127.462 E271.63811
G1 X135.635 Y126.947 E271.65902
G1 X135.738 Y126.653 E271.67065
G1 X135.874 Y126.123 E271.69108
G1 F2553.4 X135.91 Y125.926 E271.69864
G1 F2525.6 X135.969 Y125.479 E271.71585
G1 F2520.1 X135.989 Y125.004 E271.73403
G1 F2542.2 X135.983 Y124.687 E271.74605
G1 F2564.7 X135.924 Y124.141 E271.76669
G1 F2536.7 X135.82 Y123.644 E271.78599
G1 F2525.6 X135.686 Y123.186 E271.8042
G1 X135.53 Y122.783 E271.82069
G1 F2503.8 X135.328 Y122.366 E271.83853
G1 X135.103 Y121.983 E271.85563
G1 F2531.1 X134.816 Y121.579 E271.8745
G1 F2525.6 X134.507 Y121.218 E271.89264
G1 F2531.1 X134.225 Y120.929 E271.90802
G1 F2542.2 X133.869 Y120.625 E271.92577
G1 F2559.1 X133.611 Y120.435 E271.93784
G1 F2564.7 X133.119 Y120.126 E271.95967
G1 F2536.7 X132.691 Y119.913 E271.97784
G1 F2531.1 X132.239 Y119.738 E271.9963
G1 F2536.7 X131.77 Y119.597 E272.01491
G1 F2531.1 X131.379 Y119.514 E272.03013
G1 X130.933 Y119.453 E272.04727
G1 F2542.2 X130.401 Y119.428 E272.06747
G1 F2536.7 X119.538 Y119.432 E272.48026
G1 F2542.2 X119.07 Y119.454 E272.49802
G1 F2536.7 X118.68 Y119.504 E272.51296
G1 F2531.1 X118.221 Y119.598 E272.53081
G1 F2542.2 X117.748 Y119.738 E272.54951
G1 F2536.7 X117.38 Y119.879 E272.56448
G1 F2531.1 X116.906 Y120.113 E272.58462
G1 X116.526 Y120.343 E272.60153
G1 F2536.7 X116.126 Y120.629 E272.62022
G1 F2531.1 X115.852 Y120.861 E272.63389
G1 X115.511 Y121.198 E272.65215
G1 F2570.4 X115.353 Y121.374 E272.66102
G1 F2559.1 X115.157 Y121.614 E272.67269
G1 F2520.1 X114.923 Y121.937 E272.68795
G1 F2514.7 X114.678 Y122.351 E272.70639
G1 F2536.7 X114.573 Y122.554 E272.71507
G1 F2564.7 X114.36 Y123.054 E272.7355
G1 X114.274 Y123.294 E272.74508
G1 F2547.8 X114.179 Y123.629 E272.75825
G1 F2553.4 X114.122 Y123.869 E272.76756
G1 F2564.7 X114.039 Y124.402 E272.78784
G1 F2547.8 X114.013 Y124.735 E272.80047
G1 F2542.2 X114.012 Y125.236 E272.81947
G1 F2525.6 X114.071 Y125.843 E272.84275
G1 F2509.2 X114.162 Y126.297 E272.86053
G1 F2514.7 X114.29 Y126.753 E272.87869
G1 F2525.6 X114.483 Y127.248 E272.89897
G1 F2514.7 X114.663 Y127.617 E272.9147
G1 X114.89 Y128.006 E272.93197
G1 F2536.7 X115.161 Y128.394 E272.94995
G1 F2525.6 X115.483 Y128.77 E272.96885
G1 F2514.7 X115.775 Y129.069 E272.98487
G1 F2520.1 X116.127 Y129.369 E273.00256
G1 F2525.6 X116.529 Y129.656 E273.02141
G1 F2536.7 X116.914 Y129.888 E273.03849
G1 F2547.8 X117.296 Y130.076 E273.0546
G1 F2542.2 X117.757 Y130.259 E273.0734
G1 F2536.7 X118.221 Y130.398 E273.09181
G1 X118.683 Y130.495 E273.10975
G1 X119.087 Y130.541 E273.1252
G1 F2531.1 X119.598 Y130.566 E273.14468
G1 X130.164 Y130.568 E273.54707
G0 F2160 X130.42 Y130.568
G0 X130.933 Y130.543
G0 X131.304 Y130.496
G0 X131.786 Y130.396
G1 F1200 E273.04707
;MESH:NONMESH
G0 X131.786 Y130.396 Z2.24
G0 F12000 X132.23 Y131.888
G0 X134.042 Y133.802
G0 X134.256 Y134.698
;TIME_ELAPSED:223.469022
;LAYER:10
;note -- min layer time used
M204 S2500
;TYPE:WALL-OUTER
;MESH:new-rear-port-cover-v2.stl
G1 F600 E273.54707
G1 F1742.6 X133.819 Y134.771 E273.57138
G1 X133.356 Y134.798 E273.59683
G1 X116.624 Y134.794 E274.51507
G1 X116.169 Y134.77 E274.54008
G1 X115.741 Y134.698 E274.5639
G1 X115.339 Y134.587 E274.58678
G1 X114.898 Y134.411 E274.61284
G1 X114.683 Y134.3 E274.62612
G1 X114.321 Y134.085 E274.64923
G1 X113.954 Y133.802 E274.67466
G1 X113.65 Y133.518 E274.69749
G1 X113.352 Y133.167 E274.72276
G1 X113.096 Y132.787 E274.7479
G1 X112.9 Y132.42 E274.77074
G1 X112.721 Y131.969 E274.79736
G1 X112.606 Y131.547 E274.82137
G1 X112.537 Y131.13 E274.84456
G1 X112.514 Y130.676 E274.86951
G1 X112.514 Y119.312 E275.49316
G1 X112.538 Y118.855 E275.51827
G1 X112.614 Y118.423 E275.54234
G1 X112.726 Y118.013 E275.56567
G1 X112.896 Y117.588 E275.59079
G1 X113.01 Y117.363 E275.60463
G1 X113.227 Y117.009 E275.62742
G1 X113.492 Y116.655 E275.65169
G1 X113.799 Y116.329 E275.67626
G1 X114.143 Y116.038 E275.70099
G1 X114.497 Y115.795 E275.72455
G1 X114.91 Y115.578 E275.75016
G1 X115.321 Y115.415 E275.77442
G1 X115.741 Y115.298 E275.79835
G1 X116.178 Y115.225 E275.82266
G1 X116.64 Y115.198 E275.84806
G1 X133.371 Y115.197 E276.76624
G1 X133.827 Y115.226 E276.79132
G1 X134.256 Y115.297 E276.81518
G1 X134.673 Y115.414 E276.83895
G1 X135.087 Y115.578 E276.86339
G1 X135.469 Y115.779 E276.88708
G1 X135.679 Y115.914 E276.90078
G1 X136.032 Y116.182 E276.9251
G1 X136.373 Y116.506 E276.95091
G1 X136.644 Y116.829 E276.97405
G1 X136.904 Y117.216 E276.99964
G1 X137.102 Y117.589 E277.02281
G1 X137.27 Y118.011 E277.04774
G1 X137.39 Y118.446 E277.07251
G1 X137.462 Y118.895 E277.09746
G1 X137.482 Y119.32 E277.12081
G1 X137.483 Y130.668 E277.74358
G1 X137.458 Y131.139 E277.76946
G1 X137.386 Y131.567 E277.79328
G1 X137.27 Y131.986 E277.81714
G1 X137.106 Y132.396 E277.84138
G1 X136.988 Y132.631 E277.85581
G1 X136.774 Y132.986 E277.87856
G1 X136.489 Y133.36 E277.90436
G1 X136.197 Y133.667 E277.92761
G1 X135.855 Y133.957 E277.95222
G1 X135.74 Y134.034 E277.95982
G0 F2160 X135.468 Y134.215
G0 X135.108 Y134.408
G0 X134.673 Y134.582
G0 X134.256 Y134.698
M204 S3500
G0 F12000 X133.819 Y134.771
G0 X133.356 Y134.798
G0 X129.263 Y134.798
G1 F1200 E277.45982
G1 F1200 Z2.68
G0 F12000 X129.263 Y134.798 Z2.68
G0 X134.347 Y135.991
M204 S2500
G1 F1200 Z2.24
G1 F600 E277.95982
G1 F1742.6 X134.846 Y135.874 E277.98794
G1 X135.32 Y135.715 E278.01538
G1 X135.768 Y135.516 E278.04228
G1 X136.206 Y135.275 E278.06972
G1 X136.628 Y134.984 E278.09785
G1 X137.01 Y134.667 E278.12509
G1 X137.356 Y134.325 E278.15179
G1 X137.671 Y133.941 E278.17905
G1 X137.962 Y133.515 E278.20736
G1 X138.204 Y133.076 E278.23487
G1 X138.404 Y132.631 E278.26164
G1 X138.562 Y132.161 E278.28886
G1 X138.679 Y131.659 E278.31714
G1 X138.747 Y131.177 E278.34386
G1 X138.77 Y130.65 E278.37281
G1 X138.77 Y119.346 E278.99316
G1 X138.743 Y118.819 E279.02212
G1 X138.679 Y118.336 E279.04886
G1 X138.562 Y117.834 E279.07715
G1 X138.403 Y117.36 E279.10458
G1 X138.204 Y116.913 E279.13144
G1 X137.959 Y116.474 E279.15902
G1 X137.672 Y116.055 E279.1869
G1 X137.356 Y115.671 E279.21419
G1 X137.009 Y115.329 E279.24093
G1 X136.629 Y115.012 E279.26808
G1 X136.202 Y114.721 E279.29644
G1 X135.768 Y114.48 E279.32368
G1 X135.32 Y114.281 E279.35059
G1 X134.845 Y114.123 E279.37806
G1 X134.347 Y114.005 E279.40615
G1 X133.865 Y113.937 E279.43286
G1 X133.334 Y113.915 E279.46202
G1 X116.635 Y113.914 E280.37845
G1 X116.131 Y113.937 E280.40614
G1 X115.644 Y114.005 E280.43313
G1 X115.155 Y114.118 E280.46067
G1 X114.676 Y114.281 E280.48844
G1 X114.223 Y114.481 E280.51561
G1 X113.794 Y114.717 E280.54248
G1 X113.372 Y115.008 E280.57061
G1 X112.987 Y115.329 E280.59812
G1 X112.641 Y115.671 E280.62482
G1 X112.325 Y116.059 E280.65228
G1 X112.033 Y116.484 E280.68058
G1 X111.788 Y116.917 E280.70788
G1 X111.593 Y117.359 E280.7344
G1 X111.435 Y117.843 E280.76234
G1 X111.317 Y118.334 E280.79005
G1 X111.25 Y118.815 E280.8167
G1 X111.226 Y119.346 E280.84587
G1 X111.227 Y130.703 E281.46914
G1 X111.249 Y131.177 E281.49518
G1 X111.317 Y131.662 E281.52205
G1 X111.434 Y132.153 E281.54975
G1 X111.593 Y132.634 E281.57756
G1 X111.788 Y133.08 E281.60427
G1 X112.033 Y133.513 E281.63157
G1 X112.325 Y133.937 E281.65983
G1 X112.641 Y134.325 E281.68729
G1 X112.986 Y134.667 E281.71395
G1 X113.372 Y134.988 E281.7415
G1 X113.79 Y135.274 E281.76929
G1 X114.224 Y135.516 E281.79656
G1 X114.704 Y135.725 E281.82529
G1 X115.155 Y135.877 E281.85141
G1 X115.644 Y135.991 E281.87897
G1 X116.131 Y136.058 E281.90595
G1 X116.662 Y136.082 E281.93512
G1 X132.717 Y136.081 E282.8162
G0 F2160 X133.383 Y136.081
G0 X133.865 Y136.059
G0 X134.347 Y135.991
M204 S3500
G0 F12000 X134.846 Y135.874
G0 X135.32 Y135.715
G0 X135.768 Y135.516
G0 X136.206 Y135.275
G0 X136.628 Y134.984
G0 X137.01 Y134.667
G0 X137.356 Y134.325
G0 X137.671 Y133.941
G0 X137.962 Y133.515
G0 X138.198 Y133.087
G1 F1200 E282.3162
G1 F1200 Z2.68
G0 F12000 X138.198 Y133.087 Z2.68
G0 X134.228 Y135.357
;TYPE:WALL-INNER
G1 F1200 Z2.24
G1 F600 E282.8162
G1 F1819.8 X134.67 Y135.252 E282.84008
G1 F1816.9 X135.086 Y135.113 E282.86316
G1 F1819.8 X135.481 Y134.938 E282.88587
G1 F1822.7 X135.867 Y134.726 E282.90897
G1 F1831.4 X136.24 Y134.471 E282.93257
G1 F1834.3 X136.577 Y134.19 E282.95544
G1 F1837.2 X136.955 Y133.801 E282.98367
G1 F1831.4 X137.154 Y133.553 E283.00028
G1 F1822.7 X137.412 Y133.177 E283.0242
G1 F1840.2 X137.555 Y132.929 E283.03908
G1 F1852 X137.69 Y132.658 E283.05472
G1 F1837.2 X137.802 Y132.396 E283.06955
G1 F1822.7 X137.94 Y131.985 E283.09229
G1 X138.044 Y131.541 E283.11622
G1 F1828.5 X138.105 Y131.118 E283.13857
G1 F1831.4 X138.126 Y130.65 E283.16304
G1 X138.126 Y119.346 E283.75331
G1 F1837.2 X138.102 Y118.864 E283.77843
G1 F1834.3 X138.044 Y118.451 E283.80018
G1 F1822.7 X137.94 Y118.01 E283.82395
G1 F1816.9 X137.8 Y117.594 E283.84705
G1 X137.627 Y117.202 E283.8696
G1 F1822.7 X137.411 Y116.814 E283.8929
G1 F1831.4 X137.124 Y116.4 E283.91921
G1 F1834.3 X136.865 Y116.091 E283.94023
G1 F1828.5 X136.576 Y115.807 E283.96142
G1 F1819.8 X136.239 Y115.529 E283.98438
G1 F1822.7 X135.864 Y115.269 E284.00832
G1 F1828.5 X135.48 Y115.057 E284.03126
G1 F1822.7 X135.086 Y114.883 E284.05386
G1 F1837.2 X134.875 Y114.806 E284.06555
G1 F1858 X134.402 Y114.674 E284.09083
G1 F1846.1 X134.228 Y114.639 E284.10002
G1 F1831.4 X133.806 Y114.579 E284.12228
G1 F1843.1 X133.399 Y114.557 E284.14343
G1 F1849 X116.64 Y114.556 E285.0102
G1 F1840.2 X116.168 Y114.581 E285.03476
G1 F1828.5 X115.761 Y114.64 E285.05627
G1 F1816.9 X115.331 Y114.741 E285.07952
G1 X114.91 Y114.883 E285.1029
G1 F1822.7 X114.51 Y115.059 E285.12583
G1 F1828.5 X114.133 Y115.265 E285.1483
G1 F1831.4 X113.761 Y115.521 E285.17188
G1 X113.404 Y115.82 E285.1962
G1 F1819.8 X113.12 Y116.106 E285.21738
G1 F1825.6 X112.994 Y116.25 E285.2274
G1 F1843.1 X112.698 Y116.646 E285.25305
G1 F1831.4 X112.581 Y116.826 E285.26426
G1 F1819.8 X112.366 Y117.206 E285.28721
G1 F1816.9 X112.198 Y117.59 E285.30927
G1 F1831.4 X112.117 Y117.814 E285.32171
G1 F1846.1 X111.99 Y118.275 E285.34648
G1 F1831.4 X111.953 Y118.454 E285.35602
G1 F1828.5 X111.891 Y118.874 E285.37823
G1 F1834.3 X111.87 Y119.346 E285.40286
G1 F1831.4 X111.87 Y130.676 E285.99449
G1 F1834.3 X111.892 Y131.132 E286.0183
G1 F1831.4 X111.952 Y131.543 E286.03999
G1 F1825.6 X112.055 Y131.977 E286.06335
G1 F1819.8 X112.197 Y132.403 E286.08695
G1 F1814 X112.367 Y132.791 E286.10928
G1 F1822.7 X112.579 Y133.172 E286.13216
G1 F1837.2 X112.839 Y133.552 E286.15612
G1 F1834.3 X113.131 Y133.905 E286.18001
G1 F1819.8 X113.421 Y134.188 E286.2013
G1 F1811.2 X113.762 Y134.472 E286.22473
G1 F1822.7 X113.959 Y134.615 E286.23751
G1 F1825.6 X114.131 Y134.724 E286.24817
G1 F1816.9 X114.511 Y134.938 E286.27113
G1 F1819.8 X114.911 Y135.113 E286.29407
G1 F1831.4 X115.117 Y135.189 E286.30554
G1 X115.331 Y135.255 E286.31723
G1 F1819.8 X115.761 Y135.356 E286.34044
G1 F1828.5 X116.189 Y135.417 E286.36305
G1 F1834.3 X116.662 Y135.438 E286.38774
G1 F1837.2 X132.597 Y135.44 E287.21719
G0 F2160 X133.356 Y135.44
G0 X133.828 Y135.415
G0 X134.228 Y135.357
G1 F1200 E286.71719
G0 F12000 X133.965 Y133.742
G0 X132.155 Y131.7
G0 X131.872 Y130.743
M204 S2500
;TYPE:WALL-OUTER
G1 F600 E287.21719
G1 F1742.6 X132.314 Y130.615 E287.24244
G1 X132.729 Y130.456 E287.26683
G1 X133.202 Y130.227 E287.29567
G1 X133.619 Y129.988 E287.32205
G1 X134.01 Y129.714 E287.34825
G1 X134.443 Y129.35 E287.37929
G1 X134.784 Y129.008 E287.4058
G1 X135.126 Y128.602 E287.43493
G1 X135.379 Y128.243 E287.45903
G1 X135.622 Y127.841 E287.48481
G1 X135.83 Y127.421 E287.51053
G1 X136.008 Y126.97 E287.53714
G1 X136.156 Y126.488 E287.56481
G1 X136.263 Y125.996 E287.59244
G1 X136.305 Y125.704 E287.60863
G1 X136.342 Y125.217 E287.63544
G1 X136.344 Y124.788 E287.65898
G1 X136.306 Y124.305 E287.68557
G1 X136.266 Y124.015 E287.70164
G1 X136.168 Y123.556 E287.72739
G1 X136.027 Y123.067 E287.75532
G1 X135.849 Y122.624 E287.78152
G1 X135.652 Y122.207 E287.80683
G1 X135.411 Y121.797 E287.83293
G1 X135.103 Y121.368 E287.86191
G1 X134.768 Y120.971 E287.89042
G1 X134.474 Y120.674 E287.91336
G1 X134.092 Y120.344 E287.94106
G1 X133.658 Y120.036 E287.97026
G1 X133.312 Y119.826 E287.99248
G1 X132.841 Y119.59 E288.02139
G1 X132.355 Y119.401 E288.05001
G1 X131.854 Y119.248 E288.07875
G1 X131.455 Y119.166 E288.10111
G1 X130.945 Y119.094 E288.12937
G1 X130.401 Y119.07 E288.15926
G1 X119.553 Y119.075 E288.75459
G1 X119.047 Y119.098 E288.78238
G1 X118.642 Y119.146 E288.80477
G1 X118.117 Y119.258 E288.83423
G1 X117.631 Y119.401 E288.86203
G1 X117.312 Y119.524 E288.88079
G1 X117.306 Y119.519 E288.88122
G1 X116.777 Y119.776 E288.9135
G1 X116.329 Y120.041 E288.94206
G1 X115.982 Y120.29 E288.9655
G1 X115.579 Y120.625 E288.99426
G1 X115.185 Y121.014 E289.02464
G1 X114.868 Y121.403 E289.05218
G1 X114.632 Y121.731 E289.07436
G1 X114.363 Y122.174 E289.1028
G1 X114.144 Y122.631 E289.13061
G1 X113.954 Y123.13 E289.15991
G1 X113.837 Y123.53 E289.18279
G1 X113.726 Y124.044 E289.21164
G1 X113.666 Y124.531 E289.23857
G1 X113.65 Y124.972 E289.26279
G1 X113.654 Y125.244 E289.27772
G1 X113.69 Y125.682 E289.30184
G1 X113.729 Y125.977 E289.31817
G1 X113.809 Y126.366 E289.33996
G1 X113.95 Y126.867 E289.36852
G1 X114.143 Y127.363 E289.39773
G1 X114.362 Y127.814 E289.42525
G1 X114.575 Y128.181 E289.44853
G1 X114.874 Y128.605 E289.47701
G1 X115.234 Y129.027 E289.50745
G1 X115.511 Y129.307 E289.52906
G1 X115.898 Y129.644 E289.55722
G1 X116.33 Y129.956 E289.58647
G1 X116.692 Y130.171 E289.60957
G1 X117.153 Y130.406 E289.63797
G1 X117.624 Y130.595 E289.66582
G1 X118.138 Y130.743 E289.69518
G1 X118.537 Y130.83 E289.71759
G1 X119.051 Y130.899 E289.74605
G1 X119.598 Y130.926 E289.7761
G1 X130.251 Y130.925 E290.36073
G0 F2160 X130.441 Y130.925
G0 X130.892 Y130.907
G0 X131.35 Y130.85
G0 X131.872 Y130.743
M204 S3500
G0 F12000 X132.314 Y130.615
G0 X132.729 Y130.456
G0 X133.202 Y130.227
G0 X133.619 Y129.988
G0 X134.01 Y129.714
G0 X134.443 Y129.35
G0 X134.784 Y129.008
G0 X135.126 Y128.602
G0 X135.379 Y128.243
G0 X135.622 Y127.841
G0 X135.676 Y127.731
G1 F1200 E289.86073
G1 F1200 Z2.68
G0 F12000 X135.676 Y127.731 Z2.68
G0 X131.617 Y129.659
M204 S2500
G1 F1200 Z2.24
G1 F600 E290.36073
G1 F1742.6 X131.148 Y129.751 E290.38696
G1 X130.921 Y129.784 E290.39955
G1 X130.402 Y129.81 E290.42807
G1 X119.558 Y129.806 E291.02318
G1 X119.079 Y129.781 E291.0495
G1 X118.856 Y129.756 E291.06182
G1 X118.35 Y129.651 E291.09018
G1 X117.895 Y129.504 E291.11642
G1 X117.691 Y129.424 E291.12844
G1 X117.23 Y129.2 E291.15657
G1 X116.824 Y128.941 E291.183
G1 X116.644 Y128.814 E291.19509
G1 X116.268 Y128.491 E291.22229
G1 X115.911 Y128.116 E291.25071
G1 X115.762 Y127.93 E291.26379
G1 X115.49 Y127.543 E291.28974
G1 X115.245 Y127.097 E291.31767
G1 X115.151 Y126.883 E291.3305
G1 X114.975 Y126.416 E291.35789
G1 X114.863 Y125.958 E291.38376
G1 X114.819 Y125.712 E291.39748
G1 X114.771 Y125.255 E291.42269
G1 X114.77 Y124.752 E291.4503
G1 X114.789 Y124.498 E291.46428
G1 X114.864 Y124.017 E291.49099
G1 X114.983 Y123.555 E291.51717
G1 X115.068 Y123.322 E291.53079
G1 X115.254 Y122.885 E291.55685
G1 X115.493 Y122.452 E291.58399
G1 X115.63 Y122.246 E291.59757
G1 X115.916 Y121.875 E291.62328
G1 X116.259 Y121.513 E291.65064
G1 X116.636 Y121.192 E291.67782
G1 X116.816 Y121.056 E291.6902
G1 X117.235 Y120.796 E291.71726
G1 X117.467 Y120.677 E291.73157
G1 X117.891 Y120.492 E291.75696
G1 X118.387 Y120.336 E291.78549
G1 X118.854 Y120.244 E291.81161
G1 X119.098 Y120.214 E291.8251
G1 X119.595 Y120.19 E291.85241
G1 X130.42 Y120.189 E292.44648
G1 X130.917 Y120.215 E292.47379
G1 X131.163 Y120.244 E292.48738
G1 X131.642 Y120.344 E292.51424
G1 X132.105 Y120.488 E292.54085
G1 X132.334 Y120.583 E292.55445
G1 X132.764 Y120.796 E292.58079
G1 X133.181 Y121.059 E292.60784
G1 X133.372 Y121.197 E292.62078
G1 X133.744 Y121.519 E292.64778
G1 X134.085 Y121.88 E292.67503
G1 X134.225 Y122.052 E292.6872
G1 X134.509 Y122.46 E292.71448
G1 X134.748 Y122.894 E292.74167
G1 X134.85 Y123.118 E292.75518
G1 X135.014 Y123.564 E292.78126
G1 X135.133 Y124.037 E292.80802
G1 X135.177 Y124.284 E292.82179
G1 X135.226 Y124.737 E292.8468
G1 X135.226 Y125.244 E292.87462
G1 X135.21 Y125.472 E292.88716
G1 X135.144 Y125.943 E292.91326
G1 X135.013 Y126.441 E292.94152
G1 X134.937 Y126.666 E292.95456
G1 X134.734 Y127.127 E292.9822
G1 X134.511 Y127.535 E293.00772
G1 X134.362 Y127.759 E293.02248
G1 X134.064 Y128.14 E293.04903
G1 X133.738 Y128.482 E293.07496
G1 X133.565 Y128.638 E293.08774
G1 X133.174 Y128.943 E293.11495
G1 X133.101 Y128.988 E293.11966
G0 F2160 X132.764 Y129.199
G0 X132.527 Y129.323
G0 X132.088 Y129.511
G0 X131.617 Y129.659
M204 S3500
G0 F12000 X131.148 Y129.751
G0 X130.921 Y129.784
G0 X130.402 Y129.81
G0 X126.629 Y129.809
G1 F1200 E292.61966
G0 F12000 X126.629 Y128.814
G0 X131.379 Y128.693
G0 X131.739 Y130.202
;TYPE:WALL-INNER
G1 F600 E293.11966
G1 F2511.1 X132.136 Y130.083 E293.13544
G1 F2494.8 X132.507 Y129.942 E293.15066
G1 F2516.6 X132.927 Y129.743 E293.16832
G1 F2511.1 X133.319 Y129.514 E293.18561
G1 F2516.6 X133.493 Y129.398 E293.19355
G1 F2511.1 X133.771 Y129.189 E293.2068
G1 X134.132 Y128.875 E293.22502
G1 F2544.5 X134.502 Y128.482 E293.24531
G1 F2522.2 X134.682 Y128.26 E293.25614
G1 F2511.1 X134.912 Y127.938 E293.27121
G1 F2505.7 X135.13 Y127.571 E293.28751
G1 F2489.4 X135.317 Y127.194 E293.30367
G1 F2533.3 X135.453 Y126.869 E293.31697
G1 F2578.7 X135.542 Y126.603 E293.32737
G1 F2584.5 X135.679 Y126.083 E293.34727
G1 F2550.1 X135.748 Y125.661 E293.36331
G1 F2516.6 X135.784 Y125.194 E293.38111
G1 F2533.3 X135.78 Y124.694 E293.39998
G1 X135.73 Y124.203 E293.41861
G1 F2527.7 X135.675 Y123.91 E293.42989
G1 F2538.9 X135.548 Y123.411 E293.44929
G1 F2511.1 X135.495 Y123.248 E293.45581
G1 F2505.7 X135.346 Y122.861 E293.47164
G1 X135.155 Y122.469 E293.48828
G1 F2494.8 X134.942 Y122.101 E293.50458
G1 F2522.2 X134.664 Y121.71 E293.52277
G1 F2511.1 X134.354 Y121.349 E293.54089
G1 F2500.2 X134.093 Y121.082 E293.55518
G1 F2516.6 X133.736 Y120.775 E293.57307
G1 F2505.7 X133.35 Y120.504 E293.59107
G1 F2511.1 X133.042 Y120.313 E293.60487
G1 F2527.7 X132.615 Y120.1 E293.62292
G1 F2555.8 X132.305 Y119.973 E293.63546
G1 X131.717 Y119.789 E293.65851
G1 F2533.3 X131.22 Y119.691 E293.67763
G1 F2522.2 X130.894 Y119.652 E293.69008
G1 F2500.2 X130.401 Y119.63 E293.70896
G1 F2511.1 X119.576 Y119.632 E294.12121
G1 F2522.2 X119.07 Y119.657 E294.14042
G1 F2516.6 X118.723 Y119.7 E294.1537
G1 F2527.7 X118.272 Y119.792 E294.17112
G1 X117.811 Y119.931 E294.18933
G1 F2494.8 X117.475 Y120.061 E294.20314
G1 X117.041 Y120.268 E294.22157
G1 F2505.7 X116.635 Y120.509 E294.23959
G1 F2516.6 X116.301 Y120.748 E294.2552
G1 F2538.9 X115.868 Y121.119 E294.27668
G1 F2511.1 X115.6 Y121.392 E294.29125
G1 F2489.4 X115.321 Y121.731 E294.30811
G1 F2516.6 X115.173 Y121.929 E294.31751
G1 F2533.3 X115.018 Y122.164 E294.32813
G1 F2500.2 X114.857 Y122.441 E294.34039
G1 X114.752 Y122.645 E294.34917
G1 F2516.6 X114.659 Y122.852 E294.35779
G1 F2522.2 X114.481 Y123.307 E294.37631
G1 F2533.3 X114.378 Y123.666 E294.39041
G1 F2538.9 X114.319 Y123.914 E294.40001
G1 F2544.5 X114.236 Y124.439 E294.41999
G1 F2527.7 X114.213 Y124.744 E294.43156
G1 F2522.2 X114.212 Y125.228 E294.44992
G1 F2505.7 X114.278 Y125.866 E294.47439
G1 F2489.4 X114.354 Y126.235 E294.48887
G1 F2500.2 X114.48 Y126.69 E294.50693
G1 F2516.6 X114.647 Y127.122 E294.52453
G1 F2538.9 X114.753 Y127.352 E294.53407
G1 F2527.7 X114.866 Y127.569 E294.54332
G1 F2505.7 X115.049 Y127.887 E294.55732
G1 F2522.2 X115.315 Y128.263 E294.57479
G1 X115.632 Y128.635 E294.59332
G1 X115.861 Y128.871 E294.60579
G1 F2527.7 X116.257 Y129.217 E294.62568
G1 F2505.7 X116.637 Y129.487 E294.64347
G1 F2516.6 X116.997 Y129.705 E294.65947
G1 F2527.7 X117.385 Y129.897 E294.67585
G1 F2505.7 X117.806 Y130.064 E294.69313
G1 F2522.2 X118.206 Y130.187 E294.709
G1 F2533.3 X118.633 Y130.28 E294.7255
G1 F2516.6 X119.101 Y130.342 E294.74344
G1 F2505.7 X119.598 Y130.366 E294.76243
G1 F2511.1 X130.115 Y130.368 E295.16294
G0 F2160 X130.42 Y130.368
G0 X130.847 Y130.349
G0 X131.273 Y130.296
G0 X131.739 Y130.202
G1 F1200 E294.66294
;MESH:NONMESH
G0 X131.739 Y130.202 Z2.44
G0 F12000 X132.18 Y131.693
G0 X134.038 Y133.729
G0 X134.25 Y134.626
;TIME_ELAPSED:238.857066
;LAYER:11
;note -- min layer time used
M204 S2500
;TYPE:WALL-OUTER
;MESH:new-rear-port-cover-v2.stl
G1 F600 E295.16294
G1 F2082.6 X133.814 Y134.699 E295.1872
G1 X133.356 Y134.726 E295.21238
G1 X116.623 Y134.722 E296.13068
G1 X116.174 Y134.697 E296.15536
G1 X115.736 Y134.619 E296.17977
G1 X115.324 Y134.503 E296.20326
G1 X114.848 Y134.311 E296.23143
G1 X114.37 Y134.029 E296.26188
G1 X114.04 Y133.782 E296.28451
G1 X113.71 Y133.478 E296.30913
G1 X113.411 Y133.123 E296.3346
G1 X113.164 Y132.76 E296.3587
G1 X112.972 Y132.4 E296.38109
G1 X112.794 Y131.964 E296.40693
G1 X112.687 Y131.562 E296.42976
G1 X112.609 Y131.126 E296.45407
G1 X112.586 Y130.676 E296.4788
G1 X112.586 Y119.308 E297.10266
G1 X112.614 Y118.861 E297.12724
G1 X112.689 Y118.424 E297.15157
G1 X112.802 Y118.017 E297.17476
G1 X113.006 Y117.512 E297.20465
G1 X113.279 Y117.058 E297.23372
G1 X113.538 Y116.714 E297.25735
G1 X113.834 Y116.398 E297.28111
G1 X114.185 Y116.099 E297.30642
G1 X114.522 Y115.868 E297.32884
G1 X114.938 Y115.646 E297.35471
G1 X115.34 Y115.482 E297.37854
G1 X115.769 Y115.366 E297.40293
G1 X116.182 Y115.297 E297.42591
G1 X116.64 Y115.274 E297.45108
G1 X133.333 Y115.273 E298.36717
G1 X133.814 Y115.295 E298.3936
G1 X134.246 Y115.37 E298.41766
G1 X134.674 Y115.492 E298.44209
G1 X135.064 Y115.646 E298.4651
G1 X135.466 Y115.866 E298.49025
G1 X135.619 Y115.963 E298.50019
G1 X135.956 Y116.213 E298.52321
G1 X136.286 Y116.518 E298.54788
G1 X136.567 Y116.849 E298.5717
G1 X136.832 Y117.236 E298.59744
G1 X137.03 Y117.609 E298.62062
G1 X137.202 Y118.032 E298.64568
G1 X137.318 Y118.453 E298.66964
G1 X137.387 Y118.87 E298.69284
G1 X137.41 Y119.32 E298.71757
G1 X137.411 Y130.683 E299.34116
G1 X137.383 Y131.132 E299.36585
G1 X137.314 Y131.562 E299.38975
G1 X137.198 Y131.968 E299.41292
G1 X136.969 Y132.516 E299.44551
G1 X136.725 Y132.928 E299.47179
G1 X136.467 Y133.266 E299.49513
G1 X136.162 Y133.598 E299.51987
G1 X135.835 Y133.878 E299.5435
G1 X135.729 Y133.951 E299.55056
G0 F2160 X135.449 Y134.143
G0 X135.085 Y134.339
G0 X134.674 Y134.504
G0 X134.25 Y134.626
M204 S3500
G0 F12000 X133.814 Y134.699
G0 X133.356 Y134.726
G0 X129.257 Y134.726
G1 F1200 E299.05056
G1 F1200 Z2.88
G0 F12000 X129.257 Y134.726 Z2.88
G0 X134.358 Y136.047
M204 S2500
G1 F1200 Z2.44
G1 F600 E299.55056
G1 F2082.6 X134.861 Y135.926 E299.57895
G1 X135.344 Y135.768 E299.60684
G1 X135.796 Y135.564 E299.63405
G1 X136.27 Y135.302 E299.66378
G1 X136.625 Y135.06 E299.68735
G1 X137.049 Y134.707 E299.71763
G1 X137.395 Y134.361 E299.74448
G1 X137.716 Y133.972 E299.77216
G1 X138.011 Y133.545 E299.80064
G1 X138.256 Y133.104 E299.82833
G1 X138.455 Y132.653 E299.85538
G1 X138.614 Y132.173 E299.88313
G1 X138.735 Y131.67 E299.91152
G1 X138.802 Y131.185 E299.93839
G1 X138.826 Y130.649 E299.96784
G1 X138.826 Y119.343 E300.5883
G1 X138.803 Y118.811 E300.61753
G1 X138.741 Y118.361 E300.64246
G1 X138.614 Y117.823 E300.67279
G1 X138.455 Y117.339 E300.70075
G1 X138.256 Y116.892 E300.7276
G1 X138.007 Y116.443 E300.75578
G1 X137.716 Y116.024 E300.78377
G1 X137.395 Y115.635 E300.81145
G1 X137.049 Y115.289 E300.83831
G1 X136.624 Y114.936 E300.86863
G1 X136.27 Y114.694 E300.89216
G1 X135.796 Y114.432 E300.92188
G1 X135.344 Y114.229 E300.94907
G1 X134.861 Y114.07 E300.97698
G1 X134.358 Y113.949 E301.00537
G1 X133.87 Y113.882 E301.0324
G1 X133.333 Y113.859 E301.0619
G1 X116.633 Y113.858 E301.97838
G1 X116.16 Y113.879 E302.00437
G1 X115.638 Y113.949 E302.03327
G1 X115.135 Y114.07 E302.06166
G1 X114.652 Y114.229 E302.08957
G1 X114.2 Y114.432 E302.11676
G1 X113.761 Y114.674 E302.14427
G1 X113.336 Y114.964 E302.17251
G1 X112.947 Y115.288 E302.20029
G1 X112.579 Y115.66 E302.229
G1 X112.28 Y116.024 E302.25486
G1 X111.985 Y116.451 E302.28334
G1 X111.74 Y116.892 E302.31102
G1 X111.541 Y117.339 E302.33788
G1 X111.382 Y117.823 E302.36583
G1 X111.261 Y118.326 E302.39423
G1 X111.194 Y118.811 E302.4211
G1 X111.17 Y119.347 E302.45054
G1 X111.172 Y130.706 E303.07391
G1 X111.191 Y131.151 E303.09836
G1 X111.255 Y131.635 E303.12515
G1 X111.382 Y132.173 E303.15549
G1 X111.541 Y132.653 E303.18324
G1 X111.74 Y133.105 E303.21034
G1 X111.985 Y133.545 E303.23798
G1 X112.28 Y133.972 E303.26646
G1 X112.601 Y134.361 E303.29414
G1 X112.948 Y134.707 E303.32103
G1 X113.336 Y135.032 E303.3488
G1 X113.762 Y135.321 E303.37706
G1 X114.2 Y135.564 E303.40454
G1 X114.652 Y135.767 E303.43174
G1 X115.135 Y135.926 E303.45964
G1 X115.638 Y136.047 E303.48803
G1 X116.126 Y136.114 E303.51507
G1 X116.663 Y136.138 E303.54457
G1 X132.727 Y136.137 E304.42615
G0 F2160 X133.385 Y136.137
G0 X133.87 Y136.115
G0 X134.358 Y136.047
M204 S3500
G0 F12000 X134.861 Y135.926
G0 X135.344 Y135.768
G0 X135.796 Y135.564
G0 X136.27 Y135.302
G0 X136.625 Y135.06
G0 X137.049 Y134.707
G0 X137.395 Y134.361
G0 X137.716 Y133.972
G0 X138.011 Y133.545
G0 X138.226 Y133.158
G1 F1200 E303.92615
G0 F12000 X139.096 Y133.643
G0 X138.517 Y134.569
G0 X137.714 Y135.449
G0 X136.763 Y136.169
G0 X135.803 Y136.647
G0 X134.617 Y137.008
G0 X134.271 Y135.534
;TYPE:WALL-INNER
G1 F600 E304.42615
G1 F3617.2 X134.727 Y135.423 E304.44097
G1 X135.165 Y135.278 E304.45555
G1 X135.564 Y135.1 E304.46936
G1 X136.005 Y134.854 E304.48531
G1 X136.318 Y134.639 E304.49731
G1 X136.705 Y134.317 E304.51322
G1 X137.015 Y134.003 E304.52716
G1 F3598.3 X137.306 Y133.652 E304.54164
G1 F3617.2 X137.573 Y133.263 E304.55655
G1 F3626.7 X137.79 Y132.873 E304.57062
G1 F3617.2 X137.972 Y132.457 E304.58496
G1 X138.116 Y132.023 E304.59941
G1 F3626.7 X138.224 Y131.573 E304.614
G1 F3617.2 X138.284 Y131.138 E304.62787
G1 F3626.7 X138.307 Y130.649 E304.6433
G1 F3636.3 X138.307 Y119.343 E304.99865
G1 X138.285 Y118.85 E305.01417
G1 F3617.2 X138.222 Y118.414 E305.02808
G1 X138.112 Y117.958 E305.04291
G1 X137.965 Y117.518 E305.05756
G1 X137.787 Y117.118 E305.0714
G1 X137.561 Y116.709 E305.08616
G1 F3636.3 X137.297 Y116.331 E305.10065
G1 X137.004 Y115.977 E305.1151
G1 F3617.2 X136.692 Y115.668 E305.12897
G1 F3598.3 X136.303 Y115.348 E305.14497
G1 F3607.7 X135.99 Y115.133 E305.157
G1 F3617.2 X135.557 Y114.893 E305.17265
G1 X135.156 Y114.714 E305.18652
G1 X134.719 Y114.57 E305.20106
G1 F3626.7 X134.262 Y114.46 E305.21587
G1 F3636.3 X133.814 Y114.399 E305.23008
G1 X133.333 Y114.377 E305.24522
G1 F3646 X116.632 Y114.378 E305.76875
G1 X116.153 Y114.401 E305.78379
G1 F3636.3 X115.725 Y114.463 E305.79738
G1 F3626.7 X115.277 Y114.57 E305.8119
G1 X114.832 Y114.718 E305.82667
G1 F3617.2 X114.426 Y114.9 E305.84073
G1 X114.026 Y115.121 E305.85517
G1 F3626.7 X113.642 Y115.385 E305.86986
G1 F3617.2 X113.292 Y115.677 E305.88426
G1 F3598.3 X112.98 Y115.992 E305.89834
G1 F3617.2 X112.691 Y116.344 E305.91273
G1 X112.423 Y116.733 E305.92766
G1 F3636.3 X112.203 Y117.123 E305.94173
G1 X112.024 Y117.536 E305.95588
G1 F3607.7 X111.883 Y117.965 E305.97019
G1 F3617.2 X111.773 Y118.423 E305.98507
G1 X111.711 Y118.867 E305.99924
G1 F3636.3 X111.689 Y119.347 E306.01434
G1 X111.69 Y130.684 E306.37067
G1 F3646 X111.713 Y131.156 E306.38548
G1 F3617.2 X111.775 Y131.582 E306.39909
G1 F3607.7 X111.884 Y132.038 E306.41394
G1 F3617.2 X112.027 Y132.466 E306.4282
G1 X112.21 Y132.881 E306.44253
G1 X112.444 Y133.299 E306.45766
G1 F3636.3 X112.694 Y133.66 E306.47147
G1 X112.992 Y134.019 E306.48613
G1 F3617.2 X113.305 Y134.328 E306.50003
G1 F3607.7 X113.65 Y134.616 E306.51427
G1 F3617.2 X114.042 Y134.882 E306.52923
G1 F3646 X114.47 Y135.119 E306.54457
G1 F3636.3 X114.84 Y135.281 E306.55727
G1 F3607.7 X115.277 Y135.425 E306.57184
G1 F3617.2 X115.744 Y135.536 E306.58701
G1 F3626.7 X116.182 Y135.598 E306.60095
G1 F3636.3 X116.663 Y135.619 E306.61608
G1 X132.64 Y135.62 E307.11825
G0 F2160 X133.341 Y135.62
G0 X133.831 Y135.597
G0 X134.271 Y135.534
G0 F12000 X134.372 Y135.129
G1 F3655.7 X133.818 Y135.219 E307.1358
G1 X133.395 Y135.243 E307.14905
G1 X116.598 Y135.24 E307.6742
G1 F3646 X116.115 Y135.212 E307.68936
G1 F3636.3 X115.626 Y135.126 E307.70497
G1 F3655.7 X115.184 Y135.002 E307.71932
G1 F3636.3 X114.98 Y134.926 E307.72616
G1 F3626.7 X114.562 Y134.747 E307.74049
G1 F3655.7 X114.134 Y134.494 E307.75604
G1 F3646 X113.744 Y134.208 E307.7712
G1 F3655.7 X113.344 Y133.844 E307.78811
G1 X113.029 Y133.477 E307.80323
G1 F3636.3 X112.745 Y133.069 E307.81885
G1 X112.503 Y132.627 E307.83469
G1 F3665.4 X112.304 Y132.127 E307.85147
G1 F3675.2 X112.183 Y131.683 E307.86578
G1 F3646 X112.087 Y131.112 E307.88393
G1 F3636.3 X112.068 Y130.718 E307.89633
G1 F3646 X112.069 Y119.278 E308.25495
G1 F3636.3 X112.099 Y118.799 E308.27003
G1 X112.182 Y118.314 E308.2855
G1 F3646 X112.31 Y117.855 E308.30044
G1 F3655.7 X112.529 Y117.311 E308.31877
G1 X112.845 Y116.774 E308.33825
G1 X113.125 Y116.4 E308.35286
G1 F3646 X113.515 Y115.986 E308.37069
G1 F3636.3 X113.891 Y115.671 E308.3861
G1 X114.236 Y115.435 E308.39924
G1 X114.664 Y115.203 E308.41454
G1 X114.98 Y115.066 E308.42537
G1 F3646 X115.179 Y114.991 E308.43204
G1 F3675.2 X115.625 Y114.868 E308.44642
G1 F3655.7 X116.199 Y114.775 E308.4646
G1 F3636.3 X116.599 Y114.756 E308.47719
G1 F3646 X133.397 Y114.756 E309.00377
G1 F3665.4 X133.885 Y114.782 E309.01901
G1 F3675.2 X134.367 Y114.867 E309.03423
G1 F3665.4 X134.864 Y115.01 E309.05035
G1 F3675.2 X135.277 Y115.174 E309.06417
G1 F3655.7 X135.694 Y115.398 E309.07897
G1 F3636.3 X135.912 Y115.534 E309.08705
G1 F3655.7 X136.286 Y115.814 E309.10165
G1 F3665.4 X136.652 Y116.152 E309.11719
G1 F3655.7 X137 Y116.561 E309.13398
G1 F3636.3 X137.247 Y116.922 E309.14773
G1 X137.504 Y117.398 E309.16473
G1 F3665.4 X137.693 Y117.871 E309.18061
G1 F3675.2 X137.816 Y118.309 E309.19476
G1 F3655.7 X137.908 Y118.874 E309.21266
G1 F3636.3 X137.928 Y119.278 E309.22537
G1 F3646 X137.927 Y130.718 E309.58399
G1 F3655.7 X137.898 Y131.198 E309.59902
G1 F3675.2 X137.817 Y131.683 E309.61431
G1 X137.689 Y132.13 E309.62877
G1 F3655.7 X137.56 Y132.46 E309.63985
G1 F3636.3 X137.45 Y132.712 E309.64849
G1 F3655.7 X137.151 Y133.222 E309.66698
G1 X136.837 Y133.631 E309.6831
G1 F3636.3 X136.481 Y134.01 E309.69944
G1 F3626.7 X136.09 Y134.337 E309.7155
G1 F3617.2 X135.869 Y134.489 E309.72398
G0 F2160 X135.791 Y134.542
G0 X135.33 Y134.795
G0 X134.818 Y135.002
G0 X134.372 Y135.129
G1 F1200 E309.22398
G0 F12000 X134.027 Y133.656
G0 X132.11 Y131.504
G0 X131.829 Y130.547
M204 S2500
;TYPE:WALL-OUTER
G1 F600 E309.72398
G1 F2082.6 X132.246 Y130.426 E309.74781
G1 X132.626 Y130.28 E309.77015
G1 X133.099 Y130.056 E309.79887
G1 X133.491 Y129.828 E309.82376
G1 X133.858 Y129.577 E309.84816
G1 X134.027 Y129.445 E309.85992
G1 X134.306 Y129.202 E309.88023
G1 X134.636 Y128.873 E309.9058
G1 X134.983 Y128.456 E309.93557
G1 X135.211 Y128.135 E309.95718
G1 X135.438 Y127.757 E309.98138
G1 X135.633 Y127.362 E310.00555
G1 X135.855 Y126.797 E310.03887
G1 X135.987 Y126.34 E310.06497
G1 X136.062 Y125.981 E310.0851
G1 X136.123 Y125.508 E310.11127
G1 X136.142 Y125.209 E310.12772
G1 X136.142 Y124.847 E310.14758
G1 X136.127 Y124.54 E310.16445
G1 X136.07 Y124.062 E310.19087
G1 X135.966 Y123.582 E310.21782
G1 X135.835 Y123.127 E310.24381
G1 X135.662 Y122.697 E310.26924
G1 X135.499 Y122.354 E310.29008
G1 X135.245 Y121.918 E310.31777
G1 X134.946 Y121.49 E310.34643
G1 X134.616 Y121.104 E310.3743
G1 X134.354 Y120.838 E310.39479
G1 X133.971 Y120.508 E310.42253
G1 X133.546 Y120.201 E310.4513
G1 X133.099 Y119.937 E310.47979
G1 X132.761 Y119.776 E310.50034
G1 X132.295 Y119.589 E310.52789
G1 X131.802 Y119.444 E310.5561
G1 X131.431 Y119.366 E310.5769
G1 X130.932 Y119.298 E310.60454
G1 X130.397 Y119.271 E310.63394
G1 X119.553 Y119.275 E311.22905
G1 X119.038 Y119.3 E311.25734
G1 X118.682 Y119.346 E311.27704
G1 X118.188 Y119.445 E311.30469
G1 X117.695 Y119.593 E311.33294
G1 X117.335 Y119.732 E311.35412
G1 X116.871 Y119.952 E311.3823
G1 X116.43 Y120.213 E311.41042
G1 X116.025 Y120.508 E311.43792
G1 X115.724 Y120.763 E311.45957
G1 X115.372 Y121.116 E311.48693
G1 X115.033 Y121.516 E311.5157
G1 X114.808 Y121.826 E311.53672
G1 X114.542 Y122.266 E311.56494
G1 X114.32 Y122.723 E311.59282
G1 X114.146 Y123.189 E311.62012
G1 X114.032 Y123.57 E311.64195
G1 X113.926 Y124.071 E311.67005
G1 X113.866 Y124.555 E311.69681
G1 X113.85 Y124.961 E311.71911
G1 X113.854 Y125.241 E311.73448
G1 X113.887 Y125.648 E311.75689
G1 X113.929 Y125.942 E311.77319
G1 X114.033 Y126.428 E311.80046
G1 X114.138 Y126.794 E311.82136
G1 X114.327 Y127.283 E311.85013
G1 X114.551 Y127.743 E311.87821
G1 X114.738 Y128.062 E311.8985
G1 X115.03 Y128.481 E311.92653
G1 X115.383 Y128.893 E311.9563
G1 X115.631 Y129.147 E311.97578
G1 X116.025 Y129.488 E312.00438
G1 X116.43 Y129.779 E312.03175
G1 X116.871 Y130.042 E312.05993
G1 X117.224 Y130.218 E312.08157
G1 X117.685 Y130.403 E312.10883
G1 X118.19 Y130.552 E312.13773
G1 X118.554 Y130.63 E312.15816
G1 X119.058 Y130.698 E312.18607
G1 X119.596 Y130.722 E312.21562
G1 X130.207 Y130.726 E312.79795
G0 F2160 X130.425 Y130.726
G0 X130.85 Y130.708
G0 X131.302 Y130.654
G0 X131.829 Y130.547
M204 S3500
G0 F12000 X132.246 Y130.426
G0 X132.626 Y130.28
G0 X133.099 Y130.056
G0 X133.491 Y129.828
G0 X133.858 Y129.577
G0 X134.027 Y129.445
G0 X134.306 Y129.202
G0 X134.636 Y128.873
G0 X134.983 Y128.456
G0 X135.211 Y128.135
G0 X135.438 Y127.757
G0 X135.575 Y127.479
G1 F1200 E312.29795
G1 F1200 Z2.88
G0 F12000 X135.575 Y127.479 Z2.88
G0 X131.555 Y129.469
M204 S2500
G1 F1200 Z2.44
G1 F600 E312.79795
G1 F2082.6 X131.108 Y129.555 E312.82293
G1 X130.909 Y129.584 E312.83396
G1 X130.402 Y129.61 E312.86182
G1 X119.558 Y129.606 E313.45693
G1 X119.081 Y129.58 E313.48315
G1 X118.874 Y129.552 E313.49461
G1 X118.438 Y129.464 E313.51902
G1 X117.95 Y129.311 E313.54709
G1 X117.754 Y129.233 E313.55867
G1 X117.333 Y129.025 E313.58444
G1 X116.918 Y128.764 E313.61134
G1 X116.773 Y128.657 E313.62123
G1 X116.402 Y128.342 E313.64794
G1 X116.065 Y127.988 E313.67476
G1 X115.932 Y127.818 E313.68661
G1 X115.654 Y127.42 E313.71325
G1 X115.438 Y127.028 E313.73781
G1 X115.338 Y126.815 E313.75073
G1 X115.174 Y126.371 E313.7767
G1 X115.059 Y125.917 E313.8024
G1 X115.019 Y125.7 E313.81451
G1 X114.971 Y125.25 E313.83935
G1 X114.97 Y124.767 E313.86586
G1 X114.989 Y124.535 E313.87863
G1 X115.06 Y124.065 E313.90472
G1 X115.179 Y123.609 E313.93058
G1 X115.246 Y123.412 E313.942
G1 X115.442 Y122.956 E313.96924
G1 X115.665 Y122.553 E313.99451
G1 X115.781 Y122.38 E314.00594
G1 X116.071 Y121.998 E314.03227
G1 X116.39 Y121.666 E314.05753
G1 X116.565 Y121.51 E314.0704
G1 X116.939 Y121.214 E314.09657
G1 X117.347 Y120.965 E314.1228
G1 X117.537 Y120.865 E314.13459
G1 X117.956 Y120.684 E314.15964
G1 X118.436 Y120.533 E314.18725
G1 X118.874 Y120.443 E314.21179
G1 X119.11 Y120.414 E314.22484
G1 X119.596 Y120.39 E314.25154
G1 X130.438 Y120.39 E314.84654
G1 X130.904 Y120.415 E314.87215
G1 X131.097 Y120.436 E314.88281
G1 X131.557 Y120.528 E314.90855
G1 X132.046 Y120.684 E314.93672
G1 X132.242 Y120.763 E314.94832
G1 X132.672 Y120.976 E314.97465
G1 X133.065 Y121.223 E315.00013
G1 X133.221 Y121.335 E315.01067
G1 X133.591 Y121.651 E315.03737
G1 X133.931 Y122.009 E315.06446
G1 X134.066 Y122.177 E315.07629
G1 X134.334 Y122.557 E315.10181
G1 X134.573 Y122.991 E315.129
G1 X134.658 Y123.18 E315.14037
G1 X134.822 Y123.62 E315.16614
G1 X134.937 Y124.079 E315.19211
G1 X134.977 Y124.296 E315.20422
G1 X135.026 Y124.754 E315.2295
G1 X135.027 Y125.237 E315.256
G1 X135.008 Y125.458 E315.26818
G1 X134.94 Y125.933 E315.29451
G1 X134.823 Y126.38 E315.31987
G1 X134.753 Y126.577 E315.33134
G1 X134.565 Y127.019 E315.3577
G1 X134.326 Y127.452 E315.38484
G1 X134.222 Y127.612 E315.39532
G1 X133.93 Y127.988 E315.42144
G1 X133.606 Y128.33 E315.4473
G1 X133.431 Y128.486 E315.46016
G1 X133.072 Y128.773 E315.48539
G1 X133.037 Y128.794 E315.48763
G0 F2160 X132.658 Y129.03
G0 X132.461 Y129.13
G0 X132.04 Y129.317
G0 X131.555 Y129.469
M204 S3500
G0 F12000 X131.108 Y129.555
G0 X130.909 Y129.584
G0 X130.402 Y129.61
G0 X126.566 Y129.609
G1 F1200 E314.98763
G0 F12000 X126.566 Y128.614
G0 X131.332 Y128.498
G0 X131.738 Y129.996
;TYPE:WALL-INNER
G1 F600 E315.48763
G1 F3054.5 X132.24 Y129.835 E315.50735
G1 F3034.3 X132.82 Y129.573 E315.53132
G1 F3001.2 X133.193 Y129.355 E315.54778
G1 F2988.1 X133.529 Y129.124 E315.56337
G1 F3007.7 X133.815 Y128.891 E315.57739
G1 F3034.3 X134 Y128.723 E315.5868
G1 F3007.7 X134.223 Y128.494 E315.59895
G1 F2981.6 X134.527 Y128.131 E315.6171
G1 F3021 X134.674 Y127.933 E315.62643
G1 F3054.5 X134.825 Y127.699 E315.63685
G1 X135.063 Y127.265 E315.65537
G1 F3047.8 X135.328 Y126.618 E315.68159
G1 F3027.6 X135.445 Y126.206 E315.69776
G1 F3014.3 X135.511 Y125.888 E315.71007
G1 F3027.6 X135.559 Y125.533 E315.7236
G1 F3047.8 X135.582 Y125.271 E315.73346
G1 F3034.3 X135.584 Y124.847 E315.74943
G1 F3007.7 X135.57 Y124.587 E315.75932
G1 X135.519 Y124.153 E315.77593
G1 F3001.2 X135.428 Y123.736 E315.79218
G1 F3021 X135.356 Y123.466 E315.80276
G1 F3041 X135.172 Y122.966 E315.82278
G1 F3007.7 X135.004 Y122.615 E315.83757
G1 X134.772 Y122.212 E315.85524
G1 F3014.3 X134.504 Y121.832 E315.87287
G1 F3027.6 X134.322 Y121.613 E315.88362
G1 F3041 X133.973 Y121.245 E315.90268
G1 F3027.6 X133.605 Y120.93 E315.92097
G1 F3001.2 X133.239 Y120.67 E315.93806
G1 F2981.6 X132.855 Y120.441 E315.9552
G1 F3014.3 X132.486 Y120.264 E315.97072
G1 F3021 X132.113 Y120.118 E315.98587
G1 X131.666 Y119.983 E316.00354
G1 F3027.6 X131.335 Y119.915 E316.0163
G1 F3014.3 X130.88 Y119.854 E316.0337
G1 F3007.7 X130.397 Y119.83 E316.05208
G1 X119.576 Y119.832 E316.46327
G1 F3014.3 X119.08 Y119.857 E316.4821
G1 F3021 X118.759 Y119.899 E316.49435
G1 X118.323 Y119.987 E316.51118
G1 F3001.2 X117.876 Y120.122 E316.52896
G1 F2981.6 X117.556 Y120.247 E316.54213
G1 F2988.1 X117.133 Y120.446 E316.56001
G1 F3014.3 X116.649 Y120.74 E316.58148
G1 F3001.2 X116.371 Y120.948 E316.59471
G1 F2988.1 X116.103 Y121.174 E316.60812
G1 F3007.7 X115.782 Y121.494 E316.62534
G1 F3047.8 X115.649 Y121.642 E316.6328
G1 F3041 X115.473 Y121.861 E316.64336
G1 F3001.2 X115.273 Y122.134 E316.65625
G1 F2988.1 X115.035 Y122.534 E316.67405
G1 F2975.2 X114.836 Y122.944 E316.69156
G1 F3007.7 X114.726 Y123.218 E316.70278
G1 F3034.3 X114.642 Y123.464 E316.71257
G1 F3041 X114.514 Y123.965 E316.732
G1 F3021 X114.478 Y124.164 E316.73966
G1 F3007.7 X114.432 Y124.512 E316.75299
G1 F3021 X114.413 Y124.746 E316.76188
G1 F3014.3 X114.412 Y125.224 E316.78
G1 F2994.6 X114.442 Y125.571 E316.79329
G1 X114.475 Y125.828 E316.80318
G1 F3001.2 X114.577 Y126.293 E316.82131
G1 F2994.6 X114.668 Y126.616 E316.83412
G1 F3014.3 X114.838 Y127.061 E316.85218
G1 F2994.6 X115.046 Y127.478 E316.86997
G1 F2975.2 X115.209 Y127.761 E316.88251
G1 F2994.6 X115.48 Y128.147 E316.90051
G1 F3034.3 X115.645 Y128.348 E316.91031
G1 F3041 X116.014 Y128.742 E316.9306
G1 F3014.3 X116.398 Y129.07 E316.94975
G1 F3007.7 X116.736 Y129.311 E316.96552
G1 X117.138 Y129.552 E316.98333
G1 F3001.2 X117.453 Y129.708 E316.99672
G1 F2994.6 X117.868 Y129.873 E317.01376
G1 F3007.7 X118.328 Y130.011 E317.03201
G1 F3001.2 X118.65 Y130.078 E317.04454
G1 F3007.7 X119.077 Y130.139 E317.06093
G1 F3021 X119.596 Y130.164 E317.08059
G1 F3014.3 X130.116 Y130.168 E317.47947
G0 F2160 X130.42 Y130.168
G0 X130.827 Y130.149
G0 X131.229 Y130.1
G0 X131.738 Y129.996
G1 F1200 E316.97947
;MESH:NONMESH
G0 X131.738 Y129.996 Z2.64
G0 F12000 X132.175 Y131.485
G0 X134.027 Y133.656
G0 X134.237 Y134.554
;TIME_ELAPSED:252.475241
;LAYER:12
;note -- min layer time used
M204 S2500
;TYPE:WALL-OUTER
;MESH:new-rear-port-cover-v2.stl
G1 F600 E317.47947
G1 F2062.9 X133.81 Y134.627 E317.50324
G1 X133.356 Y134.65 E317.52819
G1 X116.62 Y134.65 E318.44665
G1 X116.178 Y134.622 E318.47095
G1 X115.764 Y134.554 E318.49398
G1 X115.354 Y134.437 E318.51738
G1 X114.92 Y134.262 E318.54306
G1 X114.485 Y134.019 E318.5704
G1 X114.102 Y133.739 E318.59644
G1 X113.786 Y133.446 E318.62009
G1 X113.505 Y133.123 E318.64358
G1 X113.229 Y132.73 E318.66994
G1 X113.034 Y132.367 E318.69255
G1 X112.867 Y131.954 E318.717
G1 X112.754 Y131.552 E318.73992
G1 X112.685 Y131.122 E318.76382
G1 X112.658 Y130.676 E318.78834
G1 X112.658 Y119.308 E319.4122
G1 X112.686 Y118.864 E319.43662
G1 X112.758 Y118.444 E319.46
G1 X112.881 Y118.012 E319.48465
G1 X113.034 Y117.633 E319.50708
G1 X113.249 Y117.242 E319.53157
G1 X113.558 Y116.805 E319.56094
G1 X113.862 Y116.474 E319.58561
G1 X114.207 Y116.176 E319.61063
G1 X114.577 Y115.922 E319.63526
G1 X114.947 Y115.721 E319.65836
G1 X115.365 Y115.554 E319.68307
G1 X115.76 Y115.442 E319.7056
G1 X116.186 Y115.373 E319.72928
G1 X116.64 Y115.346 E319.75424
G1 X133.376 Y115.346 E320.6727
G1 X133.806 Y115.372 E320.69634
G1 X134.249 Y115.449 E320.72102
G1 X134.642 Y115.558 E320.7434
G1 X135.049 Y115.72 E320.76744
G1 X135.521 Y115.983 E320.79709
G1 X135.915 Y116.271 E320.82387
G1 X136.211 Y116.549 E320.84616
G1 X136.495 Y116.873 E320.8698
G1 X136.76 Y117.256 E320.89536
G1 X136.947 Y117.602 E320.91695
G1 X137.122 Y118.022 E320.94192
G1 X137.238 Y118.445 E320.96599
G1 X137.314 Y118.9 E320.9913
G1 X137.338 Y119.32 E321.01439
G1 X137.338 Y130.688 E321.63826
G1 X137.312 Y131.122 E321.66212
G1 X137.235 Y131.565 E321.68679
G1 X137.126 Y131.954 E321.70896
G1 X136.959 Y132.367 E321.73341
G1 X136.682 Y132.858 E321.76435
G1 X136.423 Y133.21 E321.78833
G1 X136.134 Y133.526 E321.81183
G1 X135.786 Y133.823 E321.83694
G1 X135.713 Y133.874 E321.84183
G0 F2160 X135.442 Y134.063
G0 X135.073 Y134.263
G0 X134.642 Y134.441
G0 X134.237 Y134.554
M204 S3500
G0 F12000 X133.81 Y134.627
G0 X133.356 Y134.65
G0 X129.244 Y134.65
G1 F1200 E321.34183
G1 F1200 Z3.08
G0 F12000 X129.244 Y134.65 Z3.08
G0 X134.359 Y136.035
M204 S2500
G1 F1200 Z2.64
G1 F600 E321.84183
G1 F2062.9 X134.853 Y135.918 E321.86969
G1 X135.336 Y135.756 E321.89765
G1 X135.788 Y135.556 E321.92477
G1 X136.226 Y135.311 E321.95231
G1 X136.653 Y135.02 E321.98067
G1 X137.041 Y134.699 E322.00831
G1 X137.387 Y134.353 E322.03516
G1 X137.707 Y133.965 E322.06276
G1 X137.998 Y133.538 E322.09112
G1 X138.244 Y133.096 E322.11888
G1 X138.443 Y132.648 E322.14578
G1 X138.606 Y132.165 E322.17376
G1 X138.722 Y131.667 E322.20182
G1 X138.79 Y131.181 E322.22875
G1 X138.814 Y130.644 E322.25825
G1 X138.814 Y119.344 E322.87839
G1 X138.791 Y118.812 E322.90761
G1 X138.719 Y118.322 E322.93479
G1 X138.606 Y117.83 E322.96249
G1 X138.443 Y117.348 E322.99041
G1 X138.244 Y116.893 E323.01767
G1 X137.995 Y116.455 E323.04532
G1 X137.708 Y116.032 E323.07337
G1 X137.387 Y115.643 E323.10105
G1 X137.041 Y115.297 E323.1279
G1 X136.653 Y114.977 E323.1555
G1 X136.225 Y114.685 E323.18394
G1 X135.784 Y114.437 E323.2117
G1 X135.337 Y114.241 E323.23849
G1 X134.853 Y114.078 E323.26652
G1 X134.359 Y113.961 E323.29438
G1 X133.87 Y113.894 E323.32146
G1 X133.332 Y113.871 E323.35102
G1 X116.648 Y113.87 E324.26662
G1 X116.162 Y113.891 E324.29332
G1 X115.637 Y113.961 E324.32238
G1 X115.139 Y114.078 E324.35046
G1 X114.66 Y114.24 E324.37821
G1 X114.212 Y114.436 E324.40504
G1 X113.771 Y114.685 E324.43284
G1 X113.342 Y114.977 E324.46132
G1 X112.955 Y115.297 E324.48887
G1 X112.609 Y115.643 E324.51573
G1 X112.289 Y116.031 E324.54333
G1 X111.998 Y116.458 E324.57169
G1 X111.752 Y116.9 E324.59945
G1 X111.553 Y117.348 E324.62635
G1 X111.391 Y117.831 E324.65431
G1 X111.273 Y118.329 E324.68239
G1 X111.206 Y118.815 E324.70932
G1 X111.182 Y119.352 E324.73882
G1 X111.184 Y130.707 E325.36197
G1 X111.203 Y131.145 E325.38603
G1 X111.273 Y131.667 E325.41493
G1 X111.39 Y132.165 E325.44301
G1 X111.553 Y132.647 E325.47093
G1 X111.752 Y133.096 E325.49788
G1 X111.998 Y133.538 E325.52564
G1 X112.288 Y133.965 E325.55397
G1 X112.609 Y134.353 E325.58161
G1 X112.955 Y134.699 E325.60846
G1 X113.343 Y135.019 E325.63606
G1 X113.77 Y135.311 E325.66445
G1 X114.208 Y135.556 E325.69199
G1 X114.66 Y135.756 E325.71912
G1 X115.139 Y135.918 E325.74687
G1 X115.637 Y136.034 E325.77493
G1 X116.126 Y136.102 E325.80202
G1 X116.664 Y136.126 E325.83158
G1 X132.728 Y136.124 E326.71316
G0 F2160 X133.387 Y136.124
G0 X133.87 Y136.103
G0 X134.359 Y136.035
M204 S3500
G0 F12000 X134.853 Y135.918
G0 X135.336 Y135.756
G0 X135.788 Y135.556
G0 X136.226 Y135.311
G0 X136.653 Y135.02
G0 X137.041 Y134.699
G0 X137.387 Y134.353
G0 X137.707 Y133.965
G0 X137.998 Y133.538
G0 X138.22 Y133.139
G1 F1200 E326.21316
G0 F12000 X139.092 Y133.624
G0 X138.508 Y134.561
G0 X137.706 Y135.44
G0 X136.756 Y136.158
G0 X135.797 Y136.635
G0 X134.617 Y136.996
G0 X134.269 Y135.506
;TYPE:WALL-INNER
G1 F600 E326.71316
G1 F3320.7 X134.715 Y135.4 E326.72878
G1 X135.143 Y135.257 E326.74417
G1 X135.549 Y135.078 E326.75929
G1 F3337 X135.952 Y134.852 E326.77497
G1 X136.339 Y134.587 E326.79088
G1 F3320.7 X136.688 Y134.296 E326.80637
G1 F3312.6 X136.996 Y133.986 E326.82131
G1 X137.285 Y133.636 E326.83682
G1 F3320.7 X137.547 Y133.248 E326.85278
G1 X137.774 Y132.84 E326.8687
G1 X137.947 Y132.444 E326.88343
G1 F3312.6 X138.092 Y132.009 E326.8991
G1 X138.197 Y131.559 E326.91489
G1 F3328.8 X138.253 Y131.167 E326.92836
G1 F3337 X138.28 Y130.644 E326.94612
G1 X138.28 Y119.344 E327.32948
G1 F3328.8 X138.258 Y118.862 E327.34589
G1 F3320.7 X138.191 Y118.413 E327.36137
G1 X138.087 Y117.966 E327.37701
G1 X137.94 Y117.532 E327.39263
G1 X137.761 Y117.123 E327.40785
G1 F3337 X137.538 Y116.73 E327.42318
G1 X137.276 Y116.347 E327.43893
G1 F3320.7 X136.983 Y115.997 E327.45449
G1 F3304.6 X136.674 Y115.688 E327.46946
G1 F3320.7 X136.332 Y115.404 E327.48461
G1 X135.943 Y115.139 E327.50066
G1 X135.536 Y114.912 E327.51655
G1 X135.135 Y114.737 E327.53146
G1 F3312.6 X134.696 Y114.591 E327.54727
G1 F3304.6 X134.251 Y114.488 E327.56292
G1 F3312.6 X133.821 Y114.427 E327.57776
G1 F3337 X133.332 Y114.404 E327.59437
G1 F3345.2 X116.632 Y114.405 E328.15954
G1 F3337 X116.142 Y114.43 E328.17618
G1 F3320.7 X115.726 Y114.49 E328.19051
G1 F3312.6 X115.278 Y114.596 E328.20624
G1 X114.853 Y114.739 E328.22157
G1 F3320.7 X114.442 Y114.921 E328.23689
G1 X114.045 Y115.143 E328.2524
G1 X113.663 Y115.405 E328.26819
G1 F3312.6 X113.309 Y115.701 E328.28396
G1 F3304.6 X113 Y116.011 E328.29895
G1 X112.712 Y116.36 E328.31446
G1 F3320.7 X112.475 Y116.704 E328.3287
G1 F3337 X112.215 Y117.169 E328.34677
G1 F3328.8 X112.049 Y117.552 E328.36097
G1 F3320.7 X111.905 Y117.987 E328.37659
G1 X111.799 Y118.437 E328.39235
G1 X111.738 Y118.873 E328.40736
G1 F3337 X111.716 Y119.352 E328.42363
G1 X111.717 Y130.684 E328.80807
G1 X111.742 Y131.168 E328.82451
G1 F3320.7 X111.802 Y131.577 E328.8386
G1 X111.908 Y132.028 E328.8544
G1 F3328.8 X112.055 Y132.462 E328.86998
G1 F3337 X112.212 Y132.821 E328.88327
G1 F3345.2 X112.457 Y133.266 E328.90046
G1 F3337 X112.728 Y133.659 E328.91666
G1 F3312.6 X113.013 Y133.999 E328.93182
G1 F3304.6 X113.323 Y134.308 E328.94682
G1 X113.672 Y134.597 E328.96234
G1 F3320.7 X114.06 Y134.861 E328.97834
G1 F3337 X114.455 Y135.081 E328.99368
G1 F3320.7 X114.863 Y135.26 E329.00887
G1 F3312.6 X115.296 Y135.405 E329.02447
G1 F3320.7 X115.744 Y135.509 E329.04015
G1 X116.184 Y135.57 E329.05529
G1 F3337 X116.664 Y135.592 E329.0716
G1 X132.638 Y135.589 E329.61352
G0 F2160 X133.416 Y135.589
G0 X133.83 Y135.57
G0 X134.269 Y135.506
G0 F12000 X134.36 Y135.072
G1 F3353.4 X133.884 Y135.155 E329.62983
G1 X133.399 Y135.183 E329.64623
G1 F3345.2 X116.589 Y135.182 E330.21512
G1 F3337 X116.181 Y135.16 E330.22898
G1 F3345.2 X115.642 Y135.073 E330.24746
G1 F3353.4 X115.183 Y134.942 E330.26357
G1 F3345.2 X114.663 Y134.73 E330.28258
G1 F3337 X114.194 Y134.466 E330.30083
G1 F3353.4 X113.763 Y134.15 E330.31888
G1 F3337 X113.408 Y133.824 E330.33523
G1 F3320.7 X113.047 Y133.403 E330.35413
G1 F3337 X112.806 Y133.059 E330.36838
G1 F3361.7 X112.548 Y132.584 E330.38659
G1 F3370 X112.363 Y132.124 E330.40324
G1 X112.236 Y131.674 E330.41895
G1 F3345.2 X112.147 Y131.102 E330.43854
G1 F3337 X112.125 Y130.716 E330.45166
G1 F3345.2 X112.126 Y119.277 E330.83878
G1 F3337 X112.149 Y118.869 E330.85264
G1 X112.239 Y118.322 E330.87145
G1 F3353.4 X112.369 Y117.861 E330.88762
G1 X112.547 Y117.417 E330.90377
G1 F3345.2 X112.822 Y116.92 E330.92299
G1 F3337 X113.122 Y116.496 E330.94061
G1 X113.484 Y116.096 E330.95891
G1 F3320.7 X113.902 Y115.737 E330.9777
G1 F3328.8 X114.321 Y115.453 E330.99491
G1 F3337 X114.665 Y115.265 E331.00821
G1 F3345.2 X115.179 Y115.055 E331.027
G1 F3361.7 X115.638 Y114.924 E331.04307
G1 F3337 X116.204 Y114.835 E331.06251
G1 X116.601 Y114.813 E331.076
G1 F3345.2 X133.407 Y114.814 E331.64475
G1 F3353.4 X133.879 Y114.843 E331.66072
G1 X134.36 Y114.926 E331.6772
G1 X134.857 Y115.069 E331.69465
G1 F3337 X135.354 Y115.277 E331.71293
G1 F3353.4 X135.846 Y115.559 E331.73208
G1 F3370 X136.198 Y115.815 E331.7467
G1 F3353.4 X136.589 Y116.171 E331.76455
G1 F3345.2 X136.952 Y116.592 E331.78336
G1 F3353.4 X137.224 Y116.992 E331.79969
G1 F3361.7 X137.447 Y117.412 E331.81571
G1 X137.634 Y117.872 E331.83243
G1 X137.75 Y118.295 E331.8472
G1 F3337 X137.85 Y118.893 E331.86777
G1 X137.871 Y119.281 E331.88095
G1 F3345.2 X137.87 Y130.719 E332.26804
G1 F3337 X137.848 Y131.127 E332.2819
G1 F3328.8 X137.792 Y131.497 E332.29462
G1 F3337 X137.749 Y131.709 E332.30196
G1 F3353.4 X137.631 Y132.123 E332.3165
G1 F3361.7 X137.446 Y132.584 E332.33322
G1 F3353.4 X137.162 Y133.097 E332.35302
G1 X136.834 Y133.549 E332.37187
G1 X136.511 Y133.903 E332.38805
G1 F3337 X136.092 Y134.261 E332.40675
G1 X135.853 Y134.427 E332.41662
G0 F2160 X135.729 Y134.513
G0 X135.265 Y134.762
G0 X134.812 Y134.946
G0 X134.36 Y135.072
G1 F1200 E331.91662
G0 F12000 X134.009 Y133.585
G0 X132.053 Y131.311
G0 X131.772 Y130.355
M204 S2500
;TYPE:WALL-OUTER
G1 F600 E332.41662
G1 F2062.9 X132.17 Y130.239 E332.43937
G1 X132.546 Y130.093 E332.46151
G1 X132.972 Y129.898 E332.48722
G1 X133.363 Y129.672 E332.512
G1 X133.728 Y129.42 E332.53634
G1 X133.898 Y129.288 E332.54815
G1 X134.19 Y129.034 E332.56939
G1 X134.488 Y128.737 E332.59248
G1 X134.826 Y128.329 E332.62156
G1 X135.035 Y128.038 E332.64122
G1 X135.254 Y127.673 E332.66458
G1 X135.45 Y127.281 E332.68863
G1 X135.667 Y126.729 E332.72118
G1 X135.756 Y126.421 E332.73878
G1 X135.862 Y125.956 E332.76495
G1 X135.922 Y125.506 E332.78986
G1 X135.946 Y125.005 E332.81739
G1 X135.939 Y124.745 E332.83166
G1 X135.91 Y124.376 E332.85198
G1 X135.867 Y124.079 E332.86845
G1 X135.775 Y123.644 E332.89285
G1 X135.643 Y123.188 E332.9189
G1 X135.485 Y122.793 E332.94225
G1 X135.323 Y122.454 E332.96287
G1 X135.077 Y122.027 E332.98991
G1 X134.776 Y121.605 E333.01836
G1 X134.449 Y121.22 E333.04608
G1 X134.21 Y120.979 E333.0647
G1 X133.851 Y120.668 E333.09077
G1 X133.433 Y120.368 E333.11901
G1 X133.147 Y120.193 E333.13741
G1 X132.696 Y119.966 E333.16512
G1 X132.231 Y119.78 E333.1926
G1 X131.75 Y119.637 E333.22014
G1 X131.415 Y119.566 E333.23893
G1 X130.925 Y119.497 E333.26609
G1 X130.4 Y119.474 E333.29493
G1 X119.553 Y119.475 E333.8902
G1 X119.047 Y119.5 E333.918
G1 X118.726 Y119.542 E333.93577
G1 X118.24 Y119.637 E333.96295
G1 X117.775 Y119.778 E333.98961
G1 X117.434 Y119.908 E334.00964
G1 X116.967 Y120.129 E334.03799
G1 X116.543 Y120.38 E334.06504
G1 X116.144 Y120.672 E334.09217
G1 X115.867 Y120.904 E334.112
G1 X115.52 Y121.248 E334.13881
G1 X115.189 Y121.643 E334.1671
G1 X114.968 Y121.953 E334.18799
G1 X114.722 Y122.355 E334.21385
G1 X114.505 Y122.807 E334.24137
G1 X114.333 Y123.262 E334.26806
G1 X114.228 Y123.611 E334.28806
G1 X114.123 Y124.103 E334.31567
G1 X114.065 Y124.575 E334.34177
G1 X114.05 Y124.952 E334.36248
G1 X114.059 Y125.249 E334.37878
G1 X114.086 Y125.607 E334.39849
G1 X114.122 Y125.897 E334.41452
G1 X114.193 Y126.238 E334.43364
G1 X114.327 Y126.724 E334.4613
G1 X114.511 Y127.199 E334.48926
G1 X114.732 Y127.652 E334.51692
G1 X114.902 Y127.945 E334.53551
G1 X115.19 Y128.354 E334.56296
G1 X115.52 Y128.749 E334.59121
G1 X115.758 Y128.987 E334.60968
G1 X116.147 Y129.329 E334.63811
G1 X116.537 Y129.612 E334.66455
G1 X116.974 Y129.87 E334.6924
G1 X117.296 Y130.03 E334.71213
G1 X117.75 Y130.212 E334.73898
G1 X118.24 Y130.359 E334.76705
G1 X118.722 Y130.453 E334.794
G1 X119.069 Y130.498 E334.8132
G1 X119.596 Y130.522 E334.84215
G1 X130.149 Y130.52 E335.42129
G0 F2160 X130.48 Y130.52
G0 X130.852 Y130.506
G0 X131.373 Y130.438
G0 X131.772 Y130.355
M204 S3500
G0 F12000 X132.17 Y130.239
G0 X132.546 Y130.093
G0 X132.972 Y129.898
G0 X133.363 Y129.672
G0 X133.728 Y129.42
G0 X133.898 Y129.288
G0 X134.19 Y129.034
G0 X134.488 Y128.737
G0 X134.826 Y128.329
G0 X135.035 Y128.038
G0 X135.254 Y127.673
G0 X135.45 Y127.281
G0 X135.465 Y127.242
G1 F1200 E334.92129
G1 F1200 Z3.08
G0 F12000 X135.465 Y127.242 Z3.08
G0 X131.503 Y129.272
M204 S2500
G1 F1200 Z2.64
G1 F600 E335.42129
G1 F2062.9 X130.972 Y129.38 E335.45103
G1 X130.405 Y129.406 E335.48218
G1 X119.558 Y129.406 E336.07746
G1 X119.009 Y129.376 E336.10763
G1 X118.454 Y129.263 E336.13871
G1 X117.937 Y129.095 E336.16855
G1 X117.45 Y128.857 E336.19829
G1 X116.985 Y128.569 E336.22831
G1 X116.553 Y128.208 E336.25921
G1 X116.154 Y127.788 E336.291
G1 X115.834 Y127.331 E336.32161
G1 X115.559 Y126.823 E336.35332
G1 X115.375 Y126.343 E336.38153
G1 X115.237 Y125.804 E336.41206
G1 X115.17 Y125.241 E336.44318
G1 X115.176 Y124.666 E336.47473
G1 X115.256 Y124.103 E336.50594
G1 X115.398 Y123.577 E336.53584
G1 X115.606 Y123.076 E336.56561
G1 X115.87 Y122.603 E336.59534
G1 X116.218 Y122.136 E336.6273
G1 X116.579 Y121.757 E336.65602
G1 X117.051 Y121.382 E336.68911
G1 X117.499 Y121.107 E336.71796
G1 X118.013 Y120.875 E336.7489
G1 X118.463 Y120.732 E336.77482
G1 X119.025 Y120.62 E336.80626
G1 X119.557 Y120.59 E336.83551
G1 X130.42 Y120.589 E337.43166
G1 X130.99 Y120.62 E337.46299
G1 X131.537 Y120.733 E337.49364
G1 X132.08 Y120.91 E337.52498
G1 X132.581 Y121.154 E337.55556
G1 X133.029 Y121.436 E337.58462
G1 X133.46 Y121.803 E337.61568
G1 X133.841 Y122.207 E337.64616
G1 X134.146 Y122.642 E337.67531
G1 X134.43 Y123.149 E337.7072
G1 X134.618 Y123.653 E337.73673
G1 X134.763 Y124.195 E337.76752
G1 X134.826 Y124.753 E337.79833
G1 X134.827 Y125.3 E337.82835
G1 X134.743 Y125.882 E337.86062
G1 X134.609 Y126.391 E337.88951
G1 X134.392 Y126.92 E337.92089
G1 X134.124 Y127.398 E337.95096
G1 X133.782 Y127.852 E337.98215
G1 X133.462 Y128.194 E338.00786
G1 X133.008 Y128.573 E338.04031
G1 X132.981 Y128.59 E338.04206
G0 F2160 X132.479 Y128.903
G0 X131.965 Y129.127
G0 X131.503 Y129.272
M204 S3500
G0 F12000 X130.972 Y129.38
G0 X130.405 Y129.406
G0 X126.515 Y129.406
G1 F1200 E337.54206
G0 F12000 X126.515 Y128.413
G0 X131.275 Y128.306
G0 X131.637 Y129.813
;TYPE:WALL-INNER
G1 F600 E338.04206
G1 F2953.3 X131.99 Y129.707 E338.05619
G1 F2966.2 X132.221 Y129.623 E338.06557
G1 F3012.1 X132.718 Y129.404 E338.08599
G1 F2985.7 X133.064 Y129.198 E338.10125
G1 F2992.3 X133.322 Y129.029 E338.11292
G1 F2998.9 X133.543 Y128.856 E338.12352
G1 F2985.7 X133.811 Y128.628 E338.13686
G1 X134.074 Y128.359 E338.15112
G1 F2959.8 X134.372 Y128.002 E338.16891
G1 F2985.7 X134.561 Y127.746 E338.18098
G1 X134.763 Y127.404 E338.19604
G1 F2972.7 X134.94 Y127.054 E338.21097
G1 F3005.5 X135.141 Y126.55 E338.23141
G1 F3032.3 X135.283 Y126.006 E338.2524
G1 F3025.5 X135.368 Y125.456 E338.27323
G1 F2985.7 X135.386 Y125.018 E338.28985
G1 X135.38 Y124.71 E338.30153
G1 F3012.1 X135.323 Y124.192 E338.32111
G1 F2985.7 X135.232 Y123.779 E338.33715
G1 F2946.9 X135.112 Y123.37 E338.35352
G1 F2972.7 X134.962 Y122.985 E338.36926
G1 F2985.7 X134.828 Y122.714 E338.38072
G1 F2966.2 X134.601 Y122.32 E338.39808
G1 F3018.8 X134.262 Y121.851 E338.41978
G1 F3032.3 X133.857 Y121.412 E338.44208
G1 F2985.7 X133.504 Y121.106 E338.45979
G1 F3012.1 X133.35 Y120.987 E338.4671
G1 F3005.5 X133.124 Y120.834 E338.47738
G1 F2972.7 X132.87 Y120.678 E338.48874
G1 X132.466 Y120.476 E338.50594
G1 F3005.5 X132.262 Y120.388 E338.51431
G1 X132.047 Y120.309 E338.52293
G1 F2972.7 X131.613 Y120.178 E338.5402
G1 F3025.5 X131.066 Y120.074 E338.56103
G1 F3018.8 X130.875 Y120.054 E338.56823
G1 F2979.2 X130.4 Y120.032 E338.5863
G1 F2985.7 X119.576 Y120.032 E338.99671
G1 F3005.5 X118.953 Y120.071 E339.02023
G1 X118.375 Y120.179 E339.04237
G1 F2979.2 X117.937 Y120.313 E339.05978
G1 F2966.2 X117.654 Y120.423 E339.07137
G1 F2972.7 X117.195 Y120.64 E339.0907
G1 X116.852 Y120.848 E339.10598
G1 F2992.3 X116.7 Y120.951 E339.11293
G1 F3018.8 X116.241 Y121.315 E339.13489
G1 F2992.3 X115.931 Y121.627 E339.15153
G1 F3005.5 X115.794 Y121.781 E339.1593
G1 F3018.8 X115.442 Y122.245 E339.18114
G1 F2966.2 X115.215 Y122.624 E339.198
G1 F2972.7 X115.106 Y122.835 E339.20704
G1 F2985.7 X115.02 Y123.027 E339.21502
G1 X114.859 Y123.439 E339.23179
G1 F3012.1 X114.71 Y124.002 E339.25368
G1 F2985.7 X114.676 Y124.195 E339.26111
G1 F2972.7 X114.621 Y124.619 E339.27739
G1 F2966.2 X114.611 Y124.939 E339.28961
G1 F2979.2 X114.614 Y125.209 E339.29987
G1 F2985.7 X114.642 Y125.54 E339.31247
G1 X114.693 Y125.918 E339.32693
G1 F2998.9 X114.857 Y126.549 E339.35154
G1 F3005.5 X115.073 Y127.092 E339.37356
G1 F2998.9 X115.372 Y127.644 E339.39725
G1 F2985.7 X115.632 Y128.015 E339.41443
G1 F3032.3 X115.731 Y128.142 E339.42044
G1 F3005.5 X115.934 Y128.37 E339.43194
G1 F2979.2 X116.186 Y128.625 E339.44557
G1 F2985.7 X116.496 Y128.892 E339.46108
G1 F2992.3 X116.643 Y129.006 E339.46812
G1 F2979.2 X116.844 Y129.142 E339.47734
G1 F2946.9 X117.242 Y129.378 E339.49511
G1 F2953.3 X117.525 Y129.518 E339.50722
G1 F2992.3 X117.733 Y129.609 E339.51581
G1 F2998.9 X117.934 Y129.683 E339.52389
G1 F2979.2 X118.381 Y129.818 E339.54164
G1 F3018.8 X118.939 Y129.925 E339.56294
G1 F3012.1 X119.117 Y129.942 E339.56966
G1 F2985.7 X119.596 Y129.964 E339.58784
G1 X130.013 Y129.963 E339.98282
G0 F2160 X130.462 Y129.963
G0 X130.806 Y129.948
G0 X131.044 Y129.926
G0 X131.637 Y129.813
G1 F1200 E339.48282
;MESH:NONMESH
G0 X131.637 Y129.813 Z2.84
G0 F12000 X132.075 Y131.304
G0 X134.009 Y133.585
G0 X134.208 Y134.482
;TIME_ELAPSED:266.302608
;LAYER:13
;note -- min layer time used
M204 S2500
;TYPE:WALL-OUTER
;MESH:new-rear-port-cover-v2.stl
G1 F600 E339.98282
G1 F2038.8 X133.803 Y134.551 E340.00537
G1 X133.356 Y134.578 E340.02994
G1 X116.62 Y134.578 E340.9484
G1 X116.183 Y134.55 E340.97243
G1 X115.759 Y134.475 E340.99606
G1 X115.343 Y134.357 E341.01979
G1 X114.898 Y134.169 E341.0463
G1 X114.508 Y133.945 E341.07099
G1 X114.168 Y133.702 E341.09392
G1 X113.854 Y133.414 E341.1173
G1 X113.566 Y133.087 E341.14122
G1 X113.323 Y132.743 E341.16433
G1 X113.105 Y132.345 E341.18923
G1 X112.943 Y131.938 E341.21327
G1 X112.83 Y131.541 E341.23593
G1 X112.756 Y131.113 E341.25976
G1 X112.734 Y130.676 E341.28378
G1 X112.734 Y119.311 E341.90748
G1 X112.756 Y118.884 E341.93094
G1 X112.833 Y118.447 E341.95529
G1 X112.937 Y118.071 E341.9767
G1 X113.139 Y117.583 E342.00569
G1 X113.364 Y117.194 E342.03035
G1 X113.609 Y116.857 E342.05322
G1 X113.898 Y116.538 E342.07684
G1 X114.225 Y116.249 E342.10079
G1 X114.593 Y115.994 E342.12536
G1 X114.937 Y115.806 E342.14687
G1 X115.381 Y115.626 E342.17316
G1 X115.772 Y115.514 E342.19549
G1 X116.193 Y115.445 E342.2189
G1 X116.64 Y115.418 E342.24347
G1 X133.376 Y115.418 E343.16193
G1 X133.812 Y115.446 E343.18591
G1 X134.241 Y115.521 E343.20981
G1 X134.627 Y115.629 E343.23181
G1 X135.088 Y115.822 E343.25923
G1 X135.485 Y116.048 E343.2843
G1 X135.84 Y116.304 E343.30832
G1 X136.142 Y116.582 E343.33085
G1 X136.431 Y116.91 E343.35484
G1 X136.682 Y117.267 E343.37879
G1 X136.882 Y117.628 E343.40144
G1 X137.054 Y118.05 E343.42645
G1 X137.17 Y118.472 E343.45046
G1 X137.242 Y118.904 E343.4745
G1 X137.266 Y119.3 E343.49627
G1 X137.266 Y130.688 E344.12124
G1 X137.238 Y131.124 E344.14521
G1 X137.163 Y131.553 E344.16911
G1 X137.054 Y131.942 E344.19128
G1 X136.864 Y132.396 E344.21829
G1 X136.632 Y132.802 E344.24395
G1 X136.386 Y133.14 E344.2669
G1 X136.094 Y133.462 E344.29075
G1 X135.786 Y133.735 E344.31334
G1 X135.685 Y133.806 E344.32011
G0 F2160 X135.411 Y133.997
G0 X135.029 Y134.205
G0 X134.617 Y134.371
G0 X134.208 Y134.482
M204 S3500
G0 F12000 X133.803 Y134.551
G0 X133.356 Y134.578
G0 X129.215 Y134.578
G1 F1200 E343.82011
G1 F1200 Z3.28
G0 F12000 X129.215 Y134.578 Z3.28
G0 X134.338 Y135.943
M204 S2500
G1 F1200 Z2.84
G1 F600 E344.32011
G1 F2038.8 X134.834 Y135.826 E344.34808
G1 X135.304 Y135.672 E344.37522
G1 X135.744 Y135.472 E344.40175
G1 X136.178 Y135.234 E344.42891
G1 X136.596 Y134.944 E344.45683
G1 X136.978 Y134.631 E344.48393
G1 X137.319 Y134.289 E344.51044
G1 X137.636 Y133.909 E344.53759
G1 X137.919 Y133.493 E344.56521
G1 X138.164 Y133.057 E344.59265
G1 X138.355 Y132.617 E344.61898
G1 X138.514 Y132.145 E344.64631
G1 X138.63 Y131.651 E344.67416
G1 X138.695 Y131.173 E344.70063
G1 X138.722 Y130.659 E344.72888
G1 X138.722 Y119.348 E345.34962
G1 X138.695 Y118.823 E345.37847
G1 X138.631 Y118.345 E345.40493
G1 X138.514 Y117.851 E345.43279
G1 X138.344 Y117.351 E345.46178
G1 X138.163 Y116.939 E345.48647
G1 X137.919 Y116.503 E345.51389
G1 X137.632 Y116.087 E345.54163
G1 X137.319 Y115.706 E345.56869
G1 X136.977 Y115.365 E345.59519
G1 X136.596 Y115.052 E345.62225
G1 X136.177 Y114.761 E345.65025
G1 X135.74 Y114.52 E345.67763
G1 X135.304 Y114.325 E345.70385
G1 X134.834 Y114.171 E345.73099
G1 X134.338 Y114.054 E345.75896
G1 X133.861 Y113.986 E345.7854
G1 X133.332 Y113.963 E345.81446
G1 X116.648 Y113.962 E346.73006
G1 X116.135 Y113.985 E346.75824
G1 X115.662 Y114.053 E346.78447
G1 X115.163 Y114.17 E346.81259
G1 X114.662 Y114.341 E346.84165
G1 X114.255 Y114.521 E346.86607
G1 X113.819 Y114.761 E346.89338
G1 X113.4 Y115.051 E346.92135
G1 X113.031 Y115.357 E346.94765
G1 X112.673 Y115.715 E346.97544
G1 X112.364 Y116.087 E347.00198
G1 X112.077 Y116.507 E347.0299
G1 X111.832 Y116.94 E347.0572
G1 X111.641 Y117.379 E347.08347
G1 X111.482 Y117.851 E347.1108
G1 X111.366 Y118.345 E347.13865
G1 X111.301 Y118.823 E347.16513
G1 X111.274 Y119.337 E347.19337
G1 X111.276 Y130.713 E347.81768
G1 X111.301 Y131.173 E347.84296
G1 X111.366 Y131.651 E347.86943
G1 X111.473 Y132.112 E347.89541
G1 X111.652 Y132.645 E347.92626
G1 X111.832 Y133.056 E347.95089
G1 X112.077 Y133.489 E347.97819
G1 X112.364 Y133.909 E348.00611
G1 X112.673 Y134.281 E348.03264
G1 X113.032 Y134.64 E348.06051
G1 X113.4 Y134.947 E348.08681
G1 X113.818 Y135.23 E348.11451
G1 X114.252 Y135.472 E348.14178
G1 X114.692 Y135.667 E348.16819
G1 X115.163 Y135.826 E348.19547
G1 X115.662 Y135.943 E348.2236
G1 X116.135 Y136.011 E348.24983
G1 X116.664 Y136.034 E348.27888
G1 X132.707 Y136.032 E349.15931
G0 F2160 X133.387 Y136.032
G0 X133.825 Y136.013
G0 X134.338 Y135.943
M204 S3500
G0 F12000 X134.834 Y135.826
G0 X135.304 Y135.672
G0 X135.744 Y135.472
G0 X136.178 Y135.234
G0 X136.596 Y134.944
G0 X136.978 Y134.631
G0 X137.319 Y134.289
G0 X137.636 Y133.909
G0 X137.919 Y133.493
G0 X138.164 Y133.057
G0 X138.177 Y133.027
G1 F1200 E348.65931
G0 F12000 X139.049 Y133.513
G0 X138.434 Y134.505
G0 X137.643 Y135.373
G0 X136.707 Y136.079
G0 X135.762 Y136.55
G0 X134.598 Y136.906
G0 X134.249 Y135.419
;TYPE:WALL-INNER
G1 F600 E349.15931
G1 F3355.7 X134.698 Y135.313 E349.17469
G1 X135.121 Y135.173 E349.18955
G1 F3364.1 X135.514 Y134.995 E349.2039
G1 F3381 X135.908 Y134.778 E349.21879
G1 X136.284 Y134.518 E349.23391
G1 X136.628 Y134.231 E349.24874
G1 F3364.1 X136.933 Y133.924 E349.26313
G1 F3347.3 X137.211 Y133.589 E349.27769
G1 F3355.7 X137.472 Y133.206 E349.29314
G1 F3364.1 X137.693 Y132.812 E349.30816
G1 X137.863 Y132.418 E349.32244
G1 F3355.7 X138.006 Y131.99 E349.33748
G1 X138.11 Y131.545 E349.35272
G1 F3364.1 X138.168 Y131.124 E349.36686
G1 F3381 X138.193 Y130.64 E349.38289
G1 X138.193 Y119.348 E349.75659
G1 X138.167 Y118.864 E349.77263
G1 F3364.1 X138.107 Y118.431 E349.78717
G1 X138.001 Y117.989 E349.80229
G1 X137.858 Y117.562 E349.81726
G1 F3381 X137.684 Y117.166 E349.83158
G1 X137.471 Y116.783 E349.84608
G1 F3389.5 X137.205 Y116.399 E349.8615
G1 F3364.1 X136.919 Y116.057 E349.87633
G1 F3347.3 X136.621 Y115.758 E349.89044
G1 F3364.1 X136.27 Y115.47 E349.90554
G1 X135.889 Y115.207 E349.92094
G1 F3372.5 X135.466 Y114.976 E349.93693
G1 F3364.1 X135.112 Y114.821 E349.94978
G1 F3355.7 X134.682 Y114.68 E349.96487
G1 F3364.1 X134.231 Y114.574 E349.98028
G1 X133.812 Y114.514 E349.99436
G1 F3381 X133.332 Y114.491 E350.01026
G1 F3389.5 X116.632 Y114.492 E350.56154
G1 F3372.5 X116.185 Y114.512 E350.57639
G1 F3364.1 X115.751 Y114.577 E350.59098
G1 X115.3 Y114.684 E350.6064
G1 X114.875 Y114.827 E350.62131
G1 F3372.5 X114.481 Y115 E350.63559
G1 F3381 X114.089 Y115.217 E350.65042
G1 X113.706 Y115.484 E350.66587
G1 X113.381 Y115.756 E350.67989
G1 F3364.1 X113.059 Y116.079 E350.69506
G1 X112.783 Y116.414 E350.7095
G1 X112.522 Y116.795 E350.72486
G1 F3372.5 X112.301 Y117.185 E350.73973
G1 F3364.1 X112.134 Y117.579 E350.75397
G1 X111.99 Y118.006 E350.76895
G1 F3355.7 X111.886 Y118.451 E350.78419
G1 F3364.1 X111.828 Y118.872 E350.79833
G1 F3372.5 X111.804 Y119.356 E350.8144
G1 F3364.1 X111.805 Y130.686 E351.19124
G1 F3372.5 X111.828 Y131.132 E351.20606
G1 F3364.1 X111.89 Y131.565 E351.22061
G1 F3347.3 X111.995 Y132.007 E351.23579
G1 X112.139 Y132.434 E351.25085
G1 F3364.1 X112.311 Y132.829 E351.26518
G1 F3381 X112.529 Y133.217 E351.27991
G1 X112.792 Y133.597 E351.29521
G1 X113.072 Y133.931 E351.30963
G1 F3372.5 X113.396 Y134.254 E351.32481
G1 X113.719 Y134.524 E351.33877
G1 F3381 X114.102 Y134.782 E351.35406
G1 X114.496 Y135.002 E351.36899
G1 F3372.5 X114.894 Y135.175 E351.38339
G1 F3364.1 X115.317 Y135.318 E351.39824
G1 F3355.7 X115.769 Y135.422 E351.41371
G1 F3364.1 X116.185 Y135.483 E351.42769
G1 F3372.5 X116.664 Y135.505 E351.4436
G1 F3381 X132.618 Y135.501 E351.97158
G0 F2160 X133.427 Y135.501
G0 X133.846 Y135.479
G0 X134.249 Y135.419
G0 F12000 X134.298 Y135.002
G1 F3389.5 X133.877 Y135.074 E351.98568
G1 X133.395 Y135.106 E352.00162
G1 X116.588 Y135.105 E352.55643
G1 F3381 X116.188 Y135.083 E352.56969
G1 X115.652 Y134.992 E352.58768
G1 F3398 X115.199 Y134.866 E352.60316
G1 F3389.5 X114.695 Y134.658 E352.62116
G1 F3381 X114.274 Y134.423 E352.63712
G1 F3389.5 X113.829 Y134.107 E352.65514
G1 F3398 X113.507 Y133.813 E352.66949
G1 F3389.5 X113.108 Y133.358 E352.68947
G1 X112.842 Y132.968 E352.70505
G1 F3398 X112.61 Y132.531 E352.72135
G1 X112.442 Y132.106 E352.73639
G1 X112.317 Y131.662 E352.75158
G1 F3389.5 X112.225 Y131.097 E352.77048
G1 F3364.1 X112.204 Y130.648 E352.78543
G1 F3372.5 X112.205 Y119.284 E353.16245
G1 F3381 X112.224 Y118.899 E353.17521
G1 F3389.5 X112.316 Y118.338 E353.19397
G1 F3398 X112.428 Y117.93 E353.20791
G1 F3381 X112.507 Y117.719 E353.21536
G1 F3364.1 X112.663 Y117.352 E353.22863
G1 F3381 X112.888 Y116.959 E353.24361
G1 X113.108 Y116.644 E353.25633
G1 X113.227 Y116.491 E353.26274
G1 F3398 X113.495 Y116.195 E353.27589
G1 X113.889 Y115.843 E353.29329
G1 X114.305 Y115.55 E353.31004
G1 F3381 X114.684 Y115.342 E353.32435
G1 F3398 X115.15 Y115.148 E353.34097
G1 X115.652 Y115.001 E353.35819
G1 X116.118 Y114.921 E353.37376
G1 F3381 X116.601 Y114.89 E353.38978
G1 F3389.5 X133.408 Y114.891 E353.94459
G1 F3381 X133.808 Y114.914 E353.95785
G1 X134.35 Y115.004 E353.97603
G1 F3398 X134.792 Y115.127 E353.99114
G1 X135.304 Y115.339 E354.00939
G1 X135.786 Y115.613 E354.02764
G1 X136.16 Y115.885 E354.04287
G1 X136.515 Y116.208 E354.05867
G1 X136.839 Y116.574 E354.07477
G1 X137.133 Y116.991 E354.09157
G1 F3389.5 X137.344 Y117.373 E354.10597
G1 F3398 X137.554 Y117.881 E354.12407
G1 F3406.7 X137.679 Y118.329 E354.13935
G1 F3398 X137.758 Y118.778 E354.15436
G1 X137.794 Y119.268 E354.17054
G1 X137.793 Y130.72 E354.54763
G1 X137.772 Y131.094 E354.55996
G1 F3389.5 X137.68 Y131.662 E354.57895
G1 F3406.7 X137.554 Y132.11 E354.59424
G1 F3398 X137.35 Y132.607 E354.61193
G1 F3381 X137.111 Y133.034 E354.62812
G1 X136.828 Y133.433 E354.64431
G1 F3398 X136.468 Y133.835 E354.66208
G1 X136.121 Y134.143 E354.67736
G1 X135.797 Y134.371 E354.6904
G0 F2160 X135.69 Y134.446
G0 X135.304 Y134.657
G0 X134.964 Y134.804
G0 X134.758 Y134.88
G0 X134.298 Y135.002
G1 F1200 E354.1904
G0 F12000 X133.998 Y133.512
G0 X132.013 Y131.114
G0 X131.73 Y130.16
M204 S2500
;TYPE:WALL-OUTER
G1 F600 E354.6904
G1 F2038.8 X132.095 Y130.051 E354.71131
G1 X132.454 Y129.915 E354.73238
G1 X132.861 Y129.729 E354.75693
G1 X133.241 Y129.512 E354.78095
G1 X133.576 Y129.286 E354.80313
G1 X133.956 Y128.981 E354.82987
G1 X134.337 Y128.604 E354.85928
G1 X134.662 Y128.217 E354.88702
G1 X134.863 Y127.935 E354.90602
G1 X135.07 Y127.589 E354.92815
G1 X135.259 Y127.21 E354.95139
G1 X135.425 Y126.811 E354.97511
G1 X135.557 Y126.393 E354.99916
G1 X135.662 Y125.936 E355.0249
G1 X135.723 Y125.495 E355.04933
G1 X135.742 Y125.169 E355.06725
G1 X135.742 Y124.894 E355.08234
G1 X135.727 Y124.576 E355.09981
G1 X135.674 Y124.127 E355.12462
G1 X135.58 Y123.689 E355.14921
G1 X135.452 Y123.251 E355.17425
G1 X135.336 Y122.967 E355.19109
G1 X135.342 Y122.956 E355.19177
G1 X135.159 Y122.569 E355.21527
G1 X134.909 Y122.134 E355.2428
G1 X134.639 Y121.747 E355.2687
G1 X134.313 Y121.368 E355.29613
G1 X134.097 Y121.149 E355.31301
G1 X133.73 Y120.828 E355.33977
G1 X133.324 Y120.538 E355.36715
G1 X132.91 Y120.295 E355.3935
G1 X132.628 Y120.154 E355.4108
G1 X132.163 Y119.969 E355.43826
G1 X131.694 Y119.828 E355.46514
G1 X131.379 Y119.763 E355.48279
G1 X130.913 Y119.697 E355.50862
G1 X130.4 Y119.675 E355.5368
G1 X119.585 Y119.674 E356.13032
G1 X119.081 Y119.701 E356.15802
G1 X118.772 Y119.739 E356.1751
G1 X118.289 Y119.833 E356.20211
G1 X117.802 Y119.983 E356.23007
G1 X117.526 Y120.088 E356.24628
G1 X117.07 Y120.305 E356.27399
G1 X116.65 Y120.553 E356.30076
G1 X116.259 Y120.836 E356.32725
G1 X116.011 Y121.044 E356.34501
G1 X115.672 Y121.384 E356.37136
G1 X115.333 Y121.788 E356.4003
G1 X115.167 Y122.017 E356.41582
G1 X114.902 Y122.444 E356.4434
G1 X114.689 Y122.886 E356.47033
G1 X114.522 Y123.333 E356.49652
G1 X114.429 Y123.651 E356.5147
G1 X114.322 Y124.132 E356.54174
G1 X114.266 Y124.594 E356.56728
G1 X114.254 Y124.936 E356.58606
G1 X114.258 Y125.232 E356.60231
G1 X114.322 Y125.867 E356.63733
G1 X114.381 Y126.163 E356.6539
G1 X114.515 Y126.653 E356.68177
G1 X114.691 Y127.116 E356.70896
G1 X114.911 Y127.562 E356.73625
G1 X115.077 Y127.842 E356.75411
G1 X115.346 Y128.226 E356.77984
G1 X115.686 Y128.628 E356.80874
G1 X115.885 Y128.833 E356.82442
G1 X116.251 Y129.157 E356.85124
G1 X116.66 Y129.451 E356.87888
G1 X117.09 Y129.701 E356.90618
G1 X117.369 Y129.842 E356.92334
G1 X117.809 Y130.02 E356.94938
G1 X118.28 Y130.159 E356.97633
G1 X118.727 Y130.248 E357.00135
G1 X119.079 Y130.299 E357.02087
G1 X119.596 Y130.322 E357.04927
G1 X130.106 Y130.32 E357.62605
G0 F2160 X130.489 Y130.32
G0 X130.808 Y130.308
G0 X131.303 Y130.25
G0 X131.73 Y130.16
M204 S3500
G0 F12000 X132.095 Y130.051
G0 X132.454 Y129.915
G0 X132.861 Y129.729
G0 X133.241 Y129.512
G0 X133.576 Y129.286
G0 X133.956 Y128.981
G0 X134.337 Y128.604
G0 X134.662 Y128.217
G0 X134.863 Y127.935
G0 X135.07 Y127.589
G0 X135.259 Y127.21
G0 X135.353 Y126.984
G1 F1200 E357.12605
G1 F1200 Z3.28
G0 F12000 X135.353 Y126.984 Z3.28
G0 X131.463 Y129.077
M204 S2500
G1 F1200 Z2.84
G1 F600 E357.62605
G1 F2038.8 X130.895 Y129.18 E357.65773
G1 X130.404 Y129.206 E357.68471
G1 X119.561 Y129.206 E358.27977
G1 X119.01 Y129.172 E358.31006
G1 X118.497 Y129.065 E358.33882
G1 X117.964 Y128.883 E358.36973
G1 X117.514 Y128.667 E358.39712
G1 X117.091 Y128.397 E358.42466
G1 X116.671 Y128.043 E358.45481
G1 X116.302 Y127.648 E358.48447
G1 X116.007 Y127.231 E358.5125
G1 X115.759 Y126.774 E358.54104
G1 X115.56 Y126.256 E358.57149
G1 X115.432 Y125.765 E358.59934
G1 X115.371 Y125.239 E358.6284
G1 X115.374 Y124.772 E358.65403
G1 X115.452 Y124.152 E358.68832
G1 X115.563 Y123.73 E358.71227
G1 X115.782 Y123.172 E358.74516
G1 X116.039 Y122.71 E358.77418
G1 X116.355 Y122.283 E358.80333
G1 X116.674 Y121.95 E358.82864
G1 X117.137 Y121.565 E358.86168
G1 X117.532 Y121.319 E358.88722
G1 X118.078 Y121.067 E358.92022
G1 X118.55 Y120.919 E358.94737
G1 X119.121 Y120.814 E358.97923
G1 X119.557 Y120.79 E359.00319
G1 X130.416 Y120.789 E359.59913
G1 X130.967 Y120.82 E359.62941
G1 X131.458 Y120.919 E359.6569
G1 X132.035 Y121.112 E359.69029
G1 X132.444 Y121.31 E359.71523
G1 X132.952 Y121.634 E359.74829
G1 X133.302 Y121.931 E359.77348
G1 X133.669 Y122.317 E359.80271
G1 X133.998 Y122.781 E359.83393
G1 X134.239 Y123.222 E359.86151
G1 X134.434 Y123.731 E359.89142
G1 X134.563 Y124.226 E359.9195
G1 X134.626 Y124.767 E359.94939
G1 X134.624 Y125.256 E359.97622
G1 X134.547 Y125.835 E360.00828
G1 X134.432 Y126.272 E360.03308
G1 X134.224 Y126.802 E360.06432
G1 X133.956 Y127.286 E360.09468
G1 X133.641 Y127.709 E360.12363
G1 X133.325 Y128.047 E360.14902
G1 X132.927 Y128.372 E360.17722
G0 F2160 X132.838 Y128.445
G0 X132.436 Y128.692
G0 X131.916 Y128.934
G0 X131.463 Y129.077
M204 S3500
G0 F12000 X130.895 Y129.18
G0 X130.404 Y129.206
G0 X126.473 Y129.206
G1 F1200 E359.67722
G0 F12000 X126.473 Y128.212
G0 X131.233 Y128.108
G0 X131.594 Y129.619
;TYPE:WALL-INNER
G1 F600 E360.17722
G1 F2938.1 X131.917 Y129.52 E360.19008
G1 X132.224 Y129.407 E360.20254
G1 F2957.4 X132.678 Y129.197 E360.22147
G1 F2977.1 X133.16 Y128.898 E360.24279
G1 F2950.9 X133.582 Y128.562 E360.26324
G1 F2957.4 X133.738 Y128.417 E360.2713
G1 F2996.9 X134.065 Y128.066 E360.28921
G1 F2957.4 X134.219 Y127.874 E360.29852
G1 F2944.5 X134.396 Y127.63 E360.30997
G1 X134.578 Y127.32 E360.32363
G1 F2963.9 X134.708 Y127.075 E360.3341
G1 F2957.4 X134.898 Y126.619 E360.35279
G1 X134.962 Y126.438 E360.36006
G1 F2996.9 X135.088 Y125.959 E360.37855
G1 F2957.4 X135.165 Y125.441 E360.39836
G1 X135.181 Y125.265 E360.40505
G1 F2970.5 X135.184 Y124.894 E360.41902
G1 F2950.9 X135.171 Y124.622 E360.42935
G1 X135.124 Y124.218 E360.44477
G1 F2938.1 X135.037 Y123.826 E360.46006
G1 F2918.9 X134.923 Y123.439 E360.47552
G1 F2944.5 X134.741 Y122.983 E360.49418
G1 F2957.4 X134.433 Y122.427 E360.51823
G1 F2938.1 X134.197 Y122.09 E360.5339
G1 F2970.5 X134.071 Y121.936 E360.54139
G1 F2983.7 X133.714 Y121.554 E360.561
G1 F2950.9 X133.383 Y121.266 E360.57764
G1 F2918.9 X133.018 Y121.009 E360.59475
G1 F2938.1 X132.748 Y120.843 E360.60682
G1 F2944.5 X132.399 Y120.666 E360.62169
G1 F2950.9 X132.24 Y120.596 E360.62827
G1 F2944.5 X131.979 Y120.5 E360.63884
G1 F2918.9 X131.556 Y120.37 E360.6558
G1 F2983.7 X131.043 Y120.273 E360.67538
G1 X130.862 Y120.254 E360.68221
G1 F2950.9 X130.4 Y120.232 E360.69975
G1 F2963.9 X119.576 Y120.233 E361.10835
G1 X119.129 Y120.256 E361.12525
G1 F2944.5 X118.859 Y120.292 E361.1356
G1 F2931.7 X118.424 Y120.375 E361.1525
G1 F2938.1 X118 Y120.505 E361.16939
G1 F2925.3 X117.746 Y120.603 E361.17981
G1 F2938.1 X117.329 Y120.798 E361.19734
G1 F2950.9 X116.956 Y121.02 E361.2138
G1 F2970.5 X116.811 Y121.118 E361.22039
G1 F2957.4 X116.604 Y121.278 E361.23029
G1 F2931.7 X116.341 Y121.501 E361.24345
G1 F2950.9 X116.083 Y121.761 E361.25733
G1 F2990.3 X115.933 Y121.928 E361.26573
G1 F3003.6 X115.609 Y122.356 E361.28573
G1 F2944.5 X115.395 Y122.714 E361.30158
G1 X115.282 Y122.931 E361.31088
G1 X115.205 Y123.106 E361.31814
G1 F2938.1 X115.029 Y123.574 E361.33718
G1 F2970.5 X114.907 Y124.046 E361.35555
G1 F2944.5 X114.875 Y124.226 E361.36249
G1 F2925.3 X114.816 Y124.754 E361.38281
G1 F2963.9 X114.818 Y125.284 E361.40282
G1 F2970.5 X114.872 Y125.779 E361.42158
G1 F2938.1 X114.93 Y126.055 E361.43232
G1 F2931.7 X115.051 Y126.492 E361.44963
G1 X115.204 Y126.892 E361.46597
G1 F2950.9 X115.277 Y127.05 E361.47257
G1 F2970.5 X115.534 Y127.524 E361.49288
G1 F2957.4 X115.789 Y127.887 E361.50966
G1 F2990.3 X115.898 Y128.025 E361.51624
G1 F2977.1 X116.089 Y128.24 E361.52705
G1 F2944.5 X116.324 Y128.48 E361.53982
G1 F2938.1 X116.601 Y128.718 E361.55372
G1 F2950.9 X116.769 Y128.848 E361.56178
G1 F2957.4 X116.965 Y128.981 E361.57074
G1 X117.245 Y129.152 E361.58315
G1 F2950.9 X117.6 Y129.331 E361.59823
G1 F2900.1 X117.994 Y129.488 E361.61459
G1 F2931.7 X118.427 Y129.621 E361.63188
G1 F2990.3 X118.951 Y129.723 E361.65185
G1 F2970.5 X119.131 Y129.742 E361.65867
G1 F2944.5 X119.596 Y129.764 E361.67636
G1 X129.97 Y129.762 E362.07057
G0 F2160 X130.469 Y129.762
G0 X130.96 Y129.732
G0 X131.189 Y129.698
G0 X131.594 Y129.619
G1 F1200 E361.57057
;MESH:NONMESH
G0 X131.594 Y129.619 Z3.04
G0 F12000 X132.035 Y131.108
G0 X133.998 Y133.512
G0 X134.217 Y134.405
;TIME_ELAPSED:280.048755
;LAYER:14
;note -- min layer time used
M204 S2500
;TYPE:WALL-OUTER
;MESH:new-rear-port-cover-v2.stl
G1 F600 E362.07057
G1 F1658.9 X133.799 Y134.48 E362.09387
G1 X133.356 Y134.506 E362.11823
G1 X116.623 Y134.502 E363.03652
G1 X116.188 Y134.48 E363.06043
G1 X115.765 Y134.402 E363.08403
G1 X115.366 Y134.289 E363.10679
G1 X114.947 Y134.113 E363.13173
G1 X114.593 Y133.916 E363.15396
G1 X114.241 Y133.663 E363.17775
G1 X113.914 Y133.37 E363.20185
G1 X113.646 Y133.068 E363.22401
G1 X113.394 Y132.711 E363.24799
G1 X113.188 Y132.347 E363.27094
G1 X113.015 Y131.934 E363.29551
G1 X112.902 Y131.528 E363.31864
G1 X112.829 Y131.114 E363.34171
G1 X112.806 Y130.692 E363.3649
G1 X112.806 Y119.309 E363.9896
G1 X112.832 Y118.869 E364.01378
G1 X112.91 Y118.434 E364.03804
G1 X113.018 Y118.052 E364.05982
G1 X113.197 Y117.639 E364.08453
G1 X113.398 Y117.271 E364.10754
G1 X113.646 Y116.928 E364.13077
G1 X113.938 Y116.602 E364.15478
G1 X114.263 Y116.312 E364.17869
G1 X114.591 Y116.084 E364.20061
G1 X114.987 Y115.865 E364.22544
G1 X115.373 Y115.703 E364.24842
G1 X115.781 Y115.59 E364.27165
G1 X116.2 Y115.516 E364.295
G1 X116.624 Y115.494 E364.3183
G1 X133.376 Y115.49 E365.23764
G1 X133.808 Y115.518 E365.2614
G1 X134.229 Y115.59 E365.28483
G1 X134.633 Y115.705 E365.30789
G1 X135.022 Y115.869 E365.33105
G1 X135.425 Y116.096 E365.35644
G1 X135.759 Y116.336 E365.37901
G1 X136.096 Y116.641 E365.40395
G1 X136.351 Y116.929 E365.42506
G1 X136.612 Y117.297 E365.44982
G1 X136.821 Y117.681 E365.47382
G1 X136.982 Y118.072 E365.49702
G1 X137.094 Y118.464 E365.51939
G1 X137.17 Y118.906 E365.54401
G1 X137.19 Y119.304 E365.56588
G1 X137.19 Y130.685 E366.19046
G1 X137.166 Y131.12 E366.21437
G1 X137.094 Y131.536 E366.23753
G1 X136.977 Y131.946 E366.26093
G1 X136.804 Y132.357 E366.28541
G1 X136.584 Y132.746 E366.30993
G1 X136.344 Y133.075 E366.33228
G1 X136.076 Y133.379 E366.35452
G1 X135.754 Y133.667 E366.37823
G1 X135.687 Y133.714 E366.38272
G0 F2160 X135.375 Y133.93
G0 X135.002 Y134.132
G0 X134.621 Y134.294
G0 X134.217 Y134.405
M204 S3500
G0 F12000 X133.799 Y134.48
G0 X133.356 Y134.506
G0 X129.225 Y134.506
G1 F1200 E365.88272
G1 F1200 Z3.48
G0 F12000 X129.225 Y134.506 Z3.48
G0 X134.769 Y135.598
M204 S2500
G1 F1200 Z3.04
G1 F600 E366.38272
G1 F1658.9 X135.248 Y135.436 E366.41047
G1 X135.637 Y135.264 E366.43381
G1 X136.057 Y135.031 E366.46017
G1 X136.452 Y134.756 E366.48658
G1 X136.817 Y134.455 E366.51255
G1 X137.144 Y134.129 E366.53789
G1 X137.444 Y133.768 E366.56365
G1 X137.719 Y133.366 E366.59038
G1 X137.951 Y132.948 E366.61661
G1 X138.135 Y132.528 E366.64178
G1 X138.29 Y132.073 E366.66816
G1 X138.399 Y131.607 E366.69442
G1 X138.463 Y131.153 E366.71958
G1 X138.486 Y130.645 E366.74749
G1 X138.486 Y119.343 E367.36773
G1 X138.463 Y118.847 E367.39498
G1 X138.399 Y118.385 E367.42058
G1 X138.29 Y117.923 E367.44663
G1 X138.136 Y117.464 E367.4732
G1 X137.952 Y117.048 E367.49816
G1 X137.715 Y116.623 E367.52487
G1 X137.444 Y116.227 E367.5512
G1 X137.143 Y115.863 E367.57712
G1 X136.818 Y115.542 E367.60219
G1 X136.452 Y115.24 E367.62823
G1 X136.053 Y114.965 E367.65483
G1 X135.636 Y114.732 E367.68104
G1 X135.22 Y114.549 E367.70598
G1 X134.769 Y114.398 E367.73208
G1 X134.29 Y114.285 E367.75909
G1 X133.837 Y114.221 E367.7842
G1 X133.333 Y114.199 E367.81188
G1 X116.65 Y114.198 E368.72743
G1 X116.159 Y114.225 E368.75442
G1 X115.703 Y114.285 E368.77966
G1 X115.235 Y114.394 E368.80603
G1 X114.806 Y114.539 E368.83088
G1 X114.359 Y114.733 E368.85762
G1 X113.947 Y114.965 E368.88357
G1 X113.543 Y115.241 E368.91042
G1 X113.191 Y115.532 E368.93549
G1 X112.844 Y115.879 E368.96242
G1 X112.52 Y116.268 E368.9902
G1 X112.298 Y116.594 E369.01185
G1 X112.048 Y117.044 E369.0401
G1 X111.861 Y117.467 E369.06548
G1 X111.71 Y117.923 E369.09184
G1 X111.597 Y118.389 E369.11816
G1 X111.537 Y118.847 E369.1435
G1 X111.51 Y119.355 E369.17142
G1 X111.514 Y130.681 E369.79299
G1 X111.534 Y131.15 E369.81875
G1 X111.597 Y131.607 E369.84406
G1 X111.706 Y132.069 E369.87011
G1 X111.861 Y132.528 E369.8967
G1 X112.048 Y132.952 E369.92213
G1 X112.298 Y133.402 E369.95038
G1 X112.52 Y133.728 E369.97203
G1 X112.844 Y134.116 E369.99977
G1 X113.191 Y134.463 E370.0267
G1 X113.544 Y134.756 E370.05188
G1 X113.938 Y135.026 E370.07809
G1 X114.36 Y135.26 E370.10457
G1 X114.781 Y135.448 E370.12987
G1 X115.235 Y135.602 E370.15618
G1 X115.703 Y135.711 E370.18255
G1 X116.159 Y135.771 E370.20779
G1 X116.667 Y135.798 E370.23571
G1 X133.15 Y135.796 E371.14029
G0 F2160 X133.385 Y135.796
G0 X133.837 Y135.775
G0 X134.29 Y135.711
G0 X134.769 Y135.598
M204 S3500
G0 F12000 X135.248 Y135.436
G0 X135.637 Y135.264
G0 X136.057 Y135.031
G0 X136.452 Y134.756
G0 X136.817 Y134.455
G0 X137.144 Y134.129
G0 X137.444 Y133.768
G0 X137.719 Y133.366
G0 X137.951 Y132.948
G0 X138.135 Y132.528
G0 X138.225 Y132.264
G1 F1200 E370.64029
G1 F1200 Z3.48
G0 F12000 X138.225 Y132.264 Z3.48
G0 X134.592 Y134.974
;TYPE:WALL-INNER
G1 F1200 Z3.04
G1 F600 E371.14029
G1 F1718.7 X134.987 Y134.843 E371.16233
G1 F1721.5 X135.349 Y134.683 E371.18326
G1 X135.715 Y134.481 E371.20537
G1 F1726.9 X136.062 Y134.241 E371.22761
G1 F1729.6 X136.382 Y133.976 E371.24948
G1 F1735.1 X136.559 Y133.804 E371.26243
G1 F1737.8 X136.886 Y133.435 E371.28825
G1 F1732.3 X137.169 Y133.027 E371.31435
G1 F1735.1 X137.373 Y132.661 E371.33633
G1 F1732.3 X137.532 Y132.295 E371.3573
G1 F1724.2 X137.666 Y131.895 E371.37958
G1 F1718.7 X137.761 Y131.488 E371.40171
G1 F1724.2 X137.816 Y131.113 E371.42173
G1 F1726.9 X137.838 Y130.645 E371.44642
G1 F1721.5 X137.838 Y119.343 E372.04412
G1 X137.818 Y118.906 E372.06725
G1 F1716.1 X137.76 Y118.504 E372.0888
G1 F1710.7 X137.665 Y118.101 E372.11083
G1 X137.53 Y117.698 E372.13345
G1 F1716.1 X137.372 Y117.336 E372.1544
G1 F1726.9 X137.165 Y116.963 E372.17689
G1 F1724.2 X136.925 Y116.617 E372.19912
G1 F1713.4 X136.663 Y116.302 E372.22089
G1 F1710.7 X136.383 Y116.024 E372.24189
G1 F1716.1 X136.062 Y115.757 E372.26404
G1 F1726.9 X135.712 Y115.514 E372.2865
G1 F1732.3 X135.348 Y115.311 E372.30841
G1 F1726.9 X134.987 Y115.153 E372.32918
G1 F1724.2 X134.593 Y115.021 E372.35112
G1 X134.171 Y114.923 E372.37399
G1 X133.777 Y114.866 E372.39501
G1 F1732.3 X133.333 Y114.844 E372.41837
G1 X116.624 Y114.847 E373.29645
G1 F1729.6 X116.219 Y114.868 E373.3178
G1 F1721.5 X115.819 Y114.924 E373.33915
G1 F1713.4 X115.412 Y115.019 E373.36136
G1 F1729.6 X115.167 Y115.094 E373.37485
G1 F1735.1 X115.013 Y115.152 E373.38348
G1 F1726.9 X114.647 Y115.313 E373.40456
G1 F1729.6 X114.287 Y115.514 E373.42626
G1 F1732.3 X113.932 Y115.757 E373.44887
G1 F1726.9 X113.627 Y116.011 E373.46979
G1 F1718.7 X113.323 Y116.317 E373.49264
G1 F1713.4 X113.039 Y116.659 E373.51626
G1 F1721.5 X112.848 Y116.933 E373.53392
G1 F1729.6 X112.628 Y117.332 E373.55791
G1 F1735.1 X112.438 Y117.769 E373.58291
G1 X112.332 Y118.101 E373.60119
G1 F1718.7 X112.236 Y118.507 E373.62329
G1 X112.182 Y118.906 E373.64462
G1 F1724.2 X112.158 Y119.355 E373.66836
G1 F1726.9 X112.162 Y130.744 E374.26876
G1 F1732.3 X112.181 Y131.12 E374.28854
G1 F1721.5 X112.236 Y131.488 E374.30822
G1 F1713.4 X112.33 Y131.891 E374.3302
G1 F1732.3 X112.406 Y132.139 E374.34384
G1 F1737.8 X112.464 Y132.294 E374.35251
G1 F1729.6 X112.627 Y132.665 E374.37383
G1 F1726.9 X112.82 Y133.012 E374.39477
G1 F1716.1 X113.039 Y133.336 E374.41551
G1 X113.323 Y133.679 E374.43914
G1 F1718.7 X113.628 Y133.984 E374.46198
G1 F1721.5 X113.934 Y134.239 E374.48305
G1 F1732.3 X114.282 Y134.48 E374.50529
G1 F1737.8 X114.647 Y134.683 E374.52717
G1 F1732.3 X115.017 Y134.845 E374.5484
G1 F1721.5 X115.412 Y134.977 E374.57042
G1 F1716.1 X115.819 Y135.072 E374.59259
G1 F1726.9 X116.219 Y135.128 E374.61389
G1 F1729.6 X116.667 Y135.15 E374.63749
G1 F1726.9 X132.972 Y135.152 E375.49705
G0 F2160 X133.333 Y135.152
G0 X133.777 Y135.13
G0 X134.171 Y135.073
G0 X134.592 Y134.974
G1 F1200 E374.99705
G0 F12000 X134.146 Y133.396
G0 X131.964 Y130.919
G0 X131.684 Y129.963
M204 S2500
;TYPE:WALL-OUTER
G1 F600 E375.49705
G1 F1658.9 X132.04 Y129.857 E375.51743
G1 X132.338 Y129.746 E375.53489
G1 X132.754 Y129.557 E375.55996
G1 X133.123 Y129.35 E375.58318
G1 X133.779 Y128.889 E375.62718
G1 X133.941 Y128.817 E375.63691
G1 X133.993 Y128.703 E375.64379
G1 X134.507 Y128.089 E375.68773
G1 X134.692 Y127.829 E375.70524
G1 X134.891 Y127.503 E375.7262
G1 X135.049 Y127.19 E375.74545
G1 X135.138 Y126.99 E375.75746
G1 X135.29 Y126.588 E375.78105
G1 X135.41 Y126.155 E375.8057
G1 X135.461 Y125.903 E375.81981
G1 X135.505 Y125.607 E375.83624
G1 X135.542 Y125.169 E375.86036
G1 X135.535 Y124.742 E375.8838
G1 X135.513 Y124.446 E375.90008
G1 X135.474 Y124.157 E375.91609
G1 X135.383 Y123.733 E375.93989
G1 X135.259 Y123.308 E375.96418
G1 X135.122 Y122.959 E375.98476
G1 X134.88 Y122.478 E376.01431
G1 X134.75 Y122.256 E376.02843
G1 X134.478 Y121.875 E376.05412
G1 X134.16 Y121.496 E376.08127
G1 X133.97 Y121.306 E376.09601
G1 X133.61 Y120.991 E376.12227
G1 X133.223 Y120.713 E376.14842
G1 X132.799 Y120.463 E376.17543
G1 X132.545 Y120.338 E376.19096
G1 X132.115 Y120.165 E376.2164
G1 X131.656 Y120.029 E376.24267
G1 X131.225 Y119.944 E376.26678
G1 X130.9 Y119.898 E376.28479
G1 X130.399 Y119.875 E376.31232
G1 X119.585 Y119.874 E376.90578
G1 X119.089 Y119.901 E376.93304
G1 X118.75 Y119.942 E376.95178
G1 X118.311 Y120.035 E376.97641
G1 X117.882 Y120.165 E377.00101
G1 X117.61 Y120.273 E377.01707
G1 X117.17 Y120.477 E377.04369
G1 X116.762 Y120.716 E377.06964
G1 X116.381 Y120.995 E377.09555
G1 X116.155 Y121.188 E377.11186
G1 X115.819 Y121.517 E377.13767
G1 X115.502 Y121.894 E377.1647
G1 X115.339 Y122.124 E377.18017
G1 X115.089 Y122.525 E377.2061
G1 X114.872 Y122.967 E377.23313
G1 X114.709 Y123.406 E377.25882
G1 X114.624 Y123.687 E377.27494
G1 X114.522 Y124.163 E377.30165
G1 X114.466 Y124.619 E377.32686
G1 X114.454 Y124.926 E377.34372
G1 X114.458 Y125.229 E377.36035
G1 X114.483 Y125.531 E377.37698
G1 X114.545 Y125.994 E377.40262
G1 X114.703 Y126.582 E377.43603
G1 X114.871 Y127.028 E377.46219
G1 X115.101 Y127.493 E377.49066
G1 X115.226 Y127.705 E377.50417
G1 X115.503 Y128.103 E377.53078
G1 X115.82 Y128.48 E377.55781
G1 X116.023 Y128.682 E377.57352
G1 X116.384 Y129.002 E377.6
G1 X116.758 Y129.276 E377.62544
G1 X117.174 Y129.521 E377.65194
G1 X117.436 Y129.65 E377.66796
G1 X117.874 Y129.828 E377.69391
G1 X118.347 Y129.968 E377.72098
G1 X118.612 Y130.027 E377.73588
G1 X119.089 Y130.095 E377.76232
G1 X119.6 Y130.121 E377.7904
G1 X130.061 Y130.122 E378.36449
G0 F2160 X130.424 Y130.122
G0 X130.783 Y130.108
G0 X131.196 Y130.061
G0 X131.684 Y129.963
M204 S3500
G0 F12000 X132.04 Y129.857
G0 X132.338 Y129.746
G0 X132.754 Y129.557
G0 X133.123 Y129.35
G0 X133.779 Y128.889
G0 X133.941 Y128.817
G0 X133.993 Y128.703
G0 X134.507 Y128.089
G0 X134.692 Y127.829
G0 X134.891 Y127.503
G0 X135.049 Y127.19
G0 X135.138 Y126.99
G0 X135.228 Y126.752
G1 F1200 E377.86449
G1 F1200 Z3.48
G0 F12000 X135.228 Y126.752 Z3.48
G0 X131.427 Y128.877
M204 S2500
G1 F1200 Z3.04
G1 F600 E378.36449
G1 F1658.9 X130.881 Y128.981 E378.395
G1 X130.403 Y129.006 E378.42126
G1 X119.556 Y129.002 E379.01654
G1 X119.04 Y128.966 E379.04493
G1 X118.592 Y128.885 E379.06991
G1 X118.052 Y128.707 E379.10111
G1 X117.611 Y128.493 E379.12801
G1 X117.173 Y128.207 E379.15672
G1 X116.801 Y127.888 E379.18362
G1 X116.447 Y127.505 E379.21224
G1 X116.172 Y127.115 E379.23843
G1 X115.927 Y126.655 E379.26703
G1 X115.76 Y126.226 E379.29229
G1 X115.64 Y125.754 E379.31902
G1 X115.575 Y125.231 E379.34794
G1 X115.574 Y124.779 E379.37275
G1 X115.64 Y124.242 E379.40244
G1 X115.768 Y123.756 E379.43002
G1 X115.959 Y123.266 E379.45888
G1 X116.197 Y122.84 E379.48566
G1 X116.493 Y122.436 E379.51315
G1 X116.84 Y122.074 E379.54067
G1 X117.232 Y121.746 E379.56872
G1 X117.624 Y121.495 E379.59426
G1 X118.133 Y121.261 E379.625
G1 X118.591 Y121.113 E379.65142
G1 X119.09 Y121.019 E379.67928
G1 X119.576 Y120.994 E379.70599
G1 X130.432 Y120.989 E380.30176
G1 X130.979 Y121.032 E380.33187
G1 X131.445 Y121.122 E380.35792
G1 X131.944 Y121.289 E380.3868
G1 X132.372 Y121.495 E380.41286
G1 X132.821 Y121.787 E380.44226
G1 X133.187 Y122.099 E380.46865
G1 X133.546 Y122.487 E380.49766
G1 X133.8 Y122.838 E380.52144
G1 X134.071 Y123.343 E380.55289
G1 X134.233 Y123.762 E380.57754
G1 X134.356 Y124.236 E380.60442
G1 X134.424 Y124.748 E380.63276
G1 X134.422 Y125.232 E380.65932
G1 X134.352 Y125.803 E380.69089
G1 X134.232 Y126.236 E380.71555
G1 X134.042 Y126.724 E380.74429
G1 X133.799 Y127.156 E380.77149
G1 X133.503 Y127.56 E380.79898
G1 X133.174 Y127.914 E380.8255
G1 X132.881 Y128.153 E380.84625
G0 F2160 X132.742 Y128.266
G0 X132.362 Y128.504
G0 X131.881 Y128.732
G0 X131.427 Y128.877
M204 S3500
G0 F12000 X130.881 Y128.981
G0 X130.403 Y129.006
G0 X126.438 Y129.005
G1 F1200 E380.34625
G0 F12000 X126.438 Y128.011
G0 X131.18 Y127.915
G0 X131.55 Y129.421
;TYPE:WALL-INNER
G1 F600 E380.84625
G1 F2385.3 X131.847 Y129.331 E380.85809
G1 F2390.5 X132.126 Y129.231 E380.86938
G1 F2416.9 X132.634 Y128.989 E380.89058
G1 X133.054 Y128.726 E380.90924
G1 F2314.7 X133.52 Y128.375 E380.93219
G1 F2329.5 X133.911 Y127.936 E380.95516
G1 F2406.2 X134.064 Y127.744 E380.96445
G1 F2374.9 X134.225 Y127.521 E380.97499
G1 F2380.1 X134.401 Y127.231 E380.98797
G1 F2406.2 X134.548 Y126.952 E380.9999
G1 F2416.9 X134.76 Y126.414 E381.02168
G1 F2401 X134.864 Y126.042 E381.03633
G1 F2411.5 X134.912 Y125.819 E381.04494
G1 F2433 X134.976 Y125.277 E381.06536
G1 F2438.4 X134.98 Y124.751 E381.085
G1 F2401 X134.922 Y124.253 E381.10401
G1 F2380.1 X134.841 Y123.87 E381.11898
G1 X134.728 Y123.489 E381.13418
G1 X134.606 Y123.175 E381.14707
G1 X134.396 Y122.76 E381.16486
G1 F2385.3 X134.282 Y122.558 E381.17371
G1 F2422.2 X133.97 Y122.13 E381.19362
G1 X133.589 Y121.713 E381.21485
G1 F2395.7 X133.263 Y121.429 E381.23127
G1 F2385.3 X132.917 Y121.182 E381.2475
G1 F2416.9 X132.652 Y121.018 E381.25924
G1 F2427.6 X132.317 Y120.848 E381.27333
G1 F2390.5 X131.931 Y120.694 E381.28915
G1 F2401 X131.523 Y120.569 E381.30533
G1 F2422.2 X131.057 Y120.481 E381.32316
G1 F2390.5 X130.848 Y120.458 E381.33116
G1 X130.457 Y120.433 E381.34608
G1 F2406.2 X119.534 Y120.436 E381.75934
G1 F2395.7 X119.137 Y120.456 E381.77444
G1 F2385.3 X118.84 Y120.496 E381.78588
G1 F2380.1 X118.483 Y120.566 E381.7998
G1 F2385.3 X118.066 Y120.694 E381.81644
G1 F2390.5 X117.843 Y120.78 E381.82555
G1 F2406.2 X117.423 Y120.973 E381.84303
G1 F2395.7 X117.069 Y121.184 E381.85869
G1 F2369.8 X116.729 Y121.436 E381.87495
G1 F2380.1 X116.482 Y121.647 E381.88738
G1 F2385.3 X116.23 Y121.898 E381.90095
G1 F2406.2 X116.083 Y122.063 E381.90931
G1 X115.945 Y122.237 E381.91771
G1 X115.714 Y122.569 E381.93302
G1 F2411.5 X115.579 Y122.797 E381.94302
G1 F2374.9 X115.387 Y123.188 E381.95972
G1 F2380.1 X115.225 Y123.62 E381.97736
G1 F2401 X115.084 Y124.169 E381.99886
G1 X115.016 Y124.758 E382.02134
G1 F2395.7 X115.019 Y125.274 E382.04094
G1 F2390.5 X115.095 Y125.884 E382.06436
G1 X115.234 Y126.411 E382.08511
G1 X115.385 Y126.806 E382.10122
G1 F2369.8 X115.586 Y127.209 E382.11852
G1 F2380.1 X115.696 Y127.405 E382.12711
G1 F2401 X115.946 Y127.764 E382.1437
G1 F2380.1 X116.234 Y128.101 E382.16066
G1 F2385.3 X116.402 Y128.275 E382.16989
G1 F2422.2 X116.847 Y128.656 E382.1919
G1 F2401 X117.066 Y128.807 E382.20199
G1 F2395.7 X117.342 Y128.979 E382.21435
G1 F2427.6 X117.794 Y129.198 E382.23318
G1 F2406.2 X118.058 Y129.299 E382.24388
G1 F2401 X118.486 Y129.43 E382.26085
G1 F2422.2 X118.94 Y129.513 E382.27819
G1 F2390.5 X119.143 Y129.536 E382.28598
G1 F2374.9 X119.6 Y129.562 E382.30352
G1 F2395.7 X129.925 Y129.564 E382.69587
G0 F2160 X130.416 Y129.564
G0 X130.761 Y129.548
G0 X131.008 Y129.524
G0 X131.55 Y129.421
;MESH:NONMESH
G0 F1200 X131.55 Y129.421 Z3.24
G0 F12000 X131.378 Y128.685
;TIME_ELAPSED:295.394092
;LAYER:15
;note -- min layer time used
M204 S2500
;TYPE:WALL-OUTER
;MESH:new-rear-port-cover-v2.stl
G1 F1200 X130.855 Y128.782 E382.72506
G1 X130.401 Y128.806 E382.75001
G1 X119.56 Y128.802 E383.34496
G1 X119.038 Y128.768 E383.37366
G1 X118.604 Y128.678 E383.39799
G1 X118.134 Y128.522 E383.42516
G1 X117.679 Y128.297 E383.45302
G1 X117.31 Y128.06 E383.47709
G1 X116.972 Y127.775 E383.50135
G1 X116.615 Y127.397 E383.52988
G1 X116.311 Y126.959 E383.55914
G1 X116.116 Y126.587 E383.58219
G1 X115.945 Y126.149 E383.608
G1 X115.83 Y125.686 E383.63418
G1 X115.775 Y125.229 E383.65944
G1 X115.776 Y124.754 E383.68551
G1 X115.841 Y124.257 E383.71301
G1 X115.954 Y123.832 E383.73715
G1 X116.148 Y123.337 E383.76633
G1 X116.38 Y122.928 E383.79213
G1 X116.655 Y122.55 E383.81778
G1 X116.98 Y122.218 E383.84328
G1 X117.374 Y121.893 E383.87131
G1 X117.724 Y121.671 E383.89406
G1 X118.202 Y121.447 E383.92303
G1 X118.617 Y121.315 E383.94692
G1 X119.119 Y121.22 E383.97496
G1 X119.561 Y121.194 E383.99926
G1 X130.436 Y121.194 E384.59607
G1 X130.937 Y121.224 E384.62362
G1 X131.395 Y121.318 E384.64928
G1 X131.858 Y121.469 E384.676
G1 X132.28 Y121.674 E384.70175
G1 X132.71 Y121.955 E384.72994
G1 X133.023 Y122.22 E384.75245
G1 X133.381 Y122.602 E384.78118
G1 X133.685 Y123.037 E384.8103
G1 X133.888 Y123.426 E384.83438
G1 X134.057 Y123.865 E384.8602
G1 X134.172 Y124.345 E384.88728
G1 X134.22 Y124.757 E384.91005
G1 X134.221 Y125.24 E384.93655
G1 X134.164 Y125.716 E384.96286
G1 X134.05 Y126.155 E384.98775
G1 X133.849 Y126.654 E385.01728
G1 X133.614 Y127.073 E385.04364
G1 X133.337 Y127.446 E385.06914
G1 X133.05 Y127.754 E385.09224
G1 X132.822 Y127.942 E385.10846
G0 F2160 X132.619 Y128.109
G0 X132.264 Y128.33
G0 X131.808 Y128.543
G0 X131.378 Y128.685
M204 S3500
G0 F12000 X130.855 Y128.782
G0 X130.401 Y128.806
G0 X126.388 Y128.805
G1 F1200 E384.60846
G1 F1200 Z3.68
G0 F12000 X126.388 Y128.805 Z3.68
G0 X131.963 Y129.669
M204 S2500
G1 F1200 Z3.24
G1 F600 E385.10846
G1 F1200 X132.236 Y129.573 E385.12434
G1 X132.652 Y129.384 E385.14942
G1 X132.991 Y129.198 E385.17064
G1 X133.435 Y128.898 E385.20004
G1 X133.671 Y128.791 E385.21426
G1 X133.857 Y128.741 E385.22483
G1 X133.913 Y128.552 E385.23565
G1 X134.096 Y128.266 E385.25429
G1 X134.35 Y127.966 E385.27586
G1 X134.523 Y127.719 E385.29241
G1 X134.708 Y127.417 E385.31184
G1 X134.932 Y126.983 E385.33865
G1 X135.098 Y126.528 E385.36523
G1 X135.161 Y126.318 E385.37726
G1 X135.259 Y125.898 E385.40093
G1 X135.319 Y125.484 E385.42388
G1 X135.342 Y125.041 E385.44823
G1 X135.327 Y124.609 E385.47195
G1 X135.278 Y124.188 E385.49521
G1 X135.188 Y123.782 E385.51803
G1 X135.067 Y123.367 E385.54176
G1 X134.952 Y123.071 E385.55918
G1 X134.811 Y122.772 E385.57732
G1 X134.58 Y122.366 E385.60296
G1 X134.318 Y121.995 E385.62788
G1 X134.008 Y121.628 E385.65425
G1 X133.841 Y121.461 E385.66721
G1 X133.489 Y121.15 E385.69299
G1 X133.108 Y120.874 E385.71881
G1 X132.7 Y120.639 E385.74465
G1 X132.471 Y120.525 E385.75868
G1 X132.05 Y120.352 E385.78366
G1 X131.589 Y120.216 E385.81004
G1 X131.358 Y120.166 E385.82301
G1 X130.892 Y120.101 E385.84883
G1 X130.395 Y120.075 E385.87614
G1 X119.555 Y120.079 E386.47103
G1 X119.096 Y120.101 E386.49625
G1 X118.771 Y120.142 E386.51423
G1 X118.386 Y120.225 E386.53584
G1 X117.942 Y120.357 E386.56126
G1 X117.682 Y120.457 E386.57655
G1 X117.27 Y120.649 E386.6015
G1 X116.871 Y120.884 E386.62691
G1 X116.497 Y121.159 E386.65239
G1 X116.299 Y121.328 E386.66667
G1 X115.966 Y121.654 E386.69225
G1 X115.658 Y122.018 E386.71841
G1 X115.513 Y122.227 E386.73237
G1 X115.269 Y122.614 E386.75748
G1 X115.057 Y123.047 E386.78394
G1 X114.897 Y123.478 E386.80917
G1 X114.82 Y123.729 E386.82358
G1 X114.719 Y124.191 E386.84953
G1 X114.665 Y124.639 E386.87429
G1 X114.654 Y124.912 E386.88929
G1 X114.658 Y125.225 E386.90647
G1 X114.718 Y125.804 E386.93841
G1 X114.827 Y126.283 E386.96537
G1 X114.891 Y126.509 E386.97826
G1 X115.056 Y126.948 E387.004
G1 X115.28 Y127.399 E387.03163
G1 X115.391 Y127.59 E387.04376
G1 X115.659 Y127.975 E387.0695
G1 X115.973 Y128.35 E387.09634
G1 X116.144 Y128.525 E387.10977
G1 X116.487 Y128.83 E387.13496
G1 X116.87 Y129.107 E387.1609
G1 X117.277 Y129.349 E387.18689
G1 X117.511 Y129.462 E387.20115
G1 X117.935 Y129.636 E387.2263
G1 X118.403 Y129.776 E387.25311
G1 X118.636 Y129.827 E387.2662
G1 X119.102 Y129.895 E387.29204
G1 X119.601 Y129.921 E387.31946
G1 X130.353 Y129.922 E387.90952
G0 F2160 X130.424 Y129.922
G0 X130.774 Y129.907
G0 X131.133 Y129.866
G0 X131.633 Y129.767
G0 X131.963 Y129.669
M204 S3500
G0 F12000 X132.236 Y129.573
G0 X132.652 Y129.384
G0 X132.991 Y129.198
G0 X133.435 Y128.898
G0 X133.671 Y128.791
G0 X133.857 Y128.741
G0 X133.913 Y128.552
G0 X134.096 Y128.266
G0 X134.35 Y127.966
G0 X134.523 Y127.719
G0 X134.708 Y127.417
G0 X134.932 Y126.983
G0 X135.098 Y126.528
G0 X135.161 Y126.318
G0 X135.184 Y126.219
G1 F1200 E387.40952
G1 F1200 Z3.68
G0 F12000 X135.184 Y126.219 Z3.68
G0 X131.779 Y129.142
;TYPE:WALL-INNER
G1 F1200 Z3.24
G1 F600 E387.90952
G1 F1733 X132.052 Y129.045 E387.92053
G1 F1744.5 X132.531 Y128.817 E387.94056
G1 F1752.2 X132.94 Y128.562 E387.95867
G1 F1656.9 X133.265 Y128.332 E387.9745
G1 F1511.5 X133.387 Y128.259 E387.98069
G1 F1574.6 X133.905 Y127.623 E388.015
G1 F1725.5 X134.057 Y127.413 E388.02489
G1 X134.219 Y127.142 E388.03694
G1 F1706.9 X134.416 Y126.757 E388.05363
G1 F1729.3 X134.583 Y126.313 E388.0717
G1 F1760 X134.713 Y125.795 E388.09168
G1 F1740.7 X134.761 Y125.43 E388.10561
G1 F1721.7 X134.782 Y125.037 E388.12066
G1 F1733 X134.773 Y124.693 E388.13374
G1 F1736.8 X134.727 Y124.281 E388.14946
G1 F1744.5 X134.596 Y123.733 E388.17073
G1 F1740.7 X134.536 Y123.546 E388.17816
G1 F1733 X134.382 Y123.167 E388.1937
G1 F1736.8 X134.108 Y122.665 E388.21539
G1 F1733 X133.877 Y122.336 E388.23066
G1 F1725.5 X133.595 Y122.008 E388.24717
G1 X133.454 Y121.863 E388.25489
G1 F1729.3 X133.139 Y121.587 E388.27084
G1 F1721.7 X132.803 Y121.345 E388.28668
G1 F1744.5 X132.539 Y121.185 E388.29833
G1 F1771.8 X132.068 Y120.957 E388.31778
G1 F1744.5 X131.864 Y120.882 E388.32599
G1 F1725.5 X131.451 Y120.757 E388.34245
G1 F1760 X131.012 Y120.676 E388.35916
G1 F1756.1 X130.838 Y120.658 E388.36572
G1 F1729.3 X130.395 Y120.634 E388.38261
G1 F1733 X119.58 Y120.636 E388.79358
G1 F1736.8 X119.052 Y120.667 E388.81363
G1 F1740.7 X118.523 Y120.765 E388.83399
G1 F1744.5 X118.005 Y120.927 E388.85448
G1 F1740.7 X117.516 Y121.151 E388.87483
G1 X117.076 Y121.423 E388.8944
G1 F1721.7 X116.846 Y121.599 E388.90547
G1 X116.572 Y121.838 E388.91938
G1 F1733 X116.376 Y122.035 E388.92994
G1 F1748.3 X116.233 Y122.194 E388.938
G1 X116.101 Y122.36 E388.94598
G1 F1736.8 X115.944 Y122.582 E388.95629
G1 F1733 X115.759 Y122.887 E388.96985
G1 F1736.8 X115.642 Y123.11 E388.9794
G1 F1740.7 X115.572 Y123.267 E388.9859
G1 F1729.3 X115.419 Y123.675 E389.0025
G1 F1740.7 X115.298 Y124.138 E389.0206
G1 F1736.8 X115.222 Y124.683 E389.04147
G1 F1733 X115.216 Y125.2 E389.06111
G1 F1736.8 X115.27 Y125.715 E389.08075
G1 F1740.7 X115.421 Y126.337 E389.10496
G1 F1736.8 X115.569 Y126.725 E389.12071
G1 F1733 X115.836 Y127.249 E389.14306
G1 F1744.5 X116.151 Y127.708 E389.16407
G1 X116.546 Y128.137 E389.18609
G1 F1729.3 X116.838 Y128.394 E389.2009
G1 F1744.5 X116.985 Y128.508 E389.20792
G1 X117.177 Y128.639 E389.2167
G1 F1718 X117.542 Y128.855 E389.23295
G1 F1740.7 X117.924 Y129.034 E389.24891
G1 F1744.5 X118.121 Y129.108 E389.25686
G1 F1729.3 X118.542 Y129.236 E389.27362
G1 F1756.1 X118.976 Y129.318 E389.29018
G1 F1752.2 X119.157 Y129.338 E389.29702
G1 F1729.3 X119.601 Y129.362 E389.31396
G1 F1733 X130.166 Y129.364 E389.71542
G0 F2160 X130.416 Y129.364
G0 X130.731 Y129.349
G0 X131.048 Y129.315
G0 X131.501 Y129.227
G0 X131.779 Y129.142
;MESH:NONMESH
G0 F1200 X131.779 Y129.142 Z3.44
G0 F12000 X131.28 Y128.503
;TIME_ELAPSED:302.607531
;LAYER:16
;note -- min layer time used
M204 S2500
;TYPE:WALL-OUTER
;MESH:new-rear-port-cover-v2.stl
G1 F1200 X130.861 Y128.577 E389.73877
G1 X130.428 Y128.603 E389.76258
G1 X119.529 Y128.602 E390.36071
G1 X119.08 Y128.569 E390.38542
G1 X118.669 Y128.489 E390.40839
G1 X118.225 Y128.342 E390.43406
G1 X117.789 Y128.13 E390.46067
G1 X117.46 Y127.918 E390.48215
G1 X117.094 Y127.613 E390.50829
G1 X116.767 Y127.261 E390.53466
G1 X116.519 Y126.915 E390.55802
G1 X116.299 Y126.503 E390.58365
G1 X116.14 Y126.084 E390.60825
G1 X116.032 Y125.664 E390.63205
G1 X115.975 Y125.225 E390.65634
G1 X115.98 Y124.736 E390.68318
G1 X116.033 Y124.303 E390.70712
G1 X116.16 Y123.843 E390.73331
G1 X116.304 Y123.475 E390.75499
G1 X116.541 Y123.047 E390.78184
G1 X116.819 Y122.669 E390.80759
G1 X117.136 Y122.346 E390.83243
G1 X117.462 Y122.075 E390.85569
G1 X117.851 Y121.83 E390.88092
G1 X118.241 Y121.65 E390.9045
G1 X118.708 Y121.499 E390.93143
G1 X119.127 Y121.42 E390.95483
G1 X119.535 Y121.394 E390.97727
G1 X130.464 Y121.394 E391.57704
G1 X130.895 Y121.42 E391.60074
G1 X131.368 Y121.518 E391.62725
G1 X131.766 Y121.649 E391.65024
G1 X132.199 Y121.863 E391.67675
G1 X132.556 Y122.086 E391.69985
G1 X132.904 Y122.381 E391.72488
G1 X133.212 Y122.713 E391.74974
G1 X133.48 Y123.086 E391.77494
G1 X133.695 Y123.49 E391.80006
G1 X133.858 Y123.903 E391.82443
G1 X133.963 Y124.305 E391.84723
G1 X134.02 Y124.759 E391.87234
G1 X134.023 Y125.238 E391.89863
G1 X133.962 Y125.698 E391.92409
G1 X133.846 Y126.123 E391.94827
G1 X133.686 Y126.54 E391.97278
G1 X133.457 Y126.946 E391.99836
G1 X133.199 Y127.302 E392.02249
G1 X132.887 Y127.629 E392.04729
G1 X132.723 Y127.764 E392.05895
G0 F2160 X132.512 Y127.936
G0 X132.156 Y128.16
G0 X131.721 Y128.363
G0 X131.28 Y128.503
M204 S3500
G0 F12000 X130.861 Y128.577
G0 X130.428 Y128.603
G0 X126.287 Y128.603
G1 F1200 E391.55895
G1 F1200 Z3.88
G0 F12000 X126.287 Y128.603 Z3.88
G0 X133.783 Y128.682
M204 S2500
G1 F1200 Z3.44
G1 F600 E392.05895
G1 F1200 X133.896 Y128.308 E392.08039
G1 X134.032 Y128.03 E392.09737
G1 X134.194 Y127.838 E392.11116
G1 X134.356 Y127.605 E392.12673
G1 X134.628 Y127.144 E392.15611
G1 X134.778 Y126.81 E392.1762
G1 X134.913 Y126.449 E392.19735
G1 X135.059 Y125.872 E392.23002
G1 X135.119 Y125.478 E392.25189
G1 X135.142 Y125.049 E392.27547
G1 X135.127 Y124.63 E392.29847
G1 X135.078 Y124.219 E392.32119
G1 X134.992 Y123.826 E392.34327
G1 X134.875 Y123.427 E392.36609
G1 X134.768 Y123.155 E392.38213
G1 X134.638 Y122.879 E392.39887
G1 X134.419 Y122.484 E392.42366
G1 X134.162 Y122.119 E392.44815
G1 X133.842 Y121.745 E392.47517
G1 X133.702 Y121.606 E392.48599
G1 X133.365 Y121.307 E392.51072
G1 X133 Y121.046 E392.53534
G1 X132.574 Y120.799 E392.56237
G1 X132.4 Y120.714 E392.57299
G1 X131.986 Y120.545 E392.59753
G1 X131.532 Y120.412 E392.6235
G1 X131.331 Y120.365 E392.63483
G1 X130.883 Y120.301 E392.65966
G1 X130.395 Y120.275 E392.68648
G1 X119.573 Y120.278 E393.28038
G1 X119.108 Y120.301 E393.30593
G1 X118.838 Y120.334 E393.32086
G1 X118.438 Y120.417 E393.34328
G1 X118.004 Y120.548 E393.36816
G1 X117.797 Y120.628 E393.38034
G1 X117.373 Y120.826 E393.40602
G1 X116.986 Y121.048 E393.4305
G1 X116.613 Y121.328 E393.4561
G1 X116.442 Y121.47 E393.4683
G1 X116.118 Y121.786 E393.49313
G1 X115.814 Y122.147 E393.51903
G1 X115.691 Y122.321 E393.53073
G1 X115.449 Y122.702 E393.5555
G1 X115.244 Y123.123 E393.5812
G1 X115.082 Y123.554 E393.60646
G1 X115.02 Y123.767 E393.61864
G1 X114.922 Y124.203 E393.64316
G1 X114.859 Y124.783 E393.67518
G1 X114.858 Y125.229 E393.69966
G1 X114.918 Y125.771 E393.72958
G1 X115.02 Y126.232 E393.75549
G1 X115.079 Y126.441 E393.76741
G1 X115.239 Y126.868 E393.79244
G1 X115.451 Y127.294 E393.81855
G1 X115.564 Y127.485 E393.83073
G1 X115.799 Y127.828 E393.85355
G1 X116.121 Y128.213 E393.88109
G1 X116.274 Y128.37 E393.89312
G1 X116.605 Y128.67 E393.91764
G1 X116.976 Y128.939 E393.94279
G1 X117.378 Y129.173 E393.96831
G1 X117.582 Y129.275 E393.98083
G1 X117.999 Y129.448 E394.00561
G1 X118.438 Y129.578 E394.03073
G1 X119.109 Y129.694 E394.0681
G1 X119.597 Y129.718 E394.09492
G1 X130.486 Y129.716 E394.6925
G1 X130.73 Y129.708 E394.70589
G1 X131.241 Y129.647 E394.73414
G1 X131.583 Y129.571 E394.75336
G1 X131.879 Y129.489 E394.77022
G1 X132.144 Y129.393 E394.78569
G1 X132.292 Y129.327 E394.79458
G0 F2160 X132.552 Y129.21
G0 X132.876 Y129.029
G0 X133.077 Y128.898
G0 X133.353 Y128.785
G0 X133.783 Y128.682
M204 S3500
G0 F12000 X133.896 Y128.308
G0 X134.032 Y128.03
G0 X134.194 Y127.838
G0 X134.356 Y127.605
G0 X134.628 Y127.144
G0 X134.778 Y126.81
G0 X134.913 Y126.449
G0 X135.059 Y125.872
G0 X135.119 Y125.478
G0 X135.142 Y125.049
G0 X135.127 Y124.63
G0 X135.078 Y124.219
G0 X135.031 Y124.002
G1 F1200 E394.29458
G1 F1200 Z3.88
G0 F12000 X135.031 Y124.002 Z3.88
G0 X133.274 Y128.142
;TYPE:WALL-INNER
G1 F1200 Z3.44
G1 F600 E394.79458
G1 F1474.9 X133.582 Y127.705 E394.81845
G1 F1740.7 X133.751 Y127.496 E394.82862
G1 F1736.8 X133.894 Y127.293 E394.83804
G1 F1752.2 X134.156 Y126.84 E394.8577
G1 F1748.3 X134.262 Y126.598 E394.86766
G1 F1736.8 X134.386 Y126.265 E394.88113
G1 F1752.2 X134.501 Y125.827 E394.89815
G1 F1748.3 X134.562 Y125.422 E394.91358
G1 F1725.5 X134.582 Y125.045 E394.92798
G1 X134.57 Y124.672 E394.94223
G1 F1740.7 X134.52 Y124.268 E394.95763
G1 F1756.1 X134.391 Y123.747 E394.97776
G1 F1736.8 X134.253 Y123.377 E394.99273
G1 F1725.5 X134.17 Y123.193 E395.00043
G1 F1736.8 X133.946 Y122.78 E395.01825
G1 F1748.3 X133.634 Y122.353 E395.03817
G1 F1752.2 X133.331 Y122.021 E395.05506
G1 F1733 X133.016 Y121.744 E395.071
G1 F1752.2 X132.877 Y121.636 E395.07762
G1 F1771.8 X132.47 Y121.378 E395.09553
G1 F1740.7 X132.171 Y121.225 E395.10823
G1 F1748.3 X131.975 Y121.137 E395.11633
G1 F1752.2 X131.802 Y121.073 E395.12326
G1 F1740.7 X131.439 Y120.963 E395.13761
G1 F1767.9 X130.973 Y120.872 E395.1553
G1 F1756.1 X130.395 Y120.834 E395.17702
G1 F1736.8 X119.552 Y120.837 E395.58815
G1 F1740.7 X119.06 Y120.867 E395.6068
G1 F1736.8 X118.575 Y120.958 E395.62551
G1 X118.056 Y121.124 E395.64617
G1 F1744.5 X117.629 Y121.319 E395.66389
G1 F1733 X117.295 Y121.517 E395.67864
G1 F1736.8 X117.094 Y121.66 E395.688
G1 F1752.2 X116.728 Y121.966 E395.70593
G1 F1733 X116.528 Y122.167 E395.7167
G1 F1740.7 X116.341 Y122.379 E395.7274
G1 F1763.9 X116.073 Y122.751 E395.74451
G1 F1744.5 X115.939 Y122.975 E395.75437
G1 F1733 X115.757 Y123.344 E395.77
G1 F1740.7 X115.611 Y123.731 E395.78565
G1 F1736.8 X115.477 Y124.243 E395.80572
G1 X115.418 Y124.813 E395.82745
G1 F1733 X115.416 Y125.206 E395.84238
G1 F1736.8 X115.48 Y125.736 E395.86262
G1 F1729.3 X115.611 Y126.268 E395.88349
G1 X115.782 Y126.719 E395.90186
G1 F1740.7 X116.024 Y127.172 E395.92129
G1 F1736.8 X116.261 Y127.513 E395.93703
G1 F1744.5 X116.36 Y127.639 E395.94308
G1 F1740.7 X116.536 Y127.837 E395.9531
G1 F1733 X116.72 Y128.025 E395.9631
G1 F1740.7 X117.069 Y128.32 E395.98039
G1 F1725.5 X117.282 Y128.469 E395.99031
G1 F1736.8 X117.522 Y128.616 E396.00098
G1 F1740.7 X117.814 Y128.766 E396.0134
G1 F1718 X118.186 Y128.92 E396.02883
G1 F1733 X118.569 Y129.036 E396.04404
G1 F1752.2 X119.012 Y129.12 E396.06099
G1 F1748.3 X119.51 Y129.158 E396.0798
G1 F1744.5 X130.446 Y129.16 E396.49264
G1 F1729.3 X130.712 Y129.147 E396.50278
G1 F1721.7 X131.023 Y129.115 E396.51474
G1 F1744.5 X131.399 Y129.045 E396.52918
G1 F1736.8 X131.709 Y128.955 E396.54142
G1 F1729.3 X131.834 Y128.912 E396.54645
G0 F2160 X131.936 Y128.877
G0 X132.282 Y128.72
G0 X132.452 Y128.63
G0 X132.809 Y128.408
G0 X133.274 Y128.142
;MESH:NONMESH
G0 F1200 X133.274 Y128.142 Z3.64
G0 F12000 X133.788 Y128.674
;TIME_ELAPSED:309.640025
;LAYER:17
;note -- min layer time used
M204 S2500
;TYPE:WALL-OUTER
;MESH:new-rear-port-cover-v2.stl
G1 F1200 X133.798 Y128.389 E396.5621
G1 X133.891 Y128.008 E396.58362
G1 X133.97 Y127.82 E396.59481
G1 X134.175 Y127.516 E396.61494
G1 X134.341 Y127.244 E396.63242
G1 X134.501 Y126.942 E396.65118
G1 X134.643 Y126.606 E396.6712
G1 X134.762 Y126.255 E396.69154
G1 X134.86 Y125.855 E396.71414
G1 X134.907 Y125.55 E396.73107
G1 X134.937 Y125.135 E396.75391
G1 X134.93 Y124.733 E396.77597
G1 X134.881 Y124.253 E396.80245
G1 X134.796 Y123.871 E396.82393
G1 X134.685 Y123.493 E396.84555
G1 X134.596 Y123.284 E396.85801
G1 X134.604 Y123.269 E396.85895
G1 X134.47 Y122.988 E396.87603
G1 X134.259 Y122.608 E396.89989
G1 X134.002 Y122.243 E396.92438
G1 X133.703 Y121.89 E396.94977
G1 X133.584 Y121.768 E396.95912
G1 X133.237 Y121.463 E396.98448
G1 X132.887 Y121.209 E397.00821
G1 X132.319 Y120.896 E397.0438
G1 X131.922 Y120.736 E397.06729
G1 X131.482 Y120.605 E397.09249
G1 X131.316 Y120.569 E397.10181
G1 X130.87 Y120.501 E397.12657
G1 X130.411 Y120.479 E397.15179
G1 X119.586 Y120.478 E397.74585
G1 X119.121 Y120.505 E397.77141
G1 X118.871 Y120.54 E397.78527
G1 X118.858 Y120.528 E397.78624
G1 X118.497 Y120.612 E397.80658
G1 X118.067 Y120.741 E397.83122
G1 X117.887 Y120.809 E397.84178
G1 X117.473 Y120.998 E397.86675
G1 X117.102 Y121.217 E397.8904
G1 X116.725 Y121.492 E397.916
G1 X116.586 Y121.609 E397.92597
G1 X116.258 Y121.926 E397.95101
G1 X115.975 Y122.265 E397.97524
G1 X115.629 Y122.794 E398.00993
G1 X115.424 Y123.211 E398.03543
G1 X115.27 Y123.626 E398.05972
G1 X115.215 Y123.806 E398.07005
G1 X115.103 Y124.34 E398.1
G1 X115.066 Y124.689 E398.11926
G1 X115.059 Y124.872 E398.12931
G1 X115.066 Y125.321 E398.15395
G1 X115.129 Y125.838 E398.18253
G1 X115.267 Y126.368 E398.21259
G1 X115.424 Y126.784 E398.23699
G1 X115.631 Y127.202 E398.26259
G1 X115.719 Y127.35 E398.27204
G1 X115.972 Y127.724 E398.29682
G1 X116.273 Y128.082 E398.32249
G1 X116.393 Y128.206 E398.33196
G1 X116.733 Y128.511 E398.35702
G1 X117.093 Y128.775 E398.38152
G1 X117.481 Y129.001 E398.40616
G1 X117.645 Y129.083 E398.41623
G1 X118.067 Y129.256 E398.44126
G1 X118.506 Y129.388 E398.46641
G1 X118.672 Y129.423 E398.47572
G1 X119.123 Y129.491 E398.50075
G1 X119.586 Y129.518 E398.52621
G1 X130.414 Y129.518 E399.12044
G1 X130.74 Y129.506 E399.13834
G1 X131.232 Y129.442 E399.16557
G1 X131.517 Y129.383 E399.18154
G1 X131.795 Y129.305 E399.19739
G1 X132.049 Y129.213 E399.21221
G1 X132.245 Y129.127 E399.22396
G0 F2160 X132.298 Y129.104
G0 X132.314 Y129.112
G0 X132.797 Y128.856
G0 X133.017 Y128.776
G0 X133.337 Y128.71
G0 X133.788 Y128.674
M204 S3500
G0 F12000 X133.798 Y128.389
G0 X133.891 Y128.008
G0 X133.97 Y127.82
G0 X134.175 Y127.516
G0 X134.341 Y127.244
G0 X134.501 Y126.942
G0 X134.643 Y126.606
G0 X134.762 Y126.255
G0 X134.86 Y125.855
G0 X134.907 Y125.55
G0 X134.937 Y125.135
G0 X134.93 Y124.733
G0 X134.881 Y124.253
G0 X134.809 Y123.927
G1 F1200 E398.72396
G0 F12000 X135.863 Y124.09
G0 X135.934 Y125.171
G0 X135.835 Y126.056
G0 X135.574 Y126.968
G0 X134.831 Y128.343
G0 X133.195 Y128.064
;TYPE:WALL-INNER
G1 F600 E399.22396
G1 F1200 X133.254 Y127.828 E399.23731
G1 X133.392 Y127.493 E399.25719
G1 X133.621 Y127.157 E399.27951
G1 X133.767 Y126.917 E399.29492
G1 X133.904 Y126.658 E399.311
G1 X134.026 Y126.371 E399.32812
G1 X134.128 Y126.07 E399.34556
G1 X134.212 Y125.726 E399.36499
G1 X134.251 Y125.475 E399.37893
G1 X134.277 Y125.117 E399.39863
G1 X134.27 Y124.773 E399.41751
G1 X134.229 Y124.359 E399.44034
G1 X134.157 Y124.036 E399.45851
G1 X134.063 Y123.717 E399.47676
G1 X133.972 Y123.5 E399.48967
G1 X133.978 Y123.489 E399.49036
G1 X133.883 Y123.29 E399.50246
G1 X133.699 Y122.959 E399.52324
G1 X133.48 Y122.647 E399.54416
G1 X133.173 Y122.285 E399.57021
G1 X132.825 Y121.979 E399.59564
G1 X132.525 Y121.762 E399.61596
G1 X132.039 Y121.494 E399.64642
G1 X131.704 Y121.36 E399.66622
G1 X131.318 Y121.245 E399.68832
G1 X130.804 Y121.159 E399.71692
G1 X130.395 Y121.139 E399.7394
G1 X119.605 Y121.138 E400.33154
G1 X119.185 Y121.163 E400.35463
G1 X118.955 Y121.194 E400.36737
G1 X118.945 Y121.185 E400.36811
G1 X118.667 Y121.25 E400.38377
G1 X118.216 Y121.385 E400.40961
G1 X117.778 Y121.584 E400.43601
G1 X117.465 Y121.769 E400.45597
G1 X117.081 Y122.049 E400.48205
G1 X116.742 Y122.376 E400.50789
G1 X116.5 Y122.666 E400.52862
G1 X116.205 Y123.118 E400.55824
G1 X116.031 Y123.473 E400.57994
G1 X115.865 Y123.92 E400.60611
G1 X115.757 Y124.436 E400.63504
G1 X115.724 Y124.737 E400.65166
G1 X115.725 Y125.275 E400.68118
G1 X115.779 Y125.714 E400.70546
G1 X115.897 Y126.168 E400.7312
G1 X116.03 Y126.521 E400.7519
G1 X116.211 Y126.886 E400.77426
G1 X116.499 Y127.326 E400.80312
G1 X116.805 Y127.689 E400.82917
G1 X117.15 Y127.998 E400.85459
G1 X117.455 Y128.222 E400.87536
G1 X117.856 Y128.455 E400.90081
G1 X118.287 Y128.633 E400.9264
G1 X118.67 Y128.748 E400.94835
G1 X119.191 Y128.834 E400.97733
G1 X119.605 Y128.858 E401.00008
G1 X130.402 Y128.858 E401.59261
G1 X130.686 Y128.848 E401.60821
G1 X131.122 Y128.791 E401.63234
G1 X131.361 Y128.741 E401.64574
G1 X131.593 Y128.676 E401.65896
G1 X131.681 Y128.644 E401.6641
G0 F2160 X131.804 Y128.6
G0 X132.038 Y128.497
G0 X132.052 Y128.504
G0 X132.521 Y128.256
G0 X132.852 Y128.137
G0 X133.195 Y128.064
G0 F12000 X132.703 Y127.524
M106 S255
;TYPE:SKIN
;BRIDGE
G1 F1200 X132.833 Y127.195 E401.67575
G1 X133.094 Y126.813 E401.69098
G1 X133.337 Y126.381 E401.7073
G1 X133.439 Y126.141 E401.71589
G1 X133.526 Y125.888 E401.7247
G1 X133.595 Y125.597 E401.73455
G1 X133.623 Y125.41 E401.74077
G1 X133.649 Y125.091 E401.75131
G1 X133.642 Y124.817 E401.76034
G1 X133.605 Y124.448 E401.77255
G1 X133.548 Y124.188 E401.78131
G1 X133.468 Y123.923 E401.79043
G1 X133.39 Y123.734 E401.79716
G1 X133.395 Y123.712 E401.7979
G1 X133.171 Y123.296 E401.81346
G1 X132.989 Y123.042 E401.82375
G1 X132.685 Y122.693 E401.83899
G1 X132.425 Y122.463 E401.85042
G1 X132.187 Y122.292 E401.86007
G1 X131.765 Y122.059 E401.87594
G1 X131.503 Y121.953 E401.88525
G1 X131.167 Y121.855 E401.89677
G1 X130.736 Y121.785 E401.91115
G1 X130.375 Y121.766 E401.92306
G1 X119.626 Y121.762 E402.27699
G1 X119.237 Y121.785 E402.28982
G1 X119.052 Y121.812 E402.29598
G1 X119.033 Y121.808 E402.29662
G1 X118.831 Y121.855 E402.30345
G1 X118.425 Y121.978 E402.31742
G1 X118.062 Y122.142 E402.33053
G1 X117.81 Y122.292 E402.34019
G1 X117.535 Y122.492 E402.35139
G1 X117.192 Y122.812 E402.36683
G1 X117.007 Y123.033 E402.37632
G1 X116.748 Y123.435 E402.39207
G1 X116.613 Y123.71 E402.40216
G1 X116.455 Y124.15 E402.41755
G1 X116.38 Y124.516 E402.42985
G1 X116.347 Y124.901 E402.44258
G1 X116.35 Y125.237 E402.45364
G1 X116.393 Y125.584 E402.46515
G1 X116.499 Y125.983 E402.47875
G1 X116.604 Y126.261 E402.48853
G1 X116.76 Y126.583 E402.50031
G1 X117 Y126.944 E402.51459
G1 X117.285 Y127.277 E402.52902
G1 X117.541 Y127.507 E402.54035
G1 X117.799 Y127.697 E402.5509
G1 X118.187 Y127.913 E402.56552
G1 X118.491 Y128.036 E402.57632
G1 X118.82 Y128.137 E402.58765
G1 X119.253 Y128.207 E402.6021
G1 X119.626 Y128.23 E402.6144
G1 X130.64 Y128.222 E402.97707
G1 X131.019 Y128.17 E402.98966
G1 X131.206 Y128.131 E402.99595
G1 X131.404 Y128.077 E403.00271
G1 X131.568 Y128.017 E403.00846
G1 X131.778 Y127.924 E403.01602
G1 X131.799 Y127.927 E403.01672
G1 X132.259 Y127.681 E403.0339
G1 X132.703 Y127.524 E403.04941
G1 F1200 E402.54941
G0 F12000 X133.31 Y129.73
G0 X134.762 Y129.671
G0 X135.835 Y126.056
G0 X135.934 Y125.171
G0 X135.863 Y124.09
G0 X135.484 Y122.805
G0 X135.099 Y122.073
G0 X134.265 Y121.044
G0 X133.432 Y120.377
G0 X131.733 Y119.643
G0 X130.441 Y119.484
G0 X119.039 Y119.514
G0 X117.763 Y119.793
G0 X118.51 Y122.302
G1 F600 E403.04941
G1 F1200 X116.885 Y123.927 E403.12508
G0 F12000 X116.679 Y125.067
G1 F1200 X119.653 Y122.093 E403.26357
G0 F12000 X120.586 Y122.093
G1 F1200 X116.811 Y125.869 E403.43938
G0 F12000 X117.106 Y126.506
G1 F1200 X121.52 Y122.093 E403.6449
G0 F12000 X122.453 Y122.093
G1 F1200 X117.513 Y127.033 E403.87494
G0 F12000 X118.03 Y127.449
G1 F1200 X123.386 Y122.093 E404.12435
G0 F12000 X124.319 Y122.094
G1 F1200 X118.667 Y127.745 E404.38752
G0 F12000 X119.457 Y127.889
G1 F1200 X125.252 Y122.094 E404.65737
G0 F12000 X126.185 Y122.095
G1 F1200 X120.379 Y127.9 E404.92771
G0 F12000 X121.313 Y127.899
G1 F1200 X127.118 Y122.095 E405.19801
G0 F12000 X128.051 Y122.095
G1 F1200 X122.247 Y127.899 E405.46828
G0 F12000 X123.182 Y127.898
G1 F1200 X128.984 Y122.095 E405.73849
G0 F12000 X129.917 Y122.095
G1 F1200 X124.116 Y127.897 E406.00864
G0 F12000 X125.049 Y127.897
G1 F1200 X130.815 Y122.131 E406.27714
G0 F12000 X131.552 Y122.328
G1 F1200 X125.983 Y127.897 E406.53647
G0 F12000 X126.917 Y127.896
G1 F1200 X132.146 Y122.667 E406.77997
G0 F12000 X132.622 Y123.124
G1 F1200 X127.851 Y127.895 E407.00214
G0 F12000 X128.785 Y127.894
G1 F1200 X133.002 Y123.678 E407.19849
G0 F12000 X133.249 Y124.365
G1 F1200 X129.719 Y127.894 E407.36284
G0 F12000 X130.66 Y127.887
G1 F1200 X133.305 Y125.241 E407.48604
G1 X134.719 Y123.827
G1 F1200 E406.98604
G0 F12000 X132.756 Y126.724
G1 F600 E407.48604
G1 F1200 X132.076 Y127.404 E407.5177
G1 F1200 E407.0177
;MESH:NONMESH
G0 X132.076 Y127.404 Z3.84
G0 F12000 X133.783 Y128.686
;TIME_ELAPSED:324.928925
;LAYER:18
;note -- min layer time used
M106 S76.5
M204 S2500
;TYPE:WALL-OUTER
;MESH:new-rear-port-cover-v2.stl
G1 F600 E407.5177
G1 F1200 X133.787 Y128.176 E407.54569
G1 X133.812 Y127.966 E407.5573
G1 X133.884 Y127.695 E407.57268
G1 X133.965 Y127.491 E407.58473
G1 X134.16 Y127.162 E407.60572
G1 X134.311 Y126.874 E407.62356
G1 X134.45 Y126.569 E407.64196
G1 X134.443 Y126.56 E407.64258
G1 X134.566 Y126.203 E407.66331
G1 X134.656 Y125.835 E407.6841
G1 X134.715 Y125.461 E407.70488
G1 X134.737 Y125.054 E407.72724
G1 X134.73 Y124.747 E407.7441
G1 X134.677 Y124.278 E407.77
G1 X134.6 Y123.914 E407.79042
G1 X134.491 Y123.548 E407.81137
G1 X134.404 Y123.326 E407.82446
G1 X134.297 Y123.094 E407.83848
G1 X134.091 Y122.723 E407.86177
G1 X133.834 Y122.355 E407.8864
G1 X133.446 Y121.914 E407.91864
G1 X133.129 Y121.634 E407.94185
G1 X132.723 Y121.339 E407.96939
G1 X132.248 Y121.084 E407.99898
G1 X131.859 Y120.929 E408.02196
G1 X131.354 Y120.779 E408.05087
G1 X130.857 Y120.701 E408.07848
G1 X130.411 Y120.679 E408.10298
G1 X119.586 Y120.678 E408.69705
G1 X119.137 Y120.705 E408.72173
G1 X118.913 Y120.736 E408.73414
G1 X118.897 Y120.725 E408.73521
G1 X118.552 Y120.804 E408.75463
G1 X118.127 Y120.929 E408.77895
G1 X117.573 Y121.17 E408.8121
G1 X117.211 Y121.384 E408.83518
G1 X116.736 Y121.743 E408.86785
G1 X116.411 Y122.061 E408.89281
G1 X116.129 Y122.395 E408.9168
G1 X115.809 Y122.883 E408.94882
G1 X115.609 Y123.29 E408.97371
G1 X115.412 Y123.85 E409.00629
G1 X115.307 Y124.345 E409.03406
G1 X115.258 Y124.789 E409.05857
G1 X115.266 Y125.301 E409.08667
G1 X115.314 Y125.711 E409.10933
G1 X115.459 Y126.306 E409.14294
G1 X115.608 Y126.704 E409.16626
G1 X115.81 Y127.113 E409.19129
G1 X116.128 Y127.597 E409.22307
G1 X116.46 Y127.994 E409.25148
G1 X116.857 Y128.355 E409.28092
G1 X117.196 Y128.602 E409.30394
G1 X117.73 Y128.901 E409.33753
G1 X118.126 Y129.068 E409.36111
G1 X118.616 Y129.209 E409.3891
G1 X119.136 Y129.291 E409.41799
G1 X119.586 Y129.318 E409.44273
G1 X130.413 Y129.318 E410.0369
G1 X130.709 Y129.306 E410.05316
G1 X131.008 Y129.276 E410.06965
G1 X131.468 Y129.187 E410.09536
G1 X131.72 Y129.117 E410.10972
G1 X131.917 Y129.047 E410.12119
G1 X132.183 Y128.936 E410.13701
G0 F2160 X132.42 Y128.838
G0 X132.648 Y128.766
G0 X132.929 Y128.711
G0 X133.258 Y128.686
G0 X133.783 Y128.686
M204 S3500
G0 F12000 X133.787 Y128.176
G0 X133.812 Y127.966
G0 X133.884 Y127.695
G0 X133.965 Y127.491
G0 X134.16 Y127.162
G0 X134.311 Y126.874
G0 X134.45 Y126.569
G0 X134.443 Y126.56
G0 X134.566 Y126.203
G0 X134.656 Y125.835
G0 X134.715 Y125.461
G0 X134.737 Y125.054
G0 X134.73 Y124.747
G0 X134.677 Y124.278
G0 X134.6 Y123.914
G0 X134.591 Y123.884
G1 F1200 E409.63701
G0 F12000 X135.569 Y123.675
G0 X135.725 Y124.673
G0 X135.707 Y125.562
G0 X135.522 Y126.496
G0 X134.795 Y128.147
G0 X133.139 Y128.033
;TYPE:WALL-INNER
G1 F600 E410.13701
G1 F1200 X133.165 Y127.835 E410.14797
G1 X133.256 Y127.491 E410.1675
G1 X133.388 Y127.168 E410.18665
G1 X133.584 Y126.839 E410.20766
G1 X133.718 Y126.584 E410.22347
G1 X133.824 Y126.352 E410.23747
G1 X133.819 Y126.346 E410.2379
G1 X133.932 Y126.017 E410.25699
G1 X134.008 Y125.705 E410.27461
G1 X134.058 Y125.391 E410.29206
G1 X134.077 Y125.044 E410.31113
G1 X134.071 Y124.791 E410.32502
G1 X134.025 Y124.384 E410.3475
G1 X133.96 Y124.077 E410.36472
G1 X133.867 Y123.763 E410.38269
G1 X133.708 Y123.393 E410.40479
G1 X133.531 Y123.073 E410.42486
G1 X133.312 Y122.76 E410.44583
G1 X132.986 Y122.388 E410.47297
G1 X132.716 Y122.15 E410.49272
G1 X132.407 Y121.926 E410.51367
G1 X131.968 Y121.683 E410.5412
G1 X131.643 Y121.553 E410.56041
G1 X131.163 Y121.417 E410.58779
G1 X130.789 Y121.359 E410.60856
G1 X130.394 Y121.339 E410.63027
G1 X119.606 Y121.338 E411.2223
G1 X119.202 Y121.362 E411.24451
G1 X118.993 Y121.391 E411.25609
G1 X118.981 Y121.383 E411.25689
G1 X118.72 Y121.443 E411.27158
G1 X118.341 Y121.554 E411.29326
G1 X117.877 Y121.757 E411.32105
G1 X117.577 Y121.934 E411.34017
G1 X117.174 Y122.237 E411.36784
G1 X116.895 Y122.511 E411.3893
G1 X116.651 Y122.8 E411.41005
G1 X116.385 Y123.207 E411.43674
G1 X116.217 Y123.548 E411.4576
G1 X116.05 Y124.021 E411.48513
G1 X115.959 Y124.45 E411.50919
G1 X115.919 Y124.872 E411.53246
G1 X115.925 Y125.257 E411.55359
G1 X115.965 Y125.597 E411.57237
G1 X116.088 Y126.103 E411.60095
G1 X116.214 Y126.441 E411.62075
G1 X116.39 Y126.796 E411.64249
G1 X116.656 Y127.199 E411.66899
G1 X116.909 Y127.501 E411.69061
G1 X117.275 Y127.843 E411.7181
G1 X117.555 Y128.047 E411.73712
G1 X118.012 Y128.303 E411.76586
G1 X118.346 Y128.444 E411.78576
G1 X118.76 Y128.563 E411.8094
G1 X119.207 Y128.634 E411.83424
G1 X119.606 Y128.658 E411.85617
G1 X130.401 Y128.658 E412.44859
G1 X130.664 Y128.647 E412.46304
G1 X130.921 Y128.622 E412.47721
G1 X131.31 Y128.546 E412.49896
G1 X131.522 Y128.487 E412.51104
G1 X131.574 Y128.469 E412.51406
G0 F2160 X131.681 Y128.431
G0 X132.19 Y128.22
G0 X132.498 Y128.124
G0 X132.869 Y128.053
G0 X133.139 Y128.033
G0 F12000 X132.612 Y127.464
M107
;TYPE:SKIN
;BRIDGE
G1 F1200 X132.667 Y127.265 E412.52539
G1 X132.806 Y126.932 E412.54519
G1 X133.154 Y126.3 E412.58479
G1 X133.232 Y126.124 E412.59535
G1 X133.33 Y125.832 E412.61225
G1 X133.392 Y125.575 E412.62676
G1 X133.431 Y125.324 E412.6407
G1 X133.449 Y125.028 E412.65698
G1 X133.442 Y124.841 E412.66725
G1 X133.401 Y124.477 E412.68735
G1 X133.351 Y124.238 E412.70075
G1 X133.269 Y123.96 E412.71666
G1 X133.143 Y123.663 E412.73436
G1 X132.993 Y123.401 E412.75093
G1 X132.82 Y123.153 E412.76752
G1 X132.537 Y122.833 E412.79097
G1 X132.319 Y122.637 E412.80706
G1 X132.062 Y122.447 E412.8246
G1 X131.711 Y122.256 E412.84652
G1 X131.431 Y122.145 E412.86305
G1 X131.1 Y122.046 E412.88201
G1 X130.724 Y121.981 E412.90296
G1 X130.373 Y121.966 E412.92224
G1 X119.627 Y121.962 E413.51197
G1 X119.259 Y121.985 E413.5322
G1 X119.079 Y122.012 E413.54219
G1 X119.06 Y122.007 E413.54327
G1 X118.883 Y122.048 E413.55324
G1 X118.553 Y122.143 E413.57209
G1 X118.156 Y122.318 E413.5959
G1 X117.932 Y122.451 E413.61019
G1 X117.584 Y122.711 E413.63403
G1 X117.358 Y122.934 E413.65146
G1 X117.15 Y123.178 E413.66905
G1 X116.928 Y123.524 E413.69161
G1 X116.797 Y123.786 E413.70769
G1 X116.651 Y124.198 E413.73168
G1 X116.579 Y124.54 E413.75086
G1 X116.551 Y124.814 E413.76597
G1 X116.55 Y125.223 E413.78842
G1 X116.582 Y125.477 E413.80247
G1 X116.685 Y125.914 E413.82711
G1 X116.788 Y126.184 E413.84296
G1 X116.935 Y126.487 E413.86145
G1 X117.161 Y126.825 E413.88376
G1 X117.372 Y127.076 E413.90176
G1 X117.671 Y127.357 E413.92427
G1 X117.887 Y127.513 E413.9389
G1 X118.282 Y127.735 E413.96376
G1 X118.559 Y127.852 E413.98026
G1 X118.896 Y127.949 E413.99951
G1 X119.268 Y128.007 E414.02017
G1 X119.627 Y128.03 E414.03991
G1 X130.383 Y128.03 E414.63019
G1 X130.837 Y128 E414.65516
G1 X131.149 Y127.936 E414.67264
G1 X131.467 Y127.837 E414.69092
G1 X131.974 Y127.628 E414.72101
G1 X132.338 Y127.516 E414.74192
G1 X132.612 Y127.464 E414.75722
G1 F1200 E414.25722
G0 F12000 X133.032 Y124.321
G1 F600 E414.75722
G1 F1200 X131.104 Y122.392 E414.90689
G1 X129.69 Y120.978
G0 F12000 X129.763 Y122.296
G1 F1200 X133.051 Y125.584 E415.16208
G0 F12000 X132.688 Y126.465
G1 F1200 X128.518 Y122.296 E415.48568
G0 F12000 X127.274 Y122.296
G1 F1200 X132.194 Y127.216 E415.86752
G0 F12000 X131.282 Y127.549
G1 F1200 X126.028 Y122.295 E416.27529
G0 F12000 X124.783 Y122.294
G1 F1200 X130.189 Y127.7 E416.69486
G0 F12000 X128.944 Y127.7
G1 F1200 X123.539 Y122.294 E417.11438
G0 F12000 X122.293 Y122.293
G1 F1200 X127.7 Y127.7 E417.53402
G0 F12000 X126.455 Y127.7
G1 F1200 X121.048 Y122.293 E417.95367
G0 F12000 X119.804 Y122.293
G1 F1200 X125.211 Y127.7 E418.37331
G0 F12000 X123.966 Y127.7
G1 F1200 X118.71 Y122.443 E418.78127
G0 F12000 X117.906 Y122.884
G1 F1200 X122.722 Y127.7 E419.15504
G0 F12000 X121.477 Y127.7
G1 F1200 X117.313 Y123.535 E419.47826
G0 F12000 X116.943 Y124.41
G1 F1200 X120.233 Y127.7 E419.7336
G1 X121.647 Y129.114
G1 F1200 E419.2336
G0 F12000 X118.893 Y127.604
G1 F600 E419.7336
G1 F1200 X116.968 Y125.68 E419.88296
G1 X115.554 Y124.267
G1 F1200 E419.38296
;MESH:NONMESH
G0 X115.554 Y124.267 Z4.04
G0 F12000 X114.361 Y124.014
G0 X114.266 Y124.844
G0 X114.337 Y125.891
G0 X114.7 Y127.11
G0 X115.34 Y128.208
G0 X116.223 Y129.122
G0 X117.307 Y129.803
G0 X118.309 Y130.158
G0 X119.557 Y130.313
G0 X130.785 Y130.301
G0 X133.785 Y129.683
G0 X133.783 Y128.686
;TIME_ELAPSED:338.010814
;LAYER:19
;note -- min layer time used
M106 S76.5
M204 S2500
;TYPE:WALL-OUTER
;MESH:new-rear-port-cover-v2.stl
G1 F600 E419.88296
G1 F1200 X133.787 Y127.841 E419.92933
G1 X133.807 Y127.649 E419.93992
G1 X133.87 Y127.371 E419.95557
G1 X133.948 Y127.141 E419.9689
G1 X134.121 Y126.809 E419.98944
G1 X134.248 Y126.515 E420.00702
G1 X134.367 Y126.177 E420.02668
G1 X134.456 Y125.814 E420.04719
G1 X134.515 Y125.452 E420.06732
G1 X134.537 Y125.06 E420.08887
G1 X134.522 Y124.631 E420.11243
G1 X134.482 Y124.313 E420.13002
G1 X134.404 Y123.959 E420.14991
G1 X134.299 Y123.608 E420.17001
G1 X134.22 Y123.408 E420.18182
G1 X134.125 Y123.205 E420.19412
G1 X133.918 Y122.822 E420.21801
G1 X133.679 Y122.479 E420.24095
G1 X133.359 Y122.108 E420.26784
G1 X133.008 Y121.794 E420.29368
G1 X132.662 Y121.543 E420.31714
G1 X132.18 Y121.274 E420.34743
G1 X131.798 Y121.116 E420.37012
G1 X131.328 Y120.979 E420.39699
G1 X130.844 Y120.905 E420.42386
G1 X130.41 Y120.879 E420.44772
G1 X119.585 Y120.882 E421.04179
G1 X119.079 Y120.909 E421.06959
G1 X118.602 Y120.998 E421.09622
G1 X118.132 Y121.138 E421.12314
G1 X117.68 Y121.342 E421.15035
G1 X117.27 Y121.582 E421.17642
G1 X116.865 Y121.898 E421.20461
G1 X116.57 Y122.182 E421.22709
G1 X116.286 Y122.522 E421.2514
G1 X115.987 Y122.973 E421.28109
G1 X115.792 Y123.371 E421.30542
G1 X115.622 Y123.83 E421.33228
G1 X115.514 Y124.312 E421.35939
G1 X115.466 Y124.717 E421.38177
G1 X115.463 Y125.198 E421.40816
G1 X115.518 Y125.698 E421.43577
G1 X115.649 Y126.239 E421.46632
G1 X115.792 Y126.624 E421.48886
G1 X116.018 Y127.077 E421.51664
G1 X116.285 Y127.473 E421.54285
G1 X116.564 Y127.808 E421.56677
G1 X116.975 Y128.188 E421.59749
G1 X117.319 Y128.44 E421.6209
G1 X117.729 Y128.684 E421.64708
G1 X118.187 Y128.876 E421.67433
G1 X118.599 Y128.997 E421.6979
G1 X119.15 Y129.091 E421.72857
G1 X119.586 Y129.118 E421.75255
G1 X130.413 Y129.118 E422.34672
G1 X130.685 Y129.106 E422.36167
G1 X130.966 Y129.08 E422.37715
G1 X131.216 Y129.039 E422.39106
G1 X131.421 Y128.993 E422.40259
G1 X131.975 Y128.819 E422.43445
G1 X132.154 Y128.774 E422.44458
G0 F2160 X132.231 Y128.755
G0 X132.535 Y128.705
G0 X132.868 Y128.686
G0 X133.783 Y128.686
M204 S3500
G0 F12000 X133.787 Y127.841
G0 X133.807 Y127.649
G0 X133.87 Y127.371
G0 X133.948 Y127.141
G0 X134.121 Y126.809
G0 X134.248 Y126.515
G0 X134.367 Y126.177
G0 X134.456 Y125.814
G0 X134.515 Y125.452
G0 X134.537 Y125.06
G0 X134.522 Y124.631
G0 X134.482 Y124.313
G0 X134.404 Y123.959
G0 X134.365 Y123.829
G1 F1200 E421.94458
G0 F12000 X135.37 Y123.708
G0 X135.516 Y124.558
G0 X135.506 Y125.558
G0 X134.783 Y127.918
G0 X133.125 Y128.026
;TYPE:WALL-INNER
G1 F600 E422.44458
G1 F1200 X133.129 Y127.786 E422.45776
G1 X133.164 Y127.492 E422.474
G1 X133.244 Y127.162 E422.49264
G1 X133.342 Y126.88 E422.50902
G1 X133.525 Y126.525 E422.53094
G1 X133.633 Y126.275 E422.54589
G1 X133.734 Y125.989 E422.56253
G1 X133.809 Y125.682 E422.57987
G1 X133.858 Y125.38 E422.59666
G1 X133.877 Y125.053 E422.61464
G1 X133.864 Y124.684 E422.6349
G1 X133.831 Y124.426 E422.64918
G1 X133.765 Y124.125 E422.66609
G1 X133.675 Y123.824 E422.68333
G1 X133.536 Y123.503 E422.70253
G1 X133.356 Y123.169 E422.72335
G1 X133.157 Y122.884 E422.74242
G1 X132.887 Y122.571 E422.76511
G1 X132.594 Y122.308 E422.78672
G1 X132.306 Y122.101 E422.80618
G1 X131.892 Y121.869 E422.83223
G1 X131.579 Y121.74 E422.8508
G1 X131.185 Y121.625 E422.87333
G1 X130.773 Y121.562 E422.8962
G1 X130.39 Y121.539 E422.91726
G1 X119.603 Y121.542 E423.50924
G1 X119.157 Y121.566 E423.53375
G1 X118.758 Y121.64 E423.55602
G1 X118.363 Y121.758 E423.57865
G1 X117.983 Y121.929 E423.60151
G1 X117.641 Y122.129 E423.62326
G1 X117.298 Y122.397 E423.64715
G1 X117.053 Y122.633 E423.66581
G1 X116.816 Y122.917 E423.68611
G1 X116.561 Y123.301 E423.71141
G1 X116.399 Y123.632 E423.73163
G1 X116.256 Y124.018 E423.75423
G1 X116.166 Y124.423 E423.77699
G1 X116.126 Y124.759 E423.79556
G1 X116.123 Y125.164 E423.81779
G1 X116.169 Y125.584 E423.84098
G1 X116.281 Y126.046 E423.86707
G1 X116.398 Y126.361 E423.88551
G1 X116.589 Y126.744 E423.90899
G1 X116.813 Y127.076 E423.93097
G1 X117.044 Y127.353 E423.95077
G1 X117.395 Y127.678 E423.97702
G1 X117.683 Y127.888 E423.99658
G1 X118.027 Y128.093 E424.01856
G1 X118.409 Y128.253 E424.04128
G1 X118.748 Y128.353 E424.06068
G1 X119.226 Y128.434 E424.08729
G1 X119.606 Y128.458 E424.10818
G1 X130.399 Y128.458 E424.70049
G1 X130.641 Y128.448 E424.71379
G1 X130.882 Y128.425 E424.72707
G1 X131.249 Y128.355 E424.74758
G1 X131.518 Y128.271 E424.76304
G0 F2160 X131.785 Y128.187
G0 X132.071 Y128.115
G0 X132.5 Y128.045
G0 X132.811 Y128.026
G0 X133.125 Y128.026
G0 F12000 X132.54 Y127.411
M107
;TYPE:SKIN
;BRIDGE
G1 F1200 X132.606 Y127.112 E424.78153
G1 X132.767 Y126.626 E424.81243
G1 X132.953 Y126.258 E424.83732
G1 X133.048 Y126.043 E424.85151
G1 X133.13 Y125.803 E424.86682
G1 X133.192 Y125.549 E424.88261
G1 X133.235 Y125.299 E424.89792
G1 X133.249 Y125.036 E424.91382
G1 X133.238 Y124.728 E424.93242
G1 X133.214 Y124.542 E424.94375
G1 X133.156 Y124.283 E424.95977
G1 X133.085 Y124.041 E424.97499
G1 X132.971 Y123.777 E424.99235
G1 X132.815 Y123.491 E425.01202
G1 X132.655 Y123.263 E425.02883
G1 X132.438 Y123.011 E425.04891
G1 X132.2 Y122.794 E425.06835
G1 X131.967 Y122.628 E425.08562
G1 X131.619 Y122.434 E425.10967
G1 X131.374 Y122.332 E425.12569
G1 X131.044 Y122.236 E425.14644
G1 X130.71 Y122.185 E425.16684
G1 X130.367 Y122.166 E425.18757
G1 X119.622 Y122.166 E425.83622
G1 X119.232 Y122.189 E425.8598
G1 X118.902 Y122.25 E425.88006
G1 X118.58 Y122.346 E425.90035
G1 X118.276 Y122.482 E425.92045
G1 X117.982 Y122.654 E425.94101
G1 X117.702 Y122.873 E425.96247
G1 X117.519 Y123.053 E425.97797
G1 X117.313 Y123.299 E425.99734
G1 X117.108 Y123.605 E426.01957
G1 X116.972 Y123.886 E426.03842
G1 X116.858 Y124.194 E426.05824
G1 X116.782 Y124.537 E426.07945
G1 X116.75 Y124.789 E426.09478
G1 X116.751 Y125.121 E426.11483
G1 X116.79 Y125.479 E426.13657
G1 X116.881 Y125.862 E426.16033
G1 X116.971 Y126.1 E426.17569
G1 X117.131 Y126.425 E426.19756
G1 X117.321 Y126.705 E426.21799
G1 X117.492 Y126.911 E426.23415
G1 X117.795 Y127.189 E426.25897
G1 X118.032 Y127.365 E426.27679
G1 X118.306 Y127.528 E426.29604
G1 X118.618 Y127.66 E426.31649
G1 X118.89 Y127.737 E426.33355
G1 X119.296 Y127.807 E426.35842
G1 X119.631 Y127.83 E426.37869
G1 X130.376 Y127.83 E427.02734
G1 X130.797 Y127.8 E427.05282
G1 X131.1 Y127.743 E427.07143
G1 X131.615 Y127.583 E427.10399
G1 X132.064 Y127.473 E427.13189
G1 X132.54 Y127.411 E427.16087
G1 F1200 E426.66087
G0 F12000 X132.908 Y124.741
G1 F600 E427.16087
G1 F1200 X130.683 Y122.515 E427.35087
G0 F12000 X129.497 Y122.496
G1 F1200 X132.787 Y125.787 E427.63178
G0 F12000 X132.431 Y126.598
G1 F1200 X128.33 Y122.496 E427.98194
G0 F12000 X127.163 Y122.496
G1 F1200 X131.853 Y127.186 E428.38233
G0 F12000 X130.937 Y127.437
G1 F1200 X125.997 Y122.496 E428.80411
G0 F12000 X124.83 Y122.496
G1 F1200 X129.833 Y127.5 E429.23127
G0 F12000 X128.667 Y127.5
G1 F1200 X123.663 Y122.496 E429.65847
G0 F12000 X122.496 Y122.496
G1 F1200 X127.5 Y127.5 E430.08567
G0 F12000 X126.333 Y127.5
G1 F1200 X121.33 Y122.496 E430.51283
G0 F12000 X120.163 Y122.496
G1 F1200 X125.166 Y127.5 E430.93999
G0 F12000 X124 Y127.5
G1 F1200 X119.057 Y122.557 E431.36199
G0 F12000 X118.228 Y122.894
G1 F1200 X122.833 Y127.5 E431.75517
G0 F12000 X121.666 Y127.5
G1 F1200 X117.616 Y123.45 E432.10092
G0 F12000 X117.205 Y124.205
G1 F1200 X120.499 Y127.5 E432.38218
G0 F12000 X119.307 Y127.474
G1 F1200 X117.098 Y125.265 E432.57077
G1 X115.684 Y123.851
G1 F1200 E432.07077
;MESH:NONMESH
G0 X115.684 Y123.851 Z4.24
G0 F12000 X114.692 Y123.485
G0 X114.474 Y124.663
G0 X114.536 Y125.864
G0 X114.884 Y127.029
G0 X115.841 Y128.492
G0 X116.77 Y129.272
G0 X118.372 Y129.968
G0 X119.557 Y130.112
G0 X130.761 Y130.101
G0 X133.783 Y129.683
G0 X133.782 Y128.686
;TIME_ELAPSED:350.405393
;LAYER:20
;note -- min layer time used
M106 S76.5
M204 S2500
;TYPE:WALL-OUTER
;MESH:new-rear-port-cover-v2.stl
G1 F600 E432.57077
G1 F1200 X133.787 Y127.473 E432.63734
G1 X133.814 Y127.235 E432.65048
G1 X133.861 Y126.995 E432.6639
G1 X133.936 Y126.737 E432.67865
G1 X134.056 Y126.46 E432.69521
G1 X134.167 Y126.136 E432.71401
G1 X134.241 Y125.857 E432.72985
G1 X134.315 Y125.428 E432.75374
G1 X134.337 Y125.102 E432.77167
G1 X134.322 Y124.662 E432.79583
G1 X134.286 Y124.356 E432.81274
G1 X134.208 Y124.008 E432.83231
G1 X134.107 Y123.671 E432.85162
G1 X134.039 Y123.493 E432.86208
G1 X133.956 Y123.316 E432.87281
G1 X133.754 Y122.938 E432.89633
G1 X133.518 Y122.603 E432.91882
G1 X133.261 Y122.302 E432.94054
G1 X132.874 Y121.944 E432.96947
G1 X132.557 Y121.715 E432.99093
G1 X132.1 Y121.458 E433.0197
G1 X131.734 Y121.308 E433.04141
G1 X131.333 Y121.191 E433.06434
G1 X130.829 Y121.105 E433.09239
G1 X130.409 Y121.079 E433.11549
G1 X119.585 Y121.082 E433.7095
G1 X119.162 Y121.105 E433.73275
G1 X118.653 Y121.194 E433.76111
G1 X118.261 Y121.311 E433.78356
G1 X117.774 Y121.52 E433.81264
G1 X117.421 Y121.727 E433.8351
G1 X117.019 Y122.032 E433.86279
G1 X116.706 Y122.33 E433.88651
G1 X116.442 Y122.65 E433.90927
G1 X116.167 Y123.061 E433.93641
G1 X115.977 Y123.449 E433.96012
G1 X115.81 Y123.919 E433.98749
G1 X115.71 Y124.375 E434.01311
G1 X115.666 Y124.753 E434.034
G1 X115.663 Y125.211 E434.05913
G1 X115.733 Y125.75 E434.08896
G1 X115.836 Y126.166 E434.11248
G1 X115.975 Y126.542 E434.13448
G1 X116.217 Y127.011 E434.16344
G1 X116.441 Y127.345 E434.18551
G1 X116.716 Y127.672 E434.20896
G1 X117.088 Y128.022 E434.23699
G1 X117.425 Y128.27 E434.25995
G1 X117.871 Y128.523 E434.28809
G1 X118.252 Y128.684 E434.31079
G1 X118.652 Y128.802 E434.33368
G1 X119.158 Y128.891 E434.36188
G1 X119.585 Y128.914 E434.38534
G1 X130.415 Y128.914 E434.97968
G1 X130.668 Y128.906 E434.99358
G1 X130.909 Y128.884 E435.00686
G1 X131.709 Y128.748 E435.05139
G1 X132.081 Y128.7 E435.07197
G1 X132.146 Y128.698 E435.07554
G0 F2160 X132.456 Y128.686
G0 X133.782 Y128.686
M204 S3500
G0 F12000 X133.787 Y127.473
G0 X133.814 Y127.235
G0 X133.861 Y126.995
G0 X133.936 Y126.737
G0 X134.056 Y126.46
G0 X134.167 Y126.136
G0 X134.241 Y125.857
G0 X134.315 Y125.428
G0 X134.337 Y125.102
G0 X134.322 Y124.662
G0 X134.286 Y124.356
G0 X134.208 Y124.008
G0 X134.142 Y123.785
G1 F1200 E434.57554
G0 F12000 X133.23 Y124.263
G0 X132.698 Y127.596
G0 X133.124 Y128.026
;TYPE:WALL-INNER
G1 F600 E435.07554
G1 F1200 X133.131 Y127.405 E435.10963
G1 X133.166 Y127.112 E435.12582
G1 X133.225 Y126.818 E435.14228
G1 X133.33 Y126.476 E435.16191
G1 X133.44 Y126.222 E435.1771
G1 X133.535 Y125.944 E435.19322
G1 X133.595 Y125.716 E435.20616
G1 X133.659 Y125.35 E435.22655
G1 X133.677 Y125.091 E435.2408
G1 X133.664 Y124.712 E435.26161
G1 X133.635 Y124.467 E435.27515
G1 X133.569 Y124.175 E435.29158
G1 X133.481 Y123.883 E435.30832
G1 X133.366 Y123.612 E435.32447
G1 X133.191 Y123.285 E435.34482
G1 X132.996 Y123.008 E435.36342
G1 X132.785 Y122.76 E435.38128
G1 X132.455 Y122.456 E435.40591
G1 X132.201 Y122.272 E435.42312
G1 X131.812 Y122.053 E435.44762
G1 X131.515 Y121.932 E435.46522
G1 X131.184 Y121.835 E435.48415
G1 X130.753 Y121.762 E435.50814
G1 X130.389 Y121.739 E435.52815
G1 X119.603 Y121.742 E436.12008
G1 X119.236 Y121.762 E436.14025
G1 X118.805 Y121.837 E436.16426
G1 X118.486 Y121.933 E436.18254
G1 X118.072 Y122.11 E436.20725
G1 X117.789 Y122.277 E436.22528
G1 X117.447 Y122.535 E436.2488
G1 X117.19 Y122.781 E436.26832
G1 X116.972 Y123.044 E436.28707
G1 X116.741 Y123.391 E436.30994
G1 X116.587 Y123.705 E436.32914
G1 X116.446 Y124.101 E436.3522
G1 X116.362 Y124.484 E436.37372
G1 X116.326 Y124.794 E436.39085
G1 X116.323 Y125.171 E436.41154
G1 X116.383 Y125.627 E436.43678
G1 X116.468 Y125.972 E436.45628
G1 X116.58 Y126.276 E436.47406
G1 X116.786 Y126.675 E436.4987
G1 X116.969 Y126.947 E436.51669
G1 X117.196 Y127.218 E436.53609
G1 X117.512 Y127.514 E436.55986
G1 X117.785 Y127.716 E436.57849
G1 X118.163 Y127.93 E436.60233
G1 X118.474 Y128.062 E436.62087
G1 X118.803 Y128.158 E436.63968
G1 X119.233 Y128.234 E436.66364
G1 X119.603 Y128.254 E436.68398
G1 X130.405 Y128.254 E437.27678
G1 X130.628 Y128.247 E437.28903
G1 X130.824 Y128.229 E437.29983
G1 X131.492 Y128.116 E437.33701
G0 F2160 X131.625 Y128.093
G0 X132.088 Y128.038
G0 X132.456 Y128.026
G0 X133.124 Y128.026
G0 F12000 X132.726 Y127.625
G0 X130.2 Y125.96
;TYPE:FILL
G1 F1200 X131.748 Y127.508 E437.44623
G1 X131.547 Y127.532 E437.45633
G1 X130.669 Y127.681 E437.50076
G1 X130.494 Y127.682 E437.50949
G1 X131.428 Y124.2 E437.68935
G1 X132.985 Y124.2 E437.76703
G1 X132.946 Y124.071 E437.77375
G1 X132.859 Y123.867 E437.78482
G1 X132.707 Y123.581 E437.80097
G1 X132.549 Y123.358 E437.81461
G1 X132.376 Y123.153 E437.82799
G1 X132.092 Y122.891 E437.84727
G1 X131.829 Y122.702 E437.86343
G1 X131.428 Y124.2 E437.94079
G1 X130.911 Y126.131
G0 F12000 X132.985 Y124.2
G1 F1200 X133.017 Y124.308 E437.94641
G1 X133.075 Y124.564 E437.95951
G1 X133.097 Y124.753 E437.969
G1 X133.109 Y125.087 E437.98568
G1 X133.096 Y125.283 E437.99548
G1 X133.042 Y125.589 E438.01098
G1 X132.991 Y125.783 E438.02099
G1 X132.924 Y125.979 E438.03132
G1 X128.323 Y127.212 E438.26896
G1 X126.392 Y127.729
G0 F12000 X126.859 Y127.604
G1 F1200 X126.565 Y127.683 E438.28415
G1 X125.835 Y127.684 E438.32057
G1 X126.6 Y124.83 E438.46799
G1 X126.6 Y123.015 E438.55854
G1 X118.8 Y125.104 E438.96139
G1 X118.8 Y127.288 E439.07035
G1 X116.926 Y125.415 E439.20254
G1 X116.96 Y125.598 E439.21183
G1 X118.8 Y125.104 E439.30687
G1 X120.731 Y124.586
G0 F12000 X117.112 Y125.469
G1 F1200 X117.769 Y123.011 E439.43381
G1 X118.104 Y122.749 E439.45503
G1 X118.326 Y122.618 E439.46789
G1 X118.678 Y122.467 E439.487
G1 X118.942 Y122.389 E439.50073
G1 X119.292 Y122.327 E439.51846
G1 X119.626 Y122.309 E439.53515
G1 X120.185 Y122.309 E439.56304
G1 X120.396 Y122.52 E439.57793
G1 X117.112 Y125.469 E439.79813
G1 X117.017 Y125.818 E439.81618
G1 X117.102 Y126.051 E439.82855
G1 X117.275 Y126.385 E439.84732
G1 X117.421 Y126.602 E439.86036
G1 X117.61 Y126.828 E439.87506
G1 X117.875 Y127.076 E439.89317
G1 X118.096 Y127.24 E439.9069
G1 X118.412 Y127.419 E439.92502
G1 X118.667 Y127.527 E439.93883
G1 X118.937 Y127.606 E439.95287
G1 X119.157 Y127.645 E439.96402
G1 X118.8 Y127.288 E439.98921
G1 X117.387 Y125.875
G0 F12000 X121.467 Y126.6
G1 F1200 X122.616 Y122.308 E440.21087
G1 X126.547 Y122.308 E440.40699
G1 X128.326 Y124.087 E440.53251
G1 X126.859 Y127.604 E440.72263
G1 X128.323 Y127.212 E440.79824
G1 X129.243 Y125.005 E440.91753
G1 X130.2 Y125.96 E440.98498
G1 X130.2 Y122.306 E441.16728
G1 X130.378 Y122.306 E441.17616
G1 X130.2 Y122.306
G1 X127.275 Y122.307 E441.32209
G1 X126.6 Y124.83 E441.45239
G1 X126.084 Y126.761
G0 F12000 X126.6 Y123.015
G1 F1200 X129.245 Y122.306 E441.58901
G1 X131.177 Y121.789
G0 F12000 X131.088 Y122.254
G0 X128.326 Y124.087
G1 F1200 X129.243 Y125.005 E441.65374
G1 X130.655 Y126.419
G0 F12000 X124.476 Y126.6
G1 F1200 X125.56 Y127.684 E441.73022
G1 X121.175 Y127.687 E441.94899
G1 X121.467 Y126.6 E442.00515
G1 X124.476 Y126.6 E442.15527
G1 X120.396 Y122.52 E442.44313
G1 X118.982 Y121.106
G0 F12000 X119.267 Y122.762
G1 F1200 E441.94313
;MESH:NONMESH
G0 X119.267 Y122.762 Z4.44
G0 F12000 X132.075 Y127.689
G0 X133.782 Y128.686
;TIME_ELAPSED:361.801315
;LAYER:21
;note -- min layer time used
M204 S2500
;TYPE:WALL-OUTER
;MESH:new-rear-port-cover-v2.stl
G1 F600 E442.44313
G1 F1200 X133.787 Y127.083 E442.5311
G1 X133.809 Y126.829 E442.54509
G1 X133.851 Y126.559 E442.56009
G1 X134.052 Y125.783 E442.60408
G1 X134.107 Y125.452 E442.6225
G1 X134.137 Y125.052 E442.64451
G1 X134.126 Y124.699 E442.66389
G1 X134.082 Y124.362 E442.68254
G1 X134.011 Y124.04 E442.70064
G1 X133.94 Y123.779 E442.71548
G1 X133.778 Y123.407 E442.73775
G1 X133.593 Y123.057 E442.75948
G1 X133.372 Y122.741 E442.78064
G1 X133.055 Y122.38 E442.807
G1 X132.755 Y122.105 E442.82934
G1 X132.446 Y121.883 E442.85022
G1 X132.031 Y121.65 E442.87634
G1 X131.663 Y121.497 E442.89821
G1 X131.219 Y121.371 E442.92354
G1 X130.823 Y121.305 E442.94557
G1 X130.41 Y121.283 E442.96827
G1 X119.592 Y121.282 E443.56195
G1 X119.105 Y121.316 E443.58874
G1 X118.711 Y121.386 E443.6107
G1 X118.248 Y121.53 E443.63731
G1 X117.888 Y121.687 E443.65886
G1 X117.49 Y121.926 E443.68434
G1 X117.158 Y122.176 E443.70715
G1 X116.858 Y122.463 E443.72993
G1 X116.598 Y122.774 E443.75218
G1 X116.347 Y123.153 E443.77713
G1 X116.161 Y123.53 E443.8002
G1 X116.006 Y123.958 E443.82518
G1 X115.915 Y124.351 E443.84732
G1 X115.863 Y124.839 E443.87425
G1 X115.87 Y125.27 E443.89791
G1 X115.91 Y125.622 E443.91735
G1 X116.025 Y126.096 E443.94411
G1 X116.159 Y126.463 E443.96556
G1 X116.382 Y126.897 E443.99233
G1 X116.597 Y127.221 E444.01367
G1 X116.868 Y127.54 E444.03664
G1 X117.212 Y127.865 E444.06262
G1 X117.583 Y128.133 E444.08773
G1 X117.877 Y128.3 E444.10629
G1 X118.322 Y128.497 E444.133
G1 X118.708 Y128.61 E444.15507
G1 X119.17 Y128.691 E444.18081
G1 X119.585 Y128.714 E444.20362
G1 X128.632 Y128.716 E444.70011
G1 X128.776 Y128.75 E444.70823
G1 X130.38 Y128.747 E444.79626
G1 X130.783 Y128.738 E444.81838
G1 X131.848 Y128.686 E444.8769
G1 X132.146 Y128.686 E444.89325
G0 F2160 X133.782 Y128.686
M204 S3500
G0 F12000 X133.787 Y127.083
G0 X133.809 Y126.829
G0 X133.851 Y126.559
G0 X134.052 Y125.783
G0 X134.107 Y125.452
G0 X134.137 Y125.052
G0 X134.126 Y124.699
G0 X134.082 Y124.362
G0 X134.011 Y124.04
G0 X133.94 Y123.779
G0 X133.926 Y123.746
G1 F1200 E444.39325
G0 F12000 X133.064 Y125.572
G0 X132.837 Y126.513
G0 X132.695 Y127.596
G0 X133.124 Y128.026
;TYPE:WALL-INNER
G1 F600 E444.89325
G1 F1200 X133.129 Y127.026 E444.94813
G1 X133.151 Y126.774 E444.96201
G1 X133.199 Y126.455 E444.97971
G1 X133.406 Y125.645 E445.0256
G1 X133.451 Y125.373 E445.04073
G1 X133.476 Y125.038 E445.05916
G1 X133.468 Y124.752 E445.07486
G1 X133.431 Y124.476 E445.09014
G1 X133.316 Y123.999 E445.11707
G1 X133.182 Y123.693 E445.13541
G1 X133.029 Y123.401 E445.1535
G1 X132.852 Y123.149 E445.1704
G1 X132.583 Y122.842 E445.1928
G1 X132.339 Y122.619 E445.21094
G1 X132.091 Y122.441 E445.22769
G1 X131.741 Y122.244 E445.24973
G1 X131.445 Y122.121 E445.26732
G1 X131.075 Y122.016 E445.28843
G1 X130.751 Y121.962 E445.30646
G1 X130.392 Y121.943 E445.32618
G1 X119.615 Y121.942 E445.91762
G1 X119.185 Y121.972 E445.94127
G1 X118.867 Y122.028 E445.95899
G1 X118.478 Y122.15 E445.98137
G1 X118.191 Y122.275 E445.99855
G1 X117.86 Y122.474 E446.01974
G1 X117.586 Y122.68 E446.03855
G1 X117.34 Y122.915 E446.05722
G1 X117.128 Y123.168 E446.07534
G1 X116.921 Y123.483 E446.09602
G1 X116.769 Y123.79 E446.11482
G1 X116.64 Y124.146 E446.1356
G1 X116.567 Y124.461 E446.15335
G1 X116.523 Y124.868 E446.17582
G1 X116.529 Y125.227 E446.19552
G1 X116.561 Y125.507 E446.21099
G1 X116.657 Y125.904 E446.2334
G1 X116.765 Y126.198 E446.25059
G1 X116.952 Y126.563 E446.2731
G1 X117.125 Y126.823 E446.29024
G1 X117.348 Y127.085 E446.30912
G1 X117.634 Y127.356 E446.33074
G1 X117.941 Y127.577 E446.3515
G1 X118.174 Y127.71 E446.36622
G1 X118.549 Y127.875 E446.38871
G1 X118.858 Y127.966 E446.40638
G1 X119.245 Y128.034 E446.42795
G1 X119.603 Y128.054 E446.44762
G1 X128.679 Y128.054 E446.94571
G1 X128.854 Y128.09 E446.95551
G1 X130.378 Y128.087 E447.03915
G1 X130.805 Y128.076 E447.06259
G1 X131.488 Y128.043 E447.10012
G0 F2160 X131.848 Y128.026
G0 X133.124 Y128.026
G0 F12000 X132.724 Y127.625
G0 X130.536 Y126.097
;TYPE:FILL
G1 F1200 X131.898 Y127.459 E447.19621
G1 X130.536 Y127.511 E447.26421
G1 X130.536 Y126.98 E447.2907
G1 X130.948 Y125.441 E447.37019
G1 X132.872 Y125.443 E447.46618
G1 X132.681 Y126.191 E447.50469
G1 X130.537 Y126.765 E447.61543
G1 X130.537 Y125.442 E447.68143
G1 X130.537 Y123.442
G1 F1200 E447.18143
G0 F12000 X132.212 Y123.506
M204 S2500
;TYPE:SKIN
G1 F600 E447.68143
G1 F863.3 X132.063 Y123.335 E447.69716
G1 X131.891 Y123.175 E447.71345
G1 X131.699 Y123.036 E447.72989
G1 X131.425 Y122.885 E447.75158
G1 X131.212 Y122.796 E447.76759
G1 X130.92 Y122.716 E447.78859
G1 X130.67 Y122.672 E447.80619
G1 F859.2 X130.36 Y122.66 E447.82781
G1 F853.1 X128.87 Y122.663 E447.93237
G1 F994.5 X128.176 Y122.54 E447.9748
G1 F1200 X119.64 Y122.537 E448.40067
G1 X119.258 Y122.566 E448.41978
G1 X119.011 Y122.609 E448.43229
G1 X118.685 Y122.71 E448.44931
G1 X118.458 Y122.808 E448.46165
G1 X118.193 Y122.969 E448.47712
G1 X117.975 Y123.134 E448.49076
G1 X117.768 Y123.33 E448.50498
G1 X117.601 Y123.532 E448.51806
G1 X117.441 Y123.771 E448.53241
G1 X117.313 Y124.031 E448.54687
G1 X117.213 Y124.306 E448.56146
G1 X117.157 Y124.55 E448.57395
G1 X117.121 Y124.902 E448.59161
G1 X117.124 Y125.179 E448.60543
G1 X117.152 Y125.407 E448.61689
G1 X117.228 Y125.733 E448.63359
G1 X117.308 Y125.947 E448.64499
G1 X117.468 Y126.264 E448.6627
G1 X117.595 Y126.453 E448.67406
G1 X117.786 Y126.672 E448.68856
G1 X118.021 Y126.897 E448.70479
G1 X118.256 Y127.067 E448.71926
G1 X118.452 Y127.179 E448.73052
G1 X118.748 Y127.309 E448.74665
G1 X118.993 Y127.383 E448.75942
G1 X119.311 Y127.437 E448.77551
G1 X119.621 Y127.456 E448.79101
G1 X128.716 Y127.457 E449.24476
G1 X128.716 Y123.92 E449.42122
G1 X128.776 Y123.739 E449.43073
G1 F994.5 X128.943 Y123.502 E449.44819
G1 F856.1 X132.212 Y123.506 E449.67679
M204 S3500
G1 F1200 E449.17679
G0 F12000 X134.003 Y121.948
G0 X133.391 Y121.338
G0 X132.469 Y120.755
G0 X131.435 Y120.397
G0 X130.442 Y120.288
G0 X118.983 Y120.327
G0 X117.908 Y120.593
G0 X116.923 Y121.107
G0 X119.337 Y123.162
M204 S2500
G1 F600 E449.67679
G1 F1200 X119.145 Y123.195 E449.68651
G1 X118.903 Y123.27 E449.69915
G1 X118.729 Y123.345 E449.7086
G1 X118.532 Y123.465 E449.72011
G1 X118.362 Y123.593 E449.73073
G1 X118.207 Y123.741 E449.74142
G1 X118.083 Y123.891 E449.75113
G1 X117.962 Y124.071 E449.76195
G1 X117.866 Y124.266 E449.77279
G1 X117.791 Y124.472 E449.78373
G1 X117.75 Y124.654 E449.79304
G1 X117.722 Y124.957 E449.80822
G1 X119.532 Y123.147 E449.93592
G1 X119.662 Y123.137 E449.94243
G1 X120.391 Y123.137 E449.9788
G1 X117.846 Y125.681 E450.15833
G1 X118.021 Y126.028 E450.17771
G1 X118.173 Y126.203 E450.18928
G1 X121.239 Y123.137 E450.4056
G1 X122.088 Y123.137 E450.44796
G1 X118.628 Y126.597 E450.69208
G1 X118.959 Y126.746 E450.71019
G1 X119.126 Y126.796 E450.71889
G1 X119.255 Y126.818 E450.72542
G1 X122.935 Y123.138 E450.98506
G1 X123.784 Y123.138 E451.02742
G1 X120.066 Y126.856 E451.28974
G1 X120.915 Y126.856 E451.3321
G1 X124.633 Y123.138 E451.59442
G1 X125.48 Y123.138 E451.63668
G1 X121.763 Y126.856 E451.89897
G1 X122.612 Y126.856 E451.94133
G1 X126.329 Y123.138 E452.20362
G1 X127.177 Y123.138 E452.24592
G1 X123.46 Y126.856 E452.50821
G1 X124.309 Y126.856 E452.55057
G1 X128.026 Y123.138 E452.81286
G1 X128.124 Y123.139 E452.81775
G1 X128.396 Y123.236 E452.83216
G1 X128.266 Y123.422 E452.84348
G1 X128.116 Y123.871 E452.8671
G1 X128.116 Y123.897 E452.86839
G1 X125.157 Y126.856 E453.07717
G1 X126.006 Y126.856 E453.11952
G1 X128.116 Y124.746 E453.26839
G1 X128.116 Y125.594 E453.3107
G1 X126.854 Y126.856 E453.39974
G1 X127.703 Y126.856 E453.4421
G1 X128.116 Y126.443 E453.47124
G1 X128.116 Y126.856 E453.49184
M204 S3500
G1 F1200 E452.99184
G0 F12000 X130.319 Y126.858
G0 X130.399 Y125.305
G0 X130.053 Y124.957
G1 F600 E453.49184
G1 F1079 X130.273 Y124.901 E453.5057
G1 F1169.9 X132.844 Y124.899 E453.65043
G1 F1173.3 X132.808 Y124.592 E453.66778
G1 X132.719 Y124.225 E453.68897
G1 F1169.9 X130.215 Y124.227 E453.82993
G1 F1079 X129.774 Y124.283 E453.85706
G1 F1003.8 X129.379 Y124.283 E453.88297
G1 X129.379 Y124.678 E453.90889
G1 F1082 X129.321 Y125.236 E453.94303
G1 F1175.1 X129.321 Y127.454 E454.06734
G1 X129.995 Y127.452 E454.10511
G1 X129.995 Y125.236 E454.2293
G1 F1082 X130.053 Y124.957 E454.24665
G0 F12000 X130.766 Y125.865
G1 F1200 E453.74665
;MESH:NONMESH
G0 X130.766 Y125.865 Z4.64
G0 F12000 X132.78 Y127.682
G0 X133.782 Y128.686
;TIME_ELAPSED:374.493761
;LAYER:22
;note -- min layer time used
M204 S2500
;TYPE:WALL-OUTER
;MESH:new-rear-port-cover-v2.stl
G1 F600 E454.24665
G1 F1200 X133.786 Y126.595 E454.3614
G1 X133.82 Y126.151 E454.38584
G1 X133.915 Y125.393 E454.42776
G1 X133.933 Y125.078 E454.44508
G1 X133.926 Y124.778 E454.46155
G1 X133.836 Y123.952 E454.50714
G1 X133.729 Y123.807 E454.51703
G1 X133.616 Y123.525 E454.53371
G1 X133.426 Y123.173 E454.55566
G1 X133.202 Y122.847 E454.57737
G1 X132.936 Y122.54 E454.59966
G1 X132.635 Y122.269 E454.62189
G1 X132.298 Y122.023 E454.64478
G1 X131.964 Y121.838 E454.66574
G1 X131.571 Y121.677 E454.68904
G1 X131.199 Y121.571 E454.71027
G1 X130.81 Y121.505 E454.73192
G1 X130.41 Y121.483 E454.75391
G1 X119.557 Y121.482 E455.34951
G1 X119.15 Y121.512 E455.37191
G1 X118.722 Y121.59 E455.39578
G1 X118.351 Y121.702 E455.41705
G1 X117.987 Y121.863 E455.4389
G1 X117.638 Y122.068 E455.46111
G1 X117.294 Y122.321 E455.48454
G1 X116.992 Y122.616 E455.50771
G1 X116.743 Y122.92 E455.52928
G1 X116.524 Y123.252 E455.5511
G1 X116.333 Y123.645 E455.57508
G1 X116.205 Y123.999 E455.59574
G1 X116.11 Y124.401 E455.61841
G1 X116.063 Y124.829 E455.64204
G1 X116.066 Y125.233 E455.66421
G1 X116.117 Y125.628 E455.68607
G1 X116.213 Y126.023 E455.70838
G1 X116.359 Y126.414 E455.73128
G1 X116.546 Y126.777 E455.75369
G1 X116.753 Y127.093 E455.77442
G1 X117.044 Y127.435 E455.79907
G1 X117.32 Y127.694 E455.81984
G1 X117.646 Y127.935 E455.84209
G1 X118.016 Y128.148 E455.86552
G1 X118.38 Y128.304 E455.88725
G1 X118.786 Y128.421 E455.91044
G1 X119.178 Y128.487 E455.93225
G1 X119.554 Y128.51 E455.95293
G1 X128.642 Y128.514 E456.45167
G1 X128.901 Y128.597 E456.46659
G1 X129.046 Y128.69 E456.47605
G1 X132.146 Y128.687 E456.64617
G0 F2160 X133.782 Y128.686
M204 S3500
G0 F12000 X133.786 Y126.595
G0 X133.82 Y126.151
G0 X133.915 Y125.393
G0 X133.933 Y125.078
G0 X133.926 Y124.778
G0 X133.836 Y123.952
G0 X133.729 Y123.807
G0 X133.702 Y123.74
G1 F1200 E456.14617
G0 F12000 X132.909 Y125.302
G0 X132.695 Y127.597
G0 X133.123 Y128.026
;TYPE:WALL-INNER
G1 F600 E456.64617
G1 F1200 X133.128 Y126.546 E456.72739
G1 X133.165 Y126.069 E456.75365
G1 X133.257 Y125.333 E456.79436
G1 X133.273 Y125.067 E456.80898
G1 X133.267 Y124.822 E456.82243
G1 X133.197 Y124.175 E456.85814
G1 X133.116 Y124.052 E456.86623
G1 X133.018 Y123.805 E456.88081
G1 X132.862 Y123.517 E456.89878
G1 X132.679 Y123.251 E456.9165
G1 X132.464 Y123.003 E456.93452
G1 X132.219 Y122.782 E456.95262
G1 X131.942 Y122.581 E456.9714
G1 X131.678 Y122.434 E456.98799
G1 X131.355 Y122.302 E457.00714
G1 X131.053 Y122.216 E457.02437
G1 X130.736 Y122.161 E457.04203
G1 X130.392 Y122.143 E457.06093
G1 X119.581 Y122.142 E457.65423
G1 X119.233 Y122.168 E457.67338
G1 X118.877 Y122.232 E457.69323
G1 X118.581 Y122.322 E457.71021
G1 X118.289 Y122.451 E457.72773
G1 X118.002 Y122.62 E457.74601
G1 X117.722 Y122.825 E457.76505
G1 X117.479 Y123.062 E457.78368
G1 X117.275 Y123.312 E457.80139
G1 X117.099 Y123.58 E457.81898
G1 X116.942 Y123.902 E457.83864
G1 X116.839 Y124.187 E457.85527
G1 X116.762 Y124.514 E457.87371
G1 X116.723 Y124.863 E457.89298
G1 X116.726 Y125.187 E457.91076
G1 X116.767 Y125.508 E457.92852
G1 X116.845 Y125.829 E457.94665
G1 X116.963 Y126.146 E457.96521
G1 X117.117 Y126.444 E457.98362
G1 X117.283 Y126.697 E458.00023
G1 X117.522 Y126.979 E458.02051
G1 X117.743 Y127.186 E458.03713
G1 X118.008 Y127.382 E458.05522
G1 X118.312 Y127.556 E458.07444
G1 X118.603 Y127.681 E458.09182
G1 X118.932 Y127.776 E458.11062
G1 X119.252 Y127.83 E458.12843
G1 X119.574 Y127.85 E458.14613
G1 X128.589 Y127.854 E458.64087
G1 X128.881 Y127.898 E458.65707
G1 X129.103 Y127.969 E458.66987
G1 X129.206 Y128.03 E458.67643
G1 X131.487 Y128.028 E458.80161
G0 F2160 X133.123 Y128.026
G0 F12000 X132.724 Y127.627
G0 X132.66 Y125.538
;TYPE:FILL
G1 F1200 X130.637 Y125.539 E458.90254
G1 X130.637 Y125.998 E458.92544
G1 X132.098 Y127.46 E459.02856
G1 X132.558 Y127.46 E459.05151
G1 X132.563 Y126.368 E459.10599
G1 X130.636 Y126.884 E459.20551
G1 X130.637 Y126.058 E459.24672
G1 X130.776 Y125.538 E459.27358
G1 X131.292 Y123.605
G0 F12000 X132.114 Y123.634
M204 S2500
;TYPE:SKIN
G1 F942.4 X131.978 Y123.48 E459.28663
G1 X131.783 Y123.302 E459.3034
G1 X131.571 Y123.152 E459.3199
G1 X131.375 Y123.041 E459.33421
G1 X131.138 Y122.944 E459.35048
G1 X130.905 Y122.881 E459.36581
G1 F931.4 X130.655 Y122.846 E459.38204
G1 F916 X130.36 Y122.834 E459.40133
G1 F906.8 X128.979 Y122.837 E459.49251
G1 F1030 X128.325 Y122.74 E459.53094
G1 F1200 X119.609 Y122.737 E459.96578
G1 X119.307 Y122.762 E459.9809
G1 X119.018 Y122.813 E459.99554
G1 X118.776 Y122.886 E460.00815
G1 X118.561 Y122.98 E460.01986
G1 X118.338 Y123.111 E460.03276
G1 X118.108 Y123.281 E460.04703
G1 X117.914 Y123.471 E460.06057
G1 X117.75 Y123.671 E460.07348
G1 X117.622 Y123.865 E460.08507
G1 X117.489 Y124.141 E460.10036
G1 X117.413 Y124.351 E460.1115
G1 X117.353 Y124.607 E460.12462
G1 X117.32 Y124.905 E460.13958
G1 X117.32 Y125.152 E460.1519
G1 X117.352 Y125.389 E460.16383
G1 X117.416 Y125.655 E460.17748
G1 X117.507 Y125.893 E460.19019
G1 X117.636 Y126.145 E460.20432
G1 X117.758 Y126.332 E460.21546
G1 X117.958 Y126.568 E460.23089
G1 X118.12 Y126.72 E460.24197
G1 X118.333 Y126.876 E460.25514
G1 X118.583 Y127.023 E460.26961
G1 X118.805 Y127.116 E460.28162
G1 X119.063 Y127.191 E460.29503
G1 X119.315 Y127.233 E460.30777
G1 X119.598 Y127.252 E460.32192
G1 X128.629 Y127.259 E460.77248
G1 X128.816 Y127.287 E460.78191
G1 X128.816 Y124.02 E460.94491
G1 X128.876 Y123.839 E460.95442
G1 F1030 X129.047 Y123.627 E460.97025
G1 F911.4 X130.611 Y123.627 E461.07299
G1 F931.4 X130.822 Y123.636 E461.08656
G1 F942.4 X132.114 Y123.634 E461.16864
M204 S3500
G1 F1200 E460.66864
G0 F12000 X128.216 Y123.973
M204 S2500
G1 F600 E461.16864
G1 F1200 X127.582 Y123.339 E461.21337
M204 S3500
G0 F12000 X128.216 Y123.971
M204 S2500
G1 F1200 X128.368 Y123.513 E461.23745
G1 X128.464 Y123.393 E461.24511
G1 X128.283 Y123.339 E461.25454
G1 X127.582 Y123.339 E461.28951
G1 X126.733 Y123.339 E461.33187
G1 X128.216 Y124.822 E461.4365
G1 X128.216 Y125.671 E461.47886
G1 X125.885 Y123.339 E461.64336
G1 X125.036 Y123.339 E461.68571
G1 X128.216 Y126.519 E461.91008
G1 X128.216 Y126.655 E461.91686
G1 X127.503 Y126.654 E461.95244
G1 X124.187 Y123.339 E462.18636
G1 X123.339 Y123.339 E462.22867
G1 X126.654 Y126.654 E462.46256
G1 X125.805 Y126.653 E462.50492
G1 X122.489 Y123.338 E462.73884
G1 X121.641 Y123.338 E462.78115
G1 X124.956 Y126.653 E463.01504
G1 X124.108 Y126.653 E463.05735
G1 X120.792 Y123.338 E463.29128
G1 X119.944 Y123.338 E463.33358
G1 X123.259 Y126.653 E463.56747
G1 X122.41 Y126.653 E463.60983
G1 X119.156 Y123.399 E463.83942
G1 X118.985 Y123.45 E463.84832
G1 X118.834 Y123.516 E463.85654
G1 X118.674 Y123.61 E463.8658
G1 X118.585 Y123.676 E463.87133
G1 X121.561 Y126.652 E464.0813
G1 X120.712 Y126.652 E464.12366
G1 X118.175 Y124.115 E464.30266
G1 X118.045 Y124.369 E464.31689
G1 X117.989 Y124.525 E464.32516
G1 X117.943 Y124.731 E464.33569
G1 X119.864 Y126.652 E464.47123
G1 X119.613 Y126.652 E464.48375
G1 X119.389 Y126.637 E464.49495
G1 X119.193 Y126.604 E464.50487
G1 X119.006 Y126.549 E464.51459
G1 X118.842 Y126.479 E464.52349
G1 X118.102 Y125.738 E464.57573
M204 S3500
G1 F1200 E464.07573
G1 F1200 Z5.08
G0 F12000 X118.102 Y125.738 Z5.08
G0 X130.153 Y125.053
G1 F1200 Z4.64
G1 F600 E464.57573
G1 F1079 X130.373 Y124.997 E464.58959
G1 F1169.9 X132.645 Y124.995 E464.71749
G1 F1173.3 X132.571 Y124.321 E464.75554
G1 F1169.9 X130.315 Y124.323 E464.88254
G1 F1079 X129.874 Y124.379 E464.90967
G1 F1003.8 X129.479 Y124.379 E464.93559
G1 X129.479 Y124.774 E464.9615
G1 F1082 X129.421 Y125.332 E464.99565
G1 F1175.1 X129.421 Y127.395 E465.11126
G1 X130.095 Y127.395 E465.14904
G1 X130.095 Y125.332 E465.26465
G1 F1082 X130.153 Y125.053 E465.282
G0 F12000 X130.865 Y125.962
G1 F1200 E464.782
;MESH:NONMESH
G0 X130.865 Y125.962 Z4.84
G0 F12000 X132.78 Y127.683
G0 X133.782 Y128.686
;TIME_ELAPSED:386.273846
;LAYER:23
;note -- min layer time used
M204 S2500
;TYPE:WALL-OUTER
;MESH:new-rear-port-cover-v2.stl
G1 F600 E465.282
G1 F1200 X133.786 Y125.935 E465.43297
G1 X133.809 Y124.919 E465.48874
G1 X133.79 Y124.105 E465.53343
G1 X133.57 Y123.898 E465.55
G1 X133.255 Y123.281 E465.58802
G1 X133.046 Y122.975 E465.60836
G1 X132.802 Y122.695 E465.62874
G1 X132.518 Y122.432 E465.64998
G1 X132.216 Y122.214 E465.67042
G1 X131.886 Y122.025 E465.69129
G1 X131.536 Y121.88 E465.71208
G1 X131.173 Y121.77 E465.7329
G1 X130.801 Y121.709 E465.75359
G1 X130.405 Y121.683 E465.77537
G1 X119.587 Y121.682 E466.36905
G1 X119.191 Y121.709 E466.39083
G1 X118.811 Y121.774 E466.41199
G1 X118.441 Y121.883 E466.43316
G1 X118.089 Y122.036 E466.45422
G1 X117.751 Y122.232 E466.47566
G1 X117.445 Y122.462 E466.49667
G1 X117.157 Y122.732 E466.51834
G1 X116.914 Y123.021 E466.53906
G1 X116.707 Y123.341 E466.55997
G1 X116.528 Y123.696 E466.58179
G1 X116.401 Y124.039 E466.60186
G1 X116.31 Y124.433 E466.62406
G1 X116.267 Y124.8 E466.64433
G1 X116.266 Y125.196 E466.66607
G1 X116.31 Y125.562 E466.6863
G1 X116.401 Y125.954 E466.70838
G1 X116.528 Y126.305 E466.72887
G1 X116.706 Y126.657 E466.75051
G1 X116.922 Y126.978 E466.77175
G1 X117.157 Y127.264 E466.79206
G1 X117.445 Y127.531 E466.81361
G1 X117.755 Y127.768 E466.83503
G1 X118.081 Y127.952 E466.85557
G1 X118.445 Y128.113 E466.87741
G1 X118.808 Y128.218 E466.89815
G1 X119.191 Y128.287 E466.91951
G1 X119.586 Y128.31 E466.94122
G1 X128.655 Y128.319 E467.43892
G1 X128.944 Y128.374 E467.45507
G1 X129.243 Y128.686 E467.47878
G1 X132.146 Y128.686 E467.6381
G0 F2160 X133.782 Y128.686
M204 S3500
G0 F12000 X133.786 Y125.935
G0 X133.809 Y124.919
G0 X133.79 Y124.105
G0 X133.57 Y123.898
G0 X133.517 Y123.794
G1 F1200 E467.1381
G0 F12000 X132.796 Y125.328
G0 X132.694 Y127.596
G0 X133.123 Y128.026
;TYPE:WALL-INNER
G1 F600 E467.6381
G1 F1200 X133.126 Y125.919 E467.75373
G1 X133.149 Y124.934 E467.8078
G1 X133.136 Y124.38 E467.83821
G1 X132.982 Y124.198 E467.85129
G1 X132.686 Y123.618 E467.88703
G1 X132.522 Y123.379 E467.90294
G1 X132.328 Y123.155 E467.9192
G1 X132.099 Y122.944 E467.93629
G1 X131.858 Y122.77 E467.9526
G1 X131.594 Y122.619 E467.96929
G1 X131.314 Y122.502 E467.98594
G1 X131.023 Y122.414 E468.00263
G1 X130.725 Y122.365 E468.0192
G1 X130.383 Y122.343 E468.03801
G1 X119.609 Y122.342 E468.62928
G1 X119.269 Y122.365 E468.64798
G1 X118.961 Y122.418 E468.66513
G1 X118.666 Y122.505 E468.68201
G1 X118.387 Y122.626 E468.6987
G1 X118.116 Y122.783 E468.71589
G1 X117.87 Y122.968 E468.73278
G1 X117.637 Y123.186 E468.75029
G1 X117.446 Y123.414 E468.76661
G1 X117.28 Y123.67 E468.78336
G1 X117.134 Y123.96 E468.80118
G1 X117.035 Y124.228 E468.81685
G1 X116.961 Y124.547 E468.83483
G1 X116.927 Y124.839 E468.85096
G1 X116.926 Y125.157 E468.86841
G1 X116.961 Y125.448 E468.8845
G1 X117.035 Y125.766 E468.90241
G1 X117.135 Y126.043 E468.91858
G1 X117.277 Y126.323 E468.9358
G1 X117.452 Y126.584 E468.95305
G1 X117.638 Y126.81 E468.96911
G1 X117.871 Y127.025 E468.98651
G1 X118.12 Y127.216 E469.00373
G1 X118.377 Y127.361 E469.01993
G1 X118.671 Y127.491 E469.03757
G1 X118.959 Y127.574 E469.05402
G1 X119.269 Y127.63 E469.07131
G1 X119.605 Y127.65 E469.08978
G1 X128.593 Y127.654 E469.58303
G1 X128.779 Y127.671 E469.59328
G1 X128.967 Y127.707 E469.60379
G1 X129.188 Y127.777 E469.61651
G1 X129.538 Y128.026 E469.64008
G1 X131.487 Y128.026 E469.74704
G0 F2160 X133.123 Y128.026
G0 F12000 X132.723 Y127.626
G0 X132.567 Y125.552
;TYPE:FILL
G1 F1200 X130.65 Y125.552 E469.84268
G1 X130.651 Y127.027 E469.91627
G1 X132.561 Y126.516 E470.01491
G1 X132.556 Y127.459 E470.06196
G1 X132.298 Y127.458 E470.07483
G1 X130.65 Y125.811 E470.19107
G1 X129.236 Y124.398
G1 F1200 E469.69107
G0 F12000 X131.978 Y123.696
M204 S2500
;TYPE:SKIN
G1 F600 E470.19107
G1 F1069.8 X131.689 Y123.427 E470.21316
G1 X131.52 Y123.303 E470.22489
G1 X131.309 Y123.184 E470.23845
G1 X131.108 Y123.102 E470.2506
G1 X130.875 Y123.032 E470.26421
G1 F1058.8 X130.656 Y123.002 E470.27671
G1 F1042 X130.347 Y122.988 E470.29448
G1 F1031.5 X129.007 Y122.99 E470.37225
G1 F1097.6 X128.432 Y122.943 E470.40372
G1 F1192.1 X119.636 Y122.937 E470.84548
G1 F1200 X119.342 Y122.959 E470.86019
G1 X119.096 Y123.001 E470.87264
G1 X118.865 Y123.068 E470.88464
G1 X118.659 Y123.155 E470.8958
G1 X118.473 Y123.257 E470.90638
G1 X118.258 Y123.422 E470.9199
G1 X118.074 Y123.592 E470.9324
G1 X117.93 Y123.763 E470.94355
G1 X117.794 Y123.973 E470.95604
G1 X117.681 Y124.203 E470.96882
G1 X117.608 Y124.399 E470.97926
G1 X117.549 Y124.656 E470.99241
G1 X117.524 Y124.868 E471.00306
G1 X117.521 Y125.13 E471.01613
G1 X117.548 Y125.334 E471.0264
G1 X117.609 Y125.602 E471.04011
G1 X117.68 Y125.796 E471.05042
G1 X117.789 Y126.013 E471.06253
G1 X117.934 Y126.233 E471.07568
G1 X118.062 Y126.388 E471.08571
G1 X118.258 Y126.566 E471.09892
G1 X118.452 Y126.718 E471.11121
G1 X118.635 Y126.823 E471.12174
G1 X118.879 Y126.929 E471.13501
G1 X119.092 Y126.991 E471.14608
G1 X119.34 Y127.033 E471.15863
G1 X119.626 Y127.052 E471.17293
G1 X128.622 Y127.057 E471.62174
G1 X128.828 Y127.077 E471.63207
G1 X128.828 Y124.032 E471.78398
G1 F1192.1 X128.885 Y123.849 E471.79361
G1 F1097.6 X129.067 Y123.686 E471.80694
G1 F1037.5 X130.617 Y123.688 E471.89638
G1 F1058.8 X130.798 Y123.696 E471.90662
G1 F1069.8 X131.978 Y123.696 E471.97266
M204 S3500
G1 F1200 E471.47266
G0 F12000 X133.515 Y121.998
G0 X132.755 Y121.376
G0 X131.873 Y120.941
G0 X130.918 Y120.718
G0 X119.075 Y120.72
G0 X118.286 Y120.905
G0 X119.026 Y123.653
M204 S2500
G1 F600 E471.97266
G1 F1200 X118.225 Y124.454 E472.02917
M204 S3500
G0 F12000 X119.026 Y123.653
M204 S2500
G1 F1200 X119.224 Y123.588 E472.03957
G1 X119.421 Y123.553 E472.04955
G1 X119.656 Y123.537 E472.0613
G1 X119.991 Y123.537 E472.07802
G1 X118.17 Y125.358 E472.2065
G1 X118.201 Y125.497 E472.2136
G1 X118.309 Y125.714 E472.2257
G1 X118.45 Y125.926 E472.2384
G1 X120.839 Y123.537 E472.40695
G1 X121.686 Y123.539 E472.44921
G1 X118.928 Y126.296 E472.64377
G1 X119.147 Y126.391 E472.65568
G1 X119.417 Y126.438 E472.66935
G1 X119.622 Y126.451 E472.6796
G1 X122.534 Y123.539 E472.88506
G1 X123.382 Y123.54 E472.92736
G1 X120.469 Y126.453 E473.13289
G1 X121.318 Y126.453 E473.17525
G1 X124.229 Y123.541 E473.38067
G1 X125.077 Y123.542 E473.42298
G1 X122.165 Y126.453 E473.6284
G1 X123.014 Y126.453 E473.67076
G1 X125.924 Y123.543 E473.87607
G1 X126.772 Y123.544 E473.91838
G1 X123.862 Y126.453 E474.12366
G1 X124.71 Y126.454 E474.16597
G1 X127.62 Y123.544 E474.37128
G1 X128.364 Y123.546 E474.4084
G1 X128.318 Y123.695 E474.41618
G1 X125.559 Y126.454 E474.61084
G1 X126.407 Y126.455 E474.65315
G1 X128.228 Y124.633 E474.78167
G1 X128.228 Y125.482 E474.82402
G1 X127.255 Y126.455 E474.89267
G1 X128.104 Y126.455 E474.93503
G1 X128.228 Y126.33 E474.94382
M204 S3500
G1 F1200 E474.44382
G0 F12000 X130.433 Y126.33
G0 X130.513 Y125.415
G0 X130.165 Y125.069
G1 F600 E474.94382
G1 F1079 X130.385 Y125.013 E474.95767
G1 F1171.6 X132.511 Y125.01 E475.07717
G1 F1175.1 X132.506 Y124.642 E475.0978
G1 X132.34 Y124.337 E475.11726
G1 F1171.6 X130.327 Y124.339 E475.23041
G1 F1079 X129.886 Y124.395 E475.25754
G1 F1003.8 X129.491 Y124.395 E475.28345
G1 X129.491 Y124.79 E475.30937
G1 F1082 X129.433 Y125.348 E475.34351
G1 F1175.1 X129.433 Y127.182 E475.4463
G1 X129.728 Y127.391 E475.46656
G1 X130.107 Y127.391 E475.4878
G1 X130.107 Y125.348 E475.6023
G1 F1082 X130.165 Y125.069 E475.61964
G0 F12000 X131.073 Y125.781
G1 F1200 E475.11964
;MESH:NONMESH
G0 X131.073 Y125.781 Z5.04
G0 F12000 X132.779 Y127.682
G0 X133.781 Y128.686
;TIME_ELAPSED:397.544373
;LAYER:24
;note -- min layer time used
M204 S2500
;TYPE:WALL-OUTER
;MESH:new-rear-port-cover-v2.stl
G1 F600 E475.61964
G1 F1200 X133.782 Y124.214 E475.86506
G1 X129.31 Y124.214 E476.11048
G1 X129.306 Y128.686 E476.3559
G1 X132.145 Y128.686 E476.5117
G0 F2160 X133.781 Y128.686
M204 S3500
G0 F12000 X133.782 Y124.214
G0 X133.254 Y124.214
G1 F1200 E476.0117
G0 F12000 X132.777 Y125.218
G0 X132.691 Y127.596
G0 X133.121 Y128.026
;TYPE:WALL-INNER
G1 F600 E476.5117
G1 F1200 X133.121 Y124.874 E476.68468
G1 X129.97 Y124.874 E476.85761
G1 X129.967 Y128.026 E477.03059
G1 X131.485 Y128.026 E477.11389
G0 F2160 X133.121 Y128.026
G0 F12000 X132.72 Y127.626
G0 X132.554 Y125.441
;TYPE:FILL
G1 F1200 X130.536 Y125.441 E477.21457
G1 X130.535 Y127.204 E477.30253
G1 X132.554 Y126.664 E477.4068
G1 X132.553 Y127.459 E477.44646
G1 X132.498 Y127.459 E477.4492
G1 X130.535 Y125.497 E477.58767
G1 X129.121 Y124.083
G0 F12000 X130.765 Y125.864
G1 F1200 E477.08767
;MESH:NONMESH
G0 X130.765 Y125.864 Z5.24
G0 F12000 X132.776 Y127.682
G0 X133.782 Y128.686
;TIME_ELAPSED:400.113654
;LAYER:25
;note -- min layer time used
M204 S2500
;TYPE:WALL-OUTER
;MESH:new-rear-port-cover-v2.stl
G1 F600 E477.58767
G1 F1200 X133.782 Y124.311 E477.82777
G1 X129.41 Y124.311 E478.0677
G1 X129.407 Y128.686 E478.30779
G1 X132.146 Y128.686 E478.45811
G0 F2160 X133.782 Y128.686
M204 S3500
G0 F12000 X133.782 Y124.311
G0 X133.157 Y124.311
G1 F1200 E477.95811
G0 F12000 X132.778 Y125.315
G0 X132.692 Y127.596
G0 X133.122 Y128.026
;TYPE:WALL-INNER
G1 F600 E478.45811
G1 F1200 X133.122 Y124.971 E478.62576
G1 X130.07 Y124.971 E478.79326
G1 X130.067 Y128.026 E478.96091
G1 X131.486 Y128.026 E479.03879
G0 F2160 X133.122 Y128.026
G0 F12000 X132.722 Y127.626
G0 X132.555 Y125.538
;TYPE:FILL
G1 F1200 X130.636 Y125.539 E479.13452
G1 X130.634 Y127.325 E479.22363
G1 X132.555 Y126.81 E479.32285
G1 X132.555 Y126.755 E479.3256
G1 X130.779 Y125.539 E479.43298
G1 X129.129 Y124.409
G0 F12000 X130.864 Y125.962
G1 F1200 E478.93298
;MESH:NONMESH
G0 X130.864 Y125.962 Z5.44
G0 F12000 X132.778 Y127.682
G0 X133.782 Y128.686
;TIME_ELAPSED:402.556768
;LAYER:26
;note -- min layer time used
M204 S2500
;TYPE:WALL-OUTER
;MESH:new-rear-port-cover-v2.stl
G1 F600 E479.43298
G1 F1200 X133.782 Y124.323 E479.67242
G1 X129.422 Y124.323 E479.91169
G1 X129.422 Y128.686 E480.15113
G1 X132.146 Y128.686 E480.30062
G0 F2160 X133.782 Y128.686
M204 S3500
G0 F12000 X133.782 Y124.323
G0 X133.145 Y124.323
G1 F1200 E479.80062
G0 F12000 X132.778 Y125.329
G0 X132.692 Y127.596
G0 X133.122 Y128.026
;TYPE:WALL-INNER
G1 F600 E480.30062
G1 F1200 X133.122 Y124.984 E480.46756
G1 X130.082 Y124.984 E480.6344
G1 X130.082 Y128.026 E480.80134
G1 X131.486 Y128.026 E480.87839
G0 F2160 X133.122 Y128.026
G0 F12000 X132.722 Y127.626
G0 X132.555 Y125.552
;TYPE:FILL
G1 F1200 X130.649 Y125.552 E480.97348
G1 X130.649 Y127.467 E481.06902
G1 X132.554 Y126.956 E481.16742
G1 X132.553 Y126.755 E481.17745
G1 X130.991 Y125.552 E481.27581
G1 X129.407 Y124.332
G0 F12000 X131.072 Y125.781
G1 F1200 E480.77581
;MESH:NONMESH
G0 X131.072 Y125.781 Z5.64
G0 F12000 X132.778 Y127.682
G0 X133.782 Y128.686
;TIME_ELAPSED:404.995856
;LAYER:27
;note -- min layer time used
M204 S2500
;TYPE:WALL-OUTER
;MESH:new-rear-port-cover-v2.stl
G1 F600 E481.27581
G1 F1200 X133.782 Y124.323 E481.51525
G1 X129.422 Y124.323 E481.75452
G1 X129.422 Y128.686 E481.99396
G1 X132.146 Y128.686 E482.14345
G0 F2160 X133.782 Y128.686
M204 S3500
G0 F12000 X133.782 Y124.323
G0 X133.145 Y124.323
G1 F1200 E481.64345
G0 F12000 X132.778 Y125.329
G0 X132.692 Y127.596
G0 X133.122 Y128.026
;TYPE:WALL-INNER
G1 F600 E482.14345
G1 F1200 X133.122 Y124.984 E482.31039
G1 X130.082 Y124.984 E482.47723
G1 X130.082 Y128.026 E482.64417
G1 X131.486 Y128.026 E482.72122
G0 F2160 X133.122 Y128.026
G0 F12000 X132.722 Y127.626
G0 X132.555 Y125.552
;TYPE:FILL
G1 F1200 X130.649 Y125.552 E482.81631
G1 X130.649 Y127.459 E482.91145
G1 X131.227 Y127.459 E482.94029
G1 X132.554 Y127.103 E483.00883
G1 X132.555 Y126.915 E483.01821
G1 X131.192 Y125.552 E483.11438
G1 X129.779 Y124.139
G0 F12000 X131.072 Y125.781
G1 F1200 E482.61438
;MESH:NONMESH
G0 X131.072 Y125.781 Z5.84
G0 F12000 X132.778 Y127.682
G0 X133.782 Y128.686
;TIME_ELAPSED:407.428978
;LAYER:28
;note -- min layer time used
M204 S2500
;TYPE:WALL-OUTER
;MESH:new-rear-port-cover-v2.stl
G1 F600 E483.11438
G1 F1200 X133.782 Y124.323 E483.35382
G1 X129.422 Y124.323 E483.59309
G1 X129.422 Y128.686 E483.83253
G1 X132.146 Y128.686 E483.98202
G0 F2160 X133.782 Y128.686
M204 S3500
G0 F12000 X133.782 Y124.323
G0 X133.145 Y124.323
G1 F1200 E483.48202
G0 F12000 X132.778 Y125.329
G0 X132.692 Y127.596
G0 X133.122 Y128.026
;TYPE:WALL-INNER
G1 F600 E483.98202
G1 F1200 X133.122 Y124.984 E484.14896
G1 X130.082 Y124.984 E484.31579
G1 X130.082 Y128.026 E484.48274
G1 X131.486 Y128.026 E484.55979
G0 F2160 X133.122 Y128.026
G0 F12000 X132.722 Y127.626
G0 X132.555 Y125.552
;TYPE:FILL
G1 F1200 X130.649 Y125.552 E484.65488
G1 X130.649 Y127.459 E484.75002
G1 X131.771 Y127.459 E484.806
G1 X132.554 Y127.249 E484.84644
G1 X132.555 Y126.716 E484.87303
G1 X131.391 Y125.552 E484.95516
G1 X129.977 Y124.138
G0 F12000 X131.072 Y125.781
G1 F1200 E484.45516
;MESH:NONMESH
G0 X131.072 Y125.781 Z6.04
G0 F12000 X132.778 Y127.682
G0 X133.782 Y128.686
;TIME_ELAPSED:409.863032
;LAYER:29
;note -- min layer time used
M204 S2500
;TYPE:WALL-OUTER
;MESH:new-rear-port-cover-v2.stl
G1 F600 E484.95516
G1 F1200 X133.782 Y124.323 E485.1946
G1 X129.422 Y124.323 E485.43387
G1 X129.422 Y128.686 E485.67331
G1 X132.146 Y128.686 E485.8228
G0 F2160 X133.782 Y128.686
M204 S3500
G0 F12000 X133.782 Y124.323
G0 X133.145 Y124.323
G1 F1200 E485.3228
G0 F12000 X132.778 Y125.329
G0 X132.692 Y127.596
G0 X133.122 Y128.026
;TYPE:WALL-INNER
G1 F600 E485.8228
G1 F1200 X133.122 Y124.984 E485.98974
G1 X130.082 Y124.984 E486.15657
G1 X130.082 Y128.026 E486.32352
G1 X131.486 Y128.026 E486.40057
G0 F2160 X133.122 Y128.026
G0 F12000 X132.722 Y127.626
G0 X132.555 Y125.552
;TYPE:FILL
G1 F1200 X130.649 Y125.552 E486.49566
G1 X130.649 Y127.459 E486.5908
G1 X132.314 Y127.46 E486.67387
G1 X132.554 Y127.395 E486.68627
G1 X132.555 Y126.516 E486.73012
G1 X131.59 Y125.552 E486.79817
G1 X130.176 Y124.139
G0 F12000 X131.072 Y125.781
G1 F1200 E486.29817
;MESH:NONMESH
G0 X131.072 Y125.781 Z6.24
G0 F12000 X132.778 Y127.682
G0 X133.777 Y128.678
;TIME_ELAPSED:412.297953
;LAYER:30
;note -- min layer time used
M204 S2500
;TYPE:WALL-OUTER
;MESH:new-rear-port-cover-v2.stl
G1 F600 E486.79817
G1 F1200 X133.777 Y124.33 E487.03679
G1 X129.426 Y124.33 E487.27557
G1 X129.426 Y128.678 E487.51418
G1 X132.141 Y128.678 E487.66318
G0 F2160 X133.777 Y128.678
M204 S3500
G0 F12000 X133.777 Y124.33
G0 X133.125 Y124.33
G1 F1200 E487.16318
G0 F12000 X132.771 Y125.334
G0 X132.685 Y127.588
G0 X133.116 Y128.018
;TYPE:WALL-INNER
G1 F600 E487.66318
G1 F1200 X133.116 Y124.99 E487.82936
G1 X130.086 Y124.99 E487.99564
G1 X130.086 Y128.018 E488.16181
G1 X131.48 Y128.018 E488.23832
G0 F2160 X133.116 Y128.018
G0 F12000 X132.715 Y127.618
G0 X132.548 Y125.557
;TYPE:FILL
G1 F1200 X130.653 Y125.557 E488.33286
G1 X130.653 Y127.451 E488.42735
G1 X132.548 Y127.451 E488.52189
G1 X132.548 Y126.308 E488.57892
G1 X131.797 Y125.557 E488.6319
G1 X130.383 Y124.143
G0 F12000 X131.076 Y125.786
G1 F1200 E488.1319
;MESH:NONMESH
G0 X131.076 Y125.786 Z6.44
G0 F12000 X132.771 Y127.674
G0 X133.75 Y128.654
;TIME_ELAPSED:414.722479
;LAYER:31
;note -- min layer time used
M204 S2500
;TYPE:WALL-OUTER
;MESH:new-rear-port-cover-v2.stl
G1 F600 E488.6319
G1 F1200 X133.75 Y124.355 E488.86783
G1 X129.454 Y124.355 E489.10359
G1 X129.454 Y128.654 E489.33952
G1 X132.114 Y128.654 E489.48549
G0 F2160 X133.75 Y128.654
M204 S3500
G0 F12000 X133.75 Y124.355
G0 X133.049 Y124.355
G1 F1200 E488.98549
G0 F12000 X132.746 Y125.361
G0 X132.66 Y127.564
G0 X133.09 Y127.994
;TYPE:WALL-INNER
G1 F600 E489.48549
G1 F1200 X133.09 Y125.016 E489.64892
G1 X130.114 Y125.016 E489.81224
G1 X130.114 Y127.994 E489.97568
G1 X131.454 Y127.994 E490.04921
G0 F2160 X133.09 Y127.994
G0 F12000 X132.523 Y127.427
;TYPE:FILL
G1 F1200 X130.681 Y127.427 E490.14111
G1 X130.681 Y125.584 E490.23306
G1 X132.523 Y125.584 E490.32496
G1 X132.023 Y125.584 E490.3499
G1 X132.523 Y126.084 E490.38518
G1 X132.523 Y127.427 E490.45218
G0 F12000 X132.1 Y127.004
G1 F1200 E489.95218
;MESH:NONMESH
G0 X132.1 Y127.004 Z6.64
G0 F12000 X132.746 Y127.65
G0 X133.706 Y128.61
;TIME_ELAPSED:416.970303
;LAYER:32
;note -- min layer time used
M204 S2500
;TYPE:WALL-OUTER
;MESH:new-rear-port-cover-v2.stl
G1 F600 E490.45218
G1 F1200 X133.706 Y124.399 E490.68328
G1 X129.498 Y124.399 E490.91421
G1 X129.498 Y128.61 E491.14531
G1 X132.07 Y128.61 E491.28646
G0 F2160 X133.706 Y128.61
M204 S3500
G0 F12000 X133.706 Y124.399
G0 X132.917 Y124.399
G1 F1200 E490.78646
G0 F12000 X132.702 Y125.405
G0 X132.616 Y127.52
G0 X133.046 Y127.95
;TYPE:WALL-INNER
G1 F600 E491.28646
G1 F1200 X133.046 Y125.06 E491.44506
G1 X130.158 Y125.06 E491.60355
G1 X130.158 Y127.95 E491.76215
G1 X131.41 Y127.95 E491.83086
G0 F2160 X133.046 Y127.95
G0 F12000 X132.479 Y127.383
;TYPE:FILL
G1 F1200 X130.725 Y127.383 E491.91837
G1 X130.725 Y125.628 E492.00592
G1 X132.479 Y125.628 E492.09343
G1 X132.268 Y125.628 E492.10396
G1 X132.479 Y125.839 E492.11884
G1 X132.479 Y127.383 E492.19587
G0 F12000 X132.056 Y126.96
G1 F1200 E491.69587
;MESH:NONMESH
G0 X132.056 Y126.96 Z6.84
G0 F12000 X132.702 Y127.606
G0 X133.642 Y128.542
;TIME_ELAPSED:419.143884
;LAYER:33
;note -- min layer time used
M204 S2500
;TYPE:WALL-OUTER
;MESH:new-rear-port-cover-v2.stl
G1 F600 E492.19587
G1 F1200 X133.642 Y124.466 E492.41956
G1 X129.566 Y124.466 E492.64325
G1 X129.566 Y128.542 E492.86694
G1 X132.006 Y128.542 E493.00084
G0 F2160 X133.642 Y128.542
M204 S3500
G0 F12000 X133.642 Y124.466
G0 X132.718 Y124.466
G1 F1200 E492.50084
G0 F12000 X132.638 Y125.47
G0 X132.552 Y127.452
G0 X132.982 Y127.882
;TYPE:WALL-INNER
G1 F600 E493.00084
G1 F1200 X132.982 Y125.126 E493.15209
G1 X130.226 Y125.126 E493.30334
G1 X130.226 Y127.882 E493.45458
G1 X131.346 Y127.882 E493.51605
G0 F2160 X132.982 Y127.882
G0 F12000 X131.992 Y127.086
G1 F1200 E493.01605
;MESH:NONMESH
G0 X131.992 Y127.086 Z7.04
G0 F12000 X133.546 Y128.45
;TIME_ELAPSED:420.876786
;LAYER:34
;note -- min layer time used
M204 S2500
;TYPE:WALL-OUTER
;MESH:new-rear-port-cover-v2.stl
G1 F600 E493.51605
G1 F1200 X133.546 Y124.559 E493.72958
G1 X129.658 Y124.559 E493.94295
G1 X129.658 Y128.45 E494.15649
G1 X131.91 Y128.45 E494.28008
G0 F2160 X133.546 Y128.45
M204 S3500
G0 F12000 X133.546 Y124.559
G0 X132.437 Y124.559
G1 F1200 E493.78008
G0 F12000 X132.437 Y125.571
G0 X132.456 Y127.36
G0 X132.886 Y127.79
;TYPE:WALL-INNER
G1 F600 E494.28008
G1 F1200 X132.886 Y125.22 E494.42112
G1 X130.318 Y125.22 E494.56205
G1 X130.318 Y127.79 E494.70309
G1 X131.25 Y127.79 E494.75423
G0 F2160 X132.886 Y127.79
G0 F12000 X131.896 Y126.994
G1 F1200 E494.25423
;MESH:NONMESH
G0 X131.896 Y126.994 Z7.24
G0 F12000 X133.422 Y128.326
;TIME_ELAPSED:422.533585
;LAYER:35
;note -- min layer time used
M204 S2500
;TYPE:WALL-OUTER
;MESH:new-rear-port-cover-v2.stl
G1 F600 E494.75423
G1 F1200 X133.422 Y124.683 E494.95416
G1 X129.782 Y124.683 E495.15392
G1 X129.782 Y128.326 E495.35384
G1 X131.786 Y128.326 E495.46382
G0 F2160 X133.422 Y128.326
M204 S3500
G0 F12000 X133.422 Y124.683
G0 X132.065 Y124.683
G1 F1200 E494.96382
G0 F12000 X132.065 Y125.695
G0 X132.332 Y127.236
G0 X132.762 Y127.666
;TYPE:WALL-INNER
G1 F600 E495.46382
G1 F1200 X132.762 Y125.344 E495.59125
G1 X130.442 Y125.344 E495.71857
G1 X130.442 Y127.666 E495.846
G1 X131.126 Y127.666 E495.88354
G0 F2160 X132.762 Y127.666
G0 F12000 X132.362 Y127.266
G0 X132.332 Y126
G0 X132.432 Y126
;TYPE:FILL
G1 F1200 X130.772 Y126 E495.96636
G1 X128.772 Y126
G1 F1200 E495.46636
;MESH:NONMESH
G0 X128.772 Y126 Z7.44
G0 F12000 X128.8 Y129.31
G0 X133.266 Y129.322
G0 X133.266 Y128.166
;TIME_ELAPSED:424.399328
;LAYER:36
;note -- min layer time used
M204 S2500
;TYPE:WALL-OUTER
;MESH:new-rear-port-cover-v2.stl
G1 F600 E495.96636
G1 F1200 X133.266 Y124.842 E496.14877
G1 X129.942 Y124.842 E496.33119
G1 X129.942 Y128.166 E496.51361
G1 X131.63 Y128.166 E496.60625
G0 F2160 X133.266 Y128.166
M204 S3500
G0 F12000 X133.266 Y124.842
G0 X131.59 Y124.842
G1 F1200 E496.10625
G0 F12000 X131.59 Y123.85
G0 X134.249 Y123.862
G0 X134.261 Y127.506
G0 X132.606 Y127.506
;TYPE:WALL-INNER
G1 F600 E496.60625
G1 F1200 X132.606 Y125.502 E496.71623
G1 X130.602 Y125.502 E496.8262
G1 X130.602 Y127.506 E496.93618
G1 X130.97 Y127.506 E496.95638
G0 F2160 X132.606 Y127.506
G0 F12000 X131.955 Y126.855
;TYPE:SKIN
G1 F1121.8 X131.955 Y126.149 E496.99782
G1 X131.249 Y126.149 E497.03927
G1 X131.249 Y126.855 E497.08071
G1 X131.955 Y126.855 E497.12216
;MESH:NONMESH
G0 F1200 X131.955 Y126.855 Z7.64
G0 F12000 X133.057 Y127.958
;TIME_ELAPSED:426.052223
;LAYER:37
;note -- min layer time used
M204 S2500
;TYPE:WALL-OUTER
;MESH:new-rear-port-cover-v2.stl
G1 F1200 X133.057 Y125.05 E497.28175
G1 X130.146 Y125.05 E497.4415
G1 X130.146 Y127.958 E497.60109
G1 X131.421 Y127.958 E497.67106
G0 F2160 X133.057 Y127.958
M204 S3500
G0 F12000 X133.057 Y125.05
G0 X130.965 Y125.05
G1 F1200 E497.17106
G0 F12000 X130.965 Y124.056
G0 X134.042 Y124.068
G0 X134.054 Y127.298
G0 X132.395 Y127.298
;TYPE:WALL-INNER
G1 F600 E497.67106
G1 F1200 X132.395 Y125.71 E497.75821
G1 X130.806 Y125.71 E497.84541
G1 X130.806 Y127.251 E497.92998
G0 F2160 X130.806 Y127.298
G0 X132.395 Y127.298
G0 F12000 X131.847 Y126.751
M204 S2500
;TYPE:SKIN
G1 F1445.8 X131.847 Y126.253 E497.9506
G1 X131.349 Y126.253 E497.97122
G1 X131.349 Y126.751 E497.99184
G1 X131.847 Y126.751 E498.01247
M204 S3500
;MESH:NONMESH
G0 F1200 X131.847 Y126.751 Z7.84
G0 F12000 X132.766 Y127.666
;TIME_ELAPSED:427.424176
;LAYER:38
;note -- min layer time used
M204 S2500
;TYPE:WALL-OUTER
;MESH:new-rear-port-cover-v2.stl
G1 F1200 X132.766 Y125.342 E498.14001
G1 X130.442 Y125.342 E498.26755
G1 X130.442 Y127.666 E498.39508
G1 X131.13 Y127.666 E498.43284
G0 F2160 X132.766 Y127.666
M204 S3500
G0 F12000 X132.766 Y125.342
G0 X130.442 Y125.342
G0 X130.442 Y125.694
G1 F1200 E497.93284
G0 F12000 X132.02 Y126.92
;TYPE:WALL-INNER
G1 F600 E498.43284
G1 F951.9 X132.02 Y126.088 E498.4904
G1 X131.188 Y126.088 E498.54796
G1 X131.188 Y126.92 E498.60552
G1 X132.02 Y126.92 E498.66308
;MESH:NONMESH
G0 F1200 X132.02 Y126.92 Z8.04
G0 F12000 X132.258 Y127.158
;TIME_ELAPSED:428.346497
;LAYER:39
;note -- min layer time used
M204 S2500
;TYPE:WALL-OUTER
;MESH:new-rear-port-cover-v2.stl
G1 F1200 X132.258 Y125.85 E498.73486
G1 X130.95 Y125.85 E498.80664
G1 X130.95 Y127.158 E498.87842
G1 X132.258 Y127.158 E498.9502
M204 S3500
G0 F12000 X132.258 Y125.85
G0 X130.95 Y125.85
G0 X130.95 Y127.158
G0 X132.026 Y127.158
G0 X131.685 Y126.504
;TYPE:WALL-INNER
G1 F1222.2 X131.563 Y126.434 E498.95778
G1 X131.564 Y126.574 E498.96533
G1 X131.685 Y126.504 E498.97286
;TIME_ELAPSED:428.786107
G1 F1200 E498.47286
M140 S0
M204 S5000
M107
END_PRINT
M82 ;absolute extrusion mode
M104 S0
;End of Gcode
;SETTING_3 {"global_quality": "[general]\\nversion = 4\\nname = TPU 0.6mm\\ndefi
;SETTING_3 nition = voron2_250\\n\\n[metadata]\\ntype = quality_changes\\nqualit
;SETTING_3 y_type = fast\\nsetting_version = 25\\n\\n[values]\\nacceleration_ena
;SETTING_3 bled = True\\nadhesion_type = skirt\\nbridge_settings_enabled = True\
;SETTING_3 \nlayer_height = 0.2\\nlayer_height_0 = 0.24\\nmaterial_bed_temperatu
;SETTING_3 re = 60.0\\nmaterial_shrinkage_percentage_xy = 100.45\\nminimum_polyg
;SETTING_3 on_circumference = 1\\nprint_sequence = all_at_once\\nretraction_comb
;SETTING_3 ing = infill\\nsupport_enable = False\\nsupport_structure = tree\\nsu
;SETTING_3 pport_type = everywhere\\n\\n", "extruder_quality": ["[general]\\nver
;SETTING_3 sion = 4\\nname = TPU 0.6mm\\ndefinition = voron2_250\\n\\n[metadata]
;SETTING_3 \\ntype = quality_changes\\nquality_type = fast\\nintent_category = d
;SETTING_3 efault\\nposition = 0\\nsetting_version = 25\\n\\n[values]\\naccelera
;SETTING_3 tion_layer_0 = 2000\\nacceleration_print = 3500\\nacceleration_roofin
;SETTING_3 g = 2500.0\\nacceleration_travel = 3500\\nacceleration_travel_layer_0
;SETTING_3  = 2000\\nacceleration_wall_0 = 2500.0\\nalternate_extra_perimeter = 
;SETTING_3 False\\nbottom_layers = 3\\nbrim_gap = 0.24\\nbrim_line_count = 15\\n
;SETTING_3 brim_location = everywhere\\nbrim_width = 3.0\\ncoasting_enable = Tru
;SETTING_3 e\\ncoasting_volume = 0.216\\ncool_fan_full_layer = 6\\ncool_fan_spee
;SETTING_3 d = 25\\ncool_fan_speed_max = 30\\ninfill_pattern = cubic\\ninfill_sp
;SETTING_3 arse_density = 40.0\\ninfill_wipe_dist = 2\\ninitial_bottom_layers = 
;SETTING_3 3\\ninset_direction = outside_in\\nline_width = 0.66\\nmagic_fuzzy_sk
;SETTING_3 in_enabled = False\\nmaterial_final_print_temperature = 220.0\\nmater
;SETTING_3 ial_initial_print_temperature = 0\\nmaterial_print_temperature = 225.
;SETTING_3 0\\nmaterial_print_temperature_layer_0 = 225.0\\nmeshfix_maximum_devi
;SETTING_3 ation = 0.04\\nmeshfix_maximum_resolution = 0.16\\nmin_wall_line_widt
;SETTING_3 h = 0.3\\nmultiple_mesh_overlap = 0.16\\nretraction_amount = 0.5\\nre
;SETTING_3 traction_combing_max_distance = 30.0\\nretraction_count_max = 10\\nre
;SETTING_3 traction_extrusion_window = 2\\nretraction_hop = 0.44\\nretraction_mi
;SETTING_3 n_travel = 1.6\\nretraction_prime_speed = 10\\nretraction_retract_spe
;SETTING_3 ed = 20.0\\nretraction_speed = 15.0\\nroofing_layer_count = 3\\nroofi
;SETTING_3 ng_line_width = 0.6\\nroofing_pattern = zigzag\\nskin_monotonic = Tru
;SETTING_3 e\\nskirt_brim_material_flow = 95\\nskirt_brim_minimal_length = 40.0\
;SETTING_3 \nskirt_height = 1\\nspeed_infill = 40.0\\nspeed_layer_0 = 20\\nspeed
;SETTING_3 _print = 40.0\\nspeed_roofing = 20\\nspeed_topbottom = 20\\nspeed_tra
;SETTING_3 vel = 200\\nspeed_wall = 40.0\\nspeed_wall_0 = 40.0\\nspeed_wall_x = 
;SETTING_3 40.0\\nsupport_angle = 55.0\\nsupport_infill_rate = 10.0\\nsupport_li
;SETTING_3 ne_distance = 5\\ntop_bottom_pattern = zigzag\\ntop_layers = 3\\ntrav
;SETTING_3 el_avoid_other_parts = True\\ntravel_avoid_supports = True\\nwall_0_w
;SETTING_3 ipe_dist = 5\\nwall_line_count = 2\\nwall_line_width = 0.66\\nxy_offs
;SETTING_3 et_layer_0 = -0.2\\nz_seam_corner = z_seam_corner_weighted\\n\\n"]}
