;FLAVOR:Marlin
;TIME:501
;Filament used: 0.587854m
;Layer height: 0.2
;MINX:0
;MINY:0
;MINZ:0.24
;MAXX:142.953
;MAXY:140.266
;MAXZ:8.44
;TARGET_MACHINE.NAME:VORON2 250
;Generated with Cura_SteamEngine 5.11.0
M140 S60
M105
M190 S60
M104 S225
M105
M109 S225
START_PRINT
M82 ;absolute extrusion mode
G92 E0
G92 E0
G1 F1200 E-0.5
;LAYER_COUNT:42
;LAYER:0
M107
M204 S2000
G1 F1200 Z0.68
G0 F6000 X0.00 Y0.00 Z0.68
G0 X109.901 Y112.514
;TYPE:SKIRT
G1 F1200 Z0.24
G1 F600 E0
G1 F1200 X110.172 Y112.257 E0.02921
G1 X110.527 Y111.947 E0.06606
G1 X110.877 Y111.672 E0.10087
G1 X111.2 Y111.439 E0.13202
G1 X111.582 Y111.189 E0.16772
G1 X111.844 Y111.03 E0.19169
G1 X112.278 Y110.795 E0.23028
G1 X112.618 Y110.631 E0.25981
G1 X113.102 Y110.423 E0.301
G1 X113.46 Y110.287 E0.33095
G1 X113.998 Y110.116 E0.3751
G1 X114.811 Y109.921 E0.44048
G1 X115.417 Y109.825 E0.48846
G1 X115.877 Y109.776 E0.52464
G1 X116.3 Y109.752 E0.55777
G1 X116.882 Y109.735 E0.60331
G1 X132.692 Y109.734 E1.83969
G1 X133.574 Y109.746 E1.90868
G1 X134.099 Y109.774 E1.94979
G1 X134.685 Y109.838 E1.99589
G1 X135.077 Y109.9 E2.02693
G1 X135.679 Y110.029 E2.07507
G1 X136.339 Y110.221 E2.12883
G1 X136.725 Y110.355 E2.16078
G1 X137.077 Y110.496 E2.19043
G1 X137.464 Y110.669 E2.22358
G1 X137.81 Y110.842 E2.25384
G1 X138.196 Y111.056 E2.28835
G1 X138.746 Y111.402 E2.33917
G1 X138.912 Y111.518 E2.355
G1 X139.429 Y111.911 E2.40579
G1 X139.898 Y112.323 E2.45461
G1 X140.172 Y112.588 E2.48442
G1 X140.429 Y112.859 E2.51363
G1 X140.739 Y113.214 E2.55048
G1 X141.012 Y113.561 E2.58501
G1 X141.244 Y113.882 E2.61598
G1 X141.431 Y114.165 E2.64251
G1 X141.707 Y114.621 E2.6842
G1 X141.891 Y114.965 E2.7147
G1 X142.055 Y115.305 E2.74422
G1 X142.367 Y116.055 E2.80775
G1 X142.568 Y116.677 E2.85887
G1 X142.625 Y116.887 E2.87588
G1 X142.774 Y117.542 E2.92842
G1 X142.872 Y118.179 E2.97882
G1 X142.911 Y118.565 E3.00916
G1 X142.952 Y119.567 E3.08758
G1 X142.953 Y130.006 E3.90394
G1 X142.935 Y131.04 E3.98482
G1 X142.902 Y131.552 E4.02494
G1 X142.82 Y132.194 E4.07555
G1 X142.783 Y132.408 E4.09254
G1 X142.662 Y132.972 E4.13765
G1 X142.454 Y133.686 E4.1958
G1 X142.331 Y134.039 E4.22504
G1 X142.1 Y134.597 E4.27227
G1 X141.844 Y135.123 E4.31801
G1 X141.63 Y135.509 E4.35253
G1 X141.284 Y136.059 E4.40334
G1 X140.893 Y136.593 E4.4551
G1 X140.645 Y136.896 E4.48572
G1 X140.363 Y137.211 E4.51879
G1 X140.098 Y137.485 E4.5486
G1 X139.827 Y137.742 E4.5778
G1 X139.472 Y138.052 E4.61466
G1 X139.125 Y138.325 E4.64919
G1 X138.802 Y138.558 E4.68033
G1 X138.185 Y138.951 E4.73754
G1 X137.721 Y139.204 E4.77887
G1 X137.381 Y139.368 E4.80839
G1 X137.003 Y139.532 E4.84062
G1 X136.541 Y139.711 E4.87936
G1 X135.982 Y139.889 E4.92524
G1 X135.402 Y140.033 E4.97198
G1 X134.981 Y140.115 E5.00552
G1 X134.512 Y140.183 E5.04258
G1 X134.144 Y140.223 E5.07153
G1 X133.855 Y140.241 E5.09417
G1 X133.118 Y140.264 E5.15183
G1 X117.306 Y140.266 E6.38838
G1 X116.272 Y140.248 E6.46925
G1 X115.76 Y140.215 E6.50938
G1 X115.357 Y140.168 E6.5411
G1 X114.925 Y140.099 E6.57532
G1 X114.329 Y139.972 E6.62297
G1 X113.605 Y139.761 E6.68195
G1 X113.277 Y139.646 E6.70913
G1 X112.712 Y139.412 E6.75695
G1 X112.189 Y139.157 E6.80245
G1 X111.803 Y138.943 E6.83697
G1 X111.253 Y138.597 E6.88778
G1 X110.719 Y138.206 E6.93954
G1 X110.421 Y137.962 E6.96966
G1 X110.09 Y137.666 E7.00439
G1 X109.827 Y137.411 E7.03304
G1 X109.57 Y137.14 E7.06224
G1 X109.26 Y136.785 E7.0991
G1 X108.987 Y136.438 E7.13363
G1 X108.754 Y136.115 E7.16477
G1 X108.502 Y135.73 E7.20076
G1 X108.343 Y135.468 E7.22473
G1 X108.101 Y135.02 E7.26455
G1 X107.944 Y134.694 E7.29284
G1 X107.736 Y134.21 E7.33404
G1 X107.598 Y133.847 E7.36441
G1 X107.428 Y133.312 E7.40831
G1 X107.23 Y132.486 E7.47473
G1 X107.141 Y131.918 E7.5197
G1 X107.092 Y131.501 E7.55253
G1 X107.071 Y131.169 E7.57855
G1 X107.048 Y130.454 E7.63449
G1 X107.046 Y119.99 E8.4528
G1 X107.059 Y119.101 E8.52233
G1 X107.098 Y118.444 E8.5738
G1 X107.152 Y117.987 E8.60979
G1 X107.214 Y117.598 E8.6406
G1 X107.338 Y117.023 E8.6866
G1 X107.516 Y116.404 E8.73697
G1 X107.602 Y116.14 E8.75868
G1 X107.679 Y115.957 E8.77421
G1 X107.671 Y115.954 E8.77487
G1 X107.81 Y115.608 E8.80403
G1 X107.982 Y115.222 E8.83708
G1 X108.156 Y114.874 E8.86751
G1 X108.367 Y114.492 E8.90164
G1 X108.557 Y114.183 E8.93
G1 X108.829 Y113.777 E8.96822
G1 X109.106 Y113.406 E9.00443
G1 X109.354 Y113.103 E9.03505
G1 X109.636 Y112.788 E9.06811
G1 X109.901 Y112.514 E9.09792
G1 F1200 E8.59792
G1 F1200 Z0.68
;MESH:new-rear-port-cover.stl
G0 F6000 X109.901 Y112.514 Z0.68
G0 X131.549 Y131.013
;TYPE:WALL-OUTER
G1 F1200 Z0.24
G1 F600 E9.09792
G1 F1200 X130.96 Y131.092 E9.14684
G1 X130.428 Y131.116 E9.19068
G1 X119.551 Y131.116 E10.08606
G1 X119.027 Y131.089 E10.12925
G1 X118.591 Y131.029 E10.16548
G1 X117.911 Y130.884 E10.22272
G1 X117.397 Y130.715 E10.26726
G1 X116.839 Y130.469 E10.31746
G1 X116.37 Y130.208 E10.36164
G1 X115.885 Y129.874 E10.41012
G1 X115.471 Y129.531 E10.45438
G1 X115.051 Y129.117 E10.50292
G1 X114.707 Y128.705 E10.54711
G1 X114.363 Y128.204 E10.59713
G1 X114.092 Y127.709 E10.64359
G1 X113.864 Y127.198 E10.68965
G1 X113.696 Y126.69 E10.7337
G1 X113.563 Y126.134 E10.78076
G1 X113.488 Y125.593 E10.82572
G1 X113.456 Y125.057 E10.86992
G1 X113.483 Y124.438 E10.92092
G1 X113.555 Y123.893 E10.96618
G1 X113.693 Y123.32 E11.01469
G1 X113.882 Y122.763 E11.06311
G1 X114.089 Y122.291 E11.10554
G1 X114.345 Y121.819 E11.14974
G1 X114.667 Y121.343 E11.19705
G1 X115.029 Y120.907 E11.2437
G1 X115.437 Y120.492 E11.2916
G1 X115.88 Y120.124 E11.33901
G1 X116.39 Y119.776 E11.38984
G1 X116.828 Y119.531 E11.43115
G1 X117.351 Y119.297 E11.47832
G1 X117.907 Y119.111 E11.52658
G1 X118.447 Y118.983 E11.57226
G1 X119.036 Y118.904 E11.62118
G1 X119.568 Y118.88 E11.66502
G1 X130.441 Y118.88 E12.56007
G1 X130.968 Y118.903 E12.6035
G1 X131.438 Y118.968 E12.64255
G1 X132.088 Y119.109 E12.69731
G1 X132.599 Y119.281 E12.74169
G1 X133.114 Y119.506 E12.78795
G1 X133.626 Y119.785 E12.83595
G1 X134.111 Y120.118 E12.88438
G1 X134.526 Y120.463 E12.92881
G1 X134.944 Y120.878 E12.97729
G1 X135.284 Y121.282 E13.02076
G1 X135.636 Y121.794 E13.07191
G1 X135.897 Y122.264 E13.11616
G1 X136.113 Y122.748 E13.15979
G1 X136.314 Y123.349 E13.21196
G1 X136.432 Y123.858 E13.25497
G1 X136.512 Y124.406 E13.30056
G1 X136.54 Y124.987 E13.34844
G1 X136.513 Y125.558 E13.3955
G1 X136.438 Y126.12 E13.44217
G1 X136.304 Y126.674 E13.48909
G1 X136.122 Y127.218 E13.53631
G1 X135.907 Y127.705 E13.58014
G1 X135.651 Y128.177 E13.62434
G1 X135.329 Y128.653 E13.67165
G1 X134.936 Y129.128 E13.7224
G1 X134.545 Y129.518 E13.76786
G1 X134.116 Y129.876 E13.81385
G1 X133.654 Y130.19 E13.85984
G1 X133.169 Y130.465 E13.90573
G1 X132.645 Y130.699 E13.95297
G1 X132.597 Y130.715 E13.95714
G0 F1080 X132.089 Y130.885
G0 X131.549 Y131.013
G0 F6000 X130.96 Y131.092
G0 X130.428 Y131.116
G0 X126.555 Y131.116
G1 F1200 E13.45714
G1 F1200 Z0.68
G0 F6000 X126.555 Y131.116 Z0.68
G0 X134.853 Y136.245
G1 F1200 Z0.24
G1 F600 E13.95714
G1 F1200 X135.325 Y136.096 E13.99788
G1 X135.804 Y135.894 E14.04068
G1 X136.241 Y135.666 E14.08125
G1 X136.664 Y135.397 E14.12252
G1 X137.071 Y135.087 E14.16463
G1 X137.444 Y134.744 E14.20635
G1 X137.775 Y134.383 E14.24666
G1 X138.085 Y133.976 E14.28878
G1 X138.362 Y133.542 E14.33116
G1 X138.585 Y133.11 E14.37118
G1 X138.78 Y132.637 E14.4133
G1 X138.933 Y132.164 E14.45422
G1 X139.041 Y131.669 E14.49593
G1 X139.105 Y131.184 E14.5362
G1 X139.128 Y130.651 E14.58011
G1 X139.128 Y119.329 E15.51213
G1 X139.105 Y118.805 E15.55531
G1 X139.041 Y118.328 E15.59492
G1 X138.933 Y117.832 E15.63671
G1 X138.777 Y117.347 E15.67865
G1 X138.586 Y116.887 E15.71965
G1 X138.354 Y116.443 E15.76089
G1 X138.085 Y116.02 E15.80215
G1 X137.775 Y115.613 E15.84427
G1 X137.433 Y115.241 E15.88587
G1 X137.067 Y114.909 E15.92654
G1 X136.663 Y114.598 E15.96851
G1 X136.241 Y114.33 E16.00967
G1 X135.796 Y114.098 E16.05098
G1 X135.325 Y113.9 E16.09304
G1 X134.854 Y113.751 E16.1337
G1 X134.357 Y113.643 E16.17557
G1 X133.876 Y113.579 E16.21551
G1 X133.339 Y113.557 E16.25976
G1 X116.657 Y113.556 E17.633
G1 X116.12 Y113.579 E17.67724
G1 X115.639 Y113.643 E17.71719
G1 X115.142 Y113.751 E17.75906
G1 X114.671 Y113.9 E17.79972
G1 X114.2 Y114.098 E17.84178
G1 X113.755 Y114.33 E17.88309
G1 X113.333 Y114.598 E17.92424
G1 X112.929 Y114.909 E17.96621
G1 X112.552 Y115.253 E18.00823
G1 X112.221 Y115.613 E18.04848
G1 X111.911 Y116.02 E18.0906
G1 X111.634 Y116.454 E18.13298
G1 X111.411 Y116.886 E18.173
G1 X111.216 Y117.359 E18.21512
G1 X111.063 Y117.832 E18.25604
G1 X110.955 Y118.328 E18.29783
G1 X110.891 Y118.804 E18.33736
G1 X110.868 Y119.345 E18.38194
G1 X110.868 Y130.666 E19.31387
G1 X110.891 Y131.184 E19.35655
G1 X110.955 Y131.669 E19.39682
G1 X111.063 Y132.164 E19.43853
G1 X111.216 Y132.637 E19.47945
G1 X111.411 Y133.11 E19.52157
G1 X111.634 Y133.542 E19.56159
G1 X111.911 Y133.976 E19.60397
G1 X112.221 Y134.383 E19.64609
G1 X112.552 Y134.744 E19.68641
G1 X112.925 Y135.087 E19.72812
G1 X113.332 Y135.397 E19.77023
G1 X113.755 Y135.666 E19.8115
G1 X114.192 Y135.894 E19.85208
G1 X114.671 Y136.096 E19.89487
G1 X115.142 Y136.245 E19.93553
G1 X115.639 Y136.353 E19.9774
G1 X116.12 Y136.417 E20.01735
G1 X116.657 Y136.44 E20.06159
G1 X133.339 Y136.44 E21.43484
G1 X133.778 Y136.421 E21.47101
G0 F1080 X133.876 Y136.417
G0 X134.357 Y136.353
G0 X134.853 Y136.245
G0 F6000 X135.325 Y136.096
G0 X135.804 Y135.894
G0 X136.241 Y135.666
G0 X136.664 Y135.397
G0 X137.071 Y135.087
G0 X137.444 Y134.744
G0 X137.775 Y134.383
G0 X138.085 Y133.976
G0 X138.362 Y133.542
G0 X138.57 Y133.138
G1 F1200 E20.97101
G0 F6000 X139.529 Y133.636
G0 X138.966 Y134.6
G0 X138.201 Y135.514
G0 X137.287 Y136.279
G0 X136.456 Y136.761
G0 X135.214 Y137.26
G0 X134.641 Y135.447
;TYPE:WALL-INNER
G1 F600 E21.47101
G1 F1200 X135.04 Y135.321 E21.50545
G1 X135.452 Y135.147 E21.54227
G1 X135.828 Y134.951 E21.57717
G1 X136.191 Y134.72 E21.61259
G1 X136.54 Y134.454 E21.64871
G1 X136.859 Y134.161 E21.68437
G1 X137.142 Y133.853 E21.7188
G1 X137.408 Y133.503 E21.75499
G1 X137.647 Y133.129 E21.79153
G1 X137.836 Y132.762 E21.82551
G1 X138.006 Y132.353 E21.86197
G1 X138.136 Y131.949 E21.8969
G1 X138.227 Y131.527 E21.93244
G1 X138.282 Y131.113 E21.96682
G1 X138.303 Y130.633 E22.00637
G1 F1195.7 X138.301 Y126.977 E22.30842
G1 F1117.4 X138.244 Y126.353 E22.36382
G1 F1078.4 X138.268 Y125.581 E22.43457
G1 F1114.9 X138.275 Y124.968 E22.48888
G1 F1108.6 X138.263 Y124.172 E22.55982
G1 F1071.4 X138.244 Y123.658 E22.60724
G1 F1117.4 X138.302 Y123.023 E22.66361
G1 F1198.5 X138.301 Y119.287 E22.97153
G1 F1200 X138.282 Y118.877 E23.00532
G1 X138.228 Y118.47 E23.03911
G1 X138.136 Y118.047 E23.07475
G1 X138.002 Y117.632 E23.11065
G1 X137.837 Y117.236 E23.14596
G1 X137.639 Y116.856 E23.18123
G1 X137.408 Y116.493 E23.21665
G1 X137.142 Y116.144 E23.25278
G1 X136.851 Y115.827 E23.2882
G1 X136.538 Y115.542 E23.32305
G1 X136.189 Y115.275 E23.35922
G1 X135.828 Y115.045 E23.39445
G1 X135.445 Y114.845 E23.43002
G1 X135.041 Y114.675 E23.4661
G1 X134.641 Y114.549 E23.50063
G1 X134.215 Y114.456 E23.53652
G1 X133.804 Y114.402 E23.57064
G1 X133.321 Y114.382 E23.61044
G1 X116.675 Y114.381 E24.98072
G1 X116.192 Y114.402 E25.02051
G1 X115.781 Y114.456 E25.05464
G1 X115.355 Y114.549 E25.09053
G1 X114.955 Y114.675 E25.12505
G1 X114.551 Y114.845 E25.16114
G1 X114.168 Y115.045 E25.1967
G1 X113.807 Y115.274 E25.2319
G1 X113.459 Y115.542 E25.26805
G1 X113.134 Y115.838 E25.30424
G1 X112.854 Y116.143 E25.33832
G1 X112.588 Y116.493 E25.37451
G1 X112.35 Y116.866 E25.41093
G1 X112.159 Y117.234 E25.44506
G1 X111.991 Y117.643 E25.48146
G1 X111.86 Y118.047 E25.51642
G1 X111.768 Y118.47 E25.55206
G1 X111.713 Y118.876 E25.58579
G1 X111.693 Y119.362 E25.62583
G1 X111.693 Y123.019 E25.92687
G1 F1125 X111.75 Y123.717 E25.98836
G1 F1082 X111.728 Y124.416 E26.05221
G1 F1114.9 X111.721 Y125.032 E26.10679
G1 F1086.7 X111.752 Y126.324 E26.22427
G1 F1121.2 X111.693 Y126.989 E26.28309
G1 F1200 X111.693 Y130.648 E26.58429
G1 X111.714 Y131.112 E26.62253
G1 X111.768 Y131.527 E26.65698
G1 X111.86 Y131.949 E26.69253
G1 X111.991 Y132.353 E26.7275
G1 X112.16 Y132.762 E26.76393
G1 X112.35 Y133.129 E26.79795
G1 X112.588 Y133.503 E26.83444
G1 X112.854 Y133.853 E26.87063
G1 X113.136 Y134.161 E26.905
G1 X113.456 Y134.454 E26.94072
G1 X113.805 Y134.72 E26.97684
G1 X114.168 Y134.951 E27.01226
G1 X114.544 Y135.147 E27.04716
G1 X114.956 Y135.321 E27.08398
G1 X115.355 Y135.447 E27.11842
G1 X115.781 Y135.54 E27.15432
G1 X116.192 Y135.594 E27.18844
G1 X116.675 Y135.615 E27.22824
G1 X133.321 Y135.615 E28.59852
G1 X133.564 Y135.604 E28.61854
G0 F1080 X133.804 Y135.594
G0 X134.215 Y135.54
G0 X134.641 Y135.447
G1 F1200 E28.11854
G1 F1200 Z0.68
G0 F6000 X134.641 Y135.447 Z0.68
G0 X132.999 Y131.446
G1 F1200 Z0.24
G1 F600 E28.61854
G1 F1200 X132.281 Y131.687 E28.68089
G1 X131.706 Y131.823 E28.72953
G1 X131.109 Y131.906 E28.77914
G1 X130.486 Y131.94 E28.83051
G1 X119.511 Y131.94 E29.73395
G1 X118.915 Y131.906 E29.7831
G1 X118.393 Y131.831 E29.82651
G1 X117.654 Y131.668 E29.8888
G1 X117.11 Y131.489 E29.93595
G1 X116.541 Y131.241 E29.98704
G1 X115.952 Y130.919 E30.0423
G1 X115.36 Y130.511 E30.10149
G1 X114.972 Y130.191 E30.14289
G1 X114.502 Y129.736 E30.19674
G1 X114.004 Y129.142 E30.26055
G1 X113.64 Y128.602 E30.31415
G1 X113.339 Y128.048 E30.36605
G1 X113.081 Y127.457 E30.41914
G1 F1121.2 X112.689 Y126.258 E30.53028
G1 F1071.4 X112.635 Y125.748 E30.57756
G1 F1107.4 X112.603 Y124.975 E30.64658
G1 F1109.9 X112.628 Y124.325 E30.70447
G1 F1078.4 X112.682 Y123.778 E30.75482
G1 F1125 X113.087 Y122.534 E30.8697
G1 F1200 X113.364 Y121.898 E30.9268
G1 X113.62 Y121.426 E30.971
G1 X113.985 Y120.879 E31.02513
G1 X114.372 Y120.404 E31.07557
G1 X114.88 Y119.883 E31.13547
G1 X115.37 Y119.476 E31.18791
G1 X115.96 Y119.072 E31.24677
G1 X116.46 Y118.792 E31.29394
G1 X116.997 Y118.55 E31.34243
G1 X117.715 Y118.309 E31.40478
G1 X118.29 Y118.173 E31.45342
G1 X118.887 Y118.09 E31.50303
G1 X119.51 Y118.056 E31.55439
G1 X130.424 Y118.055 E32.45282
G1 X131.08 Y118.086 E32.50688
G1 X131.609 Y118.161 E32.55087
G1 X132.278 Y118.303 E32.60716
G1 X132.886 Y118.507 E32.65996
G1 X133.52 Y118.786 E32.71698
G1 X134.045 Y119.074 E32.76627
G1 X134.548 Y119.415 E32.81629
G1 X135.107 Y119.876 E32.87594
G1 X135.575 Y120.347 E32.9306
G1 X135.915 Y120.751 E32.97406
G1 X136.296 Y121.295 E33.02874
G1 X136.6 Y121.828 E33.07925
G1 X136.866 Y122.411 E33.132
G1 F1119.9 X137.306 Y123.727 E33.25439
G1 F1076.1 X137.372 Y124.362 E33.313
G1 F1113.6 X137.393 Y125.025 E33.37184
G1 F1111.1 X137.369 Y125.672 E33.4294
G1 F1074.9 X137.309 Y126.272 E33.48481
G1 F1119.9 X136.878 Y127.55 E33.60378
G1 F1200 X136.631 Y128.098 E33.65326
G1 X136.311 Y128.678 E33.70779
G1 X135.942 Y129.209 E33.76102
G1 X135.519 Y129.711 E33.81506
G1 X135.107 Y130.123 E33.86302
G1 X134.627 Y130.523 E33.91446
G1 X134.116 Y130.874 E33.96549
G1 X133.973 Y130.956 E33.97906
G0 F1080 X133.538 Y131.203
G0 X132.999 Y131.446
G1 F1200 E33.47906
G0 F6000 X132.279 Y129.687
G0 X134.953 Y127.211
G0 X137.506 Y128.074
;TYPE:SKIN
G1 F600 E33.97906
G1 F1200 X137.328 Y128.466 E34.0145
G1 X137.057 Y128.971 E34.06168
G1 X136.958 Y129.128 E34.07696
G1 X136.55 Y129.711 E34.13553
G1 X136.182 Y130.154 E34.18294
G1 X135.643 Y130.7 E34.2461
G1 X135.097 Y131.157 E34.30471
G1 X134.543 Y131.535 E34.35992
G1 X133.889 Y131.909 E34.42194
G1 X133.287 Y132.182 E34.47635
G1 X132.611 Y132.412 E34.53513
G1 X131.839 Y132.602 E34.60058
G1 X131.032 Y132.704 E34.66754
G1 X130.423 Y132.732 E34.71772
G1 X119.472 Y132.728 E35.6192
G1 X118.796 Y132.688 E35.67494
G1 X118.244 Y132.608 E35.72086
G1 X117.617 Y132.476 E35.7736
G1 X117.419 Y132.422 E35.79049
G1 X116.839 Y132.231 E35.84076
G1 X116.094 Y131.904 E35.90774
G1 X115.518 Y131.58 E35.96214
G1 X114.878 Y131.139 E36.02612
G1 X114.446 Y130.782 E36.07225
G1 X113.946 Y130.302 E36.12931
G1 X113.466 Y129.745 E36.18984
G1 X113.006 Y129.083 E36.2562
G1 X112.626 Y128.391 E36.32119
G1 X112.483 Y128.074 E36.34981
G1 X112.484 Y130.645 E36.56145
G1 X112.497 Y131.01 E36.59152
G1 X112.543 Y131.385 E36.62262
G1 X112.618 Y131.731 E36.65176
G1 X112.732 Y132.077 E36.68175
G1 X112.878 Y132.434 E36.7135
G1 X113.03 Y132.726 E36.7406
G1 X113.231 Y133.044 E36.77157
G1 X113.456 Y133.337 E36.80198
G1 X113.692 Y133.592 E36.83058
G1 X113.966 Y133.848 E36.86145
G1 X114.261 Y134.07 E36.89184
G1 X114.56 Y134.263 E36.92114
G1 X114.871 Y134.426 E36.95004
G1 X115.235 Y134.577 E36.98248
G1 X115.559 Y134.681 E37.01049
G1 X115.916 Y134.757 E37.04054
G1 X116.254 Y134.805 E37.06864
G1 X116.693 Y134.824 E37.10482
G1 X133.299 Y134.824 E38.4718
G1 X133.742 Y134.805 E38.5083
G1 X134.074 Y134.758 E38.5359
G1 X134.439 Y134.677 E38.56668
G1 X134.758 Y134.58 E38.59413
G1 X135.115 Y134.427 E38.6261
G1 X135.426 Y134.266 E38.65493
G1 X135.736 Y134.069 E38.68517
G1 X136.026 Y133.847 E38.71523
G1 X136.303 Y133.592 E38.74622
G1 X136.535 Y133.339 E38.77448
G1 X136.757 Y133.048 E38.80461
G1 X136.962 Y132.726 E38.83603
G1 X137.114 Y132.433 E38.86321
G1 X137.264 Y132.073 E38.89531
G1 X137.373 Y131.732 E38.92478
G1 X137.449 Y131.385 E38.95402
G1 X137.492 Y131.048 E38.98199
G1 X137.511 Y130.596 E39.01923
G1 X137.506 Y128.074 E39.22684
G1 F1200 E38.72684
G0 F6000 X136.692 Y130.81
G1 F600 E39.22684
G1 F1200 X136.667 Y130.834 E39.22969
G1 X136.205 Y131.303 E39.28388
G1 X136.078 Y131.411 E39.29761
G1 X136.481 Y131.814 E39.34452
G1 X136.372 Y132.076 E39.36788
G1 X136.242 Y132.324 E39.39093
G1 X136.079 Y132.579 E39.41585
G1 X135.429 Y131.929 E39.49152
G1 X134.985 Y132.231 E39.53572
G1 X134.718 Y132.385 E39.56109
G1 X135.523 Y133.19 E39.65481
G1 X135.26 Y133.395 E39.68226
G1 X135.011 Y133.554 E39.70658
G1 X134.819 Y133.652 E39.72432
G1 X133.951 Y132.785 E39.82531
G1 X133.572 Y132.956 E39.85954
G1 X133.112 Y133.112 E39.89953
G1 X133.943 Y133.943 E39.99627
G1 X133.671 Y133.983 E40.0189
G1 X133.272 Y134 E40.05177
G1 X132.834 Y134 E40.08783
G1 X132.196 Y133.363 E40.16205
G1 X131.986 Y133.414 E40.17983
G1 X131.184 Y133.517 E40.2464
G1 X131.667 Y134 E40.30263
G1 X130.5 Y134 E40.39869
G1 X130.055 Y133.556 E40.45044
G1 X128.889 Y133.556 E40.54642
G1 X129.333 Y134 E40.59811
G1 X128.167 Y134 E40.6941
G1 X127.721 Y133.555 E40.74596
G1 X126.554 Y133.554 E40.84203
G1 X127 Y134 E40.89395
G1 X125.833 Y134 E40.99001
G1 X125.386 Y133.553 E41.04205
G1 X124.22 Y133.553 E41.13803
G1 X124.666 Y134 E41.19001
G1 X123.5 Y134 E41.286
G1 X123.052 Y133.553 E41.33809
G1 X121.885 Y133.552 E41.43416
G1 X122.333 Y134 E41.48632
G1 X121.166 Y134 E41.58238
G1 X120.717 Y133.551 E41.63465
G1 X119.551 Y133.551 E41.73064
G1 X120 Y134 E41.78291
G1 X118.833 Y134 E41.87897
G1 X118.278 Y133.445 E41.94358
G1 X118.114 Y133.422 E41.95722
G1 X117.434 Y133.28 E42.0144
G1 X117.192 Y133.214 E42.03505
G1 X116.727 Y133.061 E42.07535
G1 X117.666 Y134 E42.18466
G1 X116.737 Y134 E42.26114
G1 X116.488 Y133.989 E42.28165
G1 X113.766 Y131.267 E42.59854
G1 X113.303 Y130.819 E42.65157
G1 X113.356 Y131.243 E42.68675
G1 X113.415 Y131.515 E42.70966
G1 X113.507 Y131.796 E42.734
G1 X113.626 Y132.089 E42.76003
G1 X113.744 Y132.313 E42.78087
G1 X113.918 Y132.586 E42.80752
G1 X114.703 Y133.37 E42.89885
G1 F1200 E42.39885
G1 F1200 Z0.68
G0 F6000 X114.703 Y133.37 Z0.68
G0 X137.509 Y121.915
G1 F1200 Z0.24
G1 F600 E42.89885
G1 F1200 X137.51 Y119.323 E43.11222
G1 X137.493 Y118.938 E43.14395
G1 X137.445 Y118.6 E43.17205
G1 X137.373 Y118.259 E43.20074
G1 X137.257 Y117.899 E43.23187
G1 X137.122 Y117.575 E43.26077
G1 X136.951 Y117.247 E43.29122
G1 X136.762 Y116.953 E43.31999
G1 X136.536 Y116.658 E43.35058
G1 X136.288 Y116.388 E43.38076
G1 X136.022 Y116.145 E43.41042
G1 X135.727 Y115.918 E43.44106
G1 X135.436 Y115.733 E43.46944
G1 X135.112 Y115.562 E43.4996
G1 X134.759 Y115.416 E43.53105
G1 X134.437 Y115.315 E43.55883
G1 X134.076 Y115.235 E43.58927
G1 X133.74 Y115.192 E43.61715
G1 X133.299 Y115.172 E43.65349
G1 X116.693 Y115.172 E45.02048
G1 X116.252 Y115.191 E45.05681
G1 X115.92 Y115.235 E45.08438
G1 X115.555 Y115.315 E45.11514
G1 X115.233 Y115.416 E45.14292
G1 X114.881 Y115.562 E45.17429
G1 X114.56 Y115.733 E45.20423
G1 X114.265 Y115.918 E45.2329
G1 X113.974 Y116.144 E45.26323
G1 X113.687 Y116.405 E45.29516
G1 X113.457 Y116.654 E45.32306
G1 X113.239 Y116.941 E45.35273
G1 X113.029 Y117.267 E45.38465
G1 X112.876 Y117.564 E45.41216
G1 X112.731 Y117.923 E45.44403
G1 X112.618 Y118.262 E45.47344
G1 X112.543 Y118.612 E45.50291
G1 X112.5 Y118.934 E45.52965
G1 X112.484 Y119.414 E45.56919
G1 X112.484 Y121.927 E45.77605
G1 X112.665 Y121.523 E45.8125
G1 X112.946 Y121.008 E45.86079
G1 X113.418 Y120.312 E45.93002
G1 X113.775 Y119.883 E45.97596
G1 X114.359 Y119.284 E46.04483
G1 X114.971 Y118.784 E46.10988
G1 X115.57 Y118.38 E46.16936
G1 X116.084 Y118.093 E46.21782
G1 X116.679 Y117.82 E46.27171
G1 X117.383 Y117.579 E46.33296
G1 X118.17 Y117.391 E46.39957
G1 X118.96 Y117.288 E46.46515
G1 X119.492 Y117.264 E46.50899
G1 X130.505 Y117.264 E47.41557
G1 X131.198 Y117.3 E47.47269
G1 X131.781 Y117.388 E47.52123
G1 X132.398 Y117.518 E47.57313
G1 X132.611 Y117.578 E47.59135
G1 X133.269 Y117.807 E47.6487
G1 X133.897 Y118.089 E47.70537
G1 X134.413 Y118.37 E47.75374
G1 X135.123 Y118.856 E47.82456
G1 X135.644 Y119.296 E47.8807
G1 X136.152 Y119.804 E47.93984
G1 X136.644 Y120.399 E48.0034
G1 X137.032 Y120.983 E48.06111
G1 X137.37 Y121.599 E48.11895
G1 X137.509 Y121.915 E48.14737
G1 F1200 E47.64737
G0 F6000 X136.064 Y117.397
G1 F600 E48.14737
G1 F1200 X135.285 Y116.617 E48.23812
G0 F6000 X136.064 Y117.397
G1 F1200 X136.239 Y117.66 E48.26412
G1 X136.371 Y117.914 E48.28769
G1 X136.485 Y118.189 E48.31219
G1 X136.577 Y118.474 E48.33685
G1 X136.632 Y118.737 E48.35896
G1 X136.696 Y119.183 E48.39605
G1 X136.214 Y118.702 E48.45211
G1 X136.14 Y118.639 E48.46011
G1 X133.508 Y116.007 E48.76652
G1 X133.271 Y115.996 E48.78605
G1 X132.33 Y115.996 E48.86351
G1 X133.271 Y116.936 E48.973
G1 X132.819 Y116.779 E49.01239
G1 X132.606 Y116.721 E49.03056
G1 X131.938 Y116.58 E49.08676
G1 X131.712 Y116.545 E49.10559
G1 X131.163 Y115.996 E49.1695
G1 X129.997 Y115.996 E49.26548
G1 X130.441 Y116.44 E49.31717
G1 X129.274 Y116.44 E49.41324
G1 X128.83 Y115.996 E49.46493
G1 X127.663 Y115.996 E49.56099
G1 X128.107 Y116.44 E49.61268
G1 X126.941 Y116.44 E49.70866
G1 X126.496 Y115.996 E49.76041
G1 X125.33 Y115.996 E49.8564
G1 X125.774 Y116.44 E49.90808
G1 X124.607 Y116.44 E50.00415
G1 X124.163 Y115.996 E50.05584
G1 X122.996 Y115.996 E50.15191
G1 X123.44 Y116.44 E50.20359
G1 X122.274 Y116.44 E50.29958
G1 X121.83 Y115.996 E50.35127
G1 X120.663 Y115.996 E50.44733
G1 X121.107 Y116.44 E50.49902
G1 X119.94 Y116.44 E50.59509
G1 X119.496 Y115.996 E50.64678
G1 X118.329 Y115.996 E50.74284
G1 X118.811 Y116.477 E50.7989
G1 X117.952 Y116.593 E50.87025
G1 X117.797 Y116.63 E50.88337
G1 X117.163 Y115.996 E50.95718
G1 X116.72 Y115.996 E50.99364
G1 X116.313 Y116.014 E51.02718
G1 X116.05 Y116.05 E51.04903
G1 X116.879 Y116.879 E51.14554
G1 X116.365 Y117.057 E51.19032
G1 X116.04 Y117.206 E51.21975
G1 X115.174 Y116.34 E51.32057
G1 X114.98 Y116.442 E51.33861
G1 X114.741 Y116.593 E51.36188
G1 X114.473 Y116.806 E51.39006
G1 X115.27 Y117.603 E51.48285
G1 X115.152 Y117.67 E51.49402
G1 X114.565 Y118.066 E51.55231
G1 X113.914 Y117.414 E51.62815
G1 X113.747 Y117.673 E51.65352
G1 X113.626 Y117.908 E51.67528
G1 X113.515 Y118.182 E51.69961
G1 X113.915 Y118.582 E51.74618
G1 X113.82 Y118.66 E51.7563
G1 X113.329 Y119.162 E51.8141
G1 F1200 E51.3141
G1 F1200 Z0.68
;MESH:NONMESH
G0 F6000 X113.329 Y119.162 Z0.68
G0 X131.465 Y130.515
;TIME_ELAPSED:38.312273
;LAYER:1
M106 S12.8
M204 S2375
;MESH:new-rear-port-cover.stl
G0 F7500 X131.465 Y130.515 Z0.88
M204 S2125
;TYPE:WALL-OUTER
G1 F1200 Z0.44
G1 F600 E51.8141
G1 F1500 X130.948 Y130.59 E51.84277
G1 X130.419 Y130.614 E51.87183
G1 X119.56 Y130.61 E52.46777
G1 X119.022 Y130.583 E52.49733
G1 X118.503 Y130.51 E52.52609
G1 X118.074 Y130.407 E52.5503
G1 X117.586 Y130.249 E52.57845
G1 X117.083 Y130.029 E52.60858
G1 X116.617 Y129.769 E52.63787
G1 X116.187 Y129.475 E52.66645
G1 X115.786 Y129.141 E52.69509
G1 X115.478 Y128.834 E52.71896
G1 X115.117 Y128.413 E52.7494
G1 X114.817 Y127.98 E52.7783
G1 X114.554 Y127.514 E52.80767
G1 X114.334 Y127.012 E52.83775
G1 X114.178 Y126.54 E52.86503
G1 X114.05 Y126.009 E52.89501
G1 X113.978 Y125.458 E52.9255
G1 X113.962 Y125.029 E52.94906
G1 X113.98 Y124.508 E52.97767
G1 X114.048 Y123.996 E53.00601
G1 X114.178 Y123.456 E53.0365
G1 X114.342 Y122.965 E53.0649
G1 X114.554 Y122.489 E53.0935
G1 X114.777 Y122.08 E53.11907
G1 X115.069 Y121.645 E53.14782
G1 X115.413 Y121.231 E53.17736
G1 X115.773 Y120.867 E53.20545
G1 X116.183 Y120.525 E53.23475
G1 X116.644 Y120.21 E53.2654
G1 X117.105 Y119.958 E53.29423
G1 X117.507 Y119.78 E53.31836
G1 X117.997 Y119.611 E53.3468
G1 X118.531 Y119.481 E53.37696
G1 X119.019 Y119.409 E53.40403
G1 X119.575 Y119.386 E53.43457
G1 X130.436 Y119.382 E54.03062
G1 X130.977 Y119.409 E54.06034
G1 X131.465 Y119.481 E54.08741
G1 X131.924 Y119.586 E54.11325
G1 X132.41 Y119.747 E54.14135
G1 X132.911 Y119.966 E54.17136
G1 X133.38 Y120.224 E54.20073
G1 X133.809 Y120.521 E54.22937
G1 X134.214 Y120.855 E54.25818
G1 X134.518 Y121.158 E54.28173
G1 X134.86 Y121.557 E54.31057
G1 X135.18 Y122.013 E54.34114
G1 X135.428 Y122.453 E54.36886
G1 X135.666 Y122.984 E54.4008
G1 X135.83 Y123.485 E54.42973
G1 X135.948 Y124 E54.45872
G1 X136.016 Y124.508 E54.48685
G1 X136.034 Y124.967 E54.51206
G1 X136.016 Y125.488 E54.54067
G1 X135.946 Y126.009 E54.56952
G1 X135.821 Y126.542 E54.59956
G1 X135.65 Y127.047 E54.62882
G1 X135.442 Y127.512 E54.65677
G1 X135.233 Y127.889 E54.68043
G1 X134.928 Y128.349 E54.71072
G1 X134.583 Y128.769 E54.74055
G1 X134.207 Y129.147 E54.76981
G1 X133.79 Y129.49 E54.79944
G1 X133.352 Y129.785 E54.82842
G1 X133.004 Y129.976 E54.85021
G0 F1350 X132.891 Y130.038
G0 X132.489 Y130.216
G0 X131.999 Y130.385
G0 X131.465 Y130.515
M204 S2375
G0 F7500 X130.948 Y130.59
G0 X130.419 Y130.614
G0 X126.471 Y130.613
G1 F1200 E54.35021
G1 F1200 Z0.88
G0 F7500 X126.471 Y130.613 Z0.88
G0 X134.407 Y136.63
M204 S2500
G1 F1200 Z0.44
G1 F600 E54.85021
G1 F2400 X134.931 Y136.516 E54.87963
G1 X135.427 Y136.361 E54.90815
G1 X135.912 Y136.16 E54.93696
G1 X136.389 Y135.91 E54.96652
G1 X136.825 Y135.63 E54.99496
G1 X137.244 Y135.306 E55.02402
G1 X137.642 Y134.945 E55.05351
G1 X137.998 Y134.556 E55.08245
G1 X138.317 Y134.135 E55.11144
G1 X138.602 Y133.69 E55.14044
G1 X138.844 Y133.224 E55.16925
G1 X139.045 Y132.739 E55.19807
G1 X139.2 Y132.246 E55.22643
G1 X139.318 Y131.718 E55.25612
G1 X139.386 Y131.207 E55.28441
G1 X139.41 Y130.664 E55.31424
G1 X139.408 Y119.266 E55.93975
G1 X139.387 Y118.789 E55.96595
G1 X139.318 Y118.278 E55.99425
G1 X139.2 Y117.75 E56.02394
G1 X139.045 Y117.253 E56.05251
G1 X138.845 Y116.769 E56.08125
G1 X138.594 Y116.295 E56.11069
G1 X138.317 Y115.861 E56.13894
G1 X137.998 Y115.441 E56.16789
G1 X137.63 Y115.042 E56.19768
G1 X137.243 Y114.685 E56.22657
G1 X136.822 Y114.363 E56.25566
G1 X136.39 Y114.087 E56.28379
G1 X135.908 Y113.836 E56.31361
G1 X135.422 Y113.635 E56.34248
G1 X134.931 Y113.48 E56.37073
G1 X134.407 Y113.366 E56.40016
G1 X133.895 Y113.298 E56.42851
G1 X133.348 Y113.275 E56.45855
G1 X116.648 Y113.274 E57.37504
G1 X116.101 Y113.298 E57.40508
G1 X115.589 Y113.366 E57.43343
G1 X115.065 Y113.48 E57.46286
G1 X114.573 Y113.635 E57.49117
G1 X114.088 Y113.836 E57.51998
G1 X113.606 Y114.086 E57.54978
G1 X113.174 Y114.363 E57.57794
G1 X112.753 Y114.686 E57.60706
G1 X112.354 Y115.05 E57.6367
G1 X111.998 Y115.44 E57.66568
G1 X111.679 Y115.861 E57.69467
G1 X111.394 Y116.306 E57.72367
G1 X111.152 Y116.772 E57.75248
G1 X110.951 Y117.258 E57.78135
G1 X110.796 Y117.75 E57.80965
G1 X110.678 Y118.278 E57.83935
G1 X110.61 Y118.789 E57.86764
G1 X110.586 Y119.332 E57.89746
G1 X110.586 Y130.668 E58.51957
G1 X110.609 Y131.207 E58.54918
G1 X110.678 Y131.718 E58.57748
G1 X110.796 Y132.246 E58.60717
G1 X110.951 Y132.738 E58.63548
G1 X111.152 Y133.224 E58.66434
G1 X111.394 Y133.69 E58.69316
G1 X111.679 Y134.135 E58.72216
G1 X111.998 Y134.556 E58.75115
G1 X112.354 Y134.945 E58.78008
G1 X112.752 Y135.306 E58.80957
G1 X113.171 Y135.63 E58.83864
G1 X113.607 Y135.91 E58.86708
G1 X114.084 Y136.16 E58.89663
G1 X114.569 Y136.361 E58.92544
G1 X115.065 Y136.516 E58.95396
G1 X115.589 Y136.63 E58.98339
G1 X116.101 Y136.698 E59.01174
G1 X116.648 Y136.722 E59.04178
G1 X132.776 Y136.722 E59.92688
G0 F2160 X133.348 Y136.722
G0 X133.895 Y136.698
G0 X134.407 Y136.63
M204 S2375
G0 F7500 X134.931 Y136.516
G0 X135.427 Y136.361
G0 X135.912 Y136.16
G0 X136.389 Y135.91
G0 X136.825 Y135.63
G0 X137.244 Y135.306
G0 X137.642 Y134.945
G0 X137.998 Y134.556
G0 X138.317 Y134.135
G0 X138.446 Y133.933
G1 F1200 E59.42688
G0 F7500 X139.131 Y134.714
G0 X138.342 Y135.655
G0 X137.401 Y136.444
G0 X136.339 Y137.059
G0 X134.651 Y137.597
G0 X134.293 Y135.979
M204 S3500
;TYPE:WALL-INNER
G1 F600 E59.92688
G1 F2400 X134.762 Y135.878 E59.9532
G1 X135.202 Y135.74 E59.97851
G1 X135.632 Y135.562 E60.00405
G1 X136.057 Y135.339 E60.03039
G1 X136.444 Y135.09 E60.05564
G1 X136.82 Y134.8 E60.0817
G1 X137.176 Y134.477 E60.10808
G1 X137.49 Y134.134 E60.1336
G1 X137.775 Y133.757 E60.15954
G1 X138.03 Y133.359 E60.18548
G1 X138.245 Y132.945 E60.21108
G1 X138.424 Y132.513 E60.23674
G1 X138.562 Y132.074 E60.262
G1 X138.668 Y131.602 E60.28855
G1 X138.728 Y131.149 E60.31362
G1 X138.75 Y130.65 E60.34104
G1 X138.75 Y119.386 E60.95919
G1 X138.729 Y118.847 E60.9888
G1 X138.668 Y118.394 E61.01388
G1 X138.562 Y117.92 E61.04054
G1 X138.424 Y117.478 E61.06595
G1 X138.247 Y117.05 E61.09137
G1 X138.023 Y116.627 E61.11763
G1 X137.775 Y116.239 E61.1429
G1 X137.491 Y115.865 E61.16868
G1 X137.163 Y115.509 E61.19524
G1 X136.818 Y115.191 E61.22099
G1 X136.442 Y114.904 E61.24695
G1 X136.059 Y114.659 E61.2719
G1 X135.629 Y114.435 E61.29851
G1 X135.196 Y114.256 E61.32422
G1 X134.761 Y114.118 E61.34927
G1 X134.293 Y114.017 E61.37554
G1 X133.837 Y113.956 E61.40079
G1 X133.334 Y113.935 E61.42842
G1 X116.662 Y113.934 E62.34336
G1 X116.159 Y113.956 E62.371
G1 X115.703 Y114.017 E62.39624
G1 X115.235 Y114.118 E62.42252
G1 X114.799 Y114.256 E62.44762
G1 X114.367 Y114.434 E62.47326
G1 X113.937 Y114.658 E62.49986
G1 X113.554 Y114.904 E62.52485
G1 X113.177 Y115.192 E62.55088
G1 X112.822 Y115.517 E62.57729
G1 X112.506 Y115.862 E62.60297
G1 X112.221 Y116.239 E62.62891
G1 X111.966 Y116.637 E62.65485
G1 X111.75 Y117.051 E62.68047
G1 X111.572 Y117.484 E62.70616
G1 X111.434 Y117.922 E62.73137
G1 X111.328 Y118.394 E62.75792
G1 X111.268 Y118.847 E62.78299
G1 X111.246 Y119.346 E62.8104
G1 X111.246 Y130.654 E63.43098
G1 X111.267 Y131.149 E63.45817
G1 X111.328 Y131.602 E63.48325
G1 X111.434 Y132.074 E63.5098
G1 X111.572 Y132.512 E63.535
G1 X111.751 Y132.945 E63.56072
G1 X111.966 Y133.359 E63.58632
G1 X112.221 Y133.757 E63.61226
G1 X112.506 Y134.134 E63.63819
G1 X112.82 Y134.477 E63.66371
G1 X113.176 Y134.8 E63.69009
G1 X113.552 Y135.09 E63.71615
G1 X113.939 Y135.339 E63.74141
G1 X114.364 Y135.562 E63.76775
G1 X114.794 Y135.74 E63.79329
G1 X115.234 Y135.877 E63.81858
G1 X115.703 Y135.979 E63.84492
G1 X116.159 Y136.04 E63.87016
G1 X116.662 Y136.062 E63.8978
G1 X132.661 Y136.062 E64.77581
G0 F2160 X133.334 Y136.062
G0 X133.837 Y136.04
G0 X134.293 Y135.979
M204 S2375
G1 F1200 E64.27581
G1 F1200 Z0.88
G0 F7500 X134.293 Y135.979 Z0.88
G0 X132.768 Y130.816
G1 F1200 Z0.44
G1 F600 E64.77581
G1 F1500 X132.157 Y131.026 E64.81126
G1 X131.562 Y131.168 E64.84483
G1 X131.078 Y131.24 E64.87169
G1 X130.419 Y131.274 E64.9079
G1 X119.575 Y131.271 E65.50301
G1 X119.021 Y131.246 E65.53345
G1 X118.351 Y131.152 E65.57058
G1 X117.872 Y131.035 E65.59764
G1 X117.35 Y130.865 E65.62776
G1 X116.784 Y130.618 E65.66165
G1 X116.304 Y130.351 E65.6918
G1 X115.786 Y129.999 E65.72617
G1 X115.303 Y129.593 E65.76079
G1 X115.011 Y129.301 E65.78346
G1 X114.575 Y128.79 E65.82032
G1 X114.243 Y128.306 E65.85253
G1 X113.95 Y127.78 E65.88557
G1 X113.708 Y127.219 E65.9191
G1 X113.529 Y126.668 E65.9509
G1 X113.4 Y126.123 E65.98163
G1 X113.318 Y125.484 E66.01699
G1 X113.302 Y125.007 E66.04318
G1 X113.326 Y124.421 E66.07537
G1 X113.413 Y123.807 E66.1094
G1 X113.529 Y123.327 E66.1365
G1 X113.739 Y122.697 E66.17294
G1 X113.986 Y122.15 E66.20588
G1 X114.228 Y121.714 E66.23325
G1 X114.56 Y121.225 E66.26568
G1 X114.944 Y120.767 E66.29848
G1 X115.375 Y120.338 E66.33186
G1 X115.783 Y120 E66.36093
G1 X116.326 Y119.632 E66.39693
G1 X116.787 Y119.379 E66.42579
G1 X117.228 Y119.18 E66.45234
G1 X117.839 Y118.97 E66.4878
G1 X118.409 Y118.832 E66.51998
G1 X119.028 Y118.746 E66.55428
G1 X119.537 Y118.726 E66.58223
G1 X130.467 Y118.723 E67.18206
G1 X131.073 Y118.756 E67.21537
G1 X131.636 Y118.842 E67.24662
G1 X132.131 Y118.959 E67.27454
G1 X132.603 Y119.115 E67.30182
G1 X133.227 Y119.386 E67.33915
G1 X133.69 Y119.639 E67.36811
G1 X134.209 Y119.996 E67.40268
G1 X134.648 Y120.358 E67.43391
G1 X135.04 Y120.752 E67.46441
G1 X135.362 Y121.129 E67.49162
G1 X135.755 Y121.689 E67.52916
G1 X136.003 Y122.129 E67.55688
G1 X136.292 Y122.777 E67.59582
G1 X136.473 Y123.336 E67.62806
G1 X136.602 Y123.912 E67.66046
G1 X136.678 Y124.512 E67.69365
G1 X136.694 Y124.989 E67.71984
G1 X136.67 Y125.576 E67.75208
G1 X136.596 Y126.123 E67.78237
G1 X136.473 Y126.66 E67.81261
G1 X136.287 Y127.228 E67.84541
G1 X136.044 Y127.782 E67.87861
G1 X135.771 Y128.274 E67.90948
G1 X135.439 Y128.767 E67.9421
G1 X135.084 Y129.199 E67.97279
G1 X134.701 Y129.589 E68.00279
G1 X134.207 Y130.002 E68.03812
G1 X134.19 Y130.014 E68.03926
G0 F1350 X133.72 Y130.335
G0 X133.216 Y130.614
G0 X132.768 Y130.816
G0 F7500 X131.697 Y131.782
;TYPE:SKIN
G1 F1200 X130.998 Y131.874 E68.07796
G1 X130.412 Y131.898 E68.11014
G1 X119.561 Y131.898 E68.70564
G1 X118.836 Y131.855 E68.74549
G1 X118.203 Y131.761 E68.78061
G1 X117.671 Y131.627 E68.81072
G1 X117.115 Y131.447 E68.84279
G1 X116.487 Y131.169 E68.88048
G1 X115.954 Y130.873 E68.91394
G1 X115.357 Y130.459 E68.95381
G1 X114.914 Y130.09 E68.98545
G1 X114.57 Y129.746 E69.01215
G1 X114.059 Y129.147 E69.05536
G1 X113.711 Y128.639 E69.08915
G1 X113.369 Y128.02 E69.12796
G1 X113.109 Y127.418 E69.16395
G1 F1090.9 X112.719 Y126.263 E69.23754
G1 F1033.9 X112.652 Y125.538 E69.28392
G1 F1076.1 X112.639 Y125.012 E69.31612
G1 X112.652 Y124.467 E69.34948
G1 F1036.6 X112.715 Y123.773 E69.39375
G1 F1093.9 X113.163 Y122.439 E69.47846
G1 F1200 X113.43 Y121.852 E69.51385
G1 X113.69 Y121.38 E69.54343
G1 X114.072 Y120.83 E69.58018
G1 X114.442 Y120.379 E69.61219
G1 X114.945 Y119.877 E69.65119
G1 X115.408 Y119.496 E69.68409
G1 X115.901 Y119.155 E69.71699
G1 X116.494 Y118.821 E69.75434
G1 X116.975 Y118.603 E69.78332
G1 X117.66 Y118.367 E69.82308
G1 X118.306 Y118.213 E69.85953
G1 X119.008 Y118.118 E69.89841
G1 X119.579 Y118.098 E69.92976
G1 X130.492 Y118.094 E70.52866
G1 X131.031 Y118.121 E70.55828
G1 X131.679 Y118.213 E70.59419
G1 X132.208 Y118.33 E70.62393
G1 X132.911 Y118.562 E70.66455
G1 X133.53 Y118.837 E70.70172
G1 X134.002 Y119.094 E70.73122
G1 X134.594 Y119.501 E70.77064
G1 X135.075 Y119.899 E70.80491
G1 X135.503 Y120.331 E70.83828
G1 X135.852 Y120.738 E70.8677
G1 X136.216 Y121.242 E70.90182
G1 X136.562 Y121.848 E70.94012
G1 X136.878 Y122.552 E70.98247
G1 X137.041 Y123.039 E71.01065
G1 F1097 X137.28 Y123.81 E71.05911
G1 F1033.9 X137.334 Y124.332 E71.09253
G1 F1070.3 X137.354 Y124.966 E71.13156
G1 X137.335 Y125.658 E71.17416
G1 F1032.6 X137.277 Y126.24 E71.21146
G1 F1093.9 X136.821 Y127.577 E71.2965
G1 F1200 X136.556 Y128.159 E71.3316
G1 X136.293 Y128.622 E71.36082
G1 X135.928 Y129.158 E71.39641
G1 X135.539 Y129.629 E71.42993
G1 X135.053 Y130.117 E71.46773
G1 X134.517 Y130.553 E71.50565
G1 X134.057 Y130.864 E71.53612
G1 X133.491 Y131.178 E71.57164
G1 X132.995 Y131.401 E71.60148
G1 X132.307 Y131.633 E71.64133
G1 X131.697 Y131.782 E71.67579
G1 F1200 E71.17579
G0 F7500 X134.59 Y135.268
G1 F600 E71.67579
G1 F1200 X134.993 Y135.144 E71.69893
G1 X135.36 Y134.996 E71.72065
G1 X135.732 Y134.799 E71.74375
G1 X136.085 Y134.57 E71.76684
G1 X136.411 Y134.319 E71.78942
G1 X136.734 Y134.025 E71.81339
G1 X137.01 Y133.724 E71.8358
G1 X137.284 Y133.364 E71.86063
G1 X137.488 Y133.036 E71.88183
G1 X137.673 Y132.679 E71.90389
G1 X137.837 Y132.291 E71.92701
G1 X137.952 Y131.915 E71.94859
G1 X138.05 Y131.481 E71.973
G1 X138.102 Y131.098 E71.99422
G1 X138.122 Y130.633 E72.01976
G1 X138.122 Y127.046 E72.21661
G1 F1093.9 X138.059 Y126.308 E72.2612
G1 F1032.6 X138.079 Y125.708 E72.29949
G1 F1070.3 X138.086 Y124.921 E72.34791
G1 F1073.2 X138.08 Y124.353 E72.38277
G1 F1036.6 X138.06 Y123.757 E72.42065
G1 F1097 X138.122 Y122.95 E72.46925
G1 F1200 X138.122 Y119.415 E72.66324
G1 X138.102 Y118.893 E72.69191
G1 X138.05 Y118.511 E72.71307
G1 X137.953 Y118.075 E72.73758
G1 X137.829 Y117.685 E72.76004
G1 X137.68 Y117.32 E72.78168
G1 X137.483 Y116.948 E72.80478
G1 X137.253 Y116.594 E72.82794
G1 X137.009 Y116.271 E72.85016
G1 X136.714 Y115.946 E72.87425
G1 X136.407 Y115.665 E72.89709
G1 X136.083 Y115.416 E72.91951
G1 X135.743 Y115.203 E72.94153
G1 X135.356 Y115 E72.96551
G1 X134.974 Y114.843 E72.98818
G1 X134.601 Y114.724 E73.00966
G1 X134.179 Y114.63 E73.03339
G1 X133.789 Y114.582 E73.05496
G1 X133.317 Y114.562 E73.08088
G1 X116.677 Y114.558 E73.99407
G1 X116.205 Y114.581 E74.02001
G1 X115.813 Y114.63 E74.04169
G1 X115.391 Y114.723 E74.0654
G1 X115.017 Y114.843 E74.08696
G1 X114.632 Y115 E74.10977
G1 X114.258 Y115.199 E74.13302
G1 X113.906 Y115.419 E74.1558
G1 X113.585 Y115.669 E74.17813
G1 X113.258 Y115.966 E74.20237
G1 X112.982 Y116.268 E74.22483
G1 X112.709 Y116.627 E74.24958
G1 X112.507 Y116.956 E74.27076
G1 X112.316 Y117.32 E74.29332
G1 X112.159 Y117.701 E74.31594
G1 X112.039 Y118.079 E74.3377
G1 X111.942 Y118.51 E74.36195
G1 X111.893 Y118.893 E74.38314
G1 X111.87 Y119.361 E74.40885
G1 F1192.8 X111.874 Y123.07 E74.61363
G1 F1087.9 X111.936 Y123.686 E74.65111
G1 F1036.6 X111.912 Y124.422 E74.69789
G1 F1070.3 X111.911 Y125.516 E74.76521
G1 F1035.3 X111.938 Y126.354 E74.81854
G1 F1090.9 X111.873 Y126.998 E74.85761
G1 F1198.2 X111.875 Y130.725 E75.06246
G1 F1200 X111.89 Y131.099 E75.083
G1 X111.942 Y131.481 E75.10416
G1 X112.039 Y131.913 E75.12845
G1 X112.159 Y132.291 E75.15022
G1 X112.316 Y132.675 E75.17299
G1 X112.506 Y133.033 E75.19523
G1 X112.736 Y133.396 E75.21881
G1 X112.983 Y133.725 E75.24139
G1 X113.258 Y134.026 E75.26376
G1 X113.58 Y134.318 E75.28762
G1 X113.907 Y134.57 E75.31027
G1 X114.259 Y134.798 E75.33329
G1 X114.632 Y134.992 E75.35636
G1 X115.013 Y135.149 E75.37898
G1 X115.389 Y135.268 E75.40062
G1 X115.81 Y135.358 E75.42425
G1 X116.206 Y135.414 E75.4462
G1 X116.675 Y135.433 E75.47196
G1 X133.317 Y135.434 E76.38526
G1 X133.787 Y135.414 E76.41107
G1 X134.177 Y135.362 E76.43266
G1 X134.59 Y135.268 E76.45591
G1 F1200 E75.95591
G0 F7500 X135.085 Y137.501
G0 X133.975 Y137.691
G0 X116.024 Y137.691
G0 X114.814 Y137.479
G0 X113.66 Y137.059
G0 X112.598 Y136.444
G0 X111.657 Y135.655
G0 X110.868 Y134.714
G0 X110.253 Y133.652
G0 X109.833 Y132.498
G0 X109.621 Y131.288
G0 X109.621 Y118.711
G0 X109.833 Y117.501
G0 X110.253 Y116.347
G0 X110.868 Y115.285
G0 X111.657 Y114.344
G0 X112.598 Y113.555
G0 X113.781 Y112.891
G0 X114.905 Y115.602
G1 F600 E76.45591
G1 F1200 X114.594 Y115.767 E76.47523
G1 X114.282 Y115.963 E76.49545
G1 X114.02 Y116.167 E76.51367
G1 X113.719 Y116.44 E76.53597
G1 X113.494 Y116.687 E76.55431
G1 X113.252 Y117.005 E76.57624
G1 X113.078 Y117.287 E76.59443
G1 X112.894 Y117.651 E76.61681
G1 X114.97 Y115.575 E76.77793
G1 F1200 E76.27793
G0 F7500 X112.894 Y117.651
G1 F600 E76.77793
G1 F1200 X112.782 Y117.921 E76.79397
G1 X112.676 Y118.255 E76.8132
G1 X112.592 Y118.625 E76.83402
G1 X112.554 Y118.925 E76.85062
G1 X116.237 Y115.241 E77.1365
G1 X116.701 Y115.217 E77.162
G1 X117.194 Y115.217 E77.18905
G1 X112.531 Y119.881 E77.55099
G1 X112.531 Y120.814 E77.60219
G1 X118.128 Y115.217 E78.03658
G1 X119.061 Y115.217 E78.08778
G1 F1200 E77.58778
G0 F7500 X115.857 Y118.421
G1 F600 E78.08778
G1 F1200 X115.314 Y118.727 E78.12199
G1 X115.327 Y118.752 E78.12354
G1 X115.001 Y118.975 E78.14521
G1 X114.513 Y119.378 E78.17994
G1 X113.951 Y119.937 E78.22344
G1 X113.563 Y120.409 E78.25698
G1 X113.12 Y121.047 E78.2996
G1 X112.983 Y121.296
G1 X112.531 Y121.748 E78.33468
G1 F1200 E77.83468
G0 F7500 X115.857 Y118.421
G1 F600 E78.33468
G1 F1200 X119.061 Y115.217 E78.58335
G1 F1200 E78.08335
G1 F1200 Z0.88
G0 F7500 X119.061 Y115.217 Z0.88
G0 X112.983 Y121.296
G1 F1200 Z0.44
G1 F600 E78.58335
G1 F1200 X112.846 Y121.545 E78.59894
G1 X112.531 Y122.233 E78.64047
G1 F1200 E78.14047
G0 F7500 X115.857 Y118.421
G1 F600 E78.64047
G1 F1200 X116.185 Y118.237 E78.66111
G1 X116.725 Y117.992 E78.69365
G1 X117.477 Y117.735 E78.73726
G1 X119.994 Y115.218 E78.93261
G1 X120.927 Y115.218 E78.98381
G1 X118.643 Y117.503 E79.16112
G1 X118.961 Y117.46 E79.17873
G1 X119.641 Y117.438 E79.21606
G1 X121.86 Y115.219 E79.38828
G1 X122.793 Y115.219 E79.43948
G1 X120.574 Y117.438 E79.6117
G1 X121.508 Y117.438 E79.66296
G1 X123.727 Y115.219 E79.83518
G1 X124.659 Y115.22 E79.88633
G1 X122.442 Y117.437 E80.05839
G1 X123.375 Y117.437 E80.10959
G1 X125.593 Y115.22 E80.28169
G1 X126.525 Y115.22 E80.33284
G1 X124.309 Y117.436 E80.50483
G1 X125.243 Y117.436 E80.55609
G1 X127.459 Y115.22 E80.72807
G1 X128.392 Y115.22 E80.77927
G1 X126.177 Y117.436 E80.95122
G1 X127.11 Y117.436 E81.00242
G1 X129.325 Y115.221 E81.17433
G1 X130.258 Y115.221 E81.22553
G1 X128.044 Y117.436 E81.3974
G1 X128.978 Y117.435 E81.44866
G1 X131.191 Y115.222 E81.62041
G1 X132.124 Y115.222 E81.67162
G1 X129.911 Y117.435 E81.84337
G1 X130.517 Y117.434 E81.87663
G1 X130.829 Y117.45 E81.89377
G1 X133.058 Y115.222 E82.06673
G1 X133.296 Y115.222 E82.07979
G1 X133.744 Y115.241 E82.1044
G1 X133.947 Y115.266 E82.11562
G1 X131.668 Y117.544 E82.29246
G1 X131.76 Y117.557 E82.29756
G1 X132.435 Y117.711 E82.33555
G1 X134.699 Y115.447 E82.51126
G1 X135.08 Y115.601 E82.53381
G1 X135.342 Y115.737 E82.55001
G1 X133.137 Y117.943 E82.72119
G1 X133.784 Y118.229 E82.76001
G1 X135.903 Y116.11 E82.92446
G1 X135.987 Y116.175 E82.93029
G1 X136.245 Y116.411 E82.94948
G1 X136.383 Y116.564 E82.96079
G1 X134.386 Y118.56 E83.11574
G1 X134.941 Y118.939 E83.15262
G1 X136.788 Y117.091 E83.29601
G1 X136.912 Y117.28 E83.30841
G1 X137.083 Y117.604 E83.32852
G1 X137.119 Y117.694 E83.33384
G1 X135.455 Y119.358 E83.46298
G1 X135.926 Y119.82 E83.49919
G1 X137.348 Y118.398 E83.60955
G1 X137.4 Y118.626 E83.62239
G1 X137.444 Y118.956 E83.64066
G1 X137.454 Y119.226 E83.65548
G1 X136.361 Y120.318 E83.74027
G1 X136.752 Y120.862 E83.77704
G1 X137.462 Y120.151 E83.83218
G1 X137.462 Y121.084 E83.88339
G1 X137.095 Y121.451 E83.91187
G1 X137.158 Y121.564 E83.91897
G1 X137.394 Y122.086 E83.95041
G1 F1200 E83.45041
G0 F7500 X134.711 Y123.284
G0 X115.27 Y126.672
G0 X112.534 Y127.748
G1 F600 E83.95041
G1 F1200 X112.535 Y128.278 E83.97949
G1 X112.693 Y128.119 E83.99179
G1 X112.746 Y128.242 E83.99914
G1 X112.681 Y128.285 E84.00342
G1 X112.995 Y128.751 E84.03426
G1 X112.535 Y129.211 E84.06996
G1 X112.535 Y130.144 E84.12116
G1 X113.371 Y129.308 E84.18605
G1 X113.702 Y129.797 E84.21845
G1 X113.779 Y129.833 E84.22312
G1 X112.551 Y131.062 E84.31846
G1 X112.592 Y131.366 E84.3353
G1 X112.677 Y131.741 E84.3564
G1 X112.709 Y131.837 E84.36195
G1 X114.22 Y130.326 E84.47922
G1 X114.493 Y130.599 E84.50041
G1 X114.705 Y130.774 E84.51549
G1 X112.974 Y132.505 E84.64984
G1 X113.083 Y132.712 E84.66268
G1 X113.328 Y133.085 E84.68717
G1 X115.236 Y131.176 E84.83529
G1 X115.621 Y131.443 E84.861
G1 X115.803 Y131.543 E84.8724
G1 X113.757 Y133.589 E85.03119
G1 X113.996 Y133.805 E85.04887
G1 X114.266 Y134.013 E85.06757
G1 X116.418 Y131.861 E85.23459
G1 X116.864 Y132.058 E85.26135
G1 X117.084 Y132.129 E85.27404
G1 X114.85 Y134.362 E85.44738
G1 X115.237 Y134.528 E85.47049
G1 X115.526 Y134.62 E85.48713
G1 X117.806 Y132.34 E85.66409
G1 X118.125 Y132.418 E85.68211
G1 X118.593 Y132.486 E85.70806
G1 X116.32 Y134.759 E85.88447
G1 X116.695 Y134.773 E85.90507
G1 X117.239 Y134.774 E85.93492
G1 X119.459 Y132.554 E86.10722
G1 X120.388 Y132.558 E86.1582
G1 X118.172 Y134.774 E86.33019
G1 X119.106 Y134.774 E86.38144
G1 X121.321 Y132.558 E86.55339
G1 X122.255 Y132.558 E86.60465
G1 X120.039 Y134.774 E86.77663
G1 X120.973 Y134.774 E86.82789
G1 X123.188 Y132.558 E86.99984
G1 X124.121 Y132.558 E87.05104
G1 X121.906 Y134.774 E87.22299
G1 X122.839 Y134.774 E87.27419
G1 X125.055 Y132.558 E87.44617
G1 X125.988 Y132.558 E87.49738
G1 X123.773 Y134.774 E87.66932
G1 X124.706 Y134.774 E87.72053
G1 X126.921 Y132.558 E87.89247
G1 X127.855 Y132.558 E87.94373
G1 X125.639 Y134.774 E88.11572
G1 X126.573 Y134.774 E88.16697
G1 X128.788 Y132.558 E88.33892
G1 X129.722 Y132.558 E88.39018
G1 X127.506 Y134.774 E88.56216
G1 X128.44 Y134.774 E88.61342
G1 X130.665 Y132.549 E88.78611
G1 X131.04 Y132.533 E88.8067
G1 X131.7 Y132.447 E88.84323
G1 X129.373 Y134.774 E89.02383
G1 X130.306 Y134.774 E89.07503
G1 X132.969 Y132.111 E89.28171
G1 X132.98 Y132.133 E89.28306
G1 X133.76 Y131.781 E89.33002
G1 X134.406 Y131.425 E89.3705
G1 X134.926 Y131.071 E89.40502
G1 X135.018 Y130.996 E89.41154
G1 X131.24 Y134.774 E89.70475
G1 X132.173 Y134.774 E89.75596
G1 F1200 E89.25596
G1 F1200 Z0.88
G0 F7500 X132.173 Y134.774 Z0.88
G0 X136.44 Y129.573
G1 F1200 Z0.44
G1 F600 E89.75596
G1 F1200 X136.851 Y128.974 E89.79582
G1 X137.138 Y128.472 E89.82756
G1 X137.462 Y127.764 E89.87029
G0 F7500 X137.462 Y128.551
G1 F1200 X136.44 Y129.573 E89.9496
G0 F7500 X137.462 Y129.485
G1 F1200 X132.173 Y134.774 E90.36009
G1 F1200 E89.86009
G0 F7500 X137.462 Y130.418
G1 F600 E90.36009
G1 F1200 X137.462 Y129.485 E90.41129
G0 F7500 X137.462 Y130.418
G1 F1200 X133.106 Y134.774 E90.74936
G1 X133.735 Y134.755 E90.7839
G1 X134.113 Y134.7 E90.80486
G1 X137.384 Y131.429 E91.05873
G1 X137.312 Y131.752 E91.07689
G1 X137.217 Y132.064 E91.09479
G1 X137.075 Y132.396 E91.1146
G1 X136.915 Y132.708 E91.13385
G1 X136.737 Y132.993 E91.15229
G1 X136.682 Y133.065 E91.15726
G1 X135.761 Y133.986 E91.22874
G1 F1200 E90.72874
G1 F1200 Z0.88
;MESH:NONMESH
G0 F7500 X135.761 Y133.986 Z0.88
G0 X131.453 Y130.315
;TIME_ELAPSED:72.785546
;LAYER:2
M106 S25.5
M204 S2750
;MESH:new-rear-port-cover.stl
G0 F9000 X131.453 Y130.315 Z1.08
M204 S2250
;TYPE:WALL-OUTER
G1 F1200 Z0.64
G1 F600 E91.22874
G1 F1800 X130.936 Y130.39 E91.25741
G1 X130.419 Y130.414 E91.28581
G1 X119.56 Y130.41 E91.88174
G1 X119.026 Y130.383 E91.91109
G1 X118.55 Y130.311 E91.93751
G1 X118.197 Y130.23 E91.95738
G1 X117.691 Y130.071 E91.98649
G1 X117.196 Y129.862 E92.01598
G1 X116.729 Y129.605 E92.04523
G1 X116.295 Y129.305 E92.07418
G1 X115.897 Y128.969 E92.10277
G1 X115.545 Y128.613 E92.13024
G1 X115.317 Y128.339 E92.14981
G1 X114.997 Y127.884 E92.18033
G1 X114.743 Y127.436 E92.2086
G1 X114.522 Y126.944 E92.23819
G1 X114.362 Y126.455 E92.26643
G1 X114.246 Y125.957 E92.29449
G1 X114.18 Y125.447 E92.32271
G1 X114.162 Y125.061 E92.34392
G1 X114.18 Y124.546 E92.3722
G1 X114.25 Y124.011 E92.40181
G1 X114.362 Y123.539 E92.42843
G1 X114.534 Y123.021 E92.45839
G1 X114.742 Y122.556 E92.48634
G1 X115.01 Y122.091 E92.5158
G1 X115.215 Y121.787 E92.53592
G1 X115.527 Y121.403 E92.56307
G1 X115.916 Y121.006 E92.59357
G1 X116.301 Y120.686 E92.62105
G1 X116.735 Y120.391 E92.64985
G1 X117.196 Y120.134 E92.67881
G1 X117.532 Y119.985 E92.69898
G1 X118.035 Y119.807 E92.72826
G1 X118.535 Y119.682 E92.75655
G1 X119.06 Y119.61 E92.78563
G1 X119.576 Y119.586 E92.81398
G1 X130.436 Y119.586 E93.40997
G1 X130.967 Y119.613 E93.43915
G1 X131.474 Y119.687 E93.46726
G1 X131.826 Y119.772 E93.48714
G1 X132.305 Y119.921 E93.51467
G1 X132.8 Y120.134 E93.54424
G1 X133.267 Y120.391 E93.57349
G1 X133.701 Y120.691 E93.60245
G1 X134.085 Y121.014 E93.62998
G1 X134.451 Y121.383 E93.65851
G1 X134.694 Y121.673 E93.67927
G1 X134.999 Y122.107 E93.70838
G1 X135.262 Y122.568 E93.73751
G1 X135.458 Y123.004 E93.76374
G1 X135.634 Y123.539 E93.79465
G1 X135.746 Y124.011 E93.82127
G1 X135.816 Y124.55 E93.8511
G1 X135.835 Y124.925 E93.87171
G1 X135.816 Y125.451 E93.90059
G1 X135.75 Y125.962 E93.92887
G1 X135.626 Y126.484 E93.95831
G1 X135.458 Y126.987 E93.98742
G1 X135.246 Y127.458 E94.01576
G1 X134.987 Y127.905 E94.04411
G1 X134.781 Y128.209 E94.06427
G1 X134.449 Y128.615 E94.09305
G1 X134.08 Y128.99 E94.12192
G1 X133.675 Y129.325 E94.15076
G1 X133.239 Y129.622 E94.17971
G1 X132.986 Y129.76 E94.19553
G0 F1620 X132.8 Y129.862
G0 X132.293 Y130.078
G0 X131.981 Y130.182
G0 X131.453 Y130.315
M204 S2750
G0 F9000 X130.936 Y130.39
G0 X130.419 Y130.414
G0 X126.459 Y130.413
G1 F1200 E93.69553
G1 F1200 Z1.08
G0 F9000 X126.459 Y130.413 Z1.08
G0 X134.745 Y135.522
M204 S2250
G1 F1200 Z0.64
G1 F600 E94.19553
G1 F1800 X135.192 Y135.375 E94.22135
G1 X135.608 Y135.188 E94.24638
G1 X136.009 Y134.967 E94.27151
G1 X136.404 Y134.692 E94.29793
G1 X136.765 Y134.395 E94.32358
G1 X137.084 Y134.077 E94.3483
G1 X137.384 Y133.717 E94.37402
G1 X137.647 Y133.329 E94.39974
G1 X137.88 Y132.917 E94.42572
G1 X138.059 Y132.5 E94.45062
G1 X138.21 Y132.061 E94.4761
G1 X138.319 Y131.591 E94.50257
G1 X138.382 Y131.145 E94.52729
G1 X138.402 Y130.681 E94.55278
G1 X138.405 Y119.328 E95.17582
G1 X138.383 Y118.852 E95.20198
G1 X138.319 Y118.405 E95.22676
G1 X138.21 Y117.935 E95.25323
G1 X138.059 Y117.492 E95.27892
G1 X137.88 Y117.079 E95.30362
G1 X137.647 Y116.664 E95.32974
G1 X137.38 Y116.28 E95.35541
G1 X137.083 Y115.918 E95.3811
G1 X136.765 Y115.6 E95.40578
G1 X136.404 Y115.3 E95.43154
G1 X136.01 Y115.03 E95.45776
G1 X135.608 Y114.808 E95.48296
G1 X135.192 Y114.621 E95.50799
G1 X134.745 Y114.474 E95.53381
G1 X134.279 Y114.361 E95.56013
G1 X133.833 Y114.301 E95.58482
G1 X133.367 Y114.278 E95.61043
G1 X116.648 Y114.278 E96.52795
G1 X116.162 Y114.301 E96.55466
G1 X115.717 Y114.361 E96.5793
G1 X115.251 Y114.474 E96.60561
G1 X114.804 Y114.621 E96.63144
G1 X114.388 Y114.808 E96.65647
G1 X113.986 Y115.03 E96.68167
G1 X113.592 Y115.3 E96.70788
G1 X113.231 Y115.6 E96.73364
G1 X112.913 Y115.919 E96.75836
G1 X112.616 Y116.28 E96.78401
G1 X112.349 Y116.664 E96.80968
G1 X112.117 Y117.079 E96.83577
G1 X111.937 Y117.492 E96.8605
G1 X111.786 Y117.935 E96.88618
G1 X111.677 Y118.405 E96.91266
G1 X111.613 Y118.851 E96.93739
G1 X111.594 Y119.311 E96.96265
G1 X111.591 Y130.668 E97.58592
G1 X111.613 Y131.144 E97.61207
G1 X111.677 Y131.591 E97.63685
G1 X111.786 Y132.061 E97.66333
G1 X111.937 Y132.5 E97.6888
G1 X112.116 Y132.917 E97.71371
G1 X112.349 Y133.329 E97.73968
G1 X112.612 Y133.717 E97.76541
G1 X112.912 Y134.077 E97.79112
G1 X113.231 Y134.395 E97.81584
G1 X113.591 Y134.695 E97.84156
G1 X113.986 Y134.962 E97.86772
G1 X114.389 Y135.189 E97.89311
G1 X114.804 Y135.375 E97.91807
G1 X115.251 Y135.522 E97.94389
G1 X115.717 Y135.635 E97.9702
G1 X116.163 Y135.695 E97.9949
G1 X116.629 Y135.718 E98.02051
G1 X133.128 Y135.718 E98.92596
G0 F1620 X133.348 Y135.718
G0 X133.834 Y135.695
G0 X134.279 Y135.635
G0 X134.745 Y135.522
M204 S2750
G0 F9000 X135.192 Y135.375
G0 X135.608 Y135.188
G0 X136.009 Y134.967
G0 X136.404 Y134.692
G0 X136.765 Y134.395
G0 X137.084 Y134.077
G0 X137.384 Y133.717
G0 X137.647 Y133.329
G0 X137.88 Y132.917
G0 X138.059 Y132.5
G0 X138.173 Y132.167
G1 F1200 E98.42596
G0 F9000 X138.993 Y132.857
G0 X138.495 Y133.855
G0 X137.826 Y134.742
G0 X137.001 Y135.493
G0 X135.544 Y136.306
G0 X134.565 Y134.886
;TYPE:WALL-INNER
G1 F600 E98.92596
G1 F1800 X134.953 Y134.759 E98.94836
G1 X135.312 Y134.598 E98.96995
G1 X135.66 Y134.405 E98.99179
G1 X136.006 Y134.166 E99.01487
G1 X136.321 Y133.905 E99.03732
G1 X136.596 Y133.631 E99.05863
G1 X136.856 Y133.319 E99.08091
G1 X137.085 Y132.981 E99.10332
G1 X137.288 Y132.623 E99.1259
G1 X137.443 Y132.262 E99.14746
G1 X137.575 Y131.879 E99.1697
G1 X137.669 Y131.469 E99.19278
G1 X137.724 Y131.085 E99.21407
G1 X137.742 Y130.667 E99.23703
G1 X137.745 Y119.344 E99.85843
G1 X137.725 Y118.914 E99.88205
G1 X137.67 Y118.527 E99.9035
G1 X137.574 Y118.116 E99.92667
G1 X137.443 Y117.73 E99.94904
G1 X137.288 Y117.373 E99.97039
G1 X137.087 Y117.014 E99.99297
G1 X136.854 Y116.679 E100.01537
G1 X136.594 Y116.362 E100.03787
G1 X136.319 Y116.088 E100.05917
G1 X136.006 Y115.827 E100.08154
G1 X135.663 Y115.592 E100.10436
G1 X135.312 Y115.399 E100.12634
G1 X134.953 Y115.237 E100.14795
G1 X134.565 Y115.11 E100.17036
G1 X134.157 Y115.011 E100.1934
G1 X133.773 Y114.959 E100.21466
G1 X133.351 Y114.938 E100.23785
G1 X116.664 Y114.938 E101.15362
G1 X116.222 Y114.959 E101.17791
G1 X115.839 Y115.011 E101.19912
G1 X115.431 Y115.109 E101.22214
G1 X115.043 Y115.237 E101.24457
G1 X114.683 Y115.398 E101.26621
G1 X114.333 Y115.592 E101.28817
G1 X113.991 Y115.827 E101.31094
G1 X113.677 Y116.088 E101.33335
G1 X113.402 Y116.363 E101.35469
G1 X113.142 Y116.679 E101.37715
G1 X112.909 Y117.014 E101.39954
G1 X112.709 Y117.373 E101.4221
G1 X112.553 Y117.73 E101.44348
G1 X112.422 Y118.116 E101.46585
G1 X112.326 Y118.526 E101.48896
G1 X112.271 Y118.911 E101.5103
G1 X112.254 Y119.325 E101.53304
G1 X112.251 Y130.652 E102.15466
G1 X112.271 Y131.082 E102.17828
G1 X112.327 Y131.469 E102.19974
G1 X112.422 Y131.879 E102.22284
G1 X112.553 Y132.262 E102.24505
G1 X112.708 Y132.623 E102.26661
G1 X112.911 Y132.981 E102.2892
G1 X113.14 Y133.319 E102.3116
G1 X113.4 Y133.631 E102.33389
G1 X113.677 Y133.907 E102.35535
G1 X113.988 Y134.167 E102.37759
G1 X114.333 Y134.4 E102.40044
G1 X114.687 Y134.599 E102.42273
G1 X115.043 Y134.759 E102.44415
G1 X115.431 Y134.886 E102.46655
G1 X115.839 Y134.985 E102.48959
G1 X116.223 Y135.037 E102.51086
G1 X116.645 Y135.058 E102.53405
G1 X132.945 Y135.058 E103.42858
G0 F1620 X133.332 Y135.058
G0 X133.774 Y135.037
G0 X134.157 Y134.985
G0 X134.565 Y134.886
G1 F1200 E102.92858
G1 F1200 Z1.08
G0 F9000 X134.565 Y134.886 Z1.08
G0 X132.578 Y130.675
G1 F1200 Z0.64
G1 F600 E103.42858
G1 F1800 X132.19 Y130.808 E103.45109
G1 X131.575 Y130.964 E103.48591
G1 X130.968 Y131.05 E103.51955
G1 X130.419 Y131.074 E103.54971
G1 X119.528 Y131.07 E104.1474
G1 X119.028 Y131.046 E104.17487
G1 X118.376 Y130.949 E104.21104
G1 X117.973 Y130.853 E104.23378
G1 X117.466 Y130.691 E104.26299
G1 X116.954 Y130.477 E104.29344
G1 X116.416 Y130.187 E104.32698
G1 X115.887 Y129.824 E104.36219
G1 X115.427 Y129.433 E104.39532
G1 X115.076 Y129.077 E104.42276
G1 X114.808 Y128.759 E104.44558
G1 X114.475 Y128.292 E104.47706
G1 X114.184 Y127.792 E104.50881
G1 X113.895 Y127.151 E104.5474
G1 X113.719 Y126.605 E104.57888
G1 X113.596 Y126.071 E104.60895
G1 X113.519 Y125.452 E104.64318
G1 X113.502 Y125.039 E104.66587
G1 X113.525 Y124.462 E104.69756
G1 X113.608 Y123.859 E104.73096
G1 X113.72 Y123.387 E104.75759
G1 X113.932 Y122.751 E104.79438
G1 X114.186 Y122.197 E104.82782
G1 X114.462 Y121.723 E104.85792
G1 X114.703 Y121.371 E104.88134
G1 X115.015 Y120.987 E104.90849
G1 X115.419 Y120.567 E104.94047
G1 X115.888 Y120.171 E104.97416
G1 X116.373 Y119.839 E105.00641
G1 X116.864 Y119.563 E105.03732
G1 X117.286 Y119.373 E105.06272
G1 X117.873 Y119.167 E105.09686
G1 X118.421 Y119.032 E105.12783
G1 X119.028 Y118.95 E105.16145
G1 X119.528 Y118.926 E105.18892
G1 X130.468 Y118.926 E105.7893
G1 X131.061 Y118.959 E105.82189
G1 X131.628 Y119.045 E105.85336
G1 X132.022 Y119.142 E105.87563
G1 X132.585 Y119.322 E105.90807
G1 X133.086 Y119.54 E105.93805
G1 X133.58 Y119.809 E105.96892
G1 X134.06 Y120.135 E106.00077
G1 X134.527 Y120.524 E106.03412
G1 X134.975 Y120.979 E106.06916
G1 X135.234 Y121.293 E106.0915
G1 X135.572 Y121.778 E106.12394
G1 X135.864 Y122.297 E106.15662
G1 X136.098 Y122.831 E106.18862
G1 X136.254 Y123.307 E106.21611
G1 X136.389 Y123.859 E106.2473
G1 X136.471 Y124.467 E106.28096
G1 X136.496 Y124.925 E106.30614
G1 X136.471 Y125.536 E106.3397
G1 X136.401 Y126.076 E106.36958
G1 X136.277 Y126.607 E106.3995
G1 X136.061 Y127.256 E106.43704
G1 X135.817 Y127.789 E106.46921
G1 X135.535 Y128.273 E106.49995
G1 X135.347 Y128.553 E106.51846
G1 X134.921 Y129.077 E106.55552
G1 X134.528 Y129.476 E106.58626
G1 X134.049 Y129.869 E106.62026
G1 X134.01 Y129.895 E106.62283
G0 F1620 X133.583 Y130.186
G0 X133.086 Y130.456
G0 X132.578 Y130.675
G1 F1200 E106.12283
G0 F9000 X131.951 Y129.144
G0 X134.841 Y124.92
G0 X137.114 Y124.919
;TYPE:SKIN
G1 F600 E106.62283
G1 F1890.2 X137.276 Y124.413 E106.64134
G1 F2163.9 X137.251 Y123.694 E106.66324
G1 F1523.1 X137.121 Y123.06 E106.69122
G1 F1207.3 X137.117 Y119.324 E106.89501
G1 F1200 X137.099 Y118.968 E106.91457
G1 X137.051 Y118.638 E106.93287
G1 X136.97 Y118.294 E106.95226
G1 X136.859 Y117.959 E106.97163
G1 X136.719 Y117.643 E106.9906
G1 X136.556 Y117.344 E107.00929
G1 X136.352 Y117.059 E107.02852
G1 X136.157 Y116.812 E107.04579
G1 X135.901 Y116.556 E107.06566
G1 X135.632 Y116.332 E107.08487
G1 X135.326 Y116.122 E107.10524
G1 X135.032 Y115.96 E107.12366
G1 X134.724 Y115.821 E107.1422
G1 X134.397 Y115.714 E107.16109
G1 X134.031 Y115.625 E107.18176
G1 X133.721 Y115.585 E107.19891
G1 X133.33 Y115.563 E107.2204
G1 X116.682 Y115.562 E108.13403
G1 X116.271 Y115.585 E108.15662
G1 X115.961 Y115.625 E108.17378
G1 X115.595 Y115.714 E108.19445
G1 X115.271 Y115.821 E108.21317
G1 X114.957 Y115.96 E108.23202
G1 X114.671 Y116.121 E108.25003
G1 X114.364 Y116.332 E108.27047
G1 X114.094 Y116.557 E108.28976
G1 X113.868 Y116.78 E108.30718
G1 X113.644 Y117.051 E108.32648
G1 X113.44 Y117.348 E108.34625
G1 X113.272 Y117.644 E108.36493
G1 X113.137 Y117.959 E108.38374
G1 X113.022 Y118.295 E108.40323
G1 X112.941 Y118.646 E108.423
G1 X112.893 Y118.96 E108.44043
G1 X112.879 Y119.362 E108.4625
G1 F1207.3 X112.873 Y123.059 E108.66416
G1 F1520.2 X112.744 Y123.694 E108.69223
G1 F2163.9 X112.718 Y124.418 E108.71428
G1 F1890.2 X112.88 Y125.03 E108.73634
G1 F1899.3 X112.716 Y125.469 E108.75259
G1 F2200 X112.739 Y126.21 E108.77478
G1 F1562.1 X112.863 Y126.797 E108.80007
G1 F1226 X112.878 Y127.469 E108.83618
G1 F1200 X112.878 Y130.639 E109.01015
G1 X112.897 Y131.025 E109.03135
G1 X112.941 Y131.348 E109.04924
G1 X113.022 Y131.696 E109.06885
G1 X113.137 Y132.03 E109.08824
G1 X113.269 Y132.344 E109.10693
G1 X113.441 Y132.641 E109.12577
G1 X113.645 Y132.946 E109.1459
G1 X113.856 Y133.2 E109.16402
G1 X114.103 Y133.443 E109.18304
G1 X114.36 Y133.661 E109.20153
G1 X114.662 Y133.866 E109.22157
G1 X114.969 Y134.037 E109.24085
G1 X115.272 Y134.175 E109.25912
G1 X115.593 Y134.277 E109.27761
G1 X115.962 Y134.367 E109.29845
G1 X116.275 Y134.411 E109.3158
G1 X116.664 Y134.429 E109.33717
G1 X133.312 Y134.43 E110.2508
G1 X133.721 Y134.411 E110.27327
G1 X134.029 Y134.367 E110.29034
G1 X134.398 Y134.278 E110.31117
G1 X134.729 Y134.171 E110.33026
G1 X135.032 Y134.036 E110.34847
G1 X135.32 Y133.875 E110.36657
G1 X135.628 Y133.66 E110.38719
G1 X135.894 Y133.443 E110.40603
G1 X136.135 Y133.201 E110.42477
G1 X136.348 Y132.945 E110.44305
G1 X136.555 Y132.641 E110.46323
G1 X136.724 Y132.344 E110.48198
G1 X136.859 Y132.03 E110.50074
G1 X136.969 Y131.698 E110.51993
G1 X137.051 Y131.346 E110.53977
G1 X137.098 Y131.028 E110.55741
G1 X137.114 Y130.649 E110.57823
G1 X137.115 Y127.545 E110.74857
G1 F1216.6 X137.124 Y126.813 E110.7882
G1 F1552.9 X137.256 Y126.197 E110.81492
G1 F2206.1 X137.275 Y125.583 E110.83325
G1 F1894.7 X137.114 Y124.919 E110.857
G0 F9000 X137.124 Y124.919
G1 F1894.7 X136.935 Y125.576 E110.88076
G1 F2206.1 X136.88 Y126.165 E110.89842
G1 F1552.9 X136.869 Y126.773 E110.92421
G1 F1216.6 X136.65 Y127.471 E110.96381
G1 F1200 X136.423 Y127.981 E110.99444
G1 X136.053 Y128.626 E111.03525
G1 X135.864 Y128.909 E111.05393
G1 X135.363 Y129.521 E111.09733
G1 X134.938 Y129.948 E111.13039
G1 X134.393 Y130.394 E111.16904
G1 X133.886 Y130.736 E111.2026
G1 X133.354 Y131.021 E111.23572
G1 X132.708 Y131.294 E111.27421
G1 X132.267 Y131.437 E111.29965
G1 X131.682 Y131.579 E111.33269
G1 X130.991 Y131.674 E111.37097
G1 X130.412 Y131.698 E111.40277
G1 X119.561 Y131.698 E111.99827
G1 X118.829 Y131.655 E112.03851
G1 X118.231 Y131.561 E112.07173
G1 X117.779 Y131.447 E112.09731
G1 X117.235 Y131.273 E112.12865
G1 X116.647 Y131.025 E112.16368
G1 X116.101 Y130.729 E112.19776
G1 X115.488 Y130.306 E112.23863
G1 X115.034 Y129.926 E112.27112
G1 X114.606 Y129.496 E112.30442
G1 X114.326 Y129.16 E112.32842
G1 X113.946 Y128.63 E112.36421
G1 X113.628 Y128.079 E112.39912
G1 X113.317 Y127.401 E112.44006
G1 F1226 X113.128 Y126.756 E112.47616
G1 F1565.2 X113.115 Y126.148 E112.50175
G1 F2212.3 X113.052 Y125.463 E112.52223
G1 F1899.3 X112.872 Y125.029 E112.53852
G1 F1890.2 X113.058 Y124.425 E112.56054
G1 F2163.9 X113.13 Y123.741 E112.58147
G1 F1520.2 X113.154 Y123.103 E112.60913
G1 F1207.3 X113.305 Y122.628 E112.63631
G1 F1200 X113.581 Y121.999 E112.67401
G1 X113.942 Y121.37 E112.71381
G1 X114.214 Y120.972 E112.74027
G1 X114.629 Y120.475 E112.7758
G1 X115.064 Y120.038 E112.80964
G1 X115.486 Y119.685 E112.83983
G1 X116.026 Y119.312 E112.87585
G1 X116.641 Y118.97 E112.91447
G1 X117.071 Y118.78 E112.94027
G1 X117.714 Y118.559 E112.97758
G1 X118.323 Y118.412 E113.01196
G1 X119 Y118.322 E113.04944
G1 X119.516 Y118.298 E113.07779
G1 X130.495 Y118.298 E113.68031
G1 X131.158 Y118.337 E113.71676
G1 X131.772 Y118.431 E113.75084
G1 X132.112 Y118.515 E113.77006
G1 X132.743 Y118.712 E113.80634
G1 X133.363 Y118.974 E113.84328
G1 X133.896 Y119.267 E113.87666
G1 X134.418 Y119.617 E113.91115
G1 X134.941 Y120.054 E113.94855
G1 X135.455 Y120.577 E113.98879
G1 X135.727 Y120.905 E114.01218
G1 X136.121 Y121.474 E114.05016
G1 X136.421 Y122.01 E114.08387
G1 X136.699 Y122.642 E114.12176
G1 F1207.3 X136.842 Y123.104 E114.14814
G1 F1523.1 X136.866 Y123.741 E114.1757
G1 F2163.9 X136.934 Y124.422 E114.19653
G1 F1890.2 X137.124 Y124.919 E114.21507
G1 F1200 E113.71507
G1 F1200 Z1.08
G0 F9000 X137.124 Y124.919 Z1.08
G0 X136.334 Y118.472
G1 F1200 Z0.64
G1 F600 E114.21507
G1 F1200 X136.245 Y118.202 E114.23067
G1 X136.127 Y117.934 E114.24674
G1 X135.993 Y117.692 E114.26192
G1 X135.829 Y117.462 E114.27742
G1 X135.662 Y117.25 E114.29223
G1 X135.461 Y117.05 E114.30779
G1 X135.231 Y116.858 E114.32424
G1 X134.977 Y116.682 E114.3412
G1 X134.741 Y116.553 E114.35596
G1 X134.484 Y116.437 E114.37143
G1 X134.223 Y116.352 E114.38649
G1 X134.042 Y116.308 E114.39672
G1 X136.373 Y118.639 E114.57763
G1 F1200 E114.07763
G0 F9000 X134.042 Y116.308
G1 F600 E114.57763
G1 F1200 X133.907 Y116.275 E114.58525
G1 X133.658 Y116.242 E114.59904
G1 X133.342 Y116.224 E114.61641
G1 X133.025 Y116.224 E114.6338
G1 X136.457 Y119.657 E114.9002
G1 X136.457 Y120.59 E114.95141
G1 X132.092 Y116.224 E115.29022
G1 X131.158 Y116.224 E115.34147
G1 X133.067 Y118.133 E115.48963
G1 X132.967 Y118.091 E115.49559
G1 X132.319 Y117.888 E115.53285
G1 X131.916 Y117.787 E115.55565
G1 X131.764 Y117.763 E115.5641
G1 X130.225 Y116.224 E115.68354
G1 X129.292 Y116.224 E115.73474
G1 X130.718 Y117.651 E115.84545
G1 X130.524 Y117.639 E115.85612
G1 X129.772 Y117.639 E115.89739
G1 X128.358 Y116.224 E116.00717
G1 X127.424 Y116.224 E116.05843
G1 X128.839 Y117.639 E116.16825
G1 X127.906 Y117.639 E116.21945
G1 X126.491 Y116.224 E116.32927
G1 X125.557 Y116.224 E116.38053
G1 X126.972 Y117.639 E116.49035
G1 X126.039 Y117.639 E116.54155
G1 X124.624 Y116.224 E116.65137
G1 X123.691 Y116.224 E116.70257
G1 X125.106 Y117.639 E116.81239
G1 X124.171 Y117.638 E116.8637
G1 X122.757 Y116.224 E116.97344
G1 X121.823 Y116.223 E117.0247
G1 X123.238 Y117.638 E117.13452
G1 X122.305 Y117.638 E117.18572
G1 X120.89 Y116.223 E117.29554
G1 X119.956 Y116.223 E117.3468
G1 X121.371 Y117.638 E117.45662
G1 X120.438 Y117.638 E117.50782
G1 X119.023 Y116.223 E117.61764
G1 X118.09 Y116.223 E117.66884
G1 X119.505 Y117.638 E117.77866
G1 X118.954 Y117.663 E117.80893
G1 X118.637 Y117.704 E117.82647
G1 X117.156 Y116.223 E117.94142
G1 X116.693 Y116.222 E117.96683
G1 X116.253 Y116.253 E117.99103
G1 X117.848 Y117.848 E118.11482
G1 X117.544 Y117.921 E118.13198
G1 X117.129 Y118.062 E118.15603
G1 X115.505 Y116.439 E118.28203
G1 X115.249 Y116.552 E118.29739
G1 X115.026 Y116.678 E118.31145
G1 X114.899 Y116.766 E118.31993
G1 X116.461 Y118.328 E118.44115
G1 X116.342 Y118.381 E118.4483
G1 X115.853 Y118.653 E118.47901
G1 X114.391 Y117.192 E118.59244
G1 X114.172 Y117.449 E118.61097
G1 X113.987 Y117.721 E118.62902
G1 X115.287 Y119.021 E118.72992
G1 X115.08 Y119.165 E118.74376
G1 X114.763 Y119.43 E118.76643
G1 X113.696 Y118.363 E118.84924
G1 X113.658 Y118.48 E118.85599
G1 X113.59 Y118.763 E118.87197
G1 X113.551 Y119.019 E118.88618
G1 X113.546 Y119.147 E118.89321
G1 X114.285 Y119.886 E118.95056
G1 F1200 E118.45056
G0 F9000 X116.385 Y121.951
G0 X133.991 Y127.607
G0 X136.144 Y129.61
G1 F600 E118.95056
G1 F1200 X136.454 Y129.23 E118.97747
G0 F9000 X136.144 Y129.61
G1 F1200 X136.454 Y129.92 E119.00153
G0 F9000 X136.144 Y129.61
G1 F1200 X135.889 Y129.922 E119.02365
G1 X135.707 Y130.106 E119.03785
G1 X136.445 Y130.845 E119.09517
G1 X136.44 Y130.969 E119.10198
G1 X136.4 Y131.23 E119.11647
G1 X136.335 Y131.514 E119.13246
G1 X136.297 Y131.63 E119.13915
G1 X135.23 Y130.563 E119.22197
G1 X134.825 Y130.894 E119.25067
G1 X134.708 Y130.975 E119.25848
G1 X136.006 Y132.272 E119.35918
G1 X135.819 Y132.548 E119.37748
G1 X135.602 Y132.802 E119.39581
G1 X134.146 Y131.346 E119.50881
G1 X133.643 Y131.615 E119.54011
G1 X133.53 Y131.663 E119.54685
G1 X135.094 Y133.227 E119.66824
G1 X134.966 Y133.317 E119.67682
G1 X134.743 Y133.442 E119.69085
G1 X134.487 Y133.554 E119.70619
G1 X132.87 Y131.936 E119.83172
G1 X132.484 Y132.062 E119.85401
G1 X132.145 Y132.145 E119.87316
G1 X133.741 Y133.741 E119.99703
G1 X133.661 Y133.753 E120.00147
G1 X133.289 Y133.77 E120.0219
G1 X132.836 Y133.769 E120.04676
G1 X131.357 Y132.29 E120.16155
G1 X131.034 Y132.334 E120.17944
G1 X130.49 Y132.357 E120.20932
G1 X131.902 Y133.769 E120.31891
G1 X130.969 Y133.769 E120.37011
G1 X129.558 Y132.358 E120.47962
G1 X128.625 Y132.358 E120.53082
G1 X130.036 Y133.769 E120.64033
G1 X129.102 Y133.769 E120.69159
G1 X127.691 Y132.358 E120.8011
G1 X126.758 Y132.358 E120.8523
G1 X128.169 Y133.769 E120.96181
G1 X127.235 Y133.769 E121.01306
G1 X125.825 Y132.358 E121.12253
G1 X124.891 Y132.358 E121.17379
G1 X126.302 Y133.769 E121.2833
G1 X125.369 Y133.769 E121.3345
G1 X123.957 Y132.358 E121.44405
G1 X123.024 Y132.358 E121.49525
G1 X124.435 Y133.769 E121.60476
G1 X123.502 Y133.769 E121.65596
G1 X122.09 Y132.358 E121.76551
G1 X121.157 Y132.358 E121.81672
G1 X122.568 Y133.769 E121.92622
G1 X121.635 Y133.769 E121.97743
G1 X120.224 Y132.358 E122.08694
G1 X119.531 Y132.357 E122.12497
G1 X119.275 Y132.342 E122.13904
G1 X120.702 Y133.769 E122.24979
G1 X119.768 Y133.769 E122.30105
G1 X118.227 Y132.228 E122.42065
G1 X118.085 Y132.205 E122.42854
G1 X117.588 Y132.079 E122.45668
G1 X117.025 Y131.9 E122.4891
G1 X116.923 Y131.857 E122.49517
G1 X118.835 Y133.769 E122.64357
G1 X117.902 Y133.769 E122.69477
G1 X113.538 Y129.405 E123.03346
G1 X113.538 Y130.339 E123.08472
G1 X116.968 Y133.769 E123.35093
G1 F1200 E122.85093
G1 F1200 Z1.08
G0 F9000 X116.968 Y133.769 Z1.08
G0 X113.848 Y120.381
G1 F1200 Z0.64
G1 F600 E123.35093
G1 F1200 X114.111 Y120.063 E123.37357
G1 X114.285 Y119.886 E123.38719
G0 F9000 X113.848 Y120.381
G1 F1200 X113.539 Y120.072 E123.41118
G0 F9000 X113.848 Y120.381
G1 F1200 X113.697 Y120.562 E123.42411
G1 X113.539 Y120.792 E123.43943
G1 F1200 E122.93943
G1 F1200 Z1.08
G0 F9000 X113.539 Y120.792 Z1.08
G0 X115.949 Y133.683
G1 F1200 Z0.64
G1 F600 E123.43943
G1 F1200 X116.088 Y133.717 E123.44728
G1 X116.336 Y133.753 E123.46103
G1 X116.687 Y133.769 E123.48031
G1 X116.968 Y133.769 E123.49573
G0 F9000 X115.949 Y133.683
G1 F1200 X113.62 Y131.354 E123.67649
G1 X113.658 Y131.515
G1 X113.752 Y131.791 E123.69249
G1 X113.86 Y132.05 E123.70789
G1 X113.999 Y132.288 E123.72302
G1 X114.172 Y132.546 E123.74006
G1 X114.343 Y132.754 E123.75484
G1 X114.553 Y132.959 E123.77095
G1 X114.757 Y133.132 E123.78563
G1 X115.007 Y133.303 E123.80225
G1 X115.273 Y133.45 E123.81893
G1 X115.507 Y133.557 E123.83305
G1 X115.769 Y133.64 E123.84813
G1 X115.949 Y133.683 E123.85829
G1 F1200 E123.35829
G1 F1200 Z1.08
;MESH:NONMESH
G0 F9000 X115.949 Y133.683 Z1.08
G0 X131.437 Y130.114
;TIME_ELAPSED:101.124765
;LAYER:3
;note -- min layer time used
M106 S76.5
M204 S3125
;MESH:new-rear-port-cover.stl
G0 F10500 X131.437 Y130.114 Z1.28
M204 S2375
;TYPE:WALL-OUTER
G1 F1200 Z0.84
G1 F600 E123.85829
G1 F1875.6 X130.929 Y130.186 E123.88644
G1 X130.42 Y130.21 E123.91441
G1 X119.559 Y130.21 E124.51045
G1 X119.037 Y130.183 E124.53914
G1 X118.569 Y130.111 E124.56512
G1 X118.282 Y130.046 E124.58127
G1 X117.779 Y129.889 E124.61019
G1 X117.298 Y129.685 E124.63886
G1 X116.862 Y129.45 E124.66604
G1 X116.426 Y129.15 E124.69509
G1 X116.015 Y128.803 E124.72461
G1 X115.687 Y128.467 E124.75038
G1 X115.483 Y128.225 E124.76775
G1 X115.182 Y127.802 E124.79624
G1 X114.923 Y127.353 E124.82468
G1 X114.727 Y126.921 E124.85072
G1 X114.554 Y126.395 E124.88111
G1 X114.44 Y125.893 E124.90936
G1 X114.38 Y125.405 E124.93634
G1 X114.366 Y125.095 E124.95337
G1 X114.38 Y124.583 E124.98148
G1 X114.446 Y124.065 E125.01013
G1 X114.562 Y123.571 E125.03798
G1 X114.718 Y123.103 E125.06505
G1 X114.941 Y122.616 E125.09445
G1 X115.193 Y122.176 E125.12228
G1 X115.345 Y121.948 E125.13731
G1 X115.683 Y121.529 E125.16686
G1 X116.039 Y121.167 E125.19472
G1 X116.426 Y120.842 E125.22246
G1 X116.865 Y120.546 E125.25151
G1 X117.298 Y120.311 E125.27855
G1 X117.794 Y120.103 E125.30807
G1 X118.066 Y120.012 E125.32381
G1 X118.565 Y119.885 E125.35206
G1 X119.033 Y119.813 E125.37805
G1 X119.576 Y119.786 E125.40789
G1 X130.437 Y119.786 E126.00393
G1 X130.959 Y119.813 E126.03261
G1 X131.427 Y119.885 E126.0586
G1 X131.717 Y119.949 E126.0749
G1 X132.226 Y120.108 E126.10416
G1 X132.694 Y120.307 E126.13207
G1 X133.159 Y120.559 E126.1611
G1 X133.57 Y120.842 E126.18848
G1 X133.957 Y121.167 E126.21622
G1 X134.173 Y121.379 E126.23283
G1 X134.522 Y121.781 E126.26204
G1 X134.801 Y122.175 E126.28854
G1 X135.073 Y122.639 E126.31805
G1 X135.269 Y123.071 E126.34409
G1 X135.442 Y123.601 E126.37468
G1 X135.556 Y124.097 E126.40261
G1 X135.62 Y124.589 E126.42984
G1 X135.634 Y124.901 E126.44698
G1 X135.62 Y125.413 E126.47509
G1 X135.558 Y125.91 E126.50257
G1 X135.434 Y126.424 E126.53159
G1 X135.269 Y126.917 E126.56012
G1 X135.062 Y127.372 E126.58756
G1 X134.922 Y127.623 E126.60333
G1 X134.654 Y128.039 E126.63048
G1 X134.313 Y128.467 E126.66052
G1 X133.981 Y128.807 E126.6866
G1 X133.574 Y129.154 E126.71595
G1 X133.126 Y129.455 E126.74557
G1 X132.964 Y129.543 E126.75568
G0 F1890 X132.694 Y129.689
G0 X132.202 Y129.897
G0 X131.93 Y129.988
G0 X131.437 Y130.114
M204 S3125
G0 F10500 X130.929 Y130.186
G0 X130.42 Y130.21
G0 X126.443 Y130.21
G1 F1200 E126.25568
G1 F1200 Z1.28
G0 F10500 X126.443 Y130.21 Z1.28
G0 X126.442 Y131.859
G0 X134.745 Y135.522
M204 S2375
G1 F1200 Z0.84
G1 F600 E126.75568
G1 F1875.6 X135.192 Y135.375 E126.78151
G1 X135.608 Y135.188 E126.80654
G1 X136.009 Y134.967 E126.83167
G1 X136.404 Y134.692 E126.85808
G1 X136.765 Y134.395 E126.88373
G1 X137.084 Y134.077 E126.90845
G1 X137.384 Y133.717 E126.93417
G1 X137.647 Y133.329 E126.95989
G1 X137.879 Y132.917 E126.98584
G1 X138.059 Y132.5 E127.01077
G1 X138.21 Y132.061 E127.03625
G1 X138.319 Y131.591 E127.06272
G1 X138.382 Y131.144 E127.0875
G1 X138.406 Y130.664 E127.11387
G1 X138.406 Y119.328 E127.73598
G1 X138.383 Y118.852 E127.76214
G1 X138.319 Y118.405 E127.78692
G1 X138.21 Y117.935 E127.81339
G1 X138.06 Y117.492 E127.83906
G1 X137.88 Y117.079 E127.86379
G1 X137.647 Y116.664 E127.8899
G1 X137.38 Y116.28 E127.91557
G1 X137.083 Y115.919 E127.94123
G1 X136.765 Y115.6 E127.96595
G1 X136.404 Y115.3 E127.9917
G1 X136.01 Y115.03 E128.01792
G1 X135.608 Y114.808 E128.04312
G1 X135.192 Y114.621 E128.06815
G1 X134.745 Y114.474 E128.09397
G1 X134.279 Y114.361 E128.12029
G1 X133.834 Y114.302 E128.14492
G1 X133.348 Y114.278 E128.17163
G1 X116.648 Y114.278 E129.08811
G1 X116.162 Y114.301 E129.11481
G1 X115.717 Y114.361 E129.13945
G1 X115.251 Y114.474 E129.16577
G1 X114.804 Y114.621 E129.19159
G1 X114.388 Y114.808 E129.21662
G1 X113.986 Y115.03 E129.24182
G1 X113.592 Y115.3 E129.26804
G1 X113.231 Y115.6 E129.2938
G1 X112.913 Y115.919 E129.31851
G1 X112.616 Y116.28 E129.34417
G1 X112.349 Y116.664 E129.36984
G1 X112.116 Y117.079 E129.39595
G1 X111.936 Y117.492 E129.42068
G1 X111.786 Y117.935 E129.44635
G1 X111.677 Y118.405 E129.47282
G1 X111.613 Y118.852 E129.49761
G1 X111.59 Y119.332 E129.52398
G1 X111.59 Y130.668 E130.14609
G1 X111.613 Y131.144 E130.17224
G1 X111.677 Y131.591 E130.19702
G1 X111.786 Y132.061 E130.2235
G1 X111.937 Y132.5 E130.24898
G1 X112.116 Y132.917 E130.27388
G1 X112.349 Y133.329 E130.29986
G1 X112.612 Y133.717 E130.32558
G1 X112.912 Y134.077 E130.3513
G1 X113.231 Y134.396 E130.37606
G1 X113.591 Y134.695 E130.40174
G1 X113.986 Y134.962 E130.4279
G1 X114.389 Y135.189 E130.45329
G1 X114.804 Y135.375 E130.47824
G1 X115.251 Y135.522 E130.50407
G1 X115.717 Y135.635 E130.53038
G1 X116.162 Y135.694 E130.55502
G1 X116.648 Y135.718 E130.58172
G1 X133.128 Y135.718 E131.48613
G0 F1890 X133.348 Y135.718
G0 X133.834 Y135.695
G0 X134.279 Y135.635
G0 X134.745 Y135.522
M204 S3125
G0 F10500 X135.192 Y135.375
G0 X135.608 Y135.188
G0 X136.009 Y134.967
G0 X136.404 Y134.692
G0 X136.765 Y134.395
G0 X137.084 Y134.077
G0 X137.384 Y133.717
G0 X137.647 Y133.329
G0 X137.879 Y132.917
G0 X138.059 Y132.5
G0 X138.173 Y132.167
G1 F1200 E130.98613
G0 F10500 X136.974 Y132.468
G0 X134.449 Y134.472
G0 X134.565 Y134.886
;TYPE:WALL-INNER
G1 F600 E131.48613
G1 F1875.6 X134.953 Y134.759 E131.50854
G1 X135.312 Y134.597 E131.53015
G1 X135.661 Y134.406 E131.55198
G1 X136.005 Y134.166 E131.575
G1 X136.321 Y133.905 E131.5975
G1 X136.596 Y133.631 E131.6188
G1 X136.856 Y133.319 E131.64109
G1 X137.086 Y132.981 E131.66352
G1 X137.287 Y132.623 E131.68606
G1 X137.443 Y132.262 E131.70764
G1 X137.574 Y131.879 E131.72985
G1 X137.669 Y131.469 E131.75295
G1 X137.724 Y131.082 E131.7744
G1 X137.746 Y130.648 E131.79825
G1 X137.746 Y119.344 E132.4186
G1 X137.725 Y118.914 E132.44223
G1 X137.669 Y118.527 E132.46369
G1 X137.574 Y118.116 E132.48684
G1 X137.444 Y117.73 E132.50919
G1 X137.288 Y117.373 E132.53057
G1 X137.087 Y117.014 E132.55315
G1 X136.854 Y116.679 E132.57555
G1 X136.594 Y116.363 E132.598
G1 X136.319 Y116.088 E132.61935
G1 X136.005 Y115.827 E132.64175
G1 X135.663 Y115.592 E132.66453
G1 X135.312 Y115.399 E132.68651
G1 X134.953 Y115.237 E132.70812
G1 X134.565 Y115.11 E132.73053
G1 X134.157 Y115.011 E132.75357
G1 X133.774 Y114.96 E132.77477
G1 X133.332 Y114.938 E132.79906
G1 X116.664 Y114.938 E133.71379
G1 X116.222 Y114.959 E133.73807
G1 X115.839 Y115.011 E133.75928
G1 X115.431 Y115.11 E133.78232
G1 X115.043 Y115.237 E133.80473
G1 X114.684 Y115.399 E133.82634
G1 X114.333 Y115.592 E133.84832
G1 X113.991 Y115.827 E133.8711
G1 X113.677 Y116.088 E133.8935
G1 X113.403 Y116.363 E133.91481
G1 X113.142 Y116.679 E133.9373
G1 X112.909 Y117.014 E133.9597
G1 X112.708 Y117.373 E133.98227
G1 X112.552 Y117.73 E134.00366
G1 X112.422 Y118.116 E134.02601
G1 X112.327 Y118.527 E134.04916
G1 X112.271 Y118.914 E134.07062
G1 X112.25 Y119.348 E134.09446
G1 X112.25 Y130.652 E134.71482
G1 X112.271 Y131.082 E134.73844
G1 X112.327 Y131.469 E134.7599
G1 X112.421 Y131.879 E134.78299
G1 X112.553 Y132.262 E134.80522
G1 X112.708 Y132.623 E134.82678
G1 X112.911 Y132.981 E134.84937
G1 X113.14 Y133.319 E134.87177
G1 X113.4 Y133.631 E134.89406
G1 X113.677 Y133.908 E134.91556
G1 X113.988 Y134.167 E134.93777
G1 X114.333 Y134.4 E134.96062
G1 X114.687 Y134.599 E134.9829
G1 X115.043 Y134.759 E135.00432
G1 X115.431 Y134.886 E135.02673
G1 X115.839 Y134.985 E135.04977
G1 X116.222 Y135.036 E135.07097
G1 X116.664 Y135.058 E135.09526
G1 X132.945 Y135.058 E135.98875
G0 F1890 X133.332 Y135.058
G0 X133.774 Y135.037
G0 X134.157 Y134.985
G0 X134.565 Y134.886
G0 F10500 X134.447 Y134.473
G0 X132.648 Y130.889
G0 X132.484 Y130.496
G1 F1875.6 X132.166 Y130.606 E136.00721
G1 X131.551 Y130.764 E136.04206
G1 X130.961 Y130.845 E136.07474
G1 X130.469 Y130.869 E136.10177
G1 X119.527 Y130.869 E136.70226
G1 X119.039 Y130.846 E136.72907
G1 X118.4 Y130.75 E136.76453
G1 X118.06 Y130.669 E136.78372
G1 X117.547 Y130.507 E136.81324
G1 X117.007 Y130.277 E136.84545
G1 X116.53 Y130.021 E136.87516
G1 X116.023 Y129.672 E136.90894
G1 X115.543 Y129.264 E136.94351
G1 X115.166 Y128.875 E136.97324
G1 X114.947 Y128.609 E136.99215
G1 X114.612 Y128.134 E137.02405
G1 X114.322 Y127.626 E137.05615
G1 X114.087 Y127.092 E137.08817
G1 X113.911 Y126.543 E137.1198
G1 X113.785 Y125.973 E137.15184
G1 X113.719 Y125.41 E137.18295
G1 X113.706 Y125.079 E137.20113
G1 X113.725 Y124.502 E137.23281
G1 X113.803 Y123.915 E137.26531
G1 X113.936 Y123.362 E137.29652
G1 X114.092 Y122.894 E137.32359
G1 X114.368 Y122.288 E137.36014
G1 X114.608 Y121.868 E137.38669
G1 X114.849 Y121.51 E137.41037
G1 X115.211 Y121.068 E137.44172
G1 X115.614 Y120.662 E137.47312
G1 X116.023 Y120.32 E137.50238
G1 X116.493 Y120 E137.53358
G1 X117.007 Y119.719 E137.56573
G1 X117.55 Y119.489 E137.59809
G1 X117.902 Y119.373 E137.61843
G1 X118.445 Y119.236 E137.64916
G1 X119.035 Y119.151 E137.68188
G1 X119.527 Y119.127 E137.70891
G1 X130.469 Y119.127 E138.3094
G1 X131.059 Y119.161 E138.34183
G1 X131.527 Y119.233 E138.36781
G1 X131.861 Y119.305 E138.38657
G1 X132.484 Y119.5 E138.42239
G1 X132.986 Y119.715 E138.45236
G1 X133.469 Y119.975 E138.48246
G1 X133.973 Y120.32 E138.51598
G1 X134.437 Y120.712 E138.54932
G1 X134.671 Y120.945 E138.56744
G1 X135.06 Y121.399 E138.60025
G1 X135.369 Y121.839 E138.62976
G1 X135.674 Y122.367 E138.66322
G1 X135.91 Y122.901 E138.69526
G1 X136.085 Y123.451 E138.72693
G1 X136.211 Y124.012 E138.75849
G1 X136.281 Y124.586 E138.79022
G1 X136.294 Y124.917 E138.8084
G1 X136.282 Y125.397 E138.83475
G1 X136.208 Y126.024 E138.8694
G1 X136.083 Y126.551 E138.89912
G1 X135.87 Y127.19 E138.93609
G1 X135.64 Y127.691 E138.96634
G1 X135.477 Y127.981 E138.9846
G1 X135.209 Y128.397 E139.01175
G1 X134.785 Y128.928 E139.04905
G1 X134.379 Y129.337 E139.08067
G1 X133.977 Y129.676 E139.10953
G1 X133.918 Y129.716 E139.11344
G0 F1890 X133.456 Y130.027
G0 X132.986 Y130.281
G0 X132.484 Y130.496
G0 F10500 X132.648 Y130.889
G0 X133.639 Y130.348
G0 X134.62 Y129.618
G0 X135.284 Y128.88
G0 X136.466 Y127.199
;TYPE:FILL
G1 F1875.6 X137.178 Y127.008 E139.15022
G1 X137.179 Y129.413 E139.27021
G1 X136.142 Y133.284 E139.47014
G1 X135.934 Y133.49 E139.48475
G1 X135.669 Y133.708 E139.50187
G1 X135.358 Y133.925 E139.52079
G1 X134.975 Y134.136 E139.5426
G1 X132.04 Y131.202 E139.74965
G1 X131.159 Y134.491 E139.91952
G1 X128.966 Y134.491 E140.02893
G1 X127.387 Y132.912 E140.14034
G1 X126.992 Y131.436 E140.21657
G1 X126.456 Y131.437 E140.24331
G1 X126.887 Y133.047 E140.32646
G1 X126.5 Y134.491 E140.40104
G1 X126.638 Y134.491 E140.40793
G1 X137.033 Y131.706 E140.94483
G1 X137.11 Y131.37 E140.96202
G1 X137.158 Y131.032 E140.97906
G1 X137.179 Y130.627 E140.99929
G1 X137.179 Y129.976 E141.03177
G1 X135.768 Y128.565 E141.13132
G1 X135.957 Y128.281 E141.14834
G1 X136.141 Y127.956 E141.16697
G1 X136.39 Y127.418 E141.19655
G1 X136.602 Y126.799 E141.22919
G1 X136.766 Y126.127 E141.2637
G1 X136.849 Y125.418 E141.29932
G1 X136.86 Y124.824 E141.32896
G1 X136.838 Y124.437 E141.34829
G1 X136.772 Y123.925 E141.37405
G1 X136.636 Y123.317 E141.40513
G1 X136.523 Y122.956 E141.424
G1 X137.179 Y123.612 E141.47029
G1 X137.179 Y122.35 E141.53325
G1 X136.386 Y122.562 E141.5742
G1 X136.116 Y121.989 E141.6058
G1 X135.853 Y121.544 E141.63159
G1 X135.514 Y121.06 E141.66107
G1 X135.09 Y120.564 E141.69363
G1 X134.933 Y120.408 E141.70467
G1 X135.969 Y116.541 E141.9044
G1 X136.179 Y116.751 E141.91922
G1 X136.394 Y117.011 E141.93605
G1 X136.608 Y117.319 E141.95476
G1 X136.777 Y117.621 E141.97202
G1 X136.848 Y117.779 E141.98067
G1 X132.509 Y118.942 E142.20478
G1 X129.072 Y115.505 E142.44728
G1 X131.588 Y115.504 E142.5728
G1 X130.765 Y118.577 E142.73152
G1 X130.491 Y118.56 E142.74522
G1 X128.499 Y118.437
G0 F10500 X119.016 Y118.782
G0 X117.713 Y119.043
G0 X114.976 Y120.501
G1 F1875.6 X112.926 Y118.451 E142.88985
G1 X112.884 Y118.629 E142.89898
G1 X112.836 Y118.965 E142.91591
G1 X112.817 Y119.368 E142.93604
G1 X112.817 Y119.56 E142.94562
G1 X126.78 Y115.504 E143.67103
G1 X126.929 Y115.504 E143.67846
G1 X126.11 Y118.561 E143.83636
G1 X125.762 Y118.56 E143.85372
G1 X122.708 Y115.505 E144.06923
G1 X122.27 Y115.505 E144.09108
G1 X121.452 Y118.56 E144.24887
G1 X119.403 Y118.565 E144.35109
G1 X116.359 Y115.521 E144.56586
G1 X116.685 Y115.505 E144.58215
G1 X117.612 Y115.505 E144.62839
G1 X116.594 Y119.303 E144.82457
G1 X116.191 Y119.519 E144.84738
G1 X115.675 Y119.871 E144.87854
G1 X115.244 Y120.232 E144.90659
G1 X114.801 Y120.675 E144.93785
G1 X114.401 Y121.163 E144.96933
G1 X114.17 Y121.499 E144.98967
G1 X113.871 Y122.017 E145.01951
G1 X113.582 Y122.633 E145.05345
G1 X113.394 Y123.195 E145.08302
G1 X113.233 Y123.862 E145.11725
G1 X113.201 Y124.116 E145.13002
G1 X112.817 Y124.218 E145.14985
G1 X112.817 Y124.707 E145.17424
G1 X113.141 Y125.031 E145.1971
G1 X113.153 Y125.442 E145.21762
G1 X113.193 Y125.772 E145.2342
G1 X113.155 Y125.772 E145.2361
G1 X113.359 Y126.677 E145.28238
G1 X113.575 Y127.351 E145.31769
G1 X113.808 Y127.867 E145.34594
G1 X114.142 Y128.452 E145.37954
G1 X113.14 Y132.192 E145.57271
G1 X113.217 Y132.371 E145.58244
G1 X113.393 Y132.681 E145.60022
G1 X113.593 Y132.975 E145.61796
G1 X113.833 Y133.264 E145.6367
G1 X120.653 Y131.436 E145.98896
G1 X122.661 Y131.435 E146.08914
G1 X122.137 Y133.389 E146.19007
G1 X122.432 Y134.491 E146.24699
G1 X121.895 Y134.492 E146.27378
G1 X121.636 Y133.525 E146.32372
G1 X119.547 Y131.436 E146.47111
G1 X118.858 Y131.397 E146.50554
G1 X118.28 Y131.304 E146.53475
G1 X117.899 Y131.213 E146.55429
G1 X117.349 Y131.04 E146.58306
G1 X116.762 Y130.788 E146.61493
G1 X116.238 Y130.507 E146.64459
G1 X115.675 Y130.12 E146.67868
G1 X115.142 Y129.666 E146.71361
G1 X114.739 Y129.248 E146.74257
G1 X114.489 Y128.944 E146.76221
G1 X114.185 Y128.511 E146.78861
G1 X112.817 Y128.877 E146.85926
G1 X112.817 Y130.631 E146.94676
G1 X112.846 Y131.099 E146.97016
G1 X116.209 Y134.462 E147.20743
G1 X116.685 Y134.491 E147.23123
G1 X117.183 Y134.492 E147.25607
G1 X118.052 Y131.249 E147.42357
G1 X118.569 Y129.317
G0 F10500 X118.002 Y131.673
G1 F1200 E146.92357
;MESH:NONMESH
G0 X118.002 Y131.673 Z1.04
G0 F10500 X130.42 Y131.2
G0 X131.415 Y129.911
;TIME_ELAPSED:117.107969
;LAYER:4
;note -- min layer time used
M204 S2500
;TYPE:WALL-OUTER
;MESH:new-rear-port-cover.stl
G1 F600 E147.42357
G1 F1856.2 X130.917 Y129.986 E147.45121
G1 X130.42 Y130.01 E147.47852
G1 X119.559 Y130.01 E148.07456
G1 X119.079 Y129.986 E148.10094
G1 X118.584 Y129.911 E148.12841
G1 X118.372 Y129.862 E148.14035
G1 X117.858 Y129.706 E148.16983
G1 X117.398 Y129.515 E148.19717
G1 X116.948 Y129.268 E148.22534
G1 X116.53 Y128.977 E148.25329
G1 X116.146 Y128.654 E148.28083
G1 X115.814 Y128.31 E148.30706
G1 X115.656 Y128.126 E148.32037
G1 X115.361 Y127.716 E148.34809
G1 X115.116 Y127.283 E148.37539
G1 X114.916 Y126.851 E148.40152
G1 X114.754 Y126.363 E148.42974
G1 X114.638 Y125.861 E148.45801
G1 X114.576 Y125.365 E148.48544
G1 X114.566 Y125.126 E148.49857
G1 X114.576 Y124.62 E148.52635
G1 X114.638 Y124.121 E148.55394
G1 X114.755 Y123.626 E148.58186
G1 X114.919 Y123.147 E148.60964
G1 X115.13 Y122.685 E148.63751
G1 X115.377 Y122.264 E148.6643
G1 X115.489 Y122.096 E148.67538
G1 X115.814 Y121.686 E148.70409
G1 X116.154 Y121.334 E148.73095
G1 X116.566 Y120.99 E148.76041
G1 X116.978 Y120.714 E148.78762
G1 X117.413 Y120.478 E148.81478
G1 X117.619 Y120.387 E148.82714
G1 X118.088 Y120.212 E148.85461
G1 X118.581 Y120.085 E148.88255
G1 X119.045 Y120.013 E148.90832
G1 X119.576 Y119.986 E148.9375
G1 X130.437 Y119.986 E149.53354
G1 X130.917 Y120.01 E149.55992
G1 X131.412 Y120.085 E149.58739
G1 X131.641 Y120.139 E149.6003
G1 X132.142 Y120.288 E149.62899
G1 X132.6 Y120.484 E149.65633
G1 X133.045 Y120.724 E149.68407
G1 X133.463 Y121.016 E149.71206
G1 X133.85 Y121.342 E149.73983
G1 X134.197 Y121.703 E149.76731
G1 X134.339 Y121.872 E149.77942
G1 X134.635 Y122.279 E149.80704
G1 X134.867 Y122.683 E149.8326
G1 X135.077 Y123.138 E149.86011
G1 X135.25 Y123.659 E149.89023
G1 X135.358 Y124.115 E149.91595
G1 X135.42 Y124.62 E149.94387
G1 X135.43 Y124.87 E149.9576
G1 X135.42 Y125.372 E149.98516
G1 X135.362 Y125.858 E150.01202
G1 X135.242 Y126.368 E150.04077
G1 X135.094 Y126.816 E150.06666
G1 X134.873 Y127.297 E150.09571
G1 X134.764 Y127.492 E150.10797
G1 X134.496 Y127.916 E150.1355
G1 X134.182 Y128.314 E150.16332
G1 X133.849 Y128.659 E150.18964
G1 X133.446 Y128.997 E150.2185
G1 X133.013 Y129.287 E150.2471
G1 X132.937 Y129.328 E150.25184
G0 F2160 X132.583 Y129.518
G0 X132.377 Y129.609
G0 X131.908 Y129.784
G0 X131.415 Y129.911
M204 S3500
G0 F12000 X130.917 Y129.986
G0 X130.42 Y130.01
G0 X126.422 Y130.01
G1 F1200 E149.75184
G1 F1200 Z1.48
G0 F12000 X126.422 Y130.01 Z1.48
G0 X126.421 Y131.659
G0 X134.745 Y135.522
M204 S2500
G1 F1200 Z1.04
G1 F600 E150.25184
G1 F1856.2 X135.192 Y135.375 E150.27766
G1 X135.608 Y135.188 E150.30269
G1 X136.009 Y134.967 E150.32782
G1 X136.404 Y134.692 E150.35423
G1 X136.765 Y134.395 E150.37989
G1 X137.084 Y134.077 E150.40461
G1 X137.384 Y133.717 E150.43033
G1 X137.647 Y133.329 E150.45605
G1 X137.879 Y132.916 E150.48205
G1 X138.059 Y132.5 E150.50692
G1 X138.21 Y132.061 E150.5324
G1 X138.319 Y131.591 E150.55888
G1 X138.383 Y131.144 E150.58366
G1 X138.406 Y130.664 E150.61003
G1 X138.406 Y119.328 E151.23214
G1 X138.383 Y118.852 E151.25829
G1 X138.319 Y118.405 E151.28307
G1 X138.21 Y117.935 E151.30955
G1 X138.059 Y117.492 E151.33524
G1 X137.88 Y117.079 E151.35994
G1 X137.647 Y116.664 E151.38606
G1 X137.38 Y116.28 E151.41173
G1 X137.083 Y115.919 E151.43738
G1 X136.765 Y115.6 E151.4621
G1 X136.404 Y115.3 E151.48786
G1 X136.01 Y115.03 E151.51407
G1 X135.608 Y114.808 E151.53927
G1 X135.192 Y114.621 E151.5643
G1 X134.745 Y114.474 E151.59013
G1 X134.279 Y114.361 E151.61644
G1 X133.834 Y114.302 E151.64108
G1 X133.348 Y114.278 E151.66778
G1 X116.648 Y114.278 E152.58426
G1 X116.162 Y114.302 E152.61097
G1 X115.717 Y114.361 E152.6356
G1 X115.251 Y114.474 E152.66192
G1 X114.804 Y114.621 E152.68774
G1 X114.388 Y114.808 E152.71277
G1 X113.986 Y115.03 E152.73797
G1 X113.592 Y115.3 E152.76418
G1 X113.231 Y115.6 E152.78994
G1 X112.913 Y115.919 E152.81466
G1 X112.616 Y116.28 E152.84032
G1 X112.349 Y116.664 E152.86599
G1 X112.116 Y117.079 E152.8921
G1 X111.937 Y117.492 E152.91681
G1 X111.786 Y117.935 E152.94249
G1 X111.677 Y118.405 E152.96897
G1 X111.613 Y118.852 E152.99375
G1 X111.59 Y119.332 E153.02012
G1 X111.59 Y130.668 E153.64223
G1 X111.613 Y131.144 E153.66839
G1 X111.677 Y131.591 E153.69317
G1 X111.786 Y132.061 E153.71965
G1 X111.937 Y132.5 E153.74512
G1 X112.116 Y132.917 E153.77003
G1 X112.349 Y133.329 E153.796
G1 X112.612 Y133.717 E153.82173
G1 X112.912 Y134.077 E153.84744
G1 X113.231 Y134.396 E153.8722
G1 X113.591 Y134.695 E153.89788
G1 X113.986 Y134.962 E153.92405
G1 X114.389 Y135.188 E153.9494
G1 X114.804 Y135.375 E153.97439
G1 X115.251 Y135.522 E154.00021
G1 X115.717 Y135.635 E154.02652
G1 X116.162 Y135.694 E154.05116
G1 X116.648 Y135.718 E154.07786
G1 X133.128 Y135.718 E154.98227
G0 F2160 X133.348 Y135.718
G0 X133.834 Y135.695
G0 X134.279 Y135.635
G0 X134.745 Y135.522
M204 S3500
G0 F12000 X135.192 Y135.375
G0 X135.608 Y135.188
G0 X136.009 Y134.967
G0 X136.404 Y134.692
G0 X136.765 Y134.395
G0 X137.084 Y134.077
G0 X137.384 Y133.717
G0 X137.647 Y133.329
G0 X137.879 Y132.916
G0 X138.059 Y132.5
G0 X138.173 Y132.167
G1 F1200 E154.48227
G0 F12000 X136.974 Y132.467
G0 X134.449 Y134.472
G0 X134.564 Y134.887
;TYPE:WALL-INNER
G1 F600 E154.98227
G1 F1856.2 X134.953 Y134.759 E155.00475
G1 X135.312 Y134.597 E155.02636
G1 X135.661 Y134.405 E155.04822
G1 X136.005 Y134.166 E155.07121
G1 X136.321 Y133.906 E155.09367
G1 X136.596 Y133.631 E155.11501
G1 X136.856 Y133.319 E155.1373
G1 X137.085 Y132.981 E155.1597
G1 X137.287 Y132.622 E155.18231
G1 X137.443 Y132.262 E155.20384
G1 X137.574 Y131.88 E155.226
G1 X137.669 Y131.469 E155.24915
G1 X137.725 Y131.082 E155.27061
G1 X137.746 Y130.648 E155.29446
G1 X137.746 Y119.344 E155.91481
G1 X137.725 Y118.914 E155.93844
G1 X137.669 Y118.527 E155.9599
G1 X137.574 Y118.116 E155.98305
G1 X137.443 Y117.73 E156.00542
G1 X137.288 Y117.373 E156.02678
G1 X137.087 Y117.014 E156.04936
G1 X136.854 Y116.679 E156.07175
G1 X136.593 Y116.363 E156.09424
G1 X136.319 Y116.088 E156.11555
G1 X136.005 Y115.827 E156.13795
G1 X135.663 Y115.592 E156.16073
G1 X135.312 Y115.399 E156.18271
G1 X134.953 Y115.237 E156.20432
G1 X134.565 Y115.109 E156.22675
G1 X134.157 Y115.011 E156.24977
G1 X133.774 Y114.96 E156.27098
G1 X133.332 Y114.938 E156.29526
G1 X116.664 Y114.938 E157.20999
G1 X116.222 Y114.96 E157.23428
G1 X115.839 Y115.011 E157.25548
G1 X115.432 Y115.11 E157.27847
G1 X115.043 Y115.237 E157.30093
G1 X114.684 Y115.399 E157.32254
G1 X114.333 Y115.592 E157.34452
G1 X113.991 Y115.827 E157.3673
G1 X113.677 Y116.088 E157.3897
G1 X113.403 Y116.363 E157.41101
G1 X113.142 Y116.679 E157.4335
G1 X112.909 Y117.014 E157.45589
G1 X112.708 Y117.373 E157.47847
G1 X112.553 Y117.73 E157.49983
G1 X112.422 Y118.116 E157.5222
G1 X112.327 Y118.527 E157.54535
G1 X112.271 Y118.914 E157.56681
G1 X112.25 Y119.348 E157.59066
G1 X112.25 Y130.652 E158.21101
G1 X112.271 Y131.082 E158.23464
G1 X112.327 Y131.469 E158.2561
G1 X112.421 Y131.879 E158.27918
G1 X112.553 Y132.262 E158.30141
G1 X112.708 Y132.623 E158.32297
G1 X112.91 Y132.981 E158.34553
G1 X113.14 Y133.319 E158.36797
G1 X113.4 Y133.631 E158.39026
G1 X113.677 Y133.908 E158.41176
G1 X113.988 Y134.167 E158.43397
G1 X114.333 Y134.4 E158.45681
G1 X114.687 Y134.598 E158.47907
G1 X115.043 Y134.759 E158.50052
G1 X115.432 Y134.886 E158.52297
G1 X115.839 Y134.985 E158.54596
G1 X116.222 Y135.036 E158.56716
G1 X116.664 Y135.058 E158.59145
G1 X132.944 Y135.058 E159.48488
G0 F2160 X133.332 Y135.058
G0 X133.774 Y135.037
G0 X134.157 Y134.985
G0 X134.564 Y134.887
G0 F12000 X134.447 Y134.473
G0 X132.782 Y130.62
G0 X132.609 Y130.227
G1 F1856.2 X132.075 Y130.423 E159.5161
G1 X131.516 Y130.563 E159.54773
G1 X130.95 Y130.645 E159.57911
G1 X130.47 Y130.669 E159.60549
G1 X119.526 Y130.669 E160.20609
G1 X119.046 Y130.646 E160.23246
G1 X118.41 Y130.549 E160.26776
G1 X118.222 Y130.505 E160.27836
G1 X117.62 Y130.322 E160.31289
G1 X117.083 Y130.095 E160.34489
G1 X116.641 Y129.854 E160.37251
G1 X116.157 Y129.523 E160.40469
G1 X115.671 Y129.112 E160.43962
G1 X115.339 Y128.768 E160.46586
G1 X115.122 Y128.514 E160.48419
G1 X114.787 Y128.042 E160.51596
G1 X114.555 Y127.634 E160.54171
G1 X114.317 Y127.128 E160.5724
G1 X114.102 Y126.481 E160.60982
G1 X113.988 Y125.975 E160.63828
G1 X113.915 Y125.366 E160.67194
G1 X113.906 Y125.115 E160.68573
G1 X113.921 Y124.541 E160.71724
G1 X113.976 Y124.077 E160.74288
G1 X114.103 Y123.507 E160.77493
G1 X114.282 Y122.966 E160.8062
G1 X114.56 Y122.352 E160.84319
G1 X114.828 Y121.898 E160.87212
G1 X114.987 Y121.665 E160.8876
G1 X115.339 Y121.228 E160.9184
G1 X115.696 Y120.859 E160.94657
G1 X116.196 Y120.444 E160.98223
G1 X116.605 Y120.167 E161.00934
G1 X117.105 Y119.894 E161.04061
G1 X117.37 Y119.775 E161.05655
G1 X117.921 Y119.573 E161.08875
G1 X118.382 Y119.453 E161.1149
G1 X118.944 Y119.361 E161.14615
G1 X119.526 Y119.327 E161.17814
G1 X130.47 Y119.327 E161.77874
G1 X131.053 Y119.362 E161.81079
G1 X131.586 Y119.447 E161.84041
G1 X131.827 Y119.505 E161.85402
G1 X132.401 Y119.68 E161.88695
G1 X132.845 Y119.87 E161.91345
G1 X133.352 Y120.138 E161.94493
G1 X133.839 Y120.473 E161.97736
G1 X134.299 Y120.858 E162.01028
G1 X134.657 Y121.228 E162.03854
G1 X134.871 Y121.482 E162.05677
G1 X135.207 Y121.951 E162.08843
G1 X135.48 Y122.435 E162.11892
G1 X135.677 Y122.863 E162.14478
G1 X135.869 Y123.425 E162.17737
G1 X136 Y123.963 E162.20776
G1 X136.076 Y124.542 E162.23981
G1 X136.09 Y124.881 E162.25843
G1 X136.076 Y125.45 E162.28966
G1 X136.012 Y125.972 E162.31852
G1 X135.869 Y126.575 E162.35253
G1 X135.721 Y127.023 E162.37843
G1 X135.484 Y127.552 E162.41024
G1 X135.324 Y127.842 E162.42842
G1 X135.015 Y128.324 E162.45984
G1 X134.657 Y128.772 E162.49131
G1 X134.306 Y129.135 E162.51902
G1 X134.006 Y129.387 E162.54052
G0 F2160 X133.84 Y129.527
G0 X133.391 Y129.83
G0 X132.891 Y130.102
G0 X132.609 Y130.227
G0 F12000 X132.782 Y130.62
G0 X134.121 Y129.775
G0 X134.773 Y129.169
G0 X136.164 Y127.427
;TYPE:FILL
G1 F1856.2 X137.178 Y127.155 E162.5929
G1 X137.179 Y128.862 E162.67806
G1 X135.94 Y133.485 E162.91684
G1 X135.669 Y133.708 E162.93435
G1 X135.358 Y133.925 E162.95327
G1 X135.104 Y134.065 E162.96774
G1 X132.053 Y131.013 E163.18304
G1 X131.937 Y131.042 E163.18901
G1 X131.012 Y134.491 E163.36716
G1 X129.166 Y134.491 E163.45925
G1 X127.314 Y132.639 E163.58992
G1 X126.938 Y131.236 E163.66239
G1 X126.402 Y131.237 E163.68913
G1 X126.814 Y132.772 E163.76842
G1 X126.353 Y134.491 E163.85721
G1 X127.187 Y134.491 E163.89882
G1 X136.997 Y131.863 E164.4055
G1 X137.11 Y131.372 E164.43064
G1 X137.16 Y131.03 E164.44788
G1 X137.179 Y130.628 E164.46796
G1 X137.179 Y129.775 E164.51052
G1 X135.704 Y128.3 E164.61459
G1 X135.808 Y128.139 E164.62415
G1 X135.951 Y127.884 E164.63874
G1 X136.232 Y127.28 E164.67197
G1 X136.411 Y126.741 E164.70031
G1 X136.57 Y126.074 E164.73451
G1 X136.641 Y125.504 E164.76317
G1 X136.657 Y124.883 E164.79416
G1 X136.64 Y124.486 E164.81399
G1 X136.57 Y123.907 E164.84309
G1 X136.411 Y123.258 E164.87642
G1 X136.241 Y122.748 E164.90324
G1 X137.179 Y122.497 E164.95169
G1 X137.179 Y122.614 E164.95752
G1 X136.013 Y122.245 E165.01854
G1 X135.934 Y122.078 E165.02776
G1 X135.691 Y121.655 E165.05209
G1 X135.324 Y121.14 E165.08364
G1 X135.129 Y120.905 E165.09888
G1 X134.757 Y120.517 E165.12569
G1 X135.853 Y116.424 E165.33709
G1 X136.178 Y116.75 E165.36006
G1 X136.403 Y117.024 E165.37774
G1 X136.606 Y117.316 E165.39549
G1 X136.78 Y117.625 E165.41318
G1 X136.906 Y117.911 E165.42877
G1 X132.478 Y119.098 E165.65748
G1 X133.162 Y119.394 E165.69467
G1 X131.349 Y117.581 E165.82258
G1 X130.792 Y115.504 E165.92987
G1 X130.256 Y115.505 E165.95661
G1 X130.849 Y117.715 E166.07077
G1 X130.568 Y118.764 E166.12495
G1 X130.49 Y118.76 E166.12884
G1 X128.49 Y118.658
G0 F12000 X119.026 Y118.982
G0 X117.827 Y119.216
G0 X115.217 Y120.542
G1 F1856.2 X112.964 Y118.288 E166.28784
G1 X112.884 Y118.629 E166.30531
G1 X112.837 Y118.961 E166.32204
G1 X112.817 Y119.368 E166.34237
G1 X112.818 Y119.707 E166.35929
G1 X126.782 Y115.504 E167.08682
G1 X126.286 Y118.76 E167.25114
G1 X126.163 Y118.76 E167.25728
G1 X122.909 Y115.505 E167.4869
G1 X122.123 Y115.505 E167.52611
G1 X121.251 Y118.761 E167.69428
G1 X119.799 Y118.76 E167.76672
G1 X116.552 Y115.512 E167.99585
G1 X117.465 Y115.505 E168.0414
G1 X116.351 Y119.661 E168.25606
G1 X115.822 Y120.013 E168.28777
G1 X115.302 Y120.451 E168.32168
G1 X114.835 Y120.942 E168.35549
G1 X114.538 Y121.319 E168.37944
G1 X114.352 Y121.589 E168.39579
G1 X114.066 Y122.073 E168.42384
G1 X113.798 Y122.646 E168.4554
G1 X113.553 Y123.37 E168.49353
G1 X113.44 Y123.856 E168.51843
G1 X113.392 Y124.211 E168.5363
G1 X112.817 Y124.365 E168.566
G1 X112.817 Y124.506 E168.57303
G1 X113.341 Y125.03 E168.61
G1 X113.349 Y125.396 E168.62827
G1 X113.43 Y126.076 E168.66243
G1 X113.55 Y126.614 E168.68993
G1 X113.762 Y127.276 E168.72461
G1 X114.004 Y127.804 E168.75359
G1 X114.116 Y128.004 E168.76502
G1 X113.05 Y131.982 E168.97049
G1 X113.217 Y132.372 E168.99166
G1 X113.392 Y132.681 E169.00937
G1 X113.592 Y132.975 E169.02711
G1 X113.823 Y133.253 E169.04514
G1 X113.949 Y133.38 E169.05407
G1 X121.949 Y131.236 E169.46728
G1 X122.567 Y131.235 E169.49811
G1 X122.063 Y133.118 E169.59536
G1 X122.432 Y134.491 E169.66629
G1 X121.896 Y134.492 E169.69303
G1 X121.563 Y133.251 E169.75713
G1 X119.548 Y131.236 E169.8993
G1 X119.003 Y131.211 E169.92652
G1 X118.461 Y131.133 E169.95384
G1 X118.461 Y131.17 E169.95569
G1 X117.42 Y130.853 E170.00998
G1 X116.922 Y130.647 E170.03686
G1 X116.35 Y130.341 E170.06923
G1 X115.815 Y129.975 E170.10157
G1 X115.304 Y129.547 E170.13482
G1 X114.875 Y129.101 E170.1657
G1 X114.665 Y128.851 E170.18199
G1 X114.475 Y128.58 E170.1985
G1 X112.817 Y129.024 E170.28413
G1 X112.817 Y130.631 E170.3643
G1 X112.829 Y130.881 E170.37679
G1 X116.425 Y134.478 E170.63054
G1 X116.685 Y134.491 E170.64353
G1 X117.036 Y134.492 E170.66104
G1 X117.966 Y131.02 E170.84037
G1 X118.483 Y129.088
G0 F12000 X117.777 Y131.403
G1 F1200 E170.34037
;MESH:NONMESH
G0 X117.777 Y131.403 Z1.24
G0 F12000 X130.42 Y131
G0 X131.398 Y129.71
;TIME_ELAPSED:133.006558
;LAYER:5
;note -- min layer time used
M204 S2500
;TYPE:WALL-OUTER
;MESH:new-rear-port-cover.stl
G1 F600 E170.84037
G1 F1949.5 X130.905 Y129.786 E170.86774
G1 X130.419 Y129.81 E170.89445
G1 X119.559 Y129.806 E171.49043
G1 X119.091 Y129.782 E171.51615
G1 X118.6 Y129.707 E171.54341
G1 X118.003 Y129.542 E171.5774
G1 X117.498 Y129.339 E171.60727
G1 X117.087 Y129.119 E171.63285
G1 X116.675 Y128.837 E171.66025
G1 X116.274 Y128.494 E171.68921
G1 X115.87 Y128.062 E171.72167
G1 X115.551 Y127.632 E171.75105
G1 X115.299 Y127.202 E171.77841
G1 X115.107 Y126.782 E171.80375
G1 X114.937 Y126.276 E171.83304
G1 X114.834 Y125.813 E171.85907
G1 X114.776 Y125.332 E171.88566
G1 X114.776 Y124.664 E171.92232
G1 X114.838 Y124.163 E171.95003
G1 X114.947 Y123.686 E171.97688
G1 X115.107 Y123.214 E172.00423
G1 X115.315 Y122.764 E172.03144
G1 X115.587 Y122.303 E172.06081
G1 X115.931 Y121.857 E172.09172
G1 X116.286 Y121.486 E172.1199
G1 X116.675 Y121.159 E172.14779
G1 X117.08 Y120.884 E172.17465
G1 X117.524 Y120.645 E172.20233
G1 X118.113 Y120.417 E172.23699
G1 X118.598 Y120.286 E172.26456
G1 X119.093 Y120.21 E172.29204
G1 X119.575 Y120.19 E172.31852
G1 X130.437 Y120.186 E172.91461
G1 X130.942 Y120.214 E172.94237
G1 X131.493 Y120.307 E172.97304
G1 X132.001 Y120.455 E173.00208
G1 X132.477 Y120.647 E173.03024
G1 X132.94 Y120.896 E173.05909
G1 X133.321 Y121.159 E173.0845
G1 X133.726 Y121.502 E173.11363
G1 X134.151 Y121.96 E173.14792
G1 X134.445 Y122.363 E173.17529
G1 X134.692 Y122.785 E173.20213
G1 X134.906 Y123.252 E173.23032
G1 X135.058 Y123.717 E173.25716
G1 X135.162 Y124.165 E173.2824
G1 X135.22 Y124.667 E173.31014
G1 X135.222 Y125.292 E173.34444
G1 X135.166 Y125.814 E173.37325
G1 X135.05 Y126.307 E173.40104
G1 X134.89 Y126.788 E173.42886
G1 X134.638 Y127.312 E173.46077
G1 X134.348 Y127.781 E173.49103
G1 X134.064 Y128.141 E173.5162
G1 X133.702 Y128.516 E173.5448
G1 X133.31 Y128.846 E173.57292
G1 X132.914 Y129.111 E173.59907
G0 F2160 X132.909 Y129.115
G0 X132.474 Y129.349
G0 X131.88 Y129.579
G0 X131.398 Y129.71
M204 S3500
G0 F12000 X130.905 Y129.786
G0 X130.419 Y129.81
G0 X126.405 Y129.809
G1 F1200 E173.09907
G1 F1200 Z1.68
G0 F12000 X126.405 Y129.809 Z1.68
G0 X126.404 Y131.458
G0 X134.745 Y135.522
M204 S2500
G1 F1200 Z1.24
G1 F600 E173.59907
G1 F1949.5 X135.192 Y135.375 E173.62489
G1 X135.608 Y135.188 E173.64992
G1 X136.009 Y134.967 E173.67505
G1 X136.404 Y134.692 E173.70146
G1 X136.765 Y134.395 E173.72712
G1 X137.084 Y134.077 E173.75184
G1 X137.384 Y133.717 E173.77756
G1 X137.647 Y133.329 E173.80328
G1 X137.879 Y132.917 E173.82923
G1 X138.059 Y132.5 E173.85415
G1 X138.21 Y132.061 E173.87963
G1 X138.319 Y131.591 E173.90611
G1 X138.383 Y131.144 E173.93089
G1 X138.406 Y130.664 E173.95726
G1 X138.406 Y119.328 E174.57937
G1 X138.383 Y118.852 E174.60553
G1 X138.319 Y118.405 E174.63031
G1 X138.21 Y117.935 E174.65678
G1 X138.059 Y117.492 E174.68247
G1 X137.88 Y117.079 E174.70717
G1 X137.647 Y116.664 E174.73329
G1 X137.38 Y116.28 E174.75896
G1 X137.083 Y115.919 E174.78461
G1 X136.765 Y115.6 E174.80933
G1 X136.404 Y115.3 E174.83509
G1 X136.01 Y115.03 E174.8613
G1 X135.608 Y114.808 E174.88651
G1 X135.192 Y114.621 E174.91154
G1 X134.745 Y114.474 E174.93736
G1 X134.279 Y114.361 E174.96367
G1 X133.834 Y114.301 E174.98832
G1 X133.348 Y114.279 E175.01501
G1 X116.574 Y114.281 E175.93556
G1 X116.162 Y114.301 E175.9582
G1 X115.717 Y114.361 E175.98284
G1 X115.251 Y114.474 E176.00915
G1 X114.804 Y114.621 E176.03498
G1 X114.388 Y114.808 E176.06001
G1 X113.986 Y115.03 E176.08521
G1 X113.592 Y115.3 E176.11142
G1 X113.231 Y115.6 E176.13718
G1 X112.913 Y115.919 E176.1619
G1 X112.616 Y116.28 E176.18755
G1 X112.349 Y116.664 E176.21322
G1 X112.116 Y117.079 E176.23934
G1 X111.937 Y117.492 E176.26404
G1 X111.786 Y117.935 E176.28973
G1 X111.677 Y118.405 E176.3162
G1 X111.613 Y118.852 E176.34099
G1 X111.591 Y119.332 E176.36736
G1 X111.59 Y130.668 E176.98947
G1 X111.613 Y131.144 E177.01562
G1 X111.677 Y131.591 E177.0404
G1 X111.786 Y132.061 E177.06688
G1 X111.937 Y132.5 E177.09236
G1 X112.116 Y132.917 E177.11726
G1 X112.349 Y133.329 E177.14324
G1 X112.612 Y133.717 E177.16896
G1 X112.912 Y134.077 E177.19468
G1 X113.231 Y134.396 E177.21943
G1 X113.591 Y134.695 E177.24512
G1 X113.986 Y134.962 E177.27128
G1 X114.389 Y135.189 E177.29667
G1 X114.804 Y135.375 E177.32162
G1 X115.251 Y135.522 E177.34745
G1 X115.717 Y135.635 E177.37376
G1 X116.162 Y135.695 E177.3984
G1 X116.648 Y135.717 E177.4251
G1 X133.128 Y135.718 E178.32951
G0 F2160 X133.348 Y135.718
G0 X133.834 Y135.695
G0 X134.279 Y135.635
G0 X134.745 Y135.522
M204 S3500
G0 F12000 X135.192 Y135.375
G0 X135.608 Y135.188
G0 X136.009 Y134.967
G0 X136.404 Y134.692
G0 X136.765 Y134.395
G0 X137.084 Y134.077
G0 X137.384 Y133.717
G0 X137.647 Y133.329
G0 X137.879 Y132.917
G0 X138.059 Y132.5
G0 X138.173 Y132.167
G1 F1200 E177.82951
G0 F12000 X136.974 Y132.468
G0 X134.449 Y134.472
G0 X134.565 Y134.887
;TYPE:WALL-INNER
G1 F600 E178.32951
G1 F1949.5 X134.953 Y134.759 E178.35193
G1 X135.313 Y134.597 E178.3736
G1 X135.661 Y134.405 E178.39541
G1 X136.005 Y134.166 E178.4184
G1 X136.321 Y133.905 E178.44089
G1 X136.596 Y133.631 E178.46219
G1 X136.856 Y133.319 E178.48448
G1 X137.085 Y132.981 E178.50689
G1 X137.287 Y132.623 E178.52945
G1 X137.443 Y132.262 E178.55103
G1 X137.574 Y131.879 E178.57324
G1 X137.67 Y131.469 E178.59635
G1 X137.725 Y131.082 E178.6178
G1 X137.746 Y130.648 E178.64165
G1 X137.746 Y119.344 E179.262
G1 X137.725 Y118.914 E179.28563
G1 X137.67 Y118.527 E179.30708
G1 X137.574 Y118.116 E179.33024
G1 X137.443 Y117.73 E179.35261
G1 X137.288 Y117.373 E179.37397
G1 X137.087 Y117.014 E179.39655
G1 X136.854 Y116.679 E179.41895
G1 X136.593 Y116.363 E179.44144
G1 X136.319 Y116.088 E179.46274
G1 X136.005 Y115.827 E179.48515
G1 X135.663 Y115.592 E179.50792
G1 X135.312 Y115.399 E179.52991
G1 X134.953 Y115.237 E179.55152
G1 X134.564 Y115.109 E179.57399
G1 X134.157 Y115.011 E179.59697
G1 X133.774 Y114.959 E179.61818
G1 X133.332 Y114.939 E179.64246
G1 X116.664 Y114.939 E180.55719
G1 X116.222 Y114.959 E180.58147
G1 X115.839 Y115.011 E180.60268
G1 X115.432 Y115.109 E180.62566
G1 X115.043 Y115.237 E180.64813
G1 X114.683 Y115.399 E180.66979
G1 X114.333 Y115.592 E180.69173
G1 X113.99 Y115.827 E180.71455
G1 X113.677 Y116.088 E180.73691
G1 X113.402 Y116.363 E180.75826
G1 X113.142 Y116.679 E180.78071
G1 X112.909 Y117.014 E180.80311
G1 X112.708 Y117.373 E180.82569
G1 X112.553 Y117.73 E180.84704
G1 X112.422 Y118.116 E180.86941
G1 X112.326 Y118.527 E180.89258
G1 X112.271 Y118.914 E180.91403
G1 X112.251 Y119.348 E180.93787
G1 X112.25 Y130.652 E181.55823
G1 X112.271 Y131.081 E181.5818
G1 X112.326 Y131.469 E181.6033
G1 X112.421 Y131.879 E181.6264
G1 X112.553 Y132.262 E181.64863
G1 X112.708 Y132.623 E181.67019
G1 X112.911 Y132.981 E181.69278
G1 X113.14 Y133.319 E181.71518
G1 X113.4 Y133.631 E181.73747
G1 X113.677 Y133.908 E181.75897
G1 X113.988 Y134.167 E181.78118
G1 X114.333 Y134.4 E181.80403
G1 X114.687 Y134.599 E181.82631
G1 X115.043 Y134.759 E181.84773
G1 X115.432 Y134.887 E181.87021
G1 X115.839 Y134.985 E181.89318
G1 X116.222 Y135.037 E181.91439
G1 X116.664 Y135.057 E181.93868
G1 X132.945 Y135.058 E182.83216
G0 F2160 X133.332 Y135.058
G0 X133.774 Y135.037
G0 X134.157 Y134.985
G0 X134.565 Y134.887
G0 F12000 X134.447 Y134.473
G0 X132.946 Y130.328
G0 X132.788 Y129.93
G1 F1949.5 X132.152 Y130.183 E182.86973
G1 X131.512 Y130.36 E182.90617
G1 X130.939 Y130.445 E182.93796
G1 X130.419 Y130.47 E182.96653
G1 X119.575 Y130.467 E183.56164
G1 X119.057 Y130.442 E183.5901
G1 X118.497 Y130.359 E183.62117
G1 X117.719 Y130.142 E183.66549
G1 X117.239 Y129.947 E183.69393
G1 X116.722 Y129.669 E183.72614
G1 X116.29 Y129.373 E183.75488
G1 X115.852 Y129.003 E183.78635
G1 X115.388 Y128.513 E183.82338
G1 X114.983 Y127.968 E183.86064
G1 X114.699 Y127.476 E183.89182
G1 X114.469 Y126.96 E183.92282
G1 X114.293 Y126.42 E183.95399
G1 X114.184 Y125.927 E183.9817
G1 X114.121 Y125.411 E184.01023
G1 X114.113 Y124.645 E184.05227
G1 X114.194 Y124.018 E184.08696
G1 X114.321 Y123.476 E184.11751
G1 X114.507 Y122.94 E184.14865
G1 X114.747 Y122.428 E184.17968
G1 X115.05 Y121.915 E184.21238
G1 X115.478 Y121.373 E184.25028
G1 X115.844 Y120.996 E184.27911
G1 X116.248 Y120.655 E184.30813
G1 X116.728 Y120.326 E184.34006
G1 X117.205 Y120.066 E184.36988
G1 X117.94 Y119.78 E184.41316
G1 X118.484 Y119.636 E184.44404
G1 X119.065 Y119.55 E184.47627
G1 X119.533 Y119.53 E184.50198
G1 X130.471 Y119.527 E185.10225
G1 X130.939 Y119.551 E185.12797
G1 X131.561 Y119.646 E185.1625
G1 X132.185 Y119.821 E185.19806
G1 X132.751 Y120.046 E185.23149
G1 X133.244 Y120.308 E185.26213
G1 X133.748 Y120.655 E185.29571
G1 X134.148 Y120.993 E185.32445
G1 X134.683 Y121.569 E185.36759
G1 X135.013 Y122.027 E185.39857
G1 X135.291 Y122.507 E185.42901
G1 X135.532 Y123.045 E185.46136
G1 X135.701 Y123.568 E185.49153
G1 X135.824 Y124.129 E185.52305
G1 X135.882 Y124.704 E185.55476
G1 X135.876 Y125.403 E185.59312
G1 X135.816 Y125.928 E185.62212
G1 X135.701 Y126.428 E185.65028
G1 X135.513 Y127.015 E185.6841
G1 X135.183 Y127.689 E185.72529
G1 X134.866 Y128.19 E185.75782
G1 X134.518 Y128.623 E185.78831
G1 X134.152 Y128.999 E185.81711
G1 X134.135 Y129.013 E185.81831
G0 F2160 X133.704 Y129.376
G0 X133.28 Y129.663
G0 X132.788 Y129.93
G0 F12000 X132.946 Y130.328
G0 X133.921 Y129.675
G0 X134.62 Y129.03
G0 X135.826 Y127.664
;TYPE:FILL
G1 F1949.5 X137.178 Y127.301 E185.88816
G1 X137.179 Y128.318 E185.93889
G1 X135.75 Y133.651 E186.21434
G1 X135.244 Y134.005 E186.24515
G1 X132.044 Y130.805 E186.47093
G1 X131.84 Y130.858 E186.48145
G1 X130.866 Y134.491 E186.6691
G1 X129.365 Y134.49 E186.74398
G1 X127.241 Y132.366 E186.89384
G1 X126.884 Y131.035 E186.96259
G1 X126.348 Y131.035 E186.98934
G1 X126.741 Y132.5 E187.06501
G1 X126.208 Y134.491 E187.16784
G1 X127.734 Y134.491 E187.24397
G1 X136.923 Y132.028 E187.71859
G1 X137.029 Y131.719 E187.73489
G1 X137.112 Y131.367 E187.75293
G1 X137.16 Y131.031 E187.76987
G1 X137.179 Y130.628 E187.79
G1 X137.179 Y129.576 E187.84248
G1 X135.636 Y128.033 E187.95135
G1 X135.912 Y127.489 E187.98178
G1 X135.929 Y127.489 E187.98263
G1 X136.07 Y127.137 E188.00155
G1 X136.253 Y126.563 E188.0316
G1 X136.375 Y126.029 E188.05893
G1 X136.449 Y125.38 E188.09152
G1 X136.449 Y124.618 E188.12954
G1 X136.377 Y123.975 E188.16182
G1 X136.252 Y123.432 E188.18962
G1 X136.091 Y122.934 E188.21573
G1 X137.179 Y123.151 E188.27108
G1 X137.179 Y123.212 E188.27412
G1 X131.276 Y117.309 E188.69061
G1 X130.793 Y115.506 E188.78373
G1 X130.257 Y115.506 E188.81047
G1 X130.776 Y117.442 E188.91047
G1 X130.369 Y118.96 E188.98888
G1 X126.564 Y118.962 E189.17871
G1 X123.109 Y115.506 E189.42252
G1 X121.977 Y115.506 E189.47899
G1 X121.051 Y118.964 E189.65759
G1 X125.71 Y118.962 E189.89003
G1 X126.636 Y115.506 E190.06853
G1 X129.039 Y115.506 E190.18842
G1 X112.818 Y119.852 E191.02623
G1 X112.818 Y119.369 E191.05033
G1 X112.837 Y118.96 E191.07075
G1 X112.885 Y118.626 E191.08759
G1 X113 Y118.125 E191.11323
G1 X115.457 Y120.582 E191.28659
G1 X115.896 Y120.211 E191.31526
G1 X116.476 Y119.815 E191.3503
G1 X117.012 Y119.525 E191.3807
G1 X117.78 Y119.236 E191.42164
G1 X118.381 Y119.078 E191.45265
G1 X118.948 Y118.988 E191.48129
G1 X119.516 Y118.964 E191.50965
G1 X120.202 Y118.964 E191.54388
G1 X117.325 Y115.481 E191.76926
G1 X116.094 Y120.077 E192.00664
G1 X115.577 Y122.008
G0 F12000 X114.866 Y121.454
G0 X113.597 Y122.553
G0 X113.547 Y125.036
G1 F1949.5 X112.819 Y124.693 E192.04679
G1 X112.818 Y124.511 E192.05587
G1 X113.585 Y124.306 E192.09547
G1 X113.547 Y124.596 E192.11007
G1 X113.547 Y125.388 E192.14958
G1 X113.625 Y126.021 E192.1814
G1 X113.743 Y126.557 E192.20878
G1 X113.933 Y127.146 E192.23966
G1 X114.099 Y127.521 E192.26012
G1 X112.971 Y131.732 E192.47761
G1 X113.082 Y132.057 E192.49474
G1 X113.217 Y132.372 E192.51184
G1 X113.392 Y132.681 E192.52956
G1 X113.592 Y132.975 E192.5473
G1 X113.824 Y133.253 E192.56536
G1 X114.064 Y133.495 E192.58237
G1 X122.332 Y131.033 E193.01276
G1 X122.475 Y131.033 E193.01989
G1 X121.99 Y132.843 E193.11338
G1 X122.432 Y134.49 E193.19846
G1 X121.894 Y134.491 E193.2253
G1 X121.489 Y132.978 E193.30344
G1 X119.543 Y131.033 E193.44071
G1 X119.014 Y131.007 E193.46713
G1 X118.337 Y130.909 E193.50126
G1 X117.576 Y130.697 E193.54067
G1 X116.945 Y130.435 E193.57476
G1 X116.423 Y130.152 E193.60438
G1 X115.893 Y129.783 E193.6366
G1 X115.464 Y129.417 E193.66473
G1 X114.91 Y128.833 E193.70489
G1 X114.776 Y128.645 E193.71641
G1 X112.818 Y129.17 E193.81755
G1 X112.819 Y130.672 E193.89248
G1 X116.634 Y134.487 E194.16165
G1 X116.89 Y134.49 E194.17442
G1 X117.883 Y130.784 E194.36584
G1 X118.4 Y128.853
G1 F1200 E193.86584
G1 F1200 Z1.68
G0 F12000 X118.4 Y128.853 Z1.68
G0 X117.749 Y131.184
G0 X130.493 Y118.96
G1 F1200 Z1.24
G1 F600 E194.36584
G1 F1949.5 X131.055 Y118.989 E194.39391
G1 X131.757 Y119.104 E194.4294
G1 X132.485 Y119.325 E194.46736
G1 X132.966 Y119.521 E194.49327
G1 X133.579 Y119.848 E194.52793
G1 X134.102 Y120.212 E194.55972
G1 X134.583 Y120.619 E194.59116
G1 X135.731 Y116.337 E194.81233
G1 X135.935 Y116.506 E194.82555
G1 X136.178 Y116.75 E194.84273
G1 X136.403 Y117.024 E194.86042
G1 X136.606 Y117.316 E194.87816
G1 X136.78 Y117.625 E194.89585
G1 X136.962 Y118.042 E194.91855
G1 X132.337 Y119.281 E195.15743
G1 X130.406 Y119.798
G0 F12000 X130.406 Y118.537
G1 F1200 E194.65743
G1 F1200 Z1.68
;MESH:NONMESH
G0 F12000 X130.406 Y118.537 Z1.68
G0 X131.377 Y129.51
;TIME_ELAPSED:149.137199
;LAYER:6
;note -- min layer time used
;MESH:new-rear-port-cover.stl
G0 X131.377 Y129.51 Z1.88
M204 S2500
;TYPE:WALL-OUTER
G1 F1200 Z1.44
G1 F600 E195.15743
G1 F1965.3 X130.894 Y129.586 E195.18426
G1 X130.419 Y129.61 E195.21037
G1 X119.558 Y129.606 E195.80641
G1 X119.07 Y129.578 E195.83323
G1 X118.524 Y129.486 E195.86362
G1 X118.093 Y129.362 E195.88823
G1 X117.633 Y129.182 E195.91534
G1 X117.181 Y128.941 E195.94345
G1 X116.786 Y128.666 E195.96987
G1 X116.398 Y128.338 E195.99775
G1 X116.03 Y127.941 E196.02745
G1 X115.731 Y127.548 E196.05455
G1 X115.488 Y127.132 E196.08099
G1 X115.278 Y126.677 E196.1085
G1 X115.125 Y126.212 E196.13536
G1 X115.026 Y125.761 E196.1607
G1 X114.971 Y125.234 E196.18978
G1 X114.975 Y124.704 E196.21887
G1 X115.023 Y124.256 E196.24359
G1 X115.139 Y123.746 E196.27229
G1 X115.296 Y123.285 E196.29902
G1 X115.508 Y122.83 E196.32657
G1 X115.764 Y122.402 E196.35394
G1 X116.083 Y121.989 E196.38258
G1 X116.429 Y121.625 E196.41014
G1 X116.802 Y121.318 E196.43665
G1 X117.202 Y121.05 E196.46307
G1 X117.643 Y120.812 E196.49057
G1 X118.111 Y120.628 E196.51817
G1 X118.589 Y120.497 E196.54537
G1 X119.102 Y120.414 E196.57389
G1 X119.576 Y120.39 E196.59994
G1 X130.438 Y120.39 E197.19603
G1 X130.931 Y120.418 E197.22313
G1 X131.472 Y120.51 E197.25325
G1 X131.935 Y120.645 E197.27972
G1 X132.373 Y120.821 E197.30562
G1 X132.828 Y121.064 E197.33393
G1 X133.213 Y121.33 E197.35961
G1 X133.633 Y121.693 E197.39008
G1 X133.949 Y122.029 E197.41539
G1 X134.264 Y122.45 E197.44424
G1 X134.508 Y122.861 E197.47047
G1 X134.718 Y123.32 E197.49818
G1 X134.871 Y123.788 E197.5252
G1 X134.967 Y124.22 E197.54948
G1 X135.025 Y124.762 E197.5794
G1 X135.024 Y125.295 E197.60865
G1 X134.97 Y125.762 E197.63445
G1 X134.858 Y126.248 E197.66182
G1 X134.714 Y126.684 E197.68702
G1 X134.483 Y127.181 E197.71709
G1 X134.214 Y127.622 E197.74544
G1 X133.934 Y127.986 E197.77064
G1 X133.596 Y128.344 E197.79766
G1 X133.21 Y128.67 E197.82539
G1 X132.883 Y128.891 E197.84705
G0 F2160 X132.815 Y128.937
G0 X132.373 Y129.175
G0 X131.885 Y129.368
G0 X131.377 Y129.51
M204 S3500
G0 F12000 X130.894 Y129.586
G0 X130.419 Y129.61
G0 X126.384 Y129.609
G1 F1200 E197.34705
G1 F1200 Z1.88
G0 F12000 X126.384 Y129.609 Z1.88
G0 X126.383 Y131.258
G0 X134.745 Y135.522
M204 S2500
G1 F1200 Z1.44
G1 F600 E197.84705
G1 F1965.3 X135.192 Y135.375 E197.87287
G1 X135.608 Y135.188 E197.8979
G1 X136.009 Y134.967 E197.92303
G1 X136.404 Y134.692 E197.94945
G1 X136.765 Y134.395 E197.9751
G1 X137.084 Y134.077 E197.99982
G1 X137.384 Y133.717 E198.02554
G1 X137.647 Y133.329 E198.05126
G1 X137.879 Y132.917 E198.07721
G1 X138.059 Y132.5 E198.10213
G1 X138.21 Y132.061 E198.12761
G1 X138.319 Y131.591 E198.15409
G1 X138.383 Y131.144 E198.17887
G1 X138.406 Y130.664 E198.20524
G1 X138.406 Y119.328 E198.82735
G1 X138.383 Y118.852 E198.85351
G1 X138.319 Y118.405 E198.87829
G1 X138.21 Y117.935 E198.90477
G1 X138.06 Y117.492 E198.93043
G1 X137.88 Y117.079 E198.95516
G1 X137.647 Y116.664 E198.98128
G1 X137.38 Y116.28 E199.00694
G1 X137.083 Y115.919 E199.0326
G1 X136.765 Y115.6 E199.05732
G1 X136.404 Y115.3 E199.08308
G1 X136.01 Y115.03 E199.10929
G1 X135.608 Y114.808 E199.13449
G1 X135.192 Y114.621 E199.15952
G1 X134.745 Y114.474 E199.18534
G1 X134.279 Y114.361 E199.21166
G1 X133.834 Y114.302 E199.23629
G1 X133.348 Y114.279 E199.263
G1 X116.648 Y114.278 E200.17948
G1 X116.162 Y114.302 E200.20618
G1 X115.717 Y114.361 E200.23082
G1 X115.251 Y114.474 E200.25713
G1 X114.804 Y114.621 E200.28296
G1 X114.388 Y114.808 E200.30799
G1 X113.986 Y115.03 E200.33319
G1 X113.592 Y115.3 E200.3594
G1 X113.231 Y115.6 E200.38516
G1 X112.913 Y115.919 E200.40988
G1 X112.616 Y116.28 E200.43553
G1 X112.349 Y116.664 E200.4612
G1 X112.116 Y117.079 E200.48732
G1 X111.936 Y117.492 E200.51204
G1 X111.786 Y117.935 E200.53771
G1 X111.677 Y118.405 E200.56419
G1 X111.613 Y118.852 E200.58897
G1 X111.591 Y119.332 E200.61534
G1 X111.59 Y130.668 E201.23745
G1 X111.613 Y131.144 E201.2636
G1 X111.677 Y131.591 E201.28838
G1 X111.786 Y132.061 E201.31486
G1 X111.936 Y132.5 E201.34032
G1 X112.117 Y132.917 E201.36527
G1 X112.349 Y133.329 E201.39122
G1 X112.612 Y133.717 E201.41694
G1 X112.912 Y134.077 E201.44266
G1 X113.231 Y134.396 E201.46742
G1 X113.591 Y134.695 E201.4931
G1 X113.986 Y134.962 E201.51926
G1 X114.389 Y135.188 E201.54462
G1 X114.804 Y135.375 E201.5696
G1 X115.251 Y135.522 E201.59542
G1 X115.717 Y135.635 E201.62174
G1 X116.162 Y135.694 E201.64637
G1 X116.648 Y135.717 E201.67307
G1 X133.128 Y135.718 E202.57748
G0 F2160 X133.348 Y135.718
G0 X133.834 Y135.695
G0 X134.279 Y135.635
G0 X134.745 Y135.522
M204 S3500
G0 F12000 X135.192 Y135.375
G0 X135.608 Y135.188
G0 X136.009 Y134.967
G0 X136.404 Y134.692
G0 X136.765 Y134.395
G0 X137.084 Y134.077
G0 X137.384 Y133.717
G0 X137.647 Y133.329
G0 X137.879 Y132.917
G0 X138.059 Y132.5
G0 X138.173 Y132.167
G1 F1200 E202.07748
G0 F12000 X136.974 Y132.468
G0 X134.449 Y134.472
G0 X134.565 Y134.886
;TYPE:WALL-INNER
G1 F600 E202.57748
G1 F1965.3 X134.953 Y134.759 E202.59989
G1 X135.313 Y134.597 E202.62155
G1 X135.661 Y134.405 E202.64337
G1 X136.005 Y134.165 E202.66638
G1 X136.321 Y133.906 E202.68881
G1 X136.596 Y133.631 E202.71015
G1 X136.856 Y133.319 E202.73244
G1 X137.085 Y132.981 E202.75484
G1 X137.287 Y132.623 E202.7774
G1 X137.443 Y132.262 E202.79898
G1 X137.574 Y131.879 E202.8212
G1 X137.669 Y131.469 E202.8443
G1 X137.725 Y131.082 E202.86575
G1 X137.746 Y130.648 E202.8896
G1 X137.746 Y119.344 E203.50996
G1 X137.725 Y118.915 E203.53353
G1 X137.67 Y118.527 E203.55503
G1 X137.574 Y118.116 E203.57819
G1 X137.444 Y117.73 E203.60055
G1 X137.288 Y117.373 E203.62193
G1 X137.087 Y117.014 E203.64451
G1 X136.854 Y116.679 E203.6669
G1 X136.593 Y116.363 E203.68939
G1 X136.319 Y116.088 E203.7107
G1 X136.005 Y115.827 E203.73311
G1 X135.663 Y115.592 E203.75588
G1 X135.312 Y115.399 E203.77786
G1 X134.953 Y115.237 E203.79948
G1 X134.565 Y115.11 E203.82188
G1 X134.157 Y115.011 E203.84492
G1 X133.774 Y114.96 E203.86613
G1 X133.332 Y114.939 E203.89041
G1 X116.664 Y114.938 E204.80514
G1 X116.222 Y114.96 E204.82942
G1 X115.839 Y115.011 E204.85063
G1 X115.431 Y115.11 E204.87367
G1 X115.043 Y115.237 E204.89607
G1 X114.683 Y115.399 E204.91774
G1 X114.332 Y115.592 E204.93972
G1 X113.991 Y115.827 E204.96245
G1 X113.677 Y116.088 E204.98485
G1 X113.402 Y116.363 E205.0062
G1 X113.142 Y116.679 E205.02865
G1 X112.909 Y117.014 E205.05105
G1 X112.708 Y117.373 E205.07363
G1 X112.552 Y117.73 E205.09501
G1 X112.422 Y118.116 E205.11736
G1 X112.326 Y118.527 E205.14052
G1 X112.271 Y118.914 E205.16198
G1 X112.251 Y119.348 E205.18582
G1 X112.25 Y130.652 E205.80617
G1 X112.271 Y131.081 E205.82974
G1 X112.326 Y131.469 E205.85125
G1 X112.422 Y131.879 E205.87436
G1 X112.552 Y132.262 E205.89656
G1 X112.709 Y132.623 E205.91816
G1 X112.911 Y132.981 E205.94072
G1 X113.14 Y133.319 E205.96312
G1 X113.4 Y133.631 E205.98541
G1 X113.677 Y133.908 E206.00691
G1 X113.988 Y134.167 E206.02912
G1 X114.333 Y134.4 E206.05197
G1 X114.687 Y134.598 E206.07423
G1 X115.043 Y134.759 E206.09567
G1 X115.431 Y134.886 E206.11807
G1 X115.839 Y134.985 E206.14112
G1 X116.222 Y135.036 E206.16232
G1 X116.664 Y135.057 E206.1866
G1 X132.945 Y135.058 E207.08009
G0 F2160 X133.332 Y135.058
G0 X133.774 Y135.037
G0 X134.157 Y134.985
G0 X134.565 Y134.886
G0 F12000 X134.447 Y134.473
G0 X132.855 Y130.152
G0 X132.653 Y129.773
G1 F1965.3 X132.031 Y130.014 E207.1167
G1 X131.479 Y130.162 E207.14806
G1 X130.929 Y130.245 E207.17859
G1 X130.419 Y130.27 E207.20661
G1 X119.575 Y130.267 E207.80172
G1 X119.071 Y130.241 E207.82942
G1 X118.396 Y130.136 E207.86691
G1 X117.819 Y129.965 E207.89993
G1 X117.381 Y129.792 E207.92578
G1 X116.866 Y129.521 E207.95771
G1 X116.351 Y129.163 E207.99213
G1 X115.916 Y128.789 E208.02362
G1 X115.506 Y128.343 E208.05686
G1 X115.162 Y127.882 E208.08843
G1 X114.89 Y127.411 E208.11828
G1 X114.652 Y126.886 E208.14991
G1 X114.481 Y126.354 E208.18058
G1 X114.376 Y125.875 E208.20749
G1 X114.31 Y125.191 E208.2452
G1 X114.319 Y124.634 E208.27577
G1 X114.386 Y124.072 E208.30683
G1 X114.513 Y123.536 E208.33706
G1 X114.697 Y123.008 E208.36775
G1 X114.942 Y122.491 E208.39915
G1 X115.265 Y121.965 E208.43302
G1 X115.602 Y121.537 E208.46292
G1 X115.959 Y121.157 E208.49153
G1 X116.385 Y120.806 E208.52182
G1 X116.839 Y120.497 E208.55196
G1 X117.306 Y120.241 E208.58119
G1 X117.869 Y120.014 E208.6145
G1 X118.517 Y119.838 E208.65135
G1 X119.067 Y119.755 E208.68188
G1 X119.524 Y119.731 E208.70699
G1 X130.472 Y119.731 E209.30781
G1 X131.039 Y119.767 E209.33899
G1 X131.654 Y119.876 E209.37327
G1 X132.18 Y120.032 E209.40337
G1 X132.628 Y120.211 E209.42985
G1 X133.161 Y120.493 E209.46294
G1 X133.615 Y120.806 E209.4932
G1 X134.114 Y121.241 E209.52953
G1 X134.501 Y121.663 E209.56096
G1 X134.83 Y122.11 E209.59142
G1 X135.107 Y122.584 E209.62155
G1 X135.345 Y123.113 E209.65338
G1 X135.489 Y123.549 E209.67858
G1 X135.63 Y124.19 E209.7146
G1 X135.682 Y124.694 E209.7424
G1 X135.68 Y125.371 E209.77956
G1 X135.62 Y125.876 E209.80746
G1 X135.485 Y126.455 E209.84009
G1 X135.297 Y127.001 E209.87178
G1 X135.081 Y127.462 E209.89972
G1 X134.798 Y127.936 E209.93002
G1 X134.457 Y128.388 E209.96109
G1 X134.074 Y128.799 E209.99192
G1 X134.004 Y128.859 E209.99698
G0 F2160 X133.645 Y129.167
G0 X133.163 Y129.498
G0 X132.653 Y129.773
G0 F12000 X132.855 Y130.152
G0 X133.839 Y129.485
G0 X135.562 Y127.759
;TYPE:FILL
G1 F1965.3 X137.179 Y129.375 E210.11103
G1 X137.179 Y130.628 E210.17355
G1 X137.16 Y131.031 E210.19367
G1 X137.112 Y131.368 E210.21066
G1 X137.03 Y131.719 E210.22864
G1 X136.868 Y132.19 E210.25349
G1 X128.282 Y134.491 E210.69696
G1 X126.061 Y134.491 E210.80777
G1 X126.667 Y132.227 E210.9247
G1 X126.294 Y130.835 E210.99659
G1 X126.832 Y130.835 E211.02343
G1 X127.17 Y132.094 E211.08847
G1 X129.566 Y134.49 E211.25752
G1 X130.719 Y134.491 E211.31504
G1 X131.741 Y130.678 E211.51199
G1 X132.039 Y130.599 E211.52737
G1 X135.361 Y133.922 E211.76179
G1 X135.569 Y133.777 E211.77444
G1 X137.179 Y127.769 E212.08476
G1 X137.178 Y127.448 E212.10077
G1 X135.477 Y127.904 E212.18863
G1 X135.589 Y127.715 E212.19959
G1 X135.857 Y127.139 E212.23129
G1 X136.062 Y126.496 E212.26496
G1 X136.178 Y125.977 E212.29149
G1 X136.254 Y125.336 E212.32369
G1 X136.247 Y124.649 E212.35797
G1 X136.183 Y124.033 E212.38887
G1 X136.031 Y123.384 E212.42212
G1 X135.943 Y123.121 E212.43596
G1 X137.179 Y123.144 E212.49763
G1 X137.179 Y123.011 E212.50427
G1 X131.202 Y117.035 E212.92594
G1 X130.793 Y115.506 E213.00491
G1 X130.257 Y115.506 E213.03165
G1 X130.702 Y117.169 E213.11753
G1 X130.167 Y119.164 E213.22058
G1 X126.967 Y119.164 E213.38023
G1 X123.31 Y115.506 E213.63829
G1 X121.83 Y115.505 E213.71213
G1 X120.85 Y119.165 E213.90116
G1 X125.509 Y119.164 E214.13359
G1 X126.489 Y115.506 E214.32253
G1 X129.588 Y115.506 E214.47714
G1 X112.818 Y119.999 E215.3433
G1 X112.818 Y119.369 E215.37474
G1 X112.837 Y118.964 E215.39496
G1 X112.885 Y118.626 E215.41199
G1 X112.966 Y118.273 E215.43006
G1 X113.063 Y117.987 E215.44513
G1 X115.707 Y120.632 E215.63171
G1 X116.108 Y120.306 E215.6575
G1 X116.543 Y120.012 E215.68369
G1 X117.099 Y119.711 E215.71523
G1 X117.751 Y119.452 E215.75024
G1 X118.402 Y119.282 E215.7838
G1 X118.878 Y119.205 E215.80786
G1 X119.5 Y119.164 E215.83896
G1 X120.603 Y119.164 E215.89399
G1 X117.345 Y115.504 E216.13845
G1 X117.172 Y115.505 E216.14708
G1 X115.823 Y120.538 E216.40704
G1 X115.306 Y122.469
G0 F12000 X114.679 Y122.102
G0 X113.661 Y122.968
G0 X113.747 Y125.035
G1 F1965.3 X112.817 Y124.106 E216.47262
G1 X112.817 Y124.156 E216.47512
G1 X113.773 Y124.402 E216.52437
G1 X113.754 Y124.587 E216.53364
G1 X113.742 Y125.265 E216.56748
G1 X113.818 Y125.975 E216.6031
G1 X113.966 Y126.619 E216.63607
G1 X114.092 Y126.999 E216.65604
G1 X112.901 Y131.442 E216.88553
G1 X112.966 Y131.72 E216.89977
G1 X113.081 Y132.058 E216.91758
G1 X113.22 Y132.374 E216.93481
G1 X113.39 Y132.676 E216.9521
G1 X113.593 Y132.975 E216.97013
G1 X113.823 Y133.253 E216.98813
G1 X114.06 Y133.49 E217.00485
G1 X114.199 Y133.606 E217.01388
G1 X122.02 Y131.51 E217.41784
G1 X122.532 Y130.833 E217.46019
G1 X123.122 Y130.833 E217.48963
G1 X122.395 Y131.795 E217.54978
G1 X121.917 Y132.57 E217.59521
G1 X122.431 Y134.49 E217.69437
G1 X121.895 Y134.491 E217.72111
G1 X121.417 Y132.705 E217.81335
G1 X119.544 Y130.832 E217.9455
G1 X118.952 Y130.803 E217.97507
G1 X118.267 Y130.689 E218.00972
G1 X117.622 Y130.497 E218.04329
G1 X117.153 Y130.311 E218.06847
G1 X116.581 Y130.011 E218.10069
G1 X116.037 Y129.637 E218.13363
G1 X115.565 Y129.245 E218.16424
G1 X115.076 Y128.712 E218.20032
G1 X112.818 Y129.317 E218.31695
G1 X112.817 Y130.47 E218.37447
G1 X116.838 Y134.49 E218.65814
G1 X117.051 Y134.49 E218.66877
G1 X117.799 Y130.55 E218.86884
G1 X118.172 Y128.585
G1 F1200 E218.36884
G1 F1200 Z1.88
G0 F12000 X118.172 Y128.585 Z1.88
G0 X117.286 Y130.819
G0 X130.495 Y119.164
G1 F1200 Z1.44
G1 F600 E218.86884
G1 F1965.3 X131.05 Y119.193 E218.89657
G1 X131.73 Y119.307 E218.93097
G1 X132.384 Y119.502 E218.96502
G1 X132.857 Y119.692 E218.99045
G1 X133.456 Y120.008 E219.02424
G1 X133.963 Y120.358 E219.05497
G1 X134.405 Y120.737 E219.08402
G1 X135.609 Y116.243 E219.31613
G1 X135.935 Y116.506 E219.33703
G1 X136.178 Y116.75 E219.35421
G1 X136.403 Y117.024 E219.3719
G1 X136.604 Y117.312 E219.38942
G1 X136.777 Y117.621 E219.40709
G1 X136.918 Y117.942 E219.42458
G1 X136.999 Y118.179 E219.43708
G1 X132.23 Y119.457 E219.6834
G1 X130.299 Y119.974
G0 F12000 X130.299 Y118.741
G1 F1200 E219.1834
;MESH:NONMESH
G0 X130.299 Y118.741 Z1.64
G0 F12000 X133.354 Y120.178
G0 X134.282 Y120.891
G0 X135.441 Y122.428
G0 X135.84 Y123.435
G0 X136.056 Y125.329
G0 X134.469 Y134.55
G0 X134.761 Y135.542
;TIME_ELAPSED:165.407272
;LAYER:7
M106 S63.8
M204 S2500
;TYPE:WALL-OUTER
;MESH:new-rear-port-cover.stl
G1 F600 E219.6834
G1 F2400 X135.208 Y135.392 E219.70927
G1 X135.623 Y135.208 E219.73419
G1 X136.04 Y134.971 E219.76051
G1 X136.425 Y134.708 E219.7861
G1 X136.773 Y134.419 E219.81092
G1 X137.115 Y134.077 E219.83746
G1 X137.403 Y133.729 E219.86225
G1 X137.675 Y133.33 E219.88876
G1 X137.9 Y132.928 E219.91404
G1 X138.087 Y132.5 E219.93967
G1 X138.234 Y132.065 E219.96487
G1 X138.343 Y131.595 E219.99135
G1 X138.406 Y131.145 E220.01628
G1 X138.426 Y130.681 E220.04177
G1 X138.426 Y119.328 E220.66481
G1 X138.403 Y118.832 E220.69206
G1 X138.339 Y118.386 E220.71679
G1 X138.226 Y117.915 E220.74337
G1 X138.079 Y117.472 E220.76899
G1 X137.896 Y117.061 E220.79368
G1 X137.659 Y116.639 E220.82024
G1 X137.396 Y116.256 E220.84574
G1 X137.104 Y115.908 E220.87067
G1 X136.765 Y115.569 E220.89698
G1 X136.417 Y115.281 E220.92177
G1 X136.018 Y115.009 E220.94827
G1 X135.616 Y114.784 E220.97355
G1 X135.197 Y114.601 E220.99864
G1 X134.749 Y114.45 E221.02459
G1 X134.283 Y114.341 E221.05085
G1 X133.834 Y114.278 E221.07573
G1 X133.369 Y114.258 E221.10127
G1 X116.649 Y114.255 E222.01885
G1 X116.148 Y114.281 E222.04639
G1 X115.698 Y114.345 E222.07133
G1 X115.235 Y114.454 E222.09743
G1 X114.784 Y114.604 E222.12352
G1 X114.373 Y114.788 E222.14823
G1 X113.951 Y115.025 E222.17479
G1 X113.568 Y115.288 E222.20029
G1 X113.224 Y115.576 E222.22491
G1 X112.881 Y115.919 E222.25153
G1 X112.56 Y116.307 E222.27917
G1 X112.341 Y116.627 E222.30045
G1 X112.093 Y117.071 E222.32836
G1 X111.913 Y117.487 E222.35323
G1 X111.762 Y117.931 E222.37897
G1 X111.653 Y118.401 E222.40545
G1 X111.59 Y118.847 E222.43016
G1 X111.57 Y119.315 E222.45587
G1 X111.57 Y130.688 E223.08001
G1 X111.593 Y131.164 E223.10617
G1 X111.657 Y131.611 E223.13095
G1 X111.762 Y132.069 E223.15673
G1 X111.916 Y132.523 E223.18304
G1 X112.1 Y132.936 E223.20786
G1 X112.333 Y133.352 E223.23402
G1 X112.599 Y133.736 E223.25966
G1 X112.893 Y134.089 E223.28487
G1 X113.231 Y134.427 E223.3111
G1 X113.619 Y134.748 E223.33874
G1 X113.938 Y134.967 E223.35997
G1 X114.38 Y135.212 E223.38771
G1 X114.799 Y135.399 E223.41289
G1 X115.247 Y135.546 E223.43876
G1 X115.713 Y135.659 E223.46508
G1 X116.161 Y135.718 E223.48988
G1 X116.627 Y135.738 E223.51547
G1 X133.144 Y135.738 E224.42191
G0 F2160 X133.348 Y135.738
G0 X133.849 Y135.715
G0 X134.298 Y135.651
G0 X134.761 Y135.542
M204 S3500
G0 F12000 X135.208 Y135.392
G0 X135.623 Y135.208
G0 X136.04 Y134.971
G0 X136.425 Y134.708
G0 X136.773 Y134.419
G0 X137.115 Y134.077
G0 X137.403 Y133.729
G0 X137.675 Y133.33
G0 X137.9 Y132.928
G0 X138.087 Y132.5
G0 X138.192 Y132.188
G1 F1200 E223.92191
G0 F12000 X136.996 Y132.478
G0 X134.464 Y134.492
G0 X134.58 Y134.906
;TYPE:WALL-INNER
G1 F600 E224.42191
G1 F2400 X134.969 Y134.776 E224.44442
G1 X135.326 Y134.618 E224.46585
G1 X135.69 Y134.411 E224.48883
G1 X136.027 Y134.18 E224.51125
G1 X136.328 Y133.93 E224.53272
G1 X136.626 Y133.632 E224.55585
G1 X136.875 Y133.332 E224.57725
G1 X137.113 Y132.982 E224.60047
G1 X137.308 Y132.634 E224.62237
G1 X137.471 Y132.262 E224.64466
G1 X137.598 Y131.885 E224.66649
G1 X137.693 Y131.474 E224.68964
G1 X137.748 Y131.085 E224.7112
G1 X137.766 Y130.667 E224.73416
G1 X137.766 Y119.343 E225.35561
G1 X137.745 Y118.894 E225.38028
G1 X137.69 Y118.51 E225.40157
G1 X137.591 Y118.096 E225.42493
G1 X137.463 Y117.71 E225.44725
G1 X137.306 Y117.358 E225.4684
G1 X137.098 Y116.988 E225.49169
G1 X136.87 Y116.656 E225.51379
G1 X136.617 Y116.354 E225.53541
G1 X136.32 Y116.057 E225.55846
G1 X136.02 Y115.809 E225.57983
G1 X135.67 Y115.571 E225.60305
G1 X135.322 Y115.376 E225.62495
G1 X134.959 Y115.217 E225.64669
G1 X134.568 Y115.086 E225.66932
G1 X134.161 Y114.991 E225.69226
G1 X133.774 Y114.936 E225.71371
G1 X133.355 Y114.918 E225.73673
G1 X116.667 Y114.915 E226.65255
G1 X116.212 Y114.939 E226.67756
G1 X115.82 Y114.994 E226.69928
G1 X115.415 Y115.09 E226.72212
G1 X115.023 Y115.22 E226.74479
G1 X114.67 Y115.378 E226.76601
G1 X114.3 Y115.586 E226.78931
G1 X113.968 Y115.814 E226.81141
G1 X113.67 Y116.064 E226.83275
G1 X113.37 Y116.363 E226.856
G1 X113.088 Y116.705 E226.88033
G1 X112.903 Y116.975 E226.89829
G1 X112.685 Y117.364 E226.92276
G1 X112.529 Y117.725 E226.94434
G1 X112.398 Y118.112 E226.96676
G1 X112.302 Y118.523 E226.98993
G1 X112.248 Y118.907 E227.01121
G1 X112.23 Y119.329 E227.03439
G1 X112.23 Y130.672 E227.65688
G1 X112.251 Y131.102 E227.68051
G1 X112.307 Y131.49 E227.70202
G1 X112.398 Y131.889 E227.72448
G1 X112.531 Y132.282 E227.74725
G1 X112.691 Y132.64 E227.76877
G1 X112.893 Y133.002 E227.79152
G1 X113.125 Y133.336 E227.81384
G1 X113.381 Y133.644 E227.83582
G1 X113.675 Y133.938 E227.85863
G1 X114.017 Y134.22 E227.88296
G1 X114.286 Y134.405 E227.90088
G1 X114.675 Y134.621 E227.9253
G1 X115.037 Y134.783 E227.94706
G1 X115.428 Y134.91 E227.96962
G1 X115.835 Y135.009 E227.99261
G1 X116.218 Y135.06 E228.01381
G1 X116.641 Y135.078 E228.03705
G1 X132.959 Y135.078 E228.93257
G0 F2160 X133.333 Y135.078
G0 X133.787 Y135.057
G0 X134.176 Y135.002
G0 X134.58 Y134.906
G0 F12000 X134.462 Y134.493
G0 X135.93 Y127.927
;TYPE:FILL
G1 F2400 X137.199 Y129.196 E229.0221
G1 X137.199 Y130.649 E229.09459
G1 X137.183 Y131.035 E229.11387
G1 X137.134 Y131.374 E229.13095
G1 X137.053 Y131.729 E229.14912
G1 X136.944 Y132.051 E229.16608
G1 X136.813 Y132.351 E229.18241
G1 X128.752 Y134.511 E229.59877
G1 X125.909 Y134.512 E229.7406
G1 X126.403 Y131.238 E229.90579
G1 X126.513 Y131.238 E229.91128
G1 X129.786 Y134.511 E230.14221
G1 X130.568 Y134.512 E230.18122
G1 X131.47 Y131.145 E230.35513
G1 X131.679 Y131.113 E230.36567
G1 X132.294 Y130.952 E230.39739
G1 X132.51 Y130.871 E230.4089
G1 X135.495 Y133.856 E230.61951
G1 X135.382 Y133.932 E230.6263
G1 X137.197 Y127.864 E230.94229
G1 X137.198 Y127.589 E230.95601
G1 X135.938 Y127.926 E231.02108
G1 X136.232 Y127.283 E231.05635
G1 X136.433 Y126.679 E231.08811
G1 X136.654 Y125.722 E231.13711
G1 X136.615 Y125.722 E231.13906
G1 X136.649 Y125.441 E231.15318
G1 X136.66 Y124.831 E231.18362
G1 X136.644 Y124.532 E231.19856
G1 X136.573 Y123.937 E231.22845
G1 X136.431 Y123.313 E231.26038
G1 X136.377 Y123.15 E231.26895
G1 X137.199 Y122.93 E231.3114
G1 X137.199 Y122.832 E231.31629
G1 X129.852 Y115.485 E231.83466
G1 X126.349 Y115.484 E232.00942
G1 X125.47 Y118.762 E232.17874
G1 X120.812 Y118.762 E232.41113
G1 X121.69 Y115.483 E232.58048
G1 X123.486 Y115.483 E232.67009
G1 X126.764 Y118.761 E232.90137
G1 X130.129 Y118.762 E233.06925
G1 X131.007 Y115.484 E233.23855
G1 X130.213 Y115.484 E233.27817
G1 X112.797 Y120.151 E234.17771
G1 X112.797 Y119.347 E234.21782
G1 X112.814 Y118.955 E234.2374
G1 X112.86 Y118.625 E234.25402
G1 X112.945 Y118.263 E234.27257
G1 X113.095 Y117.82 E234.2959
G1 X115.531 Y120.256 E234.46778
G1 X115.807 Y120.027 E234.48567
G1 X116.331 Y119.672 E234.51725
G1 X117.3 Y119.144 E234.5723
G1 X117.3 Y119.199 E234.57505
G1 X117.705 Y119.048 E234.59661
G1 X118.321 Y118.887 E234.62837
G1 X118.943 Y118.791 E234.65977
G1 X119.539 Y118.762 E234.68954
G1 X120.4 Y118.761 E234.7325
G1 X117.122 Y115.483 E234.96378
G1 X117.032 Y115.482 E234.96827
G1 X115.816 Y120.021 E235.20271
G1 X115.299 Y121.952
G0 F12000 X114.598 Y121.474
G0 X113.506 Y122.277
G0 X113.349 Y124.662
G1 F2400 X112.798 Y124.81 E235.23117
G1 X112.797 Y123.886 E235.27727
G1 X113.353 Y124.442 E235.3165
G1 X113.34 Y125.167 E235.35267
G1 X113.356 Y125.463 E235.36746
G1 X113.427 Y126.062 E235.39756
G1 X113.569 Y126.687 E235.42953
G1 X113.824 Y127.455 E235.46991
G1 X112.832 Y131.156 E235.66107
G1 X112.865 Y131.391 E235.67291
G1 X112.943 Y131.732 E235.69036
G1 X113.058 Y132.07 E235.70817
G1 X113.201 Y132.389 E235.72561
G1 X113.376 Y132.704 E235.74359
G1 X113.576 Y132.991 E235.76104
G1 X113.795 Y133.256 E235.77819
G1 X114.064 Y133.524 E235.79714
G1 X114.304 Y133.723 E235.81269
G1 X121.822 Y131.709 E236.20099
G1 X122.151 Y131.237 E236.22969
G1 X122.707 Y131.237 E236.25743
G1 X122.197 Y131.971 E236.30202
G1 X121.843 Y132.299 E236.3261
G1 X122.436 Y134.511 E236.44036
G1 X121.9 Y134.511 E236.4671
G1 X121.343 Y132.432 E236.57448
G1 X120.149 Y131.238 E236.65872
G1 X119.536 Y131.237 E236.6893
G1 X118.942 Y131.207 E236.71898
G1 X118.343 Y131.115 E236.74921
G1 X118.036 Y131.043 E236.76494
G1 X117.468 Y130.873 E236.79452
G1 X116.879 Y130.627 E236.82637
G1 X116.325 Y130.326 E236.85782
G1 X115.809 Y129.973 E236.88901
G1 X115.32 Y129.563 E236.92085
G1 X114.899 Y129.126 E236.95112
G1 X114.749 Y128.946 E236.96281
G1 X112.797 Y129.468 E237.06362
G1 X112.797 Y130.25 E237.10263
G1 X117.058 Y134.511 E237.40327
G1 X116.592 Y134.509 E237.42652
G1 X117.559 Y130.901 E237.61288
G1 X118.076 Y128.97
G1 F1200 E237.11288
G1 F1200 Z2.08
G0 F12000 X118.076 Y128.97 Z2.08
G0 X117.145 Y131.196
G0 X130.462 Y118.761
G1 F1200 Z1.64
G1 F600 E237.61288
G1 F2400 X131.056 Y118.791 E237.64255
G1 X131.655 Y118.883 E237.67278
G1 X131.962 Y118.955 E237.68852
G1 X132.531 Y119.125 E237.71814
G1 X133.118 Y119.369 E237.74986
G1 X133.671 Y119.67 E237.78127
G1 X134.192 Y120.027 E237.81278
G1 X134.402 Y120.203 E237.82645
G1 X135.492 Y116.136 E238.03651
G1 X135.683 Y116.265 E238.04801
G1 X135.937 Y116.476 E238.06449
G1 X136.194 Y116.733 E238.08262
G1 X136.421 Y117.003 E238.10022
G1 X136.614 Y117.284 E238.11723
G1 X136.799 Y117.614 E238.1361
G1 X136.934 Y117.916 E238.1526
G1 X137.058 Y118.309 E238.17316
G1 X133.111 Y119.367 E238.37703
G1 X131.18 Y119.884
G0 F12000 X131.321 Y118.972
G0 X133.023 Y118.873
G0 X133.894 Y119.312
G0 X134.967 Y120.128
G0 X135.632 Y120.848
G0 X136.345 Y121.944
G0 X136.837 Y123.197
G0 X137.065 Y124.499
G0 X137.07 Y125.473
G0 X136.839 Y126.796
G0 X136.352 Y128.035
G0 X135.855 Y128.858
G0 X134.962 Y129.879
G0 X133.888 Y130.689
G0 X132.877 Y131.187
G0 X131.623 Y130.982
G0 X131.564 Y130.588
M106 S255
;TYPE:SKIN
;BRIDGE
G1 F1200 X132.136 Y130.437 E238.39651
G1 X132.661 Y130.242 E238.41495
G1 X132.884 Y130.14 E238.42303
G1 X133.396 Y129.865 E238.44216
G1 X133.876 Y129.536 E238.46132
G1 X134.303 Y129.181 E238.47961
G1 X134.719 Y128.754 E238.49924
G1 X135.073 Y128.305 E238.51807
G1 X135.367 Y127.837 E238.53626
G1 X135.492 Y127.607 E238.54488
G1 X135.736 Y127.074 E238.56419
G1 X135.917 Y126.53 E238.58306
G1 X136.046 Y125.97 E238.60199
G1 X136.114 Y125.412 E238.6205
G1 X136.125 Y124.835 E238.6395
G1 X136.111 Y124.574 E238.6481
G1 X136.046 Y124.037 E238.66592
G1 X135.913 Y123.445 E238.68589
G1 X135.736 Y122.914 E238.70432
G1 X135.491 Y122.378 E238.72373
G1 X135.195 Y121.877 E238.74289
G1 X134.879 Y121.439 E238.76068
G1 X134.739 Y121.273 E238.76783
G1 X134.739 Y121.259 E238.76829
G1 X134.323 Y120.831 E238.78794
G1 X133.833 Y120.425 E238.80889
G1 X133.392 Y120.127 E238.82642
G1 X132.873 Y119.847 E238.84584
G1 X132.353 Y119.628 E238.86442
G1 X131.82 Y119.472 E238.8827
G1 X131.548 Y119.409 E238.8919
G1 X131.001 Y119.321 E238.91014
G1 X130.444 Y119.294 E238.9285
G1 X119.552 Y119.294 E239.28715
G1 X118.994 Y119.321 E239.30554
G1 X118.432 Y119.408 E239.32427
G1 X117.861 Y119.559 E239.34372
G1 X117.339 Y119.755 E239.36208
G1 X117.109 Y119.854 E239.37032
G1 X116.601 Y120.13 E239.38936
G1 X116.124 Y120.456 E239.40838
G1 X115.694 Y120.814 E239.4268
G1 X115.281 Y121.246 E239.44648
G1 X114.939 Y121.676 E239.46458
G1 X114.792 Y121.892 E239.47318
G1 X114.502 Y122.392 E239.49221
G1 X114.268 Y122.902 E239.51069
G1 X114.079 Y123.462 E239.53015
G1 X113.95 Y124.025 E239.54917
G1 X113.882 Y124.587 E239.56781
G1 X113.875 Y125.159 E239.58664
G1 X113.886 Y125.425 E239.59541
G1 X113.95 Y125.96 E239.61315
G1 X114.079 Y126.539 E239.63268
G1 X114.26 Y127.077 E239.65137
G1 X114.506 Y127.607 E239.67061
G1 X114.801 Y128.119 E239.69007
G1 X115.13 Y128.566 E239.70835
G1 X115.252 Y128.717 E239.71474
G1 X115.686 Y129.17 E239.7354
G1 X116.128 Y129.54 E239.75438
G1 X116.597 Y129.862 E239.77311
G1 X117.119 Y130.145 E239.79266
G1 X117.644 Y130.364 E239.81139
G1 X118.166 Y130.521 E239.82934
G1 X118.444 Y130.587 E239.83875
G1 X118.994 Y130.671 E239.85707
G1 X119.554 Y130.702 E239.87554
G1 X130.444 Y130.702 E240.23412
G1 X131.002 Y130.675 E240.25251
G1 X131.564 Y130.588 E240.27124
G1 F1200 E239.77124
G0 F12000 X131.623 Y130.982
G0 X130.473 Y131.661
G0 X118.903 Y131.627
G0 X117.87 Y131.471
G0 X116.7 Y131.009
G0 X115.551 Y130.307
G0 X114.587 Y129.411
G0 X113.996 Y128.64
G0 X113.373 Y127.434
G0 X112.998 Y126.038
G0 X112.93 Y124.53
G0 X113.162 Y123.197
G0 X113.657 Y121.945
G0 X114.165 Y121.115
G0 X116.029 Y120.043
G0 X116.436 Y120.643
G1 F600 E240.27124
G1 F1200 X115.203 Y121.876 E240.32865
G1 X113.79 Y123.289
G0 F12000 X114.378 Y123.634
G1 F1200 X118.202 Y119.81 E240.50672
G0 F12000 X118.019 Y119.108
G0 X119.275 Y118.912
G0 X119.309 Y119.636
G1 F1200 X114.21 Y124.735 E240.74417
G0 F12000 X114.244 Y125.635
G1 F1200 X120.255 Y119.624 E241.02408
G0 F12000 X121.188 Y119.624
G1 F1200 X114.391 Y126.422 E241.34062
G0 F12000 X114.638 Y127.107
G1 F1200 X122.122 Y119.624 E241.6891
G0 F12000 X123.055 Y119.624
G1 F1200 X114.955 Y127.724 E242.06629
G0 F12000 X115.334 Y128.278
G1 F1200 X123.988 Y119.624 E242.46927
G0 F12000 X124.922 Y119.624
G1 F1200 X115.768 Y128.778 E242.89554
G0 F12000 X116.26 Y129.22
G1 F1200 X125.855 Y119.624 E243.34237
G0 F12000 X126.788 Y119.624
G1 F1200 X116.811 Y129.602 E243.80699
G0 F12000 X117.429 Y129.917
G1 F1200 X127.722 Y119.624 E244.2863
G0 F12000 X128.655 Y119.624
G1 F1200 X118.117 Y130.162 E244.77702
G0 F12000 X118.892 Y130.321
G1 F1200 X129.589 Y119.624 E245.27514
G0 F12000 X130.518 Y119.628
G1 F1200 X119.774 Y130.372 E245.77545
G0 F12000 X120.707 Y130.372
G1 F1200 X131.366 Y119.714 E246.27178
G0 F12000 X132.112 Y119.901
G1 F1200 X121.641 Y130.372 E246.75938
G0 F12000 X122.574 Y130.372
G1 F1200 X132.776 Y120.17 E247.23445
G0 F12000 X133.37 Y120.509
G1 F1200 X123.508 Y130.372 E247.69372
G0 F12000 X124.441 Y130.372
G1 F1200 X133.903 Y120.91 E248.13433
G0 F12000 X134.381 Y121.366
G1 F1200 X125.374 Y130.372 E248.55373
G0 F12000 X126.308 Y130.372
G1 F1200 X134.794 Y121.885 E248.94892
G0 F12000 X135.155 Y122.458
G1 F1200 X127.241 Y130.372 E249.31744
G0 F12000 X128.174 Y130.372
G1 F1200 X135.449 Y123.097 E249.65622
G0 F12000 X135.659 Y123.821
G1 F1200 X129.108 Y130.372 E249.96127
G0 F12000 X130.041 Y130.372
G1 F1200 X135.784 Y124.63 E250.22868
G0 F12000 X135.759 Y125.588
G1 F1200 X131.006 Y130.341 E250.45001
G0 F12000 X131.116 Y131.061
G0 X132.462 Y130.742
G0 X132.229 Y130.051
G1 F1200 X135.48 Y126.801 E250.60138
G1 X136.894 Y125.388
G0 F12000 X136.776 Y125.392
G1 F1200 E250.10138
;MESH:NONMESH
G0 X136.776 Y125.392 Z1.84
G0 F12000 X134.843 Y134.45
G0 X134.763 Y135.661
;TIME_ELAPSED:196.086275
;LAYER:8
M106 S63.8
M204 S2500
;TYPE:WALL-OUTER
;MESH:new-rear-port-cover.stl
G1 F600 E250.60138
G1 F2400 X135.212 Y135.515 E250.62729
G1 X135.729 Y135.281 E250.65843
G1 X136.15 Y135.041 E250.68503
G1 X136.521 Y134.778 E250.70998
G1 X136.895 Y134.461 E250.73689
G1 X137.217 Y134.135 E250.76204
G1 X137.522 Y133.759 E250.78861
G1 X137.782 Y133.375 E250.81406
G1 X138.015 Y132.95 E250.84065
G1 X138.203 Y132.517 E250.86656
G1 X138.353 Y132.07 E250.89244
G1 X138.459 Y131.608 E250.91845
G1 X138.522 Y131.154 E250.9436
G1 X138.542 Y130.665 E250.97046
G1 X138.542 Y119.328 E251.59263
G1 X138.519 Y118.842 E251.61933
G1 X138.459 Y118.388 E251.64446
G1 X138.346 Y117.914 E251.6712
G1 X138.199 Y117.468 E251.69697
G1 X137.969 Y116.954 E251.72788
G1 X137.729 Y116.534 E251.75442
G1 X137.463 Y116.159 E251.77965
G1 X137.149 Y115.789 E251.80629
G1 X136.823 Y115.467 E251.83143
G1 X136.443 Y115.158 E251.85831
G1 X136.064 Y114.903 E251.88338
G1 X135.646 Y114.673 E251.90956
G1 X135.205 Y114.481 E251.93596
G1 X134.766 Y114.334 E251.96137
G1 X134.295 Y114.225 E251.9879
G1 X133.842 Y114.162 E252.013
G1 X133.349 Y114.142 E252.04007
G1 X116.648 Y114.139 E252.95661
G1 X116.159 Y114.161 E252.98348
G1 X115.701 Y114.225 E253.00885
G1 X115.234 Y114.334 E253.03517
G1 X114.79 Y114.481 E253.06084
G1 X114.444 Y114.631 E253.08153
G1 X114.433 Y114.624 E253.08225
G1 X113.946 Y114.894 E253.11281
G1 X113.543 Y115.169 E253.13958
G1 X113.111 Y115.524 E253.17027
G1 X112.778 Y115.862 E253.19631
G1 X112.47 Y116.238 E253.22298
G1 X112.206 Y116.629 E253.24887
G1 X111.936 Y117.12 E253.27962
G1 X111.943 Y117.132 E253.28039
G1 X111.793 Y117.479 E253.30113
G1 X111.643 Y117.926 E253.32701
G1 X111.537 Y118.388 E253.35302
G1 X111.474 Y118.842 E253.37818
G1 X111.454 Y119.331 E253.40503
G1 X111.454 Y130.669 E254.02725
G1 X111.474 Y131.154 E254.05389
G1 X111.537 Y131.607 E254.07899
G1 X111.646 Y132.074 E254.10531
G1 X111.793 Y132.518 E254.13098
G1 X111.943 Y132.864 E254.15167
G1 X111.936 Y132.875 E254.15239
G1 X112.21 Y133.363 E254.1831
G1 X112.482 Y133.77 E254.20997
G1 X112.836 Y134.2 E254.24053
G1 X113.173 Y134.529 E254.26638
G1 X113.549 Y134.838 E254.29309
G1 X113.944 Y135.101 E254.31913
G1 X114.433 Y135.372 E254.34981
G1 X114.444 Y135.365 E254.35053
G1 X114.792 Y135.515 E254.37132
G1 X115.231 Y135.666 E254.3968
G1 X115.7 Y135.774 E254.42321
G1 X116.154 Y135.834 E254.44835
G1 X116.648 Y135.858 E254.47549
G1 X133.144 Y135.854 E255.38078
G0 F2160 X133.349 Y135.854
G0 X133.838 Y135.834
G0 X134.295 Y135.771
G0 X134.763 Y135.661
M204 S3500
G0 F12000 X135.212 Y135.515
G0 X135.729 Y135.281
G0 X136.15 Y135.041
G0 X136.521 Y134.778
G0 X136.895 Y134.461
G0 X137.217 Y134.135
G0 X137.522 Y133.759
G0 X137.782 Y133.375
G0 X138.015 Y132.95
G0 X138.203 Y132.517
G0 X138.256 Y132.358
G1 F1200 E254.88078
G0 F12000 X137.108 Y132.506
G0 X134.473 Y134.61
G0 X134.585 Y135.025
;TYPE:WALL-INNER
G1 F600 E255.38078
G1 F2400 X134.973 Y134.899 E255.40316
G1 X135.429 Y134.693 E255.43062
G1 X135.795 Y134.484 E255.45375
G1 X136.116 Y134.256 E255.47536
G1 X136.446 Y133.977 E255.49908
G1 X136.725 Y133.694 E255.52089
G1 X136.991 Y133.365 E255.5441
G1 X137.218 Y133.031 E255.56627
G1 X137.422 Y132.659 E255.58955
G1 X137.587 Y132.28 E255.61223
G1 X137.717 Y131.891 E255.63474
G1 X137.809 Y131.488 E255.65743
G1 X137.864 Y131.095 E255.67921
G1 X137.882 Y130.652 E255.70354
G1 X137.882 Y119.344 E256.32411
G1 X137.861 Y118.901 E256.34845
G1 X137.809 Y118.508 E256.37021
G1 X137.71 Y118.094 E256.39357
G1 X137.583 Y117.706 E256.41597
G1 X137.38 Y117.254 E256.44316
G1 X137.172 Y116.89 E256.46617
G1 X136.941 Y116.564 E256.4881
G1 X136.664 Y116.238 E256.51157
G1 X136.382 Y115.959 E256.53334
G1 X136.05 Y115.689 E256.55683
G1 X135.72 Y115.467 E256.57866
G1 X135.354 Y115.266 E256.60157
G1 X134.968 Y115.098 E256.62467
G1 X134.586 Y114.97 E256.64678
G1 X134.174 Y114.875 E256.66999
G1 X133.783 Y114.82 E256.69166
G1 X133.336 Y114.802 E256.71621
G1 X116.664 Y114.799 E257.63115
G1 X116.22 Y114.819 E257.65554
G1 X115.822 Y114.875 E257.6776
G1 X115.413 Y114.97 E257.70064
G1 X115.025 Y115.099 E257.72308
G1 X114.706 Y115.237 E257.74216
G1 X114.698 Y115.231 E257.74271
G1 X114.293 Y115.456 E257.76813
G1 X113.94 Y115.697 E257.79159
G1 X113.557 Y116.012 E257.8188
G1 X113.269 Y116.304 E257.84131
G1 X113 Y116.632 E257.86459
G1 X112.77 Y116.973 E257.88716
G1 X112.543 Y117.386 E257.91303
G1 X112.549 Y117.394 E257.91358
G1 X112.41 Y117.716 E257.93282
G1 X112.279 Y118.105 E257.95535
G1 X112.187 Y118.508 E257.97803
G1 X112.132 Y118.901 E257.99981
G1 X112.114 Y119.344 E258.02414
G1 X112.114 Y130.656 E258.64494
G1 X112.132 Y131.095 E258.66905
G1 X112.186 Y131.486 E258.69071
G1 X112.282 Y131.895 E258.71377
G1 X112.41 Y132.283 E258.73619
G1 X112.549 Y132.602 E258.75528
G1 X112.544 Y132.61 E258.7558
G1 X112.773 Y133.017 E258.78143
G1 X113.012 Y133.376 E258.8051
G1 X113.323 Y133.753 E258.83192
G1 X113.614 Y134.037 E258.85423
G1 X113.942 Y134.307 E258.87755
G1 X114.288 Y134.537 E258.90035
G1 X114.698 Y134.765 E258.9261
G1 X114.706 Y134.759 E258.92664
G1 X115.03 Y134.899 E258.94601
G1 X115.413 Y135.03 E258.96823
G1 X115.818 Y135.124 E258.99105
G1 X116.213 Y135.176 E259.01291
G1 X116.663 Y135.198 E259.03763
G1 X132.964 Y135.194 E259.93222
G0 F2160 X133.336 Y135.194
G0 X133.78 Y135.176
G0 X134.174 Y135.121
G0 X134.585 Y135.025
G0 F12000 X134.471 Y134.611
G0 X135.842 Y127.638
;TYPE:FILL
G1 F2400 X137.315 Y129.111 E260.03615
G1 X137.315 Y130.635 E260.11218
G1 X137.298 Y131.048 E260.1328
G1 X137.251 Y131.381 E260.14958
G1 X137.169 Y131.743 E260.1681
G1 X137.056 Y132.078 E260.18574
G1 X136.882 Y132.479 E260.20755
G1 X128.862 Y134.628 E260.62178
G1 X125.731 Y134.629 E260.77799
G1 X126.349 Y131.036 E260.95988
G1 X126.513 Y131.037 E260.96806
G1 X130.103 Y134.627 E261.22135
G1 X130.39 Y134.628 E261.23567
G1 X131.373 Y130.956 E261.42532
G1 X131.666 Y130.911 E261.44011
G1 X132.281 Y130.746 E261.47187
G1 X132.5 Y130.66 E261.48361
G1 X135.697 Y133.857 E261.70918
G1 X135.487 Y134.006 E261.72202
G1 X135.166 Y134.19 E261.74048
G1 X137.33 Y127.701 E262.08175
G1 X135.549 Y128.178 E262.17373
G1 X135.703 Y127.929 E262.18834
G1 X136.037 Y127.233 E262.22686
G1 X136.241 Y126.624 E262.2589
G1 X136.377 Y126.02 E262.28979
G1 X136.452 Y125.376 E262.32213
G1 X136.451 Y124.613 E262.3602
G1 X136.376 Y123.982 E262.3919
G1 X136.228 Y123.337 E262.42492
G1 X137.315 Y123.046 E262.48106
G1 X137.315 Y122.747 E262.49597
G1 X129.937 Y115.369 E263.01653
G1 X126.233 Y115.367 E263.20133
G1 X125.27 Y118.963 E263.38705
G1 X120.802 Y118.962 E263.60996
G1 X117.206 Y115.367 E263.86364
G1 X116.916 Y115.365 E263.87811
G1 X115.536 Y120.515 E264.14411
G1 X115.931 Y120.185 E264.16979
G1 X116.443 Y119.837 E264.20068
G1 X117 Y119.537 E264.23224
G1 X117.72 Y119.254 E264.27084
G1 X118.334 Y119.089 E264.30255
G1 X118.951 Y118.992 E264.33371
G1 X119.538 Y118.963 E264.36304
G1 X120.611 Y118.964 E264.41657
G1 X121.575 Y115.366 E264.6024
G1 X123.571 Y115.367 E264.70199
G1 X127.166 Y118.962 E264.95563
G1 X129.928 Y118.963 E265.09343
G1 X131.335 Y115.331 E265.28775
G1 X112.682 Y120.329 E266.25118
G1 X112.681 Y119.361 E266.29947
G1 X112.698 Y118.948 E266.3201
G1 X112.745 Y118.615 E266.33687
G1 X112.827 Y118.253 E266.35539
G1 X112.94 Y117.917 E266.37308
G1 X113.076 Y117.6 E266.39029
G1 X115.783 Y120.307 E266.58128
G1 X117.197 Y121.721
G1 F1200 E266.08128
G1 F1200 Z2.28
G0 F12000 X117.197 Y121.721 Z2.28
G0 X115.846 Y119.733
G0 X113.547 Y124.756
G1 F1200 Z1.84
G1 F600 E266.58128
G1 F2400 X112.682 Y124.988 E266.62596
G1 X112.681 Y123.569 E266.69676
G1 X113.568 Y124.456 E266.75934
G1 X113.548 Y124.619 E266.76753
G1 X113.549 Y125.382 E266.8056
G1 X113.624 Y126.017 E266.8375
G1 X113.758 Y126.619 E266.86827
G1 X113.837 Y126.857 E266.88078
G1 X112.704 Y131.086 E267.0992
G1 X112.744 Y131.382 E267.11411
G1 X112.827 Y131.737 E267.13229
G1 X112.943 Y132.088 E267.15074
G1 X113.058 Y132.367 E267.16579
G1 X113.258 Y132.724 E267.18621
G1 X113.468 Y133.038 E267.20505
G1 X113.74 Y133.368 E267.22639
G1 X113.987 Y133.609 E267.24361
G1 X114.307 Y133.87 E267.26421
G1 X124.88 Y131.037 E267.8103
G1 X122.035 Y131.036 E267.95224
G1 X121.071 Y134.631 E268.13793
G1 X123.741 Y134.629 E268.27114
G1 X120.149 Y131.037 E268.52458
G1 X119.536 Y131.036 E268.55516
G1 X118.952 Y131.006 E268.58433
G1 X118.327 Y130.908 E268.6159
G1 X117.577 Y130.698 E268.65475
G1 X116.991 Y130.458 E268.68634
G1 X116.44 Y130.161 E268.71757
G1 X115.928 Y129.811 E268.74852
G1 X115.439 Y129.398 E268.78045
G1 X115.072 Y129.006 E268.80724
G1 X112.682 Y129.646 E268.93068
G1 X112.681 Y129.933 E268.945
G1 X117.378 Y134.63 E269.27639
G1 X116.684 Y134.631 E269.31102
G1 X116.416 Y134.619 E269.3244
G1 X117.477 Y130.657 E269.52903
G1 X117.994 Y128.726
G1 F1200 E269.02903
G1 F1200 Z2.28
G0 F12000 X117.994 Y128.726 Z2.28
G0 X117.08 Y130.95
G0 X130.463 Y118.962
G1 F1200 Z1.84
G1 F600 E269.52903
G1 F2400 X131.049 Y118.992 E269.55831
G1 X131.746 Y119.102 E269.59351
G1 X132.428 Y119.303 E269.62898
G1 X133.01 Y119.541 E269.66035
G1 X133.556 Y119.835 E269.69129
G1 X134.075 Y120.19 E269.72266
G1 X134.225 Y120.315 E269.7324
G1 X135.398 Y115.937 E269.95853
G1 X135.711 Y116.143 E269.97722
G1 X135.997 Y116.377 E269.99566
G1 X136.251 Y116.627 E270.01344
G1 X136.494 Y116.913 E270.03216
G1 X136.695 Y117.198 E270.04956
G1 X136.871 Y117.504 E270.06717
G1 X137.056 Y117.915 E270.08966
G1 X137.163 Y118.243 E270.10687
G1 X137.204 Y118.417 E270.11579
G1 X133.01 Y119.541 E270.33241
G1 X131.079 Y120.058
G1 F1200 E269.83241
G1 F1200 Z2.28
G0 F12000 X131.079 Y120.058 Z2.28
G0 X131.308 Y118.605
G0 X131.562 Y130.384
M107
;TYPE:SKIN
;BRIDGE
G1 F1200 Z1.84
G1 F600 E270.33241
G1 F1200 X132.103 Y130.238 E270.36316
G1 X132.777 Y129.972 E270.40293
G1 X133.276 Y129.705 E270.43399
G1 X133.752 Y129.38 E270.46562
G1 X134.19 Y129.014 E270.49694
G1 X134.585 Y128.6 E270.52834
G1 X134.932 Y128.151 E270.55949
G1 X135.238 Y127.66 E270.59124
G1 X135.537 Y127.035 E270.62926
G1 X135.725 Y126.475 E270.66168
G1 X135.85 Y125.916 E270.69311
G1 X135.914 Y125.372 E270.72317
G1 X135.914 Y124.632 E270.76378
G1 X135.85 Y124.08 E270.79428
G1 X135.725 Y123.52 E270.82577
G1 X135.544 Y122.975 E270.85728
G1 X135.299 Y122.45 E270.88908
G1 X135.02 Y121.971 E270.9195
G1 X134.669 Y121.5 E270.95174
G1 X134.2 Y120.992 E270.98968
G1 X133.74 Y120.608 E271.02256
G1 X133.28 Y120.295 E271.0531
G1 X132.77 Y120.019 E271.08492
G1 X132.258 Y119.808 E271.11531
G1 X131.624 Y119.623 E271.15156
G1 X130.993 Y119.525 E271.1866
G1 X130.442 Y119.495 E271.21688
G1 X119.554 Y119.494 E271.81441
G1 X119.003 Y119.525 E271.84469
G1 X118.433 Y119.612 E271.87634
G1 X117.892 Y119.758 E271.90709
G1 X117.224 Y120.02 E271.94647
G1 X116.725 Y120.291 E271.97763
G1 X116.247 Y120.616 E272.00935
G1 X115.81 Y120.978 E272.04049
G1 X115.419 Y121.388 E272.07159
G1 X115.014 Y121.906 E272.10767
G1 X114.698 Y122.449 E272.14215
G1 X114.46 Y122.967 E272.17343
G1 X114.271 Y123.526 E272.20582
G1 X114.146 Y124.08 E272.23698
G1 X114.082 Y124.639 E272.26786
G1 X114.082 Y125.361 E272.30748
G1 X114.146 Y125.916 E272.33814
G1 X114.271 Y126.471 E272.36937
G1 X114.452 Y127.014 E272.40078
G1 X114.694 Y127.543 E272.4327
G1 X114.976 Y128.025 E272.46335
G1 X115.326 Y128.491 E272.49533
G1 X115.805 Y129.004 E272.53385
G1 X116.253 Y129.385 E272.56612
G1 X116.72 Y129.705 E272.59719
G1 X117.226 Y129.977 E272.62872
G1 X117.748 Y130.191 E272.65968
G1 X118.434 Y130.384 E272.69879
G1 X119.006 Y130.471 E272.73054
G1 X119.554 Y130.502 E272.76066
G1 X130.443 Y130.502 E273.35824
G1 X130.993 Y130.475 E273.38846
G1 X131.562 Y130.384 E273.42008
G0 F12000 X131.663 Y130.769
G0 X133.177 Y130.844
G0 X134.324 Y130.15
G0 X135.308 Y129.23
G0 X136.075 Y128.128
G0 X136.428 Y127.389
G0 X136.794 Y126.087
G0 X136.793 Y123.915
G0 X135.576 Y122.134
G0 X134.947 Y122.502
G1 F1200 X132.922 Y120.477 E273.57725
G1 X131.508 Y119.063
G0 F12000 X131.072 Y119.872
G1 F1200 X135.55 Y124.349 E273.92475
G0 F12000 X136.272 Y124.265
G0 X136.278 Y125.683
G0 X135.555 Y125.599
G1 F1200 X129.781 Y119.825 E274.37288
G0 F12000 X129.781 Y119.099
G0 X128.536 Y119.099
G0 X128.536 Y119.825
G1 F1200 X135.33 Y126.618 E274.90013
G0 F12000 X134.955 Y127.488
G1 F1200 X127.292 Y119.825 E275.49486
G0 F12000 X127.292 Y119.099
G0 X126.047 Y119.099
G0 X126.047 Y119.825
G1 F1200 X134.454 Y128.231 E276.14729
G0 F12000 X133.848 Y128.87
G1 F1200 X124.803 Y119.825 E276.84929
G0 F12000 X124.803 Y119.1
G0 X123.558 Y119.1
G0 X123.558 Y119.825
G1 F1200 X133.135 Y129.401 E277.59253
G0 F12000 X132.295 Y129.806
G1 F1200 X122.314 Y119.825 E278.36716
G0 F12000 X122.314 Y119.1
G0 X121.069 Y119.1
G0 X121.069 Y119.825
G1 F1200 X131.331 Y130.086 E279.16357
G0 F12000 X131.444 Y130.807
G0 X130.46 Y130.9
G0 X130.172 Y130.172
G1 F1200 X119.825 Y119.825 E279.96661
G0 F12000 X119.825 Y119.1
G0 X118.554 Y119.194
G0 X118.666 Y119.91
G1 F1200 X128.927 Y130.172 E280.76301
G0 F12000 X128.926 Y130.9
G0 X127.682 Y130.9
G0 X127.683 Y130.172
G1 F1200 X117.699 Y120.188 E281.53788
G0 F12000 X116.864 Y120.597
G1 F1200 X126.438 Y130.172 E282.28096
G0 F12000 X126.437 Y130.9
G0 X125.193 Y130.9
G0 X125.194 Y130.172
G1 F1200 X116.149 Y121.127 E282.98296
G0 F12000 X115.543 Y121.765
G1 F1200 X123.949 Y130.172 E283.63539
G0 F12000 X123.908 Y130.9
G0 X122.704 Y130.899
G0 X122.705 Y130.172
G1 F1200 X115.043 Y122.51 E284.23005
G0 F12000 X114.669 Y123.38
G1 F1200 X121.46 Y130.172 E284.75714
G0 F12000 X121.459 Y130.899
G0 X120.215 Y130.899
G0 X120.216 Y130.172
G1 F1200 X114.442 Y124.398 E285.20527
G0 F12000 X113.722 Y124.315
G0 X113.728 Y125.731
G0 X114.447 Y125.648
G1 F1200 X118.923 Y130.124 E285.55265
G1 X120.337 Y131.538
G0 F12000 X116.723 Y130.157
G0 X117.077 Y129.522
G1 F1200 X115.045 Y127.49 E285.71036
G1 X113.631 Y126.076
G0 F12000 X113.223 Y126.165
G1 F1200 E285.21036
;MESH:NONMESH
G0 X113.223 Y126.165 Z2.04
G0 F12000 X115.067 Y128.711
G0 X116.544 Y129.992
G0 X117.536 Y130.46
G0 X133.329 Y134.845
G0 X134.779 Y135.777
;TIME_ELAPSED:223.361597
;LAYER:9
M106 S63.8
M204 S2500
;TYPE:WALL-OUTER
;MESH:new-rear-port-cover.stl
G1 F600 E285.71036
G1 F2400 X135.231 Y135.63 E285.73644
G1 X135.667 Y135.442 E285.7625
G1 X136.101 Y135.206 E285.78961
G1 X136.243 Y135.118 E285.79878
G1 X136.636 Y134.832 E285.82545
G1 X137.002 Y134.522 E285.85178
G1 X137.34 Y134.173 E285.87844
G1 X137.628 Y133.813 E285.90374
G1 X137.896 Y133.405 E285.93053
G1 X138.131 Y132.978 E285.95728
G1 X138.319 Y132.542 E285.98333
G1 X138.469 Y132.087 E286.00963
G1 X138.574 Y131.62 E286.03589
G1 X138.638 Y131.158 E286.06149
G1 X138.658 Y130.665 E286.08857
G1 X138.658 Y119.328 E286.71073
G1 X138.635 Y118.838 E286.73765
G1 X138.574 Y118.376 E286.76323
G1 X138.461 Y117.897 E286.79024
G1 X138.318 Y117.453 E286.81584
G1 X138.131 Y117.018 E286.84182
G1 X137.8 Y116.435 E286.87861
G1 X137.52 Y116.045 E286.90496
G1 X137.207 Y115.683 E286.93122
G1 X136.861 Y115.344 E286.95781
G1 X136.496 Y115.055 E286.98336
G1 X136.1 Y114.787 E287.0096
G1 X135.668 Y114.554 E287.03653
G1 X135.23 Y114.365 E287.06271
G1 X134.779 Y114.215 E287.0888
G1 X134.309 Y114.11 E287.11523
G1 X133.846 Y114.046 E287.14088
G1 X133.349 Y114.026 E287.16817
G1 X116.648 Y114.023 E288.08471
G1 X116.151 Y114.045 E288.11201
G1 X115.692 Y114.109 E288.13745
G1 X115.217 Y114.219 E288.1642
G1 X114.765 Y114.366 E288.19029
G1 X114.329 Y114.554 E288.21634
G1 X113.895 Y114.79 E288.24346
G1 X113.752 Y114.879 E288.2527
G1 X113.353 Y115.164 E288.27961
G1 X112.999 Y115.469 E288.30525
G1 X112.656 Y115.823 E288.3323
G1 X112.367 Y116.184 E288.35768
G1 X112.1 Y116.583 E288.38403
G1 X111.866 Y117.016 E288.41104
G1 X111.677 Y117.454 E288.43722
G1 X111.527 Y117.909 E288.46351
G1 X111.421 Y118.376 E288.48979
G1 X111.358 Y118.834 E288.51516
G1 X111.338 Y119.331 E288.54246
G1 X111.339 Y130.669 E289.16468
G1 X111.358 Y131.158 E289.19154
G1 X111.421 Y131.619 E289.21707
G1 X111.531 Y132.087 E289.24345
G1 X111.678 Y132.543 E289.26975
G1 X111.866 Y132.979 E289.2958
G1 X112.103 Y133.415 E289.32304
G1 X112.191 Y133.56 E289.33235
G1 X112.476 Y133.951 E289.3589
G1 X112.781 Y134.309 E289.38471
G1 X113.134 Y134.651 E289.41168
G1 X113.5 Y134.941 E289.43731
G1 X113.896 Y135.209 E289.46355
G1 X114.324 Y135.442 E289.49029
G1 X114.765 Y135.63 E289.5166
G1 X115.214 Y135.778 E289.54255
G1 X115.688 Y135.89 E289.56928
G1 X116.149 Y135.95 E289.59479
G1 X116.648 Y135.974 E289.6222
G1 X133.16 Y135.97 E290.52837
G0 F2160 X133.349 Y135.97
G0 X133.847 Y135.95
G0 X134.308 Y135.887
G0 X134.779 Y135.777
M204 S3500
G0 F12000 X135.231 Y135.63
G0 X135.667 Y135.442
G0 X136.101 Y135.206
G0 X136.243 Y135.118
G0 X136.636 Y134.832
G0 X137.002 Y134.522
G0 X137.34 Y134.173
G0 X137.628 Y133.813
G0 X137.896 Y133.405
G0 X138.131 Y132.978
G0 X138.319 Y132.542
G0 X138.327 Y132.518
G1 F1200 E290.02837
G0 F12000 X137.223 Y132.535
G0 X134.49 Y134.726
G0 X134.602 Y135.141
;TYPE:WALL-INNER
G1 F600 E290.52837
G1 F2400 X134.998 Y135.012 E290.55123
G1 X135.378 Y134.848 E290.57394
G1 X135.873 Y134.571 E290.60507
G1 X136.228 Y134.312 E290.62919
G1 X136.551 Y134.039 E290.65239
G1 X136.844 Y133.736 E290.67553
G1 X137.094 Y133.425 E290.69742
G1 X137.33 Y133.065 E290.72105
G1 X137.537 Y132.688 E290.74465
G1 X137.701 Y132.308 E290.76736
G1 X137.832 Y131.91 E290.79036
G1 X137.924 Y131.502 E290.81331
G1 X137.98 Y131.1 E290.83559
G1 X137.998 Y130.652 E290.86019
G1 X137.998 Y119.344 E291.48077
G1 X137.977 Y118.896 E291.50538
G1 X137.924 Y118.495 E291.52758
G1 X137.825 Y118.074 E291.55131
G1 X137.7 Y117.685 E291.57373
G1 X137.538 Y117.309 E291.5962
G1 X137.25 Y116.8 E291.6283
G1 X137.002 Y116.454 E291.65166
G1 X136.726 Y116.135 E291.67481
G1 X136.424 Y115.84 E291.69798
G1 X136.106 Y115.587 E291.72028
G1 X135.758 Y115.352 E291.74332
G1 X135.38 Y115.149 E291.76687
G1 X134.994 Y114.982 E291.78995
G1 X134.602 Y114.852 E291.81262
G1 X134.191 Y114.76 E291.83573
G1 X133.788 Y114.704 E291.85806
G1 X133.336 Y114.686 E291.88288
G1 X116.663 Y114.683 E292.79788
G1 X116.212 Y114.703 E292.82266
G1 X115.812 Y114.759 E292.84483
G1 X115.393 Y114.856 E292.86843
G1 X114.998 Y114.984 E292.89121
G1 X114.618 Y115.148 E292.91393
G1 X114.119 Y115.428 E292.94533
G1 X113.761 Y115.684 E292.96948
G1 X113.453 Y115.949 E292.99178
G1 X113.152 Y116.26 E293.01553
G1 X112.899 Y116.575 E293.03771
G1 X112.666 Y116.924 E293.06073
G1 X112.461 Y117.304 E293.08443
G1 X112.295 Y117.688 E293.10739
G1 X112.164 Y118.086 E293.13038
G1 X112.071 Y118.494 E293.15335
G1 X112.016 Y118.892 E293.1754
G1 X111.998 Y119.343 E293.20017
G1 X111.999 Y130.656 E293.82102
G1 X112.016 Y131.1 E293.8454
G1 X112.071 Y131.499 E293.8675
G1 X112.167 Y131.911 E293.89072
G1 X112.296 Y132.311 E293.91378
G1 X112.46 Y132.69 E293.93645
G1 X112.741 Y133.194 E293.96812
G1 X112.994 Y133.542 E293.99173
G1 X113.263 Y133.857 E294.01446
G1 X113.57 Y134.154 E294.0379
G1 X113.89 Y134.409 E294.06036
G1 X114.239 Y134.645 E294.08348
G1 X114.612 Y134.847 E294.10676
G1 X114.998 Y135.012 E294.12979
G1 X115.394 Y135.142 E294.15267
G1 X115.807 Y135.24 E294.17596
G1 X116.207 Y135.292 E294.1981
G1 X116.663 Y135.314 E294.22315
G1 X132.981 Y135.31 E295.11867
G0 F2160 X133.336 Y135.31
G0 X133.789 Y135.292
G0 X134.188 Y135.237
G0 X134.602 Y135.141
G0 F12000 X134.488 Y134.727
G0 X135.757 Y127.354
;TYPE:FILL
G1 F2400 X137.43 Y129.027 E295.23671
G1 X137.431 Y130.635 E295.31693
G1 X137.414 Y131.053 E295.33781
G1 X137.366 Y131.398 E295.35518
G1 X137.286 Y131.756 E295.37348
G1 X137.169 Y132.108 E295.39199
G1 X137.028 Y132.438 E295.40989
G1 X136.931 Y132.612 E295.41983
G1 X128.976 Y134.744 E295.83072
G1 X125.554 Y134.745 E296.00144
G1 X126.295 Y130.839 E296.19979
G1 X126.512 Y130.837 E296.21061
G1 X130.033 Y134.745 E296.47305
G1 X130.213 Y134.744 E296.48203
G1 X131.278 Y130.768 E296.68738
G1 X131.65 Y130.709 E296.70617
G1 X132.262 Y130.541 E296.73784
G1 X132.49 Y130.451 E296.75007
G1 X135.892 Y133.853 E296.9901
G1 X135.565 Y134.094 E297.01036
G1 X135.127 Y134.339 E297.0354
G1 X134.96 Y134.411 E297.04447
G1 X137.431 Y125.192 E297.52065
G1 X137.43 Y127.82 E297.65176
G1 X135.161 Y128.428 E297.76895
G1 X135.56 Y127.775 E297.80713
G1 X135.847 Y127.164 E297.84081
G1 X136.049 Y126.561 E297.87253
G1 X136.183 Y125.967 E297.90291
G1 X136.253 Y125.34 E297.93439
G1 X136.256 Y124.724 E297.96512
G1 X136.185 Y124.048 E297.99903
G1 X136.069 Y123.526 E298.02571
G1 X137.43 Y123.161 E298.09601
G1 X137.43 Y122.663 E298.12086
G1 X130.02 Y115.253 E298.64367
G1 X126.118 Y115.251 E298.83834
G1 X125.07 Y119.164 E299.04044
G1 X121.202 Y119.163 E299.23342
G1 X117.29 Y115.251 E299.50943
G1 X116.801 Y115.249 E299.53383
G1 X115.232 Y121.107 E299.83639
G1 X115.576 Y120.744 E299.86134
G1 X116.046 Y120.351 E299.8919
G1 X116.555 Y120.005 E299.92261
G1 X117.107 Y119.71 E299.95383
G1 X117.737 Y119.459 E299.98767
G1 X118.347 Y119.291 E300.01923
G1 X118.962 Y119.193 E300.0503
G1 X119.536 Y119.164 E300.07898
G1 X120.411 Y119.164 E300.12263
G1 X121.46 Y115.25 E300.32479
G1 X123.655 Y115.251 E300.4343
G1 X127.566 Y119.163 E300.71028
G1 X129.729 Y119.164 E300.81819
G1 X131.438 Y115.252 E301.03117
G1 X132.173 Y115.252 E301.06784
G1 X112.566 Y120.506 E302.08055
G1 X112.565 Y119.361 E302.13768
G1 X112.582 Y118.933 E302.15905
G1 X112.628 Y118.602 E302.17572
G1 X112.711 Y118.238 E302.19434
G1 X112.827 Y117.888 E302.21274
G1 X112.971 Y117.553 E302.23093
G1 X113.061 Y117.386 E302.2404
G1 X116.035 Y120.359 E302.45019
G1 X117.449 Y121.773
G1 F1200 E301.95019
G1 F1200 Z2.48
G0 F12000 X117.449 Y121.773 Z2.48
G0 X116.107 Y119.799
G0 X113.746 Y124.848
G1 F1200 Z2.04
G1 F600 E302.45019
G1 F2400 X112.566 Y125.165 E302.51115
G1 X112.565 Y123.254 E302.60649
G1 X113.77 Y124.459 E302.69151
G1 X113.747 Y124.659 E302.70155
G1 X113.744 Y125.275 E302.73229
G1 X113.815 Y125.95 E302.76615
G1 X113.868 Y126.194 E302.77861
G1 X112.58 Y131.003 E303.02698
G1 X112.628 Y131.389 E303.04639
G1 X112.712 Y131.757 E303.06522
G1 X112.827 Y132.107 E303.0836
G1 X112.971 Y132.444 E303.10188
G1 X113.216 Y132.883 E303.12697
G1 X113.439 Y133.189 E303.14586
G1 X113.678 Y133.47 E303.16426
G1 X113.945 Y133.728 E303.18278
G1 X114.317 Y134.013 E303.20616
G1 X126.173 Y130.836 E303.81853
G1 X121.942 Y130.835 E304.02962
G1 X120.895 Y134.746 E304.23161
G1 X124.056 Y134.745 E304.38931
G1 X120.147 Y130.835 E304.66515
G1 X119.535 Y130.835 E304.69568
G1 X118.95 Y130.804 E304.72491
G1 X118.283 Y130.692 E304.75865
G1 X117.676 Y130.52 E304.79012
G1 X117.105 Y130.289 E304.82085
G1 X116.554 Y129.995 E304.85201
G1 X116.038 Y129.642 E304.8832
G1 X115.567 Y129.244 E304.91397
G1 X115.398 Y129.064 E304.92629
G1 X112.566 Y129.823 E305.07256
G1 X112.567 Y130.005 E305.08164
G1 X117.694 Y134.746 E305.43003
G1 X116.683 Y134.747 E305.48047
G1 X116.241 Y134.725 E305.50255
G1 X117.398 Y130.408 E305.72552
G1 X117.915 Y128.477
G1 F1200 E305.22552
G1 F1200 Z2.48
G0 F12000 X117.915 Y128.477 Z2.48
G0 X116.781 Y130.595
G0 X130.464 Y119.163
G1 F1200 Z2.04
G1 F600 E305.72552
G1 F2400 X131.049 Y119.194 E305.75475
G1 X131.72 Y119.306 E305.78869
G1 X131.926 Y119.365 E305.79938
G1 X131.926 Y119.318 E305.80172
G1 X132.895 Y119.708 E305.85384
G1 X133.449 Y120.005 E305.8852
G1 X134.052 Y120.416 E305.9216
G1 X135.302 Y115.751 E306.16255
G1 X135.461 Y115.836 E306.17155
G1 X135.774 Y116.048 E306.19041
G1 X136.048 Y116.265 E306.20785
G1 X136.312 Y116.523 E306.22626
G1 X136.554 Y116.803 E306.24473
G1 X136.775 Y117.112 E306.26368
G1 X137.028 Y117.559 E306.2893
G1 X137.169 Y117.888 E306.30716
G1 X137.278 Y118.223 E306.32474
G1 X137.348 Y118.524 E306.34015
G1 X132.906 Y119.715 E306.56959
G1 X130.975 Y120.232
G0 F12000 X131.122 Y119.347
G0 X132.457 Y119.078
G0 X133.668 Y119.645
G0 X134.772 Y120.495
G0 X135.627 Y121.518
G0 X136.246 Y122.691
G0 X136.601 Y123.976
G0 X136.674 Y125.368
G0 X136.455 Y126.678
G0 X135.929 Y127.98
G0 X135.177 Y129.075
G0 X134.208 Y129.987
G0 X133.302 Y130.55
G0 X131.65 Y130.567
G0 X131.546 Y130.18
M107
;TYPE:SKIN
;BRIDGE
G1 F1200 X132.087 Y130.034 E306.60342
G1 X132.672 Y129.8 E306.64146
G1 X133.161 Y129.537 E306.67498
G1 X133.625 Y129.224 E306.70876
G1 X134.065 Y128.855 E306.74343
G1 X134.452 Y128.445 E306.77746
G1 X134.787 Y128.008 E306.8107
G1 X135.085 Y127.526 E306.84491
G1 X135.352 Y126.953 E306.88307
G1 X135.533 Y126.411 E306.91757
G1 X135.654 Y125.881 E306.95039
G1 X135.718 Y125.304 E306.98543
G1 X135.721 Y124.753 E307.01869
G1 X135.653 Y124.122 E307.05701
G1 X135.533 Y123.573 E307.09093
G1 X135.357 Y123.052 E307.12413
G1 X135.111 Y122.527 E307.15913
G1 X134.832 Y122.056 E307.19217
G1 X134.482 Y121.588 E307.22745
G1 X134.114 Y121.19 E307.26018
G1 X133.642 Y120.783 E307.2978
G1 X133.176 Y120.467 E307.33179
G1 X132.659 Y120.188 E307.36725
G1 X132.149 Y119.981 E307.40048
G1 X131.607 Y119.831 E307.43443
G1 X130.986 Y119.725 E307.47246
G1 X130.446 Y119.694 E307.50511
G1 X119.553 Y119.698 E308.16269
G1 X119.019 Y119.725 E308.19497
G1 X118.45 Y119.816 E308.22975
G1 X117.913 Y119.962 E308.26335
G1 X117.332 Y120.192 E308.30107
G1 X116.828 Y120.463 E308.33561
G1 X116.363 Y120.78 E308.36959
G1 X115.943 Y121.13 E308.40259
G1 X115.544 Y121.551 E308.4376
G1 X115.209 Y121.987 E308.4708
G1 X114.881 Y122.531 E308.50914
G1 X114.647 Y123.039 E308.54291
G1 X114.463 Y123.582 E308.57752
G1 X114.342 Y124.115 E308.61051
G1 X114.278 Y124.691 E308.6455
G1 X114.278 Y125.243 E308.67882
G1 X114.343 Y125.875 E308.71717
G1 X114.459 Y126.407 E308.75004
G1 X114.64 Y126.942 E308.78414
G1 X114.881 Y127.469 E308.81912
G1 X115.171 Y127.951 E308.85308
G1 X115.502 Y128.395 E308.88651
G1 X115.932 Y128.852 E308.92439
G1 X116.369 Y129.221 E308.95892
G1 X116.836 Y129.541 E308.99309
G1 X117.332 Y129.804 E309.02698
G1 X117.843 Y130.011 E309.06026
G1 X118.393 Y130.165 E309.09474
G1 X119.009 Y130.271 E309.13248
G1 X119.549 Y130.298 E309.16511
G1 X130.446 Y130.302 E309.82294
G1 X130.98 Y130.271 E309.85523
G1 X131.546 Y130.18 E309.88983
G1 F1200 E309.38983
G0 F12000 X131.65 Y130.567
G0 X130.476 Y131.259
G0 X118.907 Y131.224
G0 X117.54 Y130.92
G0 X116.338 Y130.358
G0 X115.28 Y129.553
G0 X114.373 Y128.484
G0 X113.754 Y127.305
G0 X113.399 Y126.022
G0 X113.326 Y124.631
G0 X113.546 Y123.317
G0 X114.041 Y122.077
G0 X114.823 Y120.925
G0 X115.596 Y120.177
G0 X117.287 Y119.786
G0 X117.553 Y120.459
G1 F600 E309.88983
G1 F1200 X115.043 Y122.969 E310.10412
G1 X113.629 Y124.383
G0 F12000 X114.626 Y124.553
G1 F1200 X119.129 Y120.05 E310.48855
G0 F12000 X119.092 Y119.323
G0 X120.318 Y119.3
G0 X120.318 Y120.027
G1 F1200 X114.656 Y125.69 E310.97197
G0 F12000 X114.883 Y126.629
G1 F1200 X121.485 Y120.027 E311.53559
G0 F12000 X121.485 Y119.3
G0 X122.653 Y119.3
G0 X122.653 Y120.026
G1 F1200 X115.245 Y127.434 E312.16803
G0 F12000 X115.716 Y128.13
G1 F1200 X123.819 Y120.026 E312.85984
G0 F12000 X123.819 Y119.3
G0 X124.987 Y119.3
G0 X124.987 Y120.026
G1 F1200 X116.289 Y128.723 E313.60236
G0 F12000 X116.955 Y129.224
G1 F1200 X126.154 Y120.025 E314.3877
G0 F12000 X126.154 Y119.3
G0 X127.321 Y119.3
G0 X127.321 Y120.025
G1 F1200 X117.735 Y129.611 E315.20608
G0 F12000 X118.64 Y129.873
G1 F1200 X128.488 Y120.024 E316.04686
G0 F12000 X128.488 Y119.3
G0 X129.655 Y119.3
G0 X129.655 Y120.024
G1 F1200 X119.71 Y129.969 E316.89589
G0 F12000 X119.709 Y130.698
G0 X120.876 Y130.698
G0 X120.877 Y129.969
G1 F1200 X130.802 Y120.044 E317.74321
G0 F12000 X130.841 Y119.322
G0 X131.99 Y119.526
G0 X131.79 Y120.223
G1 F1200 X122.043 Y129.97 E318.57533
G0 F12000 X122.042 Y130.698
G0 X123.209 Y130.698
G0 X123.21 Y129.97
G1 F1200 X132.631 Y120.548 E319.37966
G0 F12000 X133.358 Y120.988
G1 F1200 X124.376 Y129.97 E320.14647
G0 F12000 X124.375 Y130.698
G0 X125.542 Y130.699
G0 X125.543 Y129.97
G1 F1200 X133.98 Y121.533 E320.86676
G0 F12000 X134.507 Y122.172
G1 F1200 X126.709 Y129.971 E321.53253
G0 F12000 X126.708 Y130.699
G0 X127.874 Y130.699
G0 X127.875 Y129.971
G1 F1200 X134.929 Y122.917 E322.13474
G0 F12000 X135.239 Y123.774
G1 F1200 X129.041 Y129.972 E322.66388
G0 F12000 X129.04 Y130.699
G0 X130.207 Y130.699
G0 X130.208 Y129.972
G1 F1200 X135.39 Y124.789 E323.10632
G0 F12000 X136.118 Y124.793
G0 X135.981 Y126.237
G0 X135.27 Y126.076
G1 F1200 X131.494 Y129.852 E323.42868
G1 X130.08 Y131.266
G1 F1200 E322.92868
;MESH:NONMESH
G0 X130.08 Y131.266 Z2.24
G0 F12000 X134.125 Y134.893
G0 X134.796 Y135.893
;TIME_ELAPSED:250.996459
;LAYER:10
;note -- min layer time used
M106 S76.5
M204 S2500
;TYPE:WALL-OUTER
;MESH:new-rear-port-cover.stl
G1 F600 E323.42868
G1 F2219.9 X135.251 Y135.746 E323.45493
G1 X135.708 Y135.55 E323.48221
G1 X136.138 Y135.318 E323.50903
G1 X136.359 Y135.182 E323.52327
G1 X136.741 Y134.902 E323.54926
G1 X137.115 Y134.573 E323.5766
G1 X137.45 Y134.222 E323.60323
G1 X137.752 Y133.842 E323.62986
G1 X138.035 Y133.411 E323.65816
G1 X138.245 Y133.014 E323.68281
G1 X138.434 Y132.564 E323.70959
G1 X138.585 Y132.104 E323.73616
G1 X138.69 Y131.629 E323.76286
G1 X138.754 Y131.163 E323.78867
G1 X138.774 Y130.665 E323.81602
G1 X138.774 Y119.328 E324.43819
G1 X138.751 Y118.829 E324.4656
G1 X138.69 Y118.367 E324.49118
G1 X138.577 Y117.88 E324.51861
G1 X138.434 Y117.431 E324.54447
G1 X138.246 Y116.988 E324.57088
G1 X138.006 Y116.546 E324.59849
G1 X137.87 Y116.325 E324.61273
G1 X137.59 Y115.943 E324.63872
G1 X137.262 Y115.57 E324.66598
G1 X136.907 Y115.234 E324.6928
G1 X136.529 Y114.932 E324.71936
G1 X136.135 Y114.672 E324.74526
G1 X135.705 Y114.442 E324.77202
G1 X135.252 Y114.25 E324.79902
G1 X134.8 Y114.103 E324.82511
G1 X134.317 Y113.994 E324.85228
G1 X133.851 Y113.93 E324.8781
G1 X133.349 Y113.91 E324.90567
G1 X116.648 Y113.907 E325.8222
G1 X116.146 Y113.929 E325.84978
G1 X115.68 Y113.993 E325.87559
G1 X115.2 Y114.103 E325.90262
G1 X114.745 Y114.25 E325.92886
G1 X114.286 Y114.447 E325.95627
G1 X114.064 Y114.561 E325.96997
G1 X113.635 Y114.816 E325.99736
G1 X113.255 Y115.094 E326.02319
G1 X112.881 Y115.423 E326.05053
G1 X112.546 Y115.774 E326.07716
G1 X112.245 Y116.154 E326.10376
G1 X111.988 Y116.546 E326.12949
G1 X111.75 Y116.984 E326.15684
G1 X111.562 Y117.432 E326.18351
G1 X111.411 Y117.892 E326.21008
G1 X111.306 Y118.367 E326.23677
G1 X111.242 Y118.829 E326.26237
G1 X111.222 Y119.331 E326.28994
G1 X111.223 Y130.669 E326.91216
G1 X111.242 Y131.163 E326.93929
G1 X111.305 Y131.628 E326.96504
G1 X111.415 Y132.108 E326.99207
G1 X111.562 Y132.565 E327.01841
G1 X111.751 Y133.013 E327.0451
G1 X111.981 Y133.441 E327.07176
G1 X112.122 Y133.662 E327.08615
G1 X112.406 Y134.053 E327.11267
G1 X112.735 Y134.427 E327.14001
G1 X113.085 Y134.762 E327.16659
G1 X113.467 Y135.064 E327.19332
G1 X113.892 Y135.347 E327.22134
G1 X114.297 Y135.557 E327.24638
G1 X114.745 Y135.747 E327.27308
G1 X115.196 Y135.897 E327.29916
G1 X115.675 Y136.002 E327.32608
G1 X116.142 Y136.066 E327.35194
G1 X116.648 Y136.09 E327.37974
G1 X133.176 Y136.086 E328.28679
G0 F2160 X133.349 Y136.086
G0 X133.851 Y136.066
G0 X134.316 Y136.003
G0 X134.796 Y135.893
M204 S3500
G0 F12000 X135.251 Y135.746
G0 X135.708 Y135.55
G0 X136.138 Y135.318
G0 X136.359 Y135.182
G0 X136.741 Y134.902
G0 X137.115 Y134.573
G0 X137.45 Y134.222
G0 X137.752 Y133.842
G0 X138.035 Y133.411
G0 X138.245 Y133.014
G0 X138.388 Y132.673
G1 F1200 E327.78679
G0 F12000 X137.165 Y132.897
G0 X134.509 Y134.841
G0 X134.621 Y135.256
;TYPE:WALL-INNER
G1 F600 E328.28679
G1 F2219.9 X135.019 Y135.128 E328.30973
G1 X135.42 Y134.955 E328.3337
G1 X135.808 Y134.746 E328.35788
G1 X135.99 Y134.634 E328.36961
G1 X136.327 Y134.387 E328.39254
G1 X136.658 Y134.096 E328.41673
G1 X136.952 Y133.788 E328.4401
G1 X137.217 Y133.455 E328.46345
G1 X137.466 Y133.075 E328.48838
G1 X137.648 Y132.732 E328.50969
G1 X137.815 Y132.333 E328.53343
G1 X137.947 Y131.929 E328.55676
G1 X138.04 Y131.513 E328.58015
G1 X138.096 Y131.105 E328.60275
G1 X138.114 Y130.652 E328.62763
G1 X138.114 Y119.343 E329.24826
G1 X138.093 Y118.887 E329.27331
G1 X138.04 Y118.485 E329.29556
G1 X137.94 Y118.056 E329.31974
G1 X137.814 Y117.661 E329.34249
G1 X137.651 Y117.275 E329.36548
G1 X137.435 Y116.877 E329.39034
G1 X137.322 Y116.694 E329.40214
G1 X137.075 Y116.357 E329.42507
G1 X136.786 Y116.028 E329.4491
G1 X136.473 Y115.732 E329.47274
G1 X136.141 Y115.466 E329.49609
G1 X135.797 Y115.24 E329.51868
G1 X135.419 Y115.038 E329.5422
G1 X135.02 Y114.869 E329.56598
G1 X134.625 Y114.74 E329.58878
G1 X134.199 Y114.644 E329.61275
G1 X133.793 Y114.588 E329.63524
G1 X133.337 Y114.57 E329.66028
G1 X116.663 Y114.567 E330.57534
G1 X116.206 Y114.587 E330.60044
G1 X115.798 Y114.643 E330.62304
G1 X115.375 Y114.74 E330.64686
G1 X114.977 Y114.868 E330.6698
G1 X114.568 Y115.044 E330.69424
G1 X114.384 Y115.139 E330.7056
G1 X113.999 Y115.368 E330.73019
G1 X113.669 Y115.609 E330.75261
G1 X113.338 Y115.9 E330.7768
G1 X113.044 Y116.208 E330.80017
G1 X112.781 Y116.54 E330.82341
G1 X112.555 Y116.884 E330.846
G1 X112.346 Y117.27 E330.87009
G1 X112.181 Y117.663 E330.89348
G1 X112.048 Y118.067 E330.91682
G1 X111.956 Y118.484 E330.94026
G1 X111.9 Y118.887 E330.96258
G1 X111.882 Y119.343 E330.98763
G1 X111.883 Y130.656 E331.60848
G1 X111.9 Y131.105 E331.63314
G1 X111.955 Y131.51 E331.65557
G1 X112.052 Y131.933 E331.67938
G1 X112.182 Y132.335 E331.70257
G1 X112.347 Y132.728 E331.72596
G1 X112.551 Y133.107 E331.74958
G1 X112.668 Y133.291 E331.76155
G1 X112.922 Y133.64 E331.78524
G1 X113.212 Y133.97 E331.80935
G1 X113.519 Y134.264 E331.83267
G1 X113.855 Y134.53 E331.85619
G1 X114.228 Y134.777 E331.88074
G1 X114.578 Y134.959 E331.90239
G1 X114.979 Y135.129 E331.92629
G1 X115.372 Y135.26 E331.94903
G1 X115.791 Y135.352 E331.97257
G1 X116.202 Y135.408 E331.99533
G1 X116.663 Y135.43 E332.02066
G1 X133 Y135.426 E332.91722
G0 F2160 X133.336 Y135.426
G0 X133.793 Y135.408
G0 X134.198 Y135.353
G0 X134.621 Y135.256
G0 F12000 X134.507 Y134.842
G0 X112.46 Y130.906
;TYPE:FILL
G1 F2219.9 X116.686 Y115.134 E333.73185
G1 X117.373 Y115.135 E333.76612
G1 X136.093 Y133.855 E335.08692
G1 X135.67 Y134.166 E335.11311
G1 X135.532 Y134.251 E335.1212
G1 X135.18 Y134.441 E335.14116
G1 X134.76 Y134.616 E335.16386
G1 X137.547 Y124.213 E335.70117
G1 X137.547 Y127.935 E335.88686
G1 X114.306 Y134.162 E337.08725
G1 X113.887 Y133.832 E337.11386
G1 X113.625 Y133.582 E337.13193
G1 X113.363 Y133.282 E337.1518
G1 X113.132 Y132.964 E337.17141
G1 X113.04 Y132.819 E337.17998
G1 X112.856 Y132.477 E337.19935
G1 X112.716 Y132.145 E337.21733
G1 X112.596 Y131.771 E337.23692
G1 X112.514 Y131.411 E337.25535
G1 X112.466 Y131.059 E337.27307
G1 X112.45 Y130.651 E337.29344
G1 X112.45 Y130 E337.32592
G1 X137.547 Y123.276 E338.62217
G1 X137.547 Y122.58 E338.6569
G1 X130.103 Y115.137 E339.18208
G1 X126.003 Y115.135 E339.38663
G1 X120.717 Y134.862 E340.40553
G1 X124.372 Y134.861 E340.58788
G1 X112.448 Y122.938 E341.42915
G1 X112.449 Y120.683 E341.54165
G1 X133.149 Y115.137 E342.6108
G1 X130.662 Y115.136 E342.73488
G1 X125.376 Y134.861 E343.75368
G1 X129.088 Y134.86 E343.93888
G1 X137.002 Y132.739 E344.34764
G1 X137.132 Y132.495 E344.36143
G1 X137.284 Y132.131 E344.38111
G1 X137.4 Y131.78 E344.39956
G1 X137.482 Y131.408 E344.41856
G1 X137.53 Y131.06 E344.43609
G1 X137.547 Y130.635 E344.45731
G1 X137.547 Y128.944 E344.54167
G1 X123.738 Y115.135 E345.51597
G1 X121.345 Y115.134 E345.63536
G1 X116.071 Y134.818 E346.65204
G1 X116.248 Y134.842 E346.66095
G1 X116.682 Y134.863 E346.68263
G1 X118.009 Y134.862 E346.74883
G1 X112.449 Y129.302 E347.14112
G1 X112.449 Y125.342 E347.33868
G1 X137.487 Y118.633 E348.6319
G1 X137.397 Y118.218 E348.65309
G1 X137.278 Y117.85 E348.67238
G1 X137.141 Y117.525 E348.68998
G1 X136.949 Y117.169 E348.71016
G1 X136.85 Y117.01 E348.7195
G1 X136.632 Y116.714 E348.73784
G1 X136.372 Y116.417 E348.75754
G1 X136.097 Y116.156 E348.77645
G1 X135.815 Y115.931 E348.79445
G1 X135.5 Y115.725 E348.81323
G1 X135.205 Y115.567 E348.82992
G1 X130.318 Y133.809 E349.77211
G1 X130.6 Y134.859 E349.82635
G1 X130.062 Y134.86 E349.85319
G1 X129.815 Y133.941 E349.90067
G1 X113.045 Y117.17 E351.08392
G1 X113.242 Y116.87 E351.10183
G1 X113.47 Y116.583 E351.12011
G1 X113.732 Y116.308 E351.13906
G1 X114.018 Y116.057 E351.15805
G1 X114.316 Y115.838 E351.1765
G1 X114.656 Y115.637 E351.1962
G1 X114.809 Y115.558 E351.20479
G1 X115.181 Y115.399 E351.22498
G1 X115.518 Y115.289 E351.24266
G1 X115.908 Y115.2 E351.26262
G1 X116.252 Y115.153 E351.27994
G1 X116.683 Y115.134 E351.30146
G1 X118.683 Y115.046
G0 F12000 X118.683 Y115.557
G1 F1200 E350.80146
;MESH:NONMESH
G0 X118.683 Y115.557 Z2.44
G0 F12000 X134.136 Y135.009
G0 X134.817 Y136.009
;TIME_ELAPSED:266.623602
;LAYER:11
M106 S72.1
M204 S2500
;TYPE:WALL-OUTER
;MESH:new-rear-port-cover.stl
G1 F600 E351.30146
G1 F2400 X135.276 Y135.862 E351.32791
G1 X135.739 Y135.665 E351.35553
G1 X136.037 Y135.512 E351.37391
G1 X136.458 Y135.25 E351.40112
G1 X136.851 Y134.959 E351.42796
G1 X137.226 Y134.626 E351.45548
G1 X137.554 Y134.279 E351.48169
G1 X137.839 Y133.919 E351.50689
G1 X138.124 Y133.483 E351.53547
G1 X138.361 Y133.041 E351.56299
G1 X138.55 Y132.589 E351.58988
G1 X138.701 Y132.121 E351.61687
G1 X138.806 Y131.642 E351.64378
G1 X138.87 Y131.171 E351.66987
G1 X138.89 Y130.665 E351.69766
G1 X138.89 Y119.328 E352.31982
G1 X138.867 Y118.825 E352.34745
G1 X138.806 Y118.355 E352.37346
G1 X138.693 Y117.863 E352.40117
G1 X138.55 Y117.407 E352.42739
G1 X138.352 Y116.945 E352.45498
G1 X138.2 Y116.647 E352.47334
G1 X137.939 Y116.223 E352.50066
G1 X137.639 Y115.825 E352.52801
G1 X137.315 Y115.455 E352.555
G1 X136.965 Y115.132 E352.58114
G1 X136.571 Y114.821 E352.60869
G1 X136.16 Y114.553 E352.63561
G1 X135.738 Y114.331 E352.66178
G1 X135.276 Y114.134 E352.68935
G1 X134.817 Y113.987 E352.7158
G1 X134.333 Y113.878 E352.74302
G1 X133.859 Y113.814 E352.76927
G1 X133.349 Y113.794 E352.79728
G1 X116.648 Y113.791 E353.71382
G1 X116.138 Y113.813 E353.74183
G1 X115.667 Y113.878 E353.76793
G1 X115.179 Y113.987 E353.79537
G1 X114.72 Y114.134 E353.82182
G1 X114.259 Y114.331 E353.84933
G1 X113.822 Y114.562 E353.87646
G1 X113.539 Y114.741 E353.89483
G1 X113.145 Y115.032 E353.92171
G1 X112.772 Y115.368 E353.94926
G1 X112.435 Y115.728 E353.97633
G1 X112.141 Y116.101 E354.00239
G1 X111.865 Y116.525 E354.03015
G1 X111.635 Y116.954 E354.05687
G1 X111.447 Y117.406 E354.08373
G1 X111.299 Y117.867 E354.1103
G1 X111.19 Y118.355 E354.13775
G1 X111.126 Y118.825 E354.16378
G1 X111.106 Y119.331 E354.19157
G1 X111.107 Y130.669 E354.81379
G1 X111.126 Y131.171 E354.84136
G1 X111.189 Y131.641 E354.86738
G1 X111.299 Y132.125 E354.89462
G1 X111.446 Y132.589 E354.92133
G1 X111.639 Y133.047 E354.94861
G1 X111.796 Y133.349 E354.96729
G1 X112.054 Y133.771 E354.99443
G1 X112.345 Y134.163 E355.02122
G1 X112.677 Y134.536 E355.04863
G1 X113.039 Y134.872 E355.07573
G1 X113.413 Y135.167 E355.10187
G1 X113.836 Y135.443 E355.12959
G1 X114.258 Y135.665 E355.15576
G1 X114.721 Y135.862 E355.18337
G1 X115.179 Y136.013 E355.20984
G1 X115.662 Y136.118 E355.23696
G1 X116.138 Y136.182 E355.26332
G1 X116.648 Y136.206 E355.29134
G1 X133.197 Y136.202 E356.19954
G0 F2160 X133.349 Y136.202
G0 X133.859 Y136.182
G0 X134.329 Y136.118
G0 X134.817 Y136.009
M204 S3500
G0 F12000 X135.276 Y135.862
G0 X135.739 Y135.665
G0 X136.037 Y135.512
G0 X136.458 Y135.25
G0 X136.851 Y134.959
G0 X137.226 Y134.626
G0 X137.554 Y134.279
G0 X137.839 Y133.919
G0 X138.124 Y133.483
G0 X138.361 Y133.041
G0 X138.451 Y132.826
G1 F1200 E355.69954
G0 F12000 X137.448 Y132.607
G0 X134.534 Y134.955
G0 X134.644 Y135.371
;TYPE:WALL-INNER
G1 F600 E356.19954
G1 F2400 X135.046 Y135.243 E356.22269
G1 X135.459 Y135.067 E356.24733
G1 X135.712 Y134.937 E356.26294
G1 X136.087 Y134.704 E356.28717
G1 X136.435 Y134.446 E356.31094
G1 X136.766 Y134.152 E356.33524
G1 X137.054 Y133.847 E356.35826
G1 X137.303 Y133.533 E356.38025
G1 X137.556 Y133.146 E356.40562
G1 X137.764 Y132.757 E356.42983
G1 X137.93 Y132.361 E356.4534
G1 X138.063 Y131.948 E356.47721
G1 X138.156 Y131.526 E356.50092
G1 X138.212 Y131.114 E356.52374
G1 X138.23 Y130.653 E356.54906
G1 X138.23 Y119.343 E357.16974
G1 X138.209 Y118.882 E357.19507
G1 X138.156 Y118.471 E357.21781
G1 X138.056 Y118.036 E357.24231
G1 X137.93 Y117.636 E357.26532
G1 X137.754 Y117.225 E357.28986
G1 X137.624 Y116.971 E357.30552
G1 X137.393 Y116.595 E357.32973
G1 X137.127 Y116.241 E357.35403
G1 X136.842 Y115.916 E357.37776
G1 X136.536 Y115.634 E357.40059
G1 X136.186 Y115.358 E357.42506
G1 X135.826 Y115.123 E357.44865
G1 X135.454 Y114.927 E357.47172
G1 X135.046 Y114.754 E357.49604
G1 X134.643 Y114.625 E357.51927
G1 X134.216 Y114.528 E357.5433
G1 X133.803 Y114.472 E357.56617
G1 X133.337 Y114.454 E357.59176
G1 X116.663 Y114.451 E358.50682
G1 X116.198 Y114.471 E358.53236
G1 X115.784 Y114.528 E358.55529
G1 X115.352 Y114.625 E358.57959
G1 X114.95 Y114.753 E358.60275
G1 X114.543 Y114.927 E358.62704
G1 X114.154 Y115.134 E358.65122
G1 X113.912 Y115.286 E358.6669
G1 X113.563 Y115.544 E358.69072
G1 X113.234 Y115.84 E358.71501
G1 X112.936 Y116.158 E358.73892
G1 X112.678 Y116.486 E358.76183
G1 X112.433 Y116.861 E358.78641
G1 X112.232 Y117.237 E358.80981
G1 X112.067 Y117.634 E358.8334
G1 X111.937 Y118.04 E358.8568
G1 X111.84 Y118.472 E358.88109
G1 X111.784 Y118.882 E358.9038
G1 X111.766 Y119.343 E358.92912
G1 X111.767 Y130.657 E359.55003
G1 X111.784 Y131.114 E359.57512
G1 X111.839 Y131.523 E359.59777
G1 X111.937 Y131.952 E359.62192
G1 X112.066 Y132.361 E359.64546
G1 X112.237 Y132.767 E359.66963
G1 X112.371 Y133.024 E359.68554
G1 X112.602 Y133.401 E359.7098
G1 X112.858 Y133.747 E359.73342
G1 X113.149 Y134.074 E359.75745
G1 X113.468 Y134.37 E359.78133
G1 X113.798 Y134.63 E359.80438
G1 X114.171 Y134.873 E359.82881
G1 X114.542 Y135.069 E359.85184
G1 X114.953 Y135.244 E359.87636
G1 X115.353 Y135.375 E359.89945
G1 X115.777 Y135.468 E359.92328
G1 X116.197 Y135.524 E359.94653
G1 X116.663 Y135.546 E359.97213
G1 X133.023 Y135.542 E360.86996
G0 F2160 X133.337 Y135.542
G0 X133.802 Y135.524
G0 X134.212 Y135.468
G0 X134.644 Y135.371
G0 F12000 X134.563 Y134.802
;TYPE:FILL
G1 F2400 X134.852 Y134.709 E360.8851
G1 X135.215 Y134.555 E360.90478
G1 X135.427 Y134.446 E360.91667
G1 X135.777 Y134.228 E360.93724
G1 X136.078 Y134.005 E360.95593
G1 X136.272 Y133.833 E360.96886
G1 X117.458 Y115.019 E362.29629
G1 X116.755 Y115.018 E362.33137
G1 X114.398 Y115.649 E362.4531
G1 X114.44 Y115.622 E362.45559
G1 X114.783 Y115.441 E362.47494
G1 X115.148 Y115.285 E362.49474
G1 X115.498 Y115.174 E362.51306
G1 X115.892 Y115.085 E362.53321
G1 X116.243 Y115.037 E362.55089
G1 X116.682 Y115.018 E362.57281
G1 X116.569 Y115.023 E362.57845
G1 X112.34 Y130.806 E363.39365
G1 X112.35 Y131.07 E363.40683
G1 X112.395 Y131.409 E363.42389
G1 X112.485 Y131.807 E363.44424
G1 X112.598 Y132.163 E363.46288
G1 X112.751 Y132.527 E363.48258
G1 X112.864 Y132.743 E363.49474
G1 X113.078 Y133.091 E363.51512
G1 X113.294 Y133.384 E363.53328
G1 X113.556 Y133.679 E363.55297
G1 X113.833 Y133.935 E363.57178
G1 X114.135 Y134.173 E363.59097
G1 X114.333 Y134.302 E363.60276
G1 X137.663 Y128.05 E364.80776
G1 X137.663 Y123.392 E365.04015
G1 X113.774 Y129.792 E366.27401
G1 X112.333 Y129.406 E366.34844
G1 X112.334 Y129.942 E366.37518
G1 X113.64 Y130.292 E366.44263
G1 X118.326 Y134.978 E366.77326
G1 X116.683 Y134.979 E366.85523
G1 X116.241 Y134.958 E366.8773
G1 X115.898 Y134.913 E366.89456
G1 X121.229 Y115.018 E367.92214
G1 X123.823 Y115.019 E368.05156
G1 X137.663 Y128.86 E369.02808
G1 X137.663 Y130.636 E369.11668
G1 X137.646 Y131.07 E369.13835
G1 X137.598 Y131.424 E369.15618
G1 X137.514 Y131.805 E369.17564
G1 X137.4 Y132.159 E369.1942
G1 X137.251 Y132.515 E369.21345
G1 X137.068 Y132.855 E369.23271
G1 X137.057 Y132.872 E369.23372
G1 X129.203 Y134.976 E369.63938
G1 X125.198 Y134.978 E369.83919
G1 X130.546 Y115.02 E370.87002
G1 X133.321 Y115.021 E371.00847
G1 X133.758 Y115.038 E371.03029
G1 X133.964 Y115.065 E371.04065
G1 X112.334 Y120.861 E372.15785
G1 X112.333 Y119.36 E372.23273
G1 X112.35 Y118.927 E372.25435
G1 X112.397 Y118.58 E372.27182
G1 X112.485 Y118.19 E372.29177
G1 X112.602 Y117.824 E372.31094
G1 X112.747 Y117.475 E372.32979
G1 X112.921 Y117.151 E372.34814
G1 X113.041 Y116.965 E372.35919
G1 X129.744 Y133.668 E373.53767
G1 X130.094 Y134.977 E373.60527
G1 X130.63 Y134.976 E373.63201
G1 X130.244 Y133.533 E373.70654
G1 X135.104 Y115.395 E374.64337
G1 X135.215 Y115.442 E374.64938
G1 X135.534 Y115.611 E374.66739
G1 X135.852 Y115.817 E374.68629
G1 X136.172 Y116.069 E374.70661
G1 X136.432 Y116.31 E374.7243
G1 X136.693 Y116.608 E374.74406
G1 X136.921 Y116.91 E374.76294
G1 X137.13 Y117.252 E374.78294
G1 X137.24 Y117.465 E374.7949
G1 X137.399 Y117.836 E374.81504
G1 X137.509 Y118.188 E374.83344
G1 X137.596 Y118.563 E374.85264
G1 X137.62 Y118.745 E374.8618
G1 X112.334 Y125.52 E376.16782
G1 X112.333 Y122.622 E376.3124
G1 X124.688 Y134.977 E377.18411
G1 X120.539 Y134.978 E377.39111
G1 X125.887 Y115.019 E378.42199
G1 X130.188 Y115.021 E378.63657
G1 X137.663 Y122.496 E379.16397
G1 X137.663 Y123.232 E379.20069
G1 X134.563 Y134.802 E379.79828
G0 F12000 X135.315 Y132
G1 F2400 X137.45 Y132 E379.9048
G1 X139.45 Y132
G1 F1200 E379.4048
G0 F12000 X137.812 Y131.465
G0 X137.656 Y130.8
G1 F600 E379.9048
G1 F2400 X135.636 Y130.8 E380.00558
G1 X133.636 Y130.8
G0 F12000 X131.898 Y129.46
G1 F2400 X135.093 Y126.29 E380.23012
G0 F12000 X134.244 Y125.442
G1 F2400 X131.75 Y127.917 E380.40542
G1 X130.331 Y129.325
G0 F12000 X131.438 Y129.076
G1 F2400 X127.562 Y126.155 E380.64755
G0 F12000 X128.005 Y125.566
G1 F2400 X132.269 Y123.466 E380.88469
G0 F12000 X132.716 Y123.914
G1 F2400 X129.144 Y125.674 E381.08335
G1 X127.35 Y126.557
G0 F12000 X135.767 Y120.6
G1 F2400 X137.9 Y120.6 E381.18977
G1 X139.9 Y120.6
G1 F1200 E380.68977
G0 F12000 X137.88 Y120.6
G0 X134.96 Y115.929
G1 F600 E381.18977
G1 F2400 X131.811 Y115.642 E381.34752
G1 X129.82 Y115.461
G0 F12000 X126 Y115.02
G1 F2400 X126 Y117.195 E381.45603
G1 X126 Y119.195
G0 F12000 X123 Y118.003
G1 F2400 X123 Y115.019 E381.60491
G1 X123 Y113.019
G1 F1200 E381.10491
G0 F12000 X122.998 Y114.802
G0 X119.4 Y114.881
G0 X119.4 Y114.782
G1 F600 E381.60491
G1 F2400 X119.4 Y116.96 E381.71357
G1 X119.4 Y118.96
G0 F12000 X115.986 Y115.224
G1 F2400 X113.332 Y117.257 E381.88036
G1 X113.173 Y117.098
G1 X112.334 Y120.204 E382.04087
G0 F12000 X112.8 Y120.736
G1 F2400 X112.8 Y123.089 E382.15826
G1 X112.8 Y125.089
G0 F12000 X112.343 Y130.8
G1 F2400 X114.147 Y130.8 E382.24827
G1 X116.147 Y130.8
G0 F12000 X117.747 Y134.4
G1 F2400 X120.693 Y134.4 E382.39524
G1 X122.693 Y134.4
G0 F12000 X121.8 Y134.978
G1 F2400 X121.8 Y132.3 E382.52885
G1 X121.8 Y130.3
G0 F12000 X125.354 Y134.4
G1 F2400 X129.94 Y134.4 E382.75764
G1 X131.94 Y134.4
G1 F1200 E382.25764
;MESH:NONMESH
G0 X131.94 Y134.4 Z2.64
G0 F12000 X134.552 Y135.033
G0 X134.838 Y136.125
;TIME_ELAPSED:284.731273
;LAYER:12
M106 S63.8
M204 S2500
;TYPE:WALL-OUTER
;MESH:new-rear-port-cover.stl
G1 F600 E382.75764
G1 F2400 X135.239 Y135.997 E382.78075
G1 X135.699 Y135.811 E382.80798
G1 X136.153 Y135.58 E382.83593
G1 X136.564 Y135.324 E382.8625
G1 X136.957 Y135.025 E382.8896
G1 X137.335 Y134.685 E382.9175
G1 X137.671 Y134.319 E382.94477
G1 X137.966 Y133.937 E382.97126
G1 X138.242 Y133.509 E382.99921
G1 X138.473 Y133.071 E383.02638
G1 X138.665 Y132.609 E383.05384
G1 X138.813 Y132.149 E383.08036
G1 X138.922 Y131.654 E383.10817
G1 X138.986 Y131.175 E383.13469
G1 X139.006 Y130.665 E383.1627
G1 X139.006 Y119.328 E383.78487
G1 X138.982 Y118.821 E383.81272
G1 X138.922 Y118.341 E383.83927
G1 X138.813 Y117.851 E383.86682
G1 X138.709 Y117.529 E383.88539
G1 X138.716 Y117.52 E383.88602
G1 X138.499 Y116.986 E383.91765
G1 X138.268 Y116.531 E383.94565
G1 X138.012 Y116.12 E383.97222
G1 X137.713 Y115.727 E383.99932
G1 X137.373 Y115.349 E384.02723
G1 X137.006 Y115.012 E384.05457
G1 X136.625 Y114.714 E384.08112
G1 X136.197 Y114.442 E384.10895
G1 X135.763 Y114.211 E384.13593
G1 X135.298 Y114.019 E384.16354
G1 X134.837 Y113.871 E384.19011
G1 X134.342 Y113.762 E384.21792
G1 X133.863 Y113.698 E384.24444
G1 X133.349 Y113.678 E384.27267
G1 X116.648 Y113.675 E385.18921
G1 X116.134 Y113.697 E385.21744
G1 X115.655 Y113.762 E385.24397
G1 X115.17 Y113.871 E385.27125
G1 X114.837 Y113.984 E385.29055
G1 X114.822 Y113.972 E385.2916
G1 X114.298 Y114.185 E385.32265
G1 X113.843 Y114.416 E385.35065
G1 X113.432 Y114.672 E385.37722
G1 X113.039 Y114.971 E385.40432
G1 X112.661 Y115.311 E385.43222
G1 X112.324 Y115.678 E385.45957
G1 X112.026 Y116.059 E385.48611
G1 X111.754 Y116.487 E385.51394
G1 X111.523 Y116.922 E385.54097
G1 X111.331 Y117.382 E385.56833
G1 X111.184 Y117.846 E385.59504
G1 X111.074 Y118.342 E385.62292
G1 X111.01 Y118.821 E385.64944
G1 X110.99 Y119.331 E385.67745
G1 X110.991 Y130.669 E386.29967
G1 X111.01 Y131.175 E386.32746
G1 X111.074 Y131.654 E386.35398
G1 X111.183 Y132.141 E386.38137
G1 X111.296 Y132.471 E386.40051
G1 X111.285 Y132.487 E386.40158
G1 X111.497 Y133.015 E386.4328
G1 X111.728 Y133.468 E386.46071
G1 X111.984 Y133.875 E386.48709
G1 X112.283 Y134.269 E386.51424
G1 X112.62 Y134.644 E386.54191
G1 X112.982 Y134.98 E386.56901
G1 X113.371 Y135.281 E386.596
G1 X113.799 Y135.554 E386.62386
G1 X114.234 Y135.785 E386.65089
G1 X114.694 Y135.977 E386.67825
G1 X115.158 Y136.124 E386.70496
G1 X115.654 Y136.234 E386.73284
G1 X116.134 Y136.298 E386.75942
G1 X116.648 Y136.322 E386.78766
G1 X133.218 Y136.318 E387.697
G0 F2160 X133.349 Y136.318
G0 X133.863 Y136.298
G0 X134.342 Y136.234
G0 X134.838 Y136.125
M204 S3500
G0 F12000 X135.239 Y135.997
G0 X135.699 Y135.811
G0 X136.153 Y135.58
G0 X136.564 Y135.324
G0 X136.957 Y135.025
G0 X137.335 Y134.685
G0 X137.671 Y134.319
G0 X137.966 Y133.937
G0 X138.242 Y133.509
G0 X138.473 Y133.071
G0 X138.512 Y132.975
G1 F1200 E387.197
G0 F12000 X139.374 Y133.502
G0 X138.786 Y134.509
G0 X138.033 Y135.398
G0 X137.134 Y136.141
G0 X135.581 Y136.933
G0 X134.666 Y135.487
;TYPE:WALL-INNER
G1 F600 E387.697
G1 F2400 X135.015 Y135.376 E387.7171
G1 X135.425 Y135.21 E387.74138
G1 X135.828 Y135.005 E387.76619
G1 X136.189 Y134.78 E387.78954
G1 X136.536 Y134.516 E387.81346
G1 X136.87 Y134.215 E387.83814
G1 X137.166 Y133.893 E387.86214
G1 X137.426 Y133.555 E387.88554
G1 X137.672 Y133.176 E387.91034
G1 X137.875 Y132.789 E387.93432
G1 X138.045 Y132.381 E387.95858
G1 X138.175 Y131.977 E387.98187
G1 X138.272 Y131.538 E388.00654
G1 X138.328 Y131.119 E388.02974
G1 X138.346 Y130.653 E388.05533
G1 X138.346 Y119.343 E388.67602
G1 X138.324 Y118.877 E388.70162
G1 X138.271 Y118.455 E388.72496
G1 X138.175 Y118.024 E388.74919
G1 X138.081 Y117.731 E388.76608
G1 X138.087 Y117.724 E388.76659
G1 X137.898 Y117.26 E388.79408
G1 X137.693 Y116.856 E388.81894
G1 X137.468 Y116.495 E388.84229
G1 X137.204 Y116.148 E388.86622
G1 X136.903 Y115.814 E388.89089
G1 X136.579 Y115.516 E388.91505
G1 X136.243 Y115.254 E388.93843
G1 X135.865 Y115.013 E388.96303
G1 X135.481 Y114.809 E388.9869
G1 X135.071 Y114.639 E389.01126
G1 X134.665 Y114.509 E389.03465
G1 X134.227 Y114.412 E389.05927
G1 X133.807 Y114.356 E389.08252
G1 X133.337 Y114.338 E389.10834
G1 X116.663 Y114.335 E390.02339
G1 X116.192 Y114.355 E390.04926
G1 X115.771 Y114.412 E390.07258
G1 X115.35 Y114.507 E390.09626
G1 X115.031 Y114.615 E390.11475
G1 X115.018 Y114.605 E390.11565
G1 X114.572 Y114.786 E390.14206
G1 X114.168 Y114.991 E390.16692
G1 X113.807 Y115.216 E390.19027
G1 X113.46 Y115.48 E390.2142
G1 X113.126 Y115.781 E390.23887
G1 X112.828 Y116.105 E390.26303
G1 X112.566 Y116.441 E390.28641
G1 X112.325 Y116.819 E390.31101
G1 X112.12 Y117.204 E390.33495
G1 X111.951 Y117.61 E390.35908
G1 X111.822 Y118.018 E390.38257
G1 X111.724 Y118.458 E390.40731
G1 X111.668 Y118.877 E390.4305
G1 X111.65 Y119.343 E390.4561
G1 X111.651 Y130.657 E391.077
G1 X111.668 Y131.119 E391.10237
G1 X111.724 Y131.538 E391.12557
G1 X111.819 Y131.961 E391.14936
G1 X111.928 Y132.279 E391.16781
G1 X111.918 Y132.293 E391.16876
G1 X112.098 Y132.741 E391.19525
G1 X112.302 Y133.142 E391.21994
G1 X112.527 Y133.499 E391.2431
G1 X112.792 Y133.848 E391.26715
G1 X113.091 Y134.18 E391.29167
G1 X113.41 Y134.476 E391.31555
G1 X113.751 Y134.741 E391.33925
G1 X114.131 Y134.983 E391.36398
G1 X114.516 Y135.188 E391.38791
G1 X114.922 Y135.357 E391.41205
G1 X115.33 Y135.486 E391.43553
G1 X115.77 Y135.584 E391.46027
G1 X116.193 Y135.64 E391.48368
G1 X116.663 Y135.662 E391.50951
G1 X133.045 Y135.658 E392.40854
G0 F2160 X133.337 Y135.658
G0 X133.807 Y135.64
G0 X134.227 Y135.584
G0 X134.666 Y135.487
G1 F1200 E391.90854
G1 F1200 Z3.08
G0 F12000 X134.666 Y135.487 Z3.08
G0 X131.725 Y127.461
;TYPE:FILL
G1 F1200 Z2.64
G1 F600 E392.40854
G1 F2400 X132.157 Y125.85 E392.49175
G1 X132.157 Y127.461 E392.57212
G1 X130.248 Y127.461 E392.66736
G1 X130.248 Y125.552 E392.7626
G1 X132.157 Y125.552 E392.85784
G1 X134.157 Y125.552
G1 F1200 E392.35784
G0 F12000 X133.904 Y129.176
M204 S2500
;TYPE:SKIN
G1 F600 E392.85784
G1 F1200 X133.676 Y129.281 E392.87037
G1 X128.678 Y129.28 E393.11972
G1 X128.53 Y129.207 E393.12795
G1 X128.43 Y129.02 E393.13853
G1 X128.428 Y123.983 E393.38983
G1 X128.538 Y123.799 E393.40052
G1 X128.676 Y123.736 E393.40809
G1 X133.723 Y123.732 E393.65989
G1 X133.894 Y123.825 E393.6696
G1 X133.976 Y123.949 E393.67702
G1 X133.972 Y129.032 E393.93061
G1 X133.904 Y129.176 E393.93855
M204 S3500
G1 F1200 E393.43855
G0 F12000 X134.513 Y134.906
M204 S2500
G1 F600 E393.93855
G1 F1200 X134.806 Y134.813 E393.95389
G1 X135.171 Y134.666 E393.97352
G1 X135.54 Y134.478 E393.99418
G1 X135.845 Y134.288 E394.01211
G1 X136.156 Y134.052 E394.03159
G1 X136.444 Y133.794 E394.05088
G1 X136.71 Y133.502 E394.07058
G1 X136.934 Y133.214 E394.08879
G1 X137.157 Y132.868 E394.10932
G1 X137.336 Y132.531 E394.12836
G1 X137.485 Y132.169 E394.14789
G1 X137.598 Y131.814 E394.16648
G1 X137.684 Y131.426 E394.18631
G1 X137.732 Y131.074 E394.20403
G1 X137.748 Y130.638 E394.2258
G1 X137.748 Y119.351 E394.78891
G1 X137.728 Y118.922 E394.81033
G1 X137.684 Y118.565 E394.82828
G1 X137.594 Y118.173 E394.84834
G1 X137.514 Y117.93 E394.86111
G1 X137.518 Y117.914 E394.86193
G1 X137.355 Y117.514 E394.88348
G1 X137.165 Y117.143 E394.90427
G1 X136.979 Y116.838 E394.9221
G1 X136.741 Y116.525 E394.94171
G1 X136.482 Y116.24 E394.96093
G1 X136.189 Y115.97 E394.98081
G1 X135.89 Y115.738 E394.99969
G1 X135.567 Y115.531 E395.01883
G1 X135.219 Y115.344 E395.03854
G1 X134.868 Y115.198 E395.0575
G1 X134.509 Y115.082 E395.07632
G1 X134.116 Y114.997 E395.09638
G1 X133.762 Y114.952 E395.11419
G1 X133.321 Y114.933 E395.13621
G1 X116.678 Y114.932 E395.96653
G1 X116.238 Y114.948 E395.9885
G1 X115.883 Y114.996 E396.00637
G1 X115.514 Y115.081 E396.02526
G1 X115.22 Y115.179 E396.04072
G1 X115.193 Y115.177 E396.04207
G1 X114.825 Y115.326 E396.06188
G1 X114.456 Y115.514 E396.08254
G1 X114.151 Y115.704 E396.10047
G1 X113.836 Y115.944 E396.12023
G1 X113.551 Y116.199 E396.13931
G1 X113.282 Y116.49 E396.15908
G1 X113.054 Y116.786 E396.17772
G1 X112.836 Y117.124 E396.19778
G1 X112.656 Y117.465 E396.21702
G1 X112.507 Y117.82 E396.23623
G1 X112.399 Y118.166 E396.25431
G1 X112.308 Y118.568 E396.27488
G1 X112.264 Y118.918 E396.29248
G1 X112.244 Y119.355 E396.3143
G1 X112.248 Y130.646 E396.87761
G1 X112.264 Y131.075 E396.89903
G1 X112.308 Y131.424 E396.91658
G1 X112.39 Y131.79 E396.93529
G1 X112.492 Y132.089 E396.95105
G1 X112.49 Y132.116 E396.9524
G1 X112.638 Y132.487 E396.97233
G1 X112.826 Y132.852 E396.99281
G1 X113.011 Y133.152 E397.0104
G1 X113.255 Y133.467 E397.03028
G1 X113.51 Y133.753 E397.04939
G1 X113.799 Y134.019 E397.06899
G1 X114.094 Y134.25 E397.08768
G1 X114.432 Y134.464 E397.10764
G1 X114.766 Y134.644 E397.12657
G1 X115.131 Y134.797 E397.14631
G1 X115.478 Y134.906 E397.16446
G1 X115.878 Y134.996 E397.18491
G1 X116.239 Y135.044 E397.20308
G1 X116.679 Y135.064 E397.22506
G1 X133.371 Y135.059 E398.05783
G1 X133.762 Y135.044 E398.07735
G1 X134.114 Y134.996 E398.09507
G1 X134.513 Y134.906 E398.11548
M204 S3500
G1 F1200 E397.61548
G0 F12000 X135.189 Y137.056
G0 X136.12 Y136.717
G0 X137.134 Y136.141
G0 X138.033 Y135.398
G0 X138.786 Y134.509
G0 X139.374 Y133.502
G0 X139.775 Y132.406
G0 X139.978 Y131.257
G0 X139.977 Y118.743
G0 X139.74 Y117.486
G0 X137.016 Y118.336
M204 S2500
G1 F600 E398.11548
G1 F1200 X136.917 Y118.036 E398.13124
G1 X136.811 Y117.769 E398.14557
G1 X136.638 Y117.432 E398.16447
G1 X136.486 Y117.181 E398.17911
G1 X136.271 Y116.899 E398.1968
G1 X136.061 Y116.667 E398.21241
G1 X135.803 Y116.43 E398.22989
G1 X135.544 Y116.229 E398.24625
G1 X135.253 Y116.043 E398.26348
G1 X134.963 Y115.887 E398.27991
G1 X134.658 Y115.761 E398.29637
G1 X134.324 Y115.657 E398.31382
G1 X137.02 Y118.353 E398.50404
G1 X137.09 Y118.658 E398.51965
G1 X137.13 Y118.971 E398.53539
G1 X137.147 Y119.328 E398.55323
G1 X133.355 Y115.536 E398.82077
G1 X132.503 Y115.533 E398.86328
G1 X137.148 Y120.178 E399.19101
G1 X137.148 Y121.026 E399.23331
G1 X131.655 Y115.533 E399.62088
G1 X130.806 Y115.533 E399.66323
G1 X137.148 Y121.875 E400.11069
G1 X137.148 Y122.723 E400.153
G1 X129.958 Y115.533 E400.66029
G1 X129.109 Y115.533 E400.70265
G1 X137.148 Y123.572 E401.26985
G1 X137.148 Y124.42 E401.31215
G1 X128.261 Y115.533 E401.93918
G1 X127.412 Y115.533 E401.98154
G1 X137.148 Y125.269 E402.66846
G1 X137.148 Y126.117 E402.71077
G1 X126.564 Y115.533 E403.45753
G1 X125.715 Y115.533 E403.49989
M204 S3500
G1 F1200 E402.99989
G0 F12000 X125.715 Y112.682
G0 X133.944 Y112.708
G0 X135.094 Y112.911
G0 X136.188 Y113.312
G0 X137.196 Y113.9
G0 X138.085 Y114.653
G0 X138.828 Y115.551
G0 X139.404 Y116.566
G0 X139.774 Y117.595
G0 X139.957 Y118.628
G0 X140.003 Y123.132
G0 X133.823 Y123.132
M204 S2500
G1 F600 E403.49989
G1 F1200 X134.106 Y123.236 E403.51493
G1 X134.334 Y123.411 E403.52927
G1 X134.514 Y123.686 E403.54566
G1 X134.576 Y124.005 E403.56188
G1 X134.576 Y124.394 E403.58128
G1 X137.148 Y126.966 E403.76275
M204 S3500
G1 F1200 E403.26275
G0 F12000 X133.314 Y123.132
M204 S2500
G1 F600 E403.76275
G1 F1200 X125.715 Y115.533 E404.2989
M204 S3500
G1 F1200 E403.7989
G0 F12000 X132.466 Y123.132
M204 S2500
G1 F600 E404.2989
G1 F1200 X133.314 Y123.132 E404.34121
M204 S3500
G0 F12000 X132.466 Y123.132
M204 S2500
G1 F1200 X124.867 Y115.533 E404.87736
G1 X124.018 Y115.533 E404.91972
G1 X131.617 Y123.132 E405.45587
G1 X130.769 Y123.132 E405.49817
G1 X123.17 Y115.533 E406.03433
G1 X122.321 Y115.533 E406.07668
G1 X129.92 Y123.132 E406.61283
G1 X129.072 Y123.132 E406.65514
G1 X121.472 Y115.533 E407.19133
G1 X120.624 Y115.533 E407.23363
G1 X128.325 Y123.234 E407.77698
G1 X128.158 Y123.329 E407.78656
G1 X127.93 Y123.579 E407.80345
G1 X127.906 Y123.664 E407.80785
G1 X119.775 Y115.533 E408.38154
G1 X118.927 Y115.533 E408.42384
G1 X127.833 Y124.439 E409.05221
G1 X127.833 Y125.287 E409.09452
G1 X118.078 Y115.533 E409.78275
G1 X117.23 Y115.533 E409.82506
G1 X127.833 Y126.136 E410.57316
G1 X127.833 Y126.984 E410.61546
G1 X116.393 Y115.544 E411.42262
G1 X116.283 Y115.548 E411.42811
G1 X115.992 Y115.586 E411.44275
G1 X115.664 Y115.664 E411.45957
M204 S3500
G1 F1200 E410.95957
G0 F12000 X115.038 Y112.883
G0 X116.055 Y112.708
G0 X133.944 Y112.708
G0 X135.094 Y112.911
G0 X136.188 Y113.312
G0 X137.196 Y113.9
G0 X138.085 Y114.653
G0 X138.828 Y115.551
G0 X139.404 Y116.566
G0 X139.774 Y117.595
G0 X139.977 Y118.743
G0 X140.003 Y126.966
G0 X137.148 Y126.966
M204 S2500
G1 F600 E411.45957
G1 F1200 X137.148 Y127.815 E411.50193
G1 X134.576 Y125.242 E411.68343
G1 X134.576 Y126.091 E411.72579
G1 X137.148 Y128.663 E411.90726
G1 X137.148 Y129.512 E411.94961
G1 X134.576 Y126.939 E412.13112
G1 X134.576 Y127.788 E412.17347
G1 X137.148 Y130.36 E412.35494
G1 X137.133 Y131.028 E412.38828
G1 X137.114 Y131.174 E412.39562
G1 X134.576 Y128.636 E412.57469
G1 X134.576 Y129.213 E412.60348
G1 X134.474 Y129.383 E412.61337
G1 X136.953 Y131.862 E412.78828
G1 X136.92 Y131.966 E412.79372
G1 X136.793 Y132.274 E412.81034
G1 X136.698 Y132.455 E412.82054
G1 X134.046 Y129.804 E413.00762
G1 X133.783 Y129.881 E413.02129
G1 X133.275 Y129.881 E413.04663
G1 X136.364 Y132.97 E413.26458
G1 X136.251 Y133.116 E413.27379
G1 X136.02 Y133.366 E413.29077
G1 X135.962 Y133.417 E413.29462
G1 X132.427 Y129.881 E413.54407
G1 X131.578 Y129.881 E413.58643
G1 X135.496 Y133.799 E413.86287
G1 X135.226 Y133.966 E413.8787
G1 X134.953 Y134.105 E413.89399
G1 X130.73 Y129.881 E414.19198
G1 X129.881 Y129.881 E414.23434
G1 X134.332 Y134.332 E414.54838
G1 X134 Y134.407 E414.56536
G1 X133.715 Y134.445 E414.5797
G1 X133.601 Y134.449 E414.58539
M204 S3500
G1 F1200 E414.08539
G0 F12000 X127.833 Y127.833
M204 S2500
G1 F600 E414.58539
G1 F1200 X115.664 Y115.664 E415.44398
M204 S3500
G1 F1200 E414.94398
G0 F12000 X115.038 Y112.883
G0 X113.878 Y113.282
G0 X112.864 Y113.858
G0 X111.966 Y114.601
G0 X111.212 Y115.489
G0 X110.624 Y116.498
G0 X110.224 Y117.593
G0 X110.02 Y118.742
G0 X110.021 Y131.257
G0 X110.225 Y132.404
G0 X110.595 Y133.433
G0 X111.171 Y134.449
G0 X111.914 Y135.346
G0 X112.803 Y136.1
G0 X113.812 Y136.687
G0 X114.905 Y137.088
G0 X116.055 Y137.292
G0 X127.834 Y137.316
G0 X127.833 Y127.833
M204 S2500
G1 F600 E415.44398
G1 F1200 X127.833 Y128.681 E415.48629
G1 X115.041 Y115.889 E416.38884
M204 S3500
G1 F1200 E415.88884
G0 F12000 X112.864 Y113.858
G0 X111.966 Y114.601
G0 X111.212 Y115.489
G0 X110.624 Y116.498
G0 X110.224 Y117.593
G0 X110.02 Y118.742
G0 X110.021 Y131.257
G0 X110.225 Y132.404
G0 X110.595 Y133.433
G0 X111.171 Y134.449
G0 X111.914 Y135.346
G0 X112.803 Y136.1
G0 X113.812 Y136.687
G0 X114.905 Y137.088
G0 X116.055 Y137.292
G0 X129.034 Y137.316
G0 X129.033 Y129.881
M204 S2500
G1 F600 E416.38884
G1 F1200 X133.601 Y134.449 E416.71113
M204 S3500
G1 F1200 E416.21113
G0 F12000 X128.54 Y129.881
M204 S2500
G1 F600 E416.71113
G1 F1200 X128.135 Y129.668 E416.73396
G1 X128.057 Y129.566 E416.74037
G1 X127.974 Y129.578 E416.74455
G1 X127.833 Y129.103 E416.76927
G1 X127.833 Y128.681 E416.79033
M204 S3500
G1 F1200 E416.29033
G0 F12000 X127.834 Y137.316
G0 X116.055 Y137.292
G0 X114.905 Y137.088
G0 X113.812 Y136.687
G0 X112.803 Y136.1
G0 X111.914 Y135.346
G0 X111.171 Y134.449
G0 X110.595 Y133.433
G0 X110.225 Y132.404
G0 X110.021 Y131.257
G0 X110.02 Y118.742
G0 X110.224 Y117.593
G0 X110.624 Y116.498
G0 X111.212 Y115.489
G0 X111.891 Y114.69
G0 X112.864 Y113.858
G0 X115.041 Y115.889
M204 S2500
G1 F600 E416.79033
G1 F1200 X114.761 Y116.032 E416.80601
G1 X114.499 Y116.196 E416.82143
G1 X132.762 Y134.459 E418.10999
G1 X131.914 Y134.459 E418.15229
G1 X114.03 Y116.576 E419.41407
G1 X113.976 Y116.623 E419.41764
G1 X113.742 Y116.876 E419.43483
G1 X113.629 Y117.023 E419.44408
G1 X131.065 Y134.459 E420.67429
G1 X130.217 Y134.46 E420.7166
G1 X113.295 Y117.537 E421.91057
G1 X113.201 Y117.715 E421.92061
G1 X113.068 Y118.033 E421.93781
G1 X113.037 Y118.129 E421.94284
G1 X129.369 Y134.46 E423.09512
G1 X128.521 Y134.461 E423.13742
G1 X112.88 Y118.82 E424.24098
G1 X112.862 Y118.971 E424.24857
G1 X112.844 Y119.376 E424.26879
G1 X112.844 Y119.632 E424.28157
G1 X127.672 Y134.461 E425.3278
G1 X126.824 Y134.461 E425.3701
G1 X112.844 Y120.48 E426.3565
G1 X112.844 Y121.33 E426.39891
G1 X125.976 Y134.461 E427.32541
G1 X125.127 Y134.461 E427.36776
G1 X112.844 Y122.178 E428.2344
G1 X112.844 Y123.027 E428.27675
G1 X124.279 Y134.461 E429.08352
G1 X123.431 Y134.462 E429.12583
G1 X112.845 Y123.876 E429.87273
G1 X112.845 Y124.724 E429.91503
G1 X122.583 Y134.462 E430.6021
G1 X121.734 Y134.462 E430.64446
G1 X112.846 Y125.574 E431.27155
G1 X112.846 Y126.422 E431.31386
G1 X120.886 Y134.463 E431.88116
G1 X120.038 Y134.463 E431.92347
G1 X112.846 Y127.271 E432.4309
G1 X112.846 Y128.12 E432.47326
G1 X119.189 Y134.463 E432.92079
G1 X118.341 Y134.463 E432.9631
G1 X112.847 Y128.969 E433.35073
G1 X112.847 Y129.818 E433.39309
G1 X117.493 Y134.463 E433.72085
G1 X116.642 Y134.461 E433.76331
G1 X112.849 Y130.668 E434.03093
G1 X112.862 Y131.023 E434.04865
G1 X112.901 Y131.322 E434.06369
G1 X112.972 Y131.639 E434.0799
G1 X115.664 Y134.332 E434.26987
G1 X115.343 Y134.235 E434.2866
G1 X115.024 Y134.101 E434.30386
G1 X114.734 Y133.945 E434.32029
G1 X114.439 Y133.758 E434.33772
G1 X114.185 Y133.558 E434.35385
G1 X113.94 Y133.333 E434.37044
G1 X113.715 Y133.08 E434.38733
G1 X113.505 Y132.809 E434.40444
G1 X113.349 Y132.558 E434.41918
G1 X113.187 Y132.242 E434.4369
G1 X113.082 Y131.981 E434.45093
M204 S3500
G1 F1200 E433.95093
G1 F1200 Z3.08
G0 F12000 X113.082 Y131.981 Z3.08
G0 X132.639 Y127.943
G1 F1200 Z2.64
G1 F600 E434.45093
G1 F1079 X132.419 Y127.999 E434.46479
G1 F1171.6 X130.044 Y128.001 E434.59829
G1 F1082 X129.765 Y127.943 E434.61563
G1 F1079 X129.709 Y127.723 E434.62949
G1 F1171.6 X129.707 Y125.348 E434.76298
G1 F1082 X129.765 Y125.069 E434.78033
G1 F1079 X129.985 Y125.013 E434.79418
G1 F1171.6 X132.36 Y125.011 E434.92768
G1 F1082 X132.639 Y125.069 E434.94503
G1 X132.697 Y125.348 E434.96237
G1 F1171.6 X132.695 Y127.723 E435.09587
G1 F1079 X132.639 Y127.943 E435.10972
G0 F12000 X133.313 Y128.617
G1 F1002.5 X133.313 Y128.222 E435.13567
G1 F1079 X133.369 Y127.781 E435.1628
G1 F1171.6 X133.371 Y125.348 E435.29956
G1 F1082 X133.313 Y124.79 E435.33371
G1 F1002.5 X133.313 Y124.395 E435.35965
G1 X132.918 Y124.395 E435.3856
G1 F1082 X132.36 Y124.337 E435.41975
G1 F1171.6 X129.927 Y124.339 E435.55651
G1 F1079 X129.486 Y124.395 E435.58364
G1 F1003.8 X129.091 Y124.395 E435.60955
G1 X129.091 Y124.79 E435.63547
G1 F1082 X129.033 Y125.348 E435.66961
G1 F1171.6 X129.035 Y127.781 E435.80637
G1 F1079 X129.091 Y128.222 E435.8335
G1 F1003.8 X129.091 Y128.617 E435.85942
G1 X129.486 Y128.617 E435.88533
G1 F1082 X130.044 Y128.675 E435.91948
G1 F1171.6 X132.477 Y128.673 E436.05623
G1 F1079 X132.918 Y128.617 E436.08337
G1 F1002.5 X133.313 Y128.617 E436.10931
G0 F12000 X131.734 Y127.232
G1 F1200 E435.60931
G1 F1200 Z3.08
;MESH:NONMESH
G0 F12000 X131.734 Y127.232 Z3.08
G0 X131.734 Y127.038
G0 X134.857 Y136.233
;TIME_ELAPSED:337.815029
;LAYER:13
;MESH:new-rear-port-cover.stl
G0 X134.857 Y136.233 Z3.28
M204 S2500
;TYPE:WALL-OUTER
G1 F1200 Z2.84
G1 F600 E436.10931
G1 F2400 X135.323 Y136.085 E436.13614
G1 X135.799 Y135.888 E436.16442
G1 X136.238 Y135.658 E436.19161
G1 X136.658 Y135.389 E436.21899
G1 X137.055 Y135.086 E436.24639
G1 X137.434 Y134.738 E436.27463
G1 X137.775 Y134.367 E436.30228
G1 X138.081 Y133.97 E436.32979
G1 X138.349 Y133.547 E436.35727
G1 X138.576 Y133.112 E436.3842
G1 X138.773 Y132.634 E436.41257
G1 X138.92 Y132.17 E436.43928
G1 X139.03 Y131.667 E436.46754
G1 X139.094 Y131.182 E436.49439
G1 X139.118 Y130.664 E436.52285
G1 X139.118 Y119.328 E437.14496
G1 X139.094 Y118.814 E437.1732
G1 X139.03 Y118.329 E437.20004
G1 X138.92 Y117.826 E437.2283
G1 X138.769 Y117.354 E437.2555
G1 X138.576 Y116.884 E437.28338
G1 X138.349 Y116.449 E437.31031
G1 X138.081 Y116.026 E437.33779
G1 X137.774 Y115.629 E437.36533
G1 X137.426 Y115.246 E437.39373
G1 X137.055 Y114.91 E437.4212
G1 X136.658 Y114.603 E437.44874
G1 X136.235 Y114.335 E437.47622
G1 X135.8 Y114.108 E437.50315
G1 X135.323 Y113.911 E437.53147
G1 X134.857 Y113.763 E437.5583
G1 X134.355 Y113.65 E437.58654
G1 X133.868 Y113.59 E437.61347
G1 X133.348 Y113.566 E437.64204
G1 X116.648 Y113.566 E438.55852
G1 X116.124 Y113.59 E438.58731
G1 X115.641 Y113.65 E438.61402
G1 X115.138 Y113.763 E438.64231
G1 X114.669 Y113.911 E438.6693
G1 X114.204 Y114.104 E438.69693
G1 X113.758 Y114.335 E438.72449
G1 X113.339 Y114.603 E438.75179
G1 X112.941 Y114.909 E438.77934
G1 X112.562 Y115.258 E438.80761
G1 X112.221 Y115.629 E438.83527
G1 X111.919 Y116.022 E438.86247
G1 X111.646 Y116.45 E438.89033
G1 X111.42 Y116.884 E438.91718
G1 X111.223 Y117.362 E438.94555
G1 X111.076 Y117.826 E438.97226
G1 X110.966 Y118.329 E439.00052
G1 X110.902 Y118.814 E439.02737
G1 X110.878 Y119.332 E439.05583
G1 X110.879 Y130.668 E439.67794
G1 X110.902 Y131.182 E439.70617
G1 X110.966 Y131.667 E439.73302
G1 X111.076 Y132.17 E439.76128
G1 X111.223 Y132.635 E439.78804
G1 X111.416 Y133.104 E439.81587
G1 X111.646 Y133.546 E439.84322
G1 X111.919 Y133.974 E439.87108
G1 X112.221 Y134.367 E439.89828
G1 X112.563 Y134.739 E439.92601
G1 X112.937 Y135.087 E439.95404
G1 X113.334 Y135.389 E439.98142
G1 X113.754 Y135.658 E440.00879
G1 X114.2 Y135.892 E440.03643
G1 X114.669 Y136.085 E440.06426
G1 X115.138 Y136.233 E440.09125
G1 X115.641 Y136.346 E440.11955
G1 X116.124 Y136.406 E440.14626
G1 X116.648 Y136.43 E440.17504
G1 X133.239 Y136.43 E441.08554
G0 F2160 X133.348 Y136.43
G0 X133.868 Y136.406
G0 X134.355 Y136.346
G0 X134.857 Y136.233
M204 S3500
G0 F12000 X135.323 Y136.085
G0 X135.799 Y135.888
G0 X136.238 Y135.658
G0 X136.658 Y135.389
G0 X137.055 Y135.086
G0 X137.434 Y134.738
G0 X137.775 Y134.367
G0 X138.081 Y133.97
G0 X138.349 Y133.547
G0 X138.571 Y133.121
G1 F1200 E440.58554
G0 F12000 X139.456 Y133.579
G0 X138.892 Y134.548
G0 X138.136 Y135.449
G0 X137.235 Y136.205
G0 X136.316 Y136.736
G0 X135.179 Y137.174
G0 X134.684 Y135.595
;TYPE:WALL-INNER
G1 F600 E441.08554
G1 F2400 X135.097 Y135.464 E441.10932
G1 X135.519 Y135.29 E441.13437
G1 X135.906 Y135.087 E441.15835
G1 X136.28 Y134.847 E441.18274
G1 X136.631 Y134.58 E441.20694
G1 X136.966 Y134.271 E441.23196
G1 X137.27 Y133.941 E441.25658
G1 X137.54 Y133.591 E441.28084
G1 X137.777 Y133.217 E441.30514
G1 X137.977 Y132.833 E441.3289
G1 X138.152 Y132.408 E441.35412
G1 X138.282 Y132 E441.37762
G1 X138.379 Y131.553 E441.40272
G1 X138.436 Y131.124 E441.42647
G1 X138.458 Y130.65 E441.45251
G1 X138.458 Y119.343 E442.07303
G1 X138.436 Y118.872 E442.09891
G1 X138.38 Y118.443 E442.12265
G1 X138.282 Y117.997 E442.14771
G1 X138.149 Y117.58 E442.17173
G1 X137.977 Y117.163 E442.19649
G1 X137.777 Y116.779 E442.22025
G1 X137.54 Y116.405 E442.24455
G1 X137.268 Y116.053 E442.26896
G1 X136.959 Y115.714 E442.29413
G1 X136.631 Y115.416 E442.31845
G1 X136.279 Y115.144 E442.34287
G1 X135.905 Y114.907 E442.36716
G1 X135.521 Y114.707 E442.39092
G1 X135.097 Y114.532 E442.4161
G1 X134.684 Y114.401 E442.43988
G1 X134.241 Y114.301 E442.4648
G1 X133.813 Y114.248 E442.48847
G1 X133.334 Y114.226 E442.51478
G1 X116.662 Y114.226 E443.42973
G1 X116.18 Y114.248 E443.45621
G1 X115.755 Y114.301 E443.47971
G1 X115.31 Y114.401 E443.50474
G1 X114.895 Y114.532 E443.52862
G1 X114.482 Y114.703 E443.55316
G1 X114.088 Y114.907 E443.5775
G1 X113.719 Y115.143 E443.60154
G1 X113.367 Y115.414 E443.62592
G1 X113.029 Y115.725 E443.65113
G1 X112.727 Y116.054 E443.67564
G1 X112.46 Y116.401 E443.69966
G1 X112.218 Y116.78 E443.72434
G1 X112.019 Y117.163 E443.74803
G1 X111.844 Y117.588 E443.77325
G1 X111.714 Y117.996 E443.79675
G1 X111.617 Y118.443 E443.82185
G1 X111.56 Y118.872 E443.8456
G1 X111.538 Y119.347 E443.8717
G1 X111.539 Y130.653 E444.49216
G1 X111.56 Y131.124 E444.51804
G1 X111.616 Y131.553 E444.54178
G1 X111.714 Y132 E444.56689
G1 X111.844 Y132.409 E444.59045
G1 X112.015 Y132.826 E444.61518
G1 X112.218 Y133.216 E444.63931
G1 X112.46 Y133.595 E444.66399
G1 X112.727 Y133.942 E444.68802
G1 X113.031 Y134.273 E444.71268
G1 X113.363 Y134.581 E444.73753
G1 X113.712 Y134.847 E444.76161
G1 X114.086 Y135.087 E444.786
G1 X114.48 Y135.293 E444.8104
G1 X114.894 Y135.464 E444.83498
G1 X115.31 Y135.595 E444.85892
G1 X115.755 Y135.695 E444.88395
G1 X116.18 Y135.748 E444.90745
G1 X116.662 Y135.77 E444.93393
G1 X133.063 Y135.77 E445.83401
G0 F2160 X133.334 Y135.77
G0 X133.813 Y135.748
G0 X134.241 Y135.695
G0 X134.684 Y135.595
G1 F1200 E445.33401
G1 F1200 Z3.28
G0 F12000 X134.684 Y135.595 Z3.28
G0 X131.578 Y127.461
;TYPE:FILL
G1 F1200 Z2.84
G1 F600 E445.83401
G1 F2400 X130.301 Y127.461 E445.89772
G1 X130.248 Y127.409 E445.90142
G1 X130.249 Y125.671 E445.98813
G1 X130.694 Y125.552 E446.01111
G1 X132.157 Y125.552 E446.0841
G1 X132.09 Y125.551 E446.08744
G1 X131.578 Y127.461 E446.1861
G1 F1200 E445.6861
G0 F12000 X132.38 Y127.684
G0 X133.872 Y129.209
M204 S2500
;TYPE:SKIN
G1 F600 E446.1861
G1 F1200 X133.698 Y129.28 E446.19547
G1 X128.678 Y129.28 E446.44592
G1 X128.53 Y129.207 E446.45415
G1 X128.43 Y129.02 E446.46473
G1 X128.434 Y123.967 E446.71683
G1 X128.553 Y123.788 E446.72755
G1 X128.68 Y123.735 E446.73442
G1 X133.731 Y123.736 E446.98641
G1 X133.857 Y123.791 E446.99327
G1 X133.976 Y123.956 E447.00342
G1 X133.972 Y129.065 E447.25831
G1 X133.872 Y129.209 E447.26706
M204 S3500
G1 F1200 E446.76706
G0 F12000 X134.534 Y135.014
M204 S2500
G1 F600 E447.26706
G1 F1200 X134.89 Y134.905 E447.28563
G1 X135.259 Y134.752 E447.30556
G1 X135.596 Y134.572 E447.32462
G1 X135.939 Y134.353 E447.34493
G1 X136.243 Y134.121 E447.364
G1 X136.547 Y133.843 E447.38456
G1 X136.813 Y133.551 E447.40426
G1 X137.054 Y133.238 E447.42397
G1 X137.263 Y132.914 E447.44321
G1 X137.431 Y132.585 E447.46164
G1 X137.593 Y132.197 E447.48261
G1 X137.705 Y131.838 E447.50138
G1 X137.792 Y131.444 E447.52151
G1 X137.84 Y131.077 E447.53997
G1 X137.86 Y130.633 E447.56215
G1 X137.86 Y119.351 E448.12501
G1 X137.84 Y118.918 E448.14663
G1 X137.792 Y118.545 E448.16539
G1 X137.702 Y118.143 E448.18595
G1 X137.585 Y117.775 E448.20521
G1 X137.44 Y117.42 E448.22434
G1 X137.256 Y117.075 E448.24385
G1 X137.053 Y116.752 E448.26288
G1 X136.814 Y116.442 E448.28241
G1 X136.536 Y116.138 E448.30296
G1 X136.239 Y115.871 E448.32289
G1 X135.927 Y115.63 E448.34256
G1 X135.604 Y115.424 E448.36167
G1 X135.265 Y115.245 E448.3808
G1 X134.885 Y115.091 E448.40125
G1 X134.532 Y114.978 E448.41974
G1 X134.129 Y114.885 E448.44038
G1 X133.767 Y114.844 E448.45855
G1 X133.316 Y114.821 E448.48108
G1 X116.68 Y114.82 E449.31106
G1 X116.221 Y114.844 E449.33399
G1 X115.864 Y114.885 E449.35192
G1 X115.46 Y114.978 E449.3726
G1 X115.107 Y115.091 E449.39109
G1 X114.727 Y115.245 E449.41155
G1 X114.391 Y115.421 E449.43047
G1 X114.062 Y115.63 E449.44992
G1 X113.758 Y115.866 E449.46912
G1 X113.444 Y116.153 E449.49034
G1 X113.178 Y116.442 E449.50994
G1 X112.943 Y116.748 E449.52918
G1 X112.733 Y117.083 E449.54891
G1 X112.557 Y117.415 E449.56766
G1 X112.403 Y117.795 E449.58811
G1 X112.287 Y118.155 E449.60698
G1 X112.201 Y118.551 E449.6272
G1 X112.156 Y118.915 E449.6455
G1 X112.132 Y119.364 E449.66793
G1 X112.137 Y130.641 E450.23054
G1 X112.156 Y131.079 E450.25242
G1 X112.201 Y131.445 E450.27081
G1 X112.286 Y131.837 E450.29082
G1 X112.403 Y132.197 E450.30971
G1 X112.553 Y132.569 E450.32972
G1 X112.732 Y132.909 E450.34889
G1 X112.947 Y133.248 E450.36892
G1 X113.179 Y133.551 E450.38796
G1 X113.457 Y133.856 E450.40855
G1 X113.742 Y134.118 E450.42786
G1 X114.049 Y134.354 E450.44718
G1 X114.391 Y134.572 E450.46741
G1 X114.735 Y134.751 E450.48676
G1 X115.099 Y134.901 E450.5064
G1 X115.459 Y135.014 E450.52522
G1 X115.865 Y135.108 E450.54602
G1 X116.221 Y135.152 E450.56391
G1 X116.679 Y135.172 E450.58678
G1 X133.317 Y135.172 E451.41686
G1 X133.767 Y135.152 E451.43933
G1 X134.127 Y135.108 E451.45742
G1 X134.534 Y135.014 E451.47826
M204 S3500
G1 F1200 E450.97826
G0 F12000 X135.027 Y137.215
G0 X133.949 Y137.401
G0 X116.049 Y137.401
G0 X114.889 Y137.197
G0 X113.785 Y136.796
G0 X112.763 Y136.205
G0 X111.863 Y135.449
G0 X111.107 Y134.548
G0 X110.516 Y133.527
G0 X110.115 Y132.423
G0 X109.911 Y131.262
G0 X109.911 Y118.737
G0 X110.115 Y117.576
G0 X110.516 Y116.472
G0 X111.107 Y115.451
G0 X111.787 Y114.64
G0 X112.763 Y113.794
G0 X114.98 Y115.79
M204 S2500
G1 F600 E451.47826
G1 F1200 X114.688 Y115.943 E451.49471
G1 X114.411 Y116.119 E451.51108
G1 X114.146 Y116.324 E451.5278
G1 X113.868 Y116.579 E451.54662
G1 X113.639 Y116.827 E451.56346
G1 X113.432 Y117.096 E451.58039
G1 X113.258 Y117.373 E451.59671
G1 X113.08 Y117.72 E451.61617
G1 X115.03 Y115.77 E451.75375
G1 X115.311 Y115.655 E451.7689
G1 X115.624 Y115.555 E451.78529
G1 X115.963 Y115.477 E451.80265
G1 X116.198 Y115.45 E451.81445
G1 X112.765 Y118.883 E452.05667
G1 X112.732 Y119.389 E452.08197
G1 X112.733 Y119.764 E452.10067
G1 X117.077 Y115.42 E452.40717
G1 X117.926 Y115.42 E452.44952
G1 X112.733 Y120.613 E452.81592
G1 X112.733 Y121.46 E452.85817
G1 X118.774 Y115.42 E453.28436
G1 X119.623 Y115.42 E453.32672
G1 X112.733 Y122.309 E453.81281
G1 X112.734 Y123.157 E453.85512
G1 X120.471 Y115.42 E454.40101
G1 X121.32 Y115.42 E454.44336
G1 X112.734 Y124.005 E455.04912
G1 X112.735 Y124.853 E455.09142
G1 X122.168 Y115.42 E455.75697
G1 X123.017 Y115.42 E455.79933
G1 X112.735 Y125.702 E456.52478
G1 X112.735 Y126.549 E456.56704
G1 X123.865 Y115.42 E457.35228
G1 X124.714 Y115.42 E457.39464
G1 X112.735 Y127.398 E458.23979
G1 X112.736 Y128.246 E458.2821
G1 X125.562 Y115.42 E459.18704
G1 X126.41 Y115.42 E459.22935
G1 X112.737 Y129.094 E460.19409
G1 X112.737 Y129.942 E460.23639
G1 X127.259 Y115.42 E461.261
G1 X128.107 Y115.42 E461.3033
G1 X112.744 Y130.784 E462.38728
G1 X112.755 Y131.029 E462.39952
G1 X112.794 Y131.349 E462.4156
G1 X112.836 Y131.54 E462.42536
G1 X128.956 Y115.42 E463.56271
G1 X129.804 Y115.42 E463.60502
G1 X113.043 Y132.182 E464.78763
G1 X113.097 Y132.317 E464.79489
G1 X113.247 Y132.601 E464.81091
G1 X113.334 Y132.739 E464.81905
G1 X130.653 Y115.42 E466.041
G1 X131.501 Y115.42 E466.0833
G1 X113.696 Y133.226 E467.33958
G1 X113.881 Y133.43 E467.35332
G1 X114.119 Y133.651 E467.36952
G1 X132.35 Y115.42 E468.65582
G1 X133.198 Y115.42 E468.69812
G1 X114.615 Y134.004 E470.00929
G1 X114.985 Y134.206 E470.03032
G1 X115.181 Y134.287 E470.0409
G1 X133.995 Y115.473 E471.36833
G1 X134.372 Y115.557 E471.3876
G1 X134.666 Y115.65 E471.40299
G1 X115.831 Y134.485 E472.7319
G1 X115.966 Y134.515 E472.7388
G1 X116.271 Y134.554 E472.75414
G1 X116.596 Y134.568 E472.77037
G1 X135.25 Y115.915 E474.08647
G1 X135.583 Y116.123 E474.10606
G1 X135.757 Y116.256 E474.11698
M204 S3500
G1 F1200 E473.61698
G0 F12000 X128.881 Y123.132
M204 S2500
G1 F600 E474.11698
G1 F1200 X128.526 Y123.132 E474.1347
G1 X128.203 Y123.296 E474.15277
G1 X127.934 Y123.551 E474.17126
G1 X127.831 Y123.917 E474.19023
G1 X127.831 Y124.181
G1 X117.441 Y134.572 E474.92334
M204 S3500
G1 F1200 E474.42334
G0 F12000 X117.441 Y137.427
G0 X116.049 Y137.401
G0 X114.889 Y137.197
G0 X113.785 Y136.796
G0 X112.763 Y136.205
G0 X111.863 Y135.449
G0 X111.107 Y134.548
G0 X110.516 Y133.527
G0 X110.115 Y132.423
G0 X109.911 Y131.262
G0 X109.911 Y118.737
G0 X110.115 Y117.576
G0 X110.516 Y116.472
G0 X111.107 Y115.451
G0 X111.863 Y114.55
G0 X112.763 Y113.794
G0 X113.785 Y113.203
G0 X114.889 Y112.802
G0 X116.049 Y112.598
G0 X128.881 Y112.572
G0 X128.881 Y123.132
M204 S2500
G1 F600 E474.92334
G1 F1200 X135.757 Y116.256 E475.40847
M204 S3500
G1 F1200 E474.90847
G0 F12000 X129.729 Y123.132
M204 S2500
G1 F600 E475.40847
G1 F1200 X128.881 Y123.132 E475.45078
M204 S3500
G1 F1200 E474.95078
G0 F12000 X128.881 Y112.572
G0 X116.049 Y112.598
G0 X114.889 Y112.802
G0 X113.785 Y113.203
G0 X112.763 Y113.794
G0 X111.863 Y114.55
G0 X111.107 Y115.451
G0 X110.516 Y116.472
G0 X110.115 Y117.576
G0 X109.911 Y118.737
G0 X109.911 Y131.262
G0 X110.115 Y132.423
G0 X110.516 Y133.527
G0 X111.107 Y134.548
G0 X111.863 Y135.449
G0 X112.763 Y136.205
G0 X113.785 Y136.796
G0 X114.889 Y137.197
G0 X115.933 Y137.381
G0 X118.289 Y137.427
G0 X118.289 Y134.572
M204 S2500
G1 F600 E475.45078
G1 F1200 X117.441 Y134.572 E475.49309
M204 S3500
G0 F12000 X118.289 Y134.572
M204 S2500
G1 F1200 X127.831 Y125.03 E476.16633
G1 X127.831 Y125.878 E476.20864
G1 X119.138 Y134.572 E476.82201
G1 X119.986 Y134.572 E476.86432
G1 X127.832 Y126.726 E477.41789
G1 X127.832 Y127.575 E477.46025
G1 X120.835 Y134.572 E477.95393
G1 X121.683 Y134.572 E477.99623
G1 X127.832 Y128.423 E478.43008
G1 X127.833 Y129.104 E478.46405
G1 X127.871 Y129.233 E478.47076
G1 X122.532 Y134.572 E478.84746
G1 X123.38 Y134.572 E478.88976
G1 X128.234 Y129.719 E479.23221
G1 X128.544 Y129.88 E479.24963
G1 X128.922 Y129.879 E479.26849
G1 X124.229 Y134.572 E479.59961
G1 X125.077 Y134.572 E479.64191
G1 X129.77 Y129.879 E479.97303
G1 X130.62 Y129.879 E480.01544
G1 X125.926 Y134.572 E480.34659
G1 X126.774 Y134.572 E480.3889
G1 X131.469 Y129.878 E480.72012
G1 X132.317 Y129.878 E480.76243
G1 X127.623 Y134.572 E481.09361
G1 X128.471 Y134.572 E481.13592
G1 X133.167 Y129.877 E481.46721
G1 X133.796 Y129.877 E481.49859
G1 X134.141 Y129.751 E481.51692
M204 S3500
G1 F1200 E481.01692
G0 F12000 X129.729 Y123.132
M204 S2500
G1 F600 E481.51692
G1 F1200 X136.2 Y116.661 E481.97348
G1 X136.353 Y116.827 E481.98474
G1 X136.581 Y117.129 E482.00362
G1 X130.578 Y123.132 E482.42717
G1 X131.426 Y123.132 E482.46947
G1 X136.892 Y117.667 E482.85509
G1 X137.022 Y117.983 E482.87214
G1 X137.119 Y118.288 E482.88811
G1 X132.275 Y123.132 E483.22988
G1 X133.123 Y123.132 E483.27219
G1 X137.243 Y119.012 E483.56287
G1 X137.26 Y119.372 E483.58086
G1 X137.26 Y119.844 E483.6044
G1 X133.925 Y123.179 E483.83971
G1 X134.208 Y123.298 E483.85502
G1 X134.403 Y123.492 E483.86875
G1 X134.422 Y123.53 E483.87086
G1 X137.26 Y120.693 E484.07107
G1 X137.26 Y121.541 E484.11337
G1 X134.576 Y124.225 E484.30274
G1 X134.576 Y125.074 E484.3451
G1 X137.26 Y122.39 E484.53447
G1 X137.26 Y123.238 E484.57678
G1 X134.576 Y125.922 E484.76615
G1 X134.576 Y126.771 E484.80851
G1 X137.26 Y124.087 E484.99788
G1 X137.26 Y124.935 E485.04018
G1 X134.576 Y127.619 E485.22955
G1 X134.576 Y128.468 E485.27191
G1 X137.26 Y125.784 E485.46128
G1 X137.26 Y126.632 E485.50359
G1 X134.429 Y129.463 E485.70333
M204 S3500
G0 F12000 X134.141 Y129.751
M204 S2500
G1 F1200 X129.32 Y134.572 E486.04348
G1 X130.168 Y134.572 E486.08578
G1 X137.26 Y127.481 E486.58613
G1 X137.26 Y128.329 E486.62844
G1 X131.017 Y134.572 E487.06891
G1 X131.866 Y134.572 E487.11127
G1 X137.26 Y129.178 E487.49185
G1 X137.26 Y130.026 E487.53415
G1 X132.714 Y134.572 E487.8549
G1 X133.298 Y134.572 E487.88403
G1 X133.575 Y134.56 E487.89787
G1 X137.247 Y130.888 E488.15694
G1 X137.241 Y131.033 E488.16419
G1 X137.202 Y131.332 E488.17923
G1 X137.124 Y131.688 E488.19741
G1 X137.046 Y131.938 E488.21048
G1 X134.625 Y134.358 E488.38126
G1 X134.688 Y134.339
G1 X135 Y134.21 E488.3981
G1 X135.291 Y134.055 E488.41455
G1 X135.605 Y133.854 E488.43315
G1 X135.854 Y133.663 E488.44881
G1 X136.123 Y133.418 E488.46696
G1 X136.352 Y133.166 E488.48395
G1 X136.564 Y132.891 E488.50127
G1 X136.743 Y132.614 E488.51772
G1 X136.887 Y132.331 E488.53356
G1 X137.046 Y131.938 E488.55472
M204 S3500
G1 F1200 E488.05472
G0 F12000 X133.313 Y128.617
G1 F600 E488.55472
G1 F1002.5 X133.313 Y128.222 E488.58066
G1 F1079 X133.369 Y127.781 E488.60779
G1 F1171.6 X133.371 Y125.348 E488.74455
G1 F1082 X133.313 Y124.79 E488.7787
G1 F1002.5 X133.313 Y124.395 E488.80465
G1 X132.918 Y124.395 E488.83059
G1 F1082 X132.36 Y124.337 E488.86474
G1 F1171.6 X129.927 Y124.339 E489.0015
G1 F1079 X129.486 Y124.395 E489.02863
G1 F1003.8 X129.091 Y124.395 E489.05454
G1 X129.091 Y124.79 E489.08046
G1 F1082 X129.033 Y125.348 E489.1146
G1 F1171.6 X129.035 Y127.781 E489.25136
G1 F1079 X129.091 Y128.222 E489.27849
G1 F1003.8 X129.091 Y128.617 E489.30441
G1 X129.486 Y128.617 E489.33032
G1 F1082 X130.044 Y128.675 E489.36447
G1 F1171.6 X132.477 Y128.673 E489.50122
G1 F1079 X132.918 Y128.617 E489.52836
G1 F1002.5 X133.313 Y128.617 E489.5543
G0 F12000 X132.639 Y127.943
G1 F1079 X132.419 Y127.999 E489.56816
G1 F1171.6 X130.044 Y128.001 E489.70166
G1 F1082 X129.765 Y127.943 E489.719
G1 F1079 X129.709 Y127.723 E489.73286
G1 F1171.6 X129.707 Y125.348 E489.86635
G1 F1082 X129.765 Y125.069 E489.8837
G1 F1079 X129.985 Y125.013 E489.89755
G1 F1171.6 X132.36 Y125.011 E490.03105
G1 F1082 X132.639 Y125.069 E490.0484
G1 X132.697 Y125.348 E490.06574
G1 F1171.6 X132.695 Y127.723 E490.19924
G1 F1079 X132.639 Y127.943 E490.21309
G0 F12000 X131.734 Y127.232
G1 F1200 E489.71309
G1 F1200 Z3.28
;MESH:NONMESH
G0 F12000 X131.734 Y127.232 Z3.28
G0 X131.734 Y127.038
G0 X134.842 Y136.185
;TIME_ELAPSED:390.235112
;LAYER:14
;MESH:new-rear-port-cover.stl
G0 X134.842 Y136.185 Z3.48
M204 S2500
;TYPE:WALL-OUTER
G1 F1200 Z3.04
G1 F600 E490.21309
G1 F2400 X135.307 Y136.041 E490.23981
G1 X135.775 Y135.845 E490.26765
G1 X136.219 Y135.613 E490.29515
G1 X136.63 Y135.353 E490.32184
G1 X137.026 Y135.047 E490.3493
G1 X137.417 Y134.687 E490.37847
G1 X137.754 Y134.316 E490.40597
G1 X138.041 Y133.942 E490.43185
G1 X138.321 Y133.5 E490.46056
G1 X138.532 Y133.089 E490.48591
G1 X138.725 Y132.618 E490.51385
G1 X138.873 Y132.157 E490.54042
G1 X138.986 Y131.658 E490.5685
G1 X139.046 Y131.176 E490.59515
G1 X139.07 Y130.664 E490.62328
G1 X139.07 Y119.328 E491.24539
G1 X139.046 Y118.817 E491.27347
G1 X138.986 Y118.338 E491.29996
G1 X138.873 Y117.84 E491.32798
G1 X138.721 Y117.366 E491.3553
G1 X138.532 Y116.903 E491.38275
G1 X138.309 Y116.474 E491.40928
G1 X138.041 Y116.054 E491.43662
G1 X137.739 Y115.661 E491.46382
G1 X137.379 Y115.271 E491.49295
G1 X137.004 Y114.93 E491.52077
G1 X136.627 Y114.643 E491.54677
G1 X136.187 Y114.363 E491.57539
G1 X135.757 Y114.14 E491.60197
G1 X135.308 Y113.955 E491.62862
G1 X134.842 Y113.811 E491.65539
G1 X134.346 Y113.698 E491.68331
G1 X133.864 Y113.638 E491.70996
G1 X133.348 Y113.614 E491.73831
G1 X116.62 Y113.614 E492.65633
G1 X116.133 Y113.638 E492.68309
G1 X115.65 Y113.698 E492.7098
G1 X115.154 Y113.811 E492.73772
G1 X114.689 Y113.955 E492.76443
G1 X114.22 Y114.152 E492.79235
G1 X113.786 Y114.375 E492.81913
G1 X113.37 Y114.643 E492.84628
G1 X112.942 Y114.969 E492.87581
G1 X112.587 Y115.301 E492.90248
G1 X112.25 Y115.669 E492.92987
G1 X111.956 Y116.053 E492.95641
G1 X111.683 Y116.485 E492.98445
G1 X111.464 Y116.907 E493.01055
G1 X111.271 Y117.376 E493.03838
G1 X111.12 Y117.866 E493.06652
G1 X111.01 Y118.35 E493.09376
G1 X110.95 Y118.833 E493.12047
G1 X110.926 Y119.332 E493.14788
G1 X110.927 Y130.668 E493.76999
G1 X110.949 Y131.174 E493.79779
G1 X111.014 Y131.658 E493.82459
G1 X111.127 Y132.169 E493.85331
G1 X111.271 Y132.618 E493.87919
G1 X111.468 Y133.096 E493.90756
G1 X111.69 Y133.522 E493.93392
G1 X111.963 Y133.95 E493.96178
G1 X112.258 Y134.335 E493.9884
G1 X112.594 Y134.702 E494.01571
G1 X112.989 Y135.066 E494.04518
G1 X113.361 Y135.348 E494.0708
G1 X113.789 Y135.621 E494.09866
G1 X114.22 Y135.844 E494.12529
G1 X114.689 Y136.041 E494.15321
G1 X115.154 Y136.185 E494.17992
G1 X115.65 Y136.298 E494.20784
G1 X116.132 Y136.358 E494.2345
G1 X116.648 Y136.382 E494.26285
G1 X133.223 Y136.381 E495.17247
G0 F2160 X133.376 Y136.381
G0 X133.863 Y136.359
G0 X134.346 Y136.298
G0 X134.842 Y136.185
M204 S3500
G0 F12000 X135.307 Y136.041
G0 X135.775 Y135.845
G0 X136.219 Y135.613
G0 X136.63 Y135.353
G0 X137.026 Y135.047
G0 X137.417 Y134.687
G0 X137.754 Y134.316
G0 X138.041 Y133.942
G0 X138.321 Y133.5
G0 X138.532 Y133.089
G0 X138.543 Y133.061
G1 F1200 E494.67247
G0 F12000 X139.432 Y133.519
G0 X138.854 Y134.518
G0 X138.122 Y135.395
G0 X137.206 Y136.167
G0 X136.295 Y136.693
G0 X135.167 Y137.128
G0 X134.671 Y135.547
;TYPE:WALL-INNER
G1 F600 E495.17247
G1 F2400 X135.081 Y135.42 E495.19602
G1 X135.495 Y135.247 E495.22065
G1 X135.889 Y135.041 E495.24505
G1 X136.251 Y134.812 E495.26856
G1 X136.6 Y134.542 E495.29277
G1 X136.948 Y134.222 E495.31872
G1 X137.247 Y133.892 E495.34315
G1 X137.499 Y133.564 E495.36585
G1 X137.747 Y133.172 E495.39131
G1 X137.932 Y132.812 E495.41352
G1 X138.105 Y132.392 E495.43845
G1 X138.235 Y131.983 E495.462
G1 X138.335 Y131.544 E495.48671
G1 X138.388 Y131.12 E495.51016
G1 X138.41 Y130.649 E495.53604
G1 X138.41 Y119.343 E496.1565
G1 X138.388 Y118.873 E496.18232
G1 X138.335 Y118.453 E496.20556
G1 X138.236 Y118.014 E496.23025
G1 X138.101 Y117.592 E496.25457
G1 X137.932 Y117.181 E496.27896
G1 X137.737 Y116.804 E496.30225
G1 X137.501 Y116.434 E496.32633
G1 X137.234 Y116.087 E496.35036
G1 X136.913 Y115.74 E496.3763
G1 X136.582 Y115.438 E496.40089
G1 X136.249 Y115.185 E496.42384
G1 X135.857 Y114.935 E496.44936
G1 X135.479 Y114.74 E496.4727
G1 X135.084 Y114.577 E496.49615
G1 X134.67 Y114.449 E496.51993
G1 X134.231 Y114.349 E496.54464
G1 X133.808 Y114.296 E496.56804
G1 X133.333 Y114.274 E496.59413
G1 X116.636 Y114.274 E497.51045
G1 X116.189 Y114.296 E497.53501
G1 X115.765 Y114.349 E497.55846
G1 X115.325 Y114.449 E497.58322
G1 X114.915 Y114.576 E497.60678
G1 X114.499 Y114.751 E497.63155
G1 X114.116 Y114.947 E497.65516
G1 X113.75 Y115.183 E497.67906
G1 X113.368 Y115.474 E497.70541
G1 X113.057 Y115.766 E497.72882
G1 X112.756 Y116.093 E497.75321
G1 X112.498 Y116.431 E497.77655
G1 X112.256 Y116.813 E497.80137
G1 X112.064 Y117.185 E497.82434
G1 X111.893 Y117.6 E497.84897
G1 X111.758 Y118.037 E497.87407
G1 X111.661 Y118.464 E497.8981
G1 X111.608 Y118.889 E497.92161
G1 X111.586 Y119.347 E497.94677
G1 X111.587 Y130.653 E498.56724
G1 X111.607 Y131.116 E498.59267
G1 X111.664 Y131.543 E498.61631
G1 X111.765 Y131.997 E498.64183
G1 X111.891 Y132.391 E498.66453
G1 X112.067 Y132.817 E498.68983
G1 X112.262 Y133.192 E498.71303
G1 X112.505 Y133.572 E498.73778
G1 X112.764 Y133.911 E498.76119
G1 X113.062 Y134.236 E498.78539
G1 X113.413 Y134.559 E498.81157
G1 X113.738 Y134.806 E498.83397
G1 X114.119 Y135.049 E498.85877
G1 X114.5 Y135.246 E498.88231
G1 X114.915 Y135.42 E498.907
G1 X115.326 Y135.547 E498.93061
G1 X115.765 Y135.647 E498.95532
G1 X116.188 Y135.7 E498.97872
G1 X116.663 Y135.722 E499.00481
G1 X133.049 Y135.721 E499.90406
G0 F2160 X133.36 Y135.721
G0 X133.807 Y135.701
G0 X134.231 Y135.648
G0 X134.671 Y135.547
G1 F1200 E499.40406
G1 F1200 Z3.48
G0 F12000 X134.671 Y135.547 Z3.48
G0 X131.432 Y127.461
;TYPE:FILL
G1 F1200 Z3.04
G1 F600 E499.90406
G1 F2400 X130.5 Y127.461 E499.95056
G1 X130.248 Y127.209 E499.96834
G1 X130.249 Y125.817 E500.03779
G1 X131.238 Y125.552 E500.08887
G1 X132.157 Y125.552 E500.13472
G1 X131.944 Y125.552 E500.14535
G1 X131.432 Y127.461 E500.24395
G1 F1200 E499.74395
G0 F12000 X132.38 Y127.684
G0 X133.87 Y129.21
M204 S2500
;TYPE:SKIN
G1 F600 E500.24395
G1 F1200 X133.698 Y129.28 E500.25322
G1 X128.678 Y129.28 E500.50366
G1 X128.488 Y129.161 E500.51485
G1 X128.43 Y129.02 E500.52246
G1 X128.428 Y123.985 E500.77365
G1 X128.505 Y123.83 E500.78229
G1 X128.676 Y123.736 E500.79202
G1 X133.731 Y123.736 E501.04422
G1 X133.857 Y123.791 E501.05108
G1 X133.976 Y123.956 E501.06123
G1 X133.972 Y129.065 E501.31612
G1 X133.87 Y129.21 E501.32496
M204 S3500
G1 F1200 E500.82496
G0 F12000 X134.509 Y134.97
M204 S2500
G1 F600 E501.32496
G1 F1200 X134.881 Y134.853 E501.34442
G1 X135.244 Y134.704 E501.36399
G1 X135.593 Y134.52 E501.38368
G1 X135.903 Y134.322 E501.40203
G1 X136.21 Y134.086 E501.42135
G1 X136.526 Y133.792 E501.44288
G1 X136.789 Y133.503 E501.46237
G1 X137.009 Y133.216 E501.48042
G1 X137.231 Y132.866 E501.50109
G1 X137.387 Y132.561 E501.51818
G1 X137.546 Y132.18 E501.53878
G1 X137.662 Y131.817 E501.55779
G1 X137.748 Y131.432 E501.57748
G1 X137.792 Y131.074 E501.59547
G1 X137.812 Y130.629 E501.61769
G1 X137.812 Y119.351 E502.18036
G1 X137.792 Y118.918 E502.20198
G1 X137.748 Y118.56 E502.21998
G1 X137.658 Y118.164 E502.24024
G1 X137.538 Y117.792 E502.25974
G1 X137.387 Y117.431 E502.27926
G1 X137.219 Y117.107 E502.29747
G1 X137.006 Y116.773 E502.31723
G1 X136.778 Y116.478 E502.33583
G1 X136.484 Y116.157 E502.35755
G1 X136.192 Y115.892 E502.37722
G1 X135.9 Y115.671 E502.39549
G1 X135.558 Y115.453 E502.41573
G1 X135.226 Y115.281 E502.43438
G1 X134.885 Y115.143 E502.45273
G1 X134.508 Y115.022 E502.47249
G1 X134.121 Y114.933 E502.4923
G1 X133.763 Y114.892 E502.51028
G1 X133.316 Y114.869 E502.53261
G1 X116.653 Y114.868 E503.36393
G1 X116.234 Y114.891 E503.38486
G1 X115.872 Y114.933 E503.40304
G1 X115.487 Y115.022 E503.42276
G1 X115.111 Y115.139 E503.4424
G1 X114.756 Y115.288 E503.46161
G1 X114.414 Y115.465 E503.48082
G1 X114.084 Y115.675 E503.50034
G1 X113.755 Y115.925 E503.52095
G1 X113.479 Y116.187 E503.53994
G1 X113.211 Y116.481 E503.55979
G1 X112.982 Y116.777 E503.57846
G1 X112.769 Y117.113 E503.5983
G1 X112.605 Y117.434 E503.61629
G1 X112.459 Y117.794 E503.63567
G1 X112.334 Y118.196 E503.65667
G1 X112.245 Y118.572 E503.67595
G1 X112.204 Y118.933 E503.69408
G1 X112.18 Y119.364 E503.71561
G1 X112.185 Y130.642 E504.27827
G1 X112.2 Y131.066 E504.29944
G1 X112.248 Y131.43 E504.31776
G1 X112.342 Y131.842 E504.33884
G1 X112.447 Y132.182 E504.35659
G1 X112.605 Y132.561 E504.37708
G1 X112.772 Y132.885 E504.39526
G1 X112.994 Y133.226 E504.41557
G1 X113.219 Y133.519 E504.434
G1 X113.482 Y133.808 E504.45349
G1 X113.797 Y134.101 E504.47495
G1 X114.08 Y134.313 E504.49259
G1 X114.418 Y134.531 E504.51266
G1 X114.747 Y134.699 E504.53109
G1 X115.112 Y134.853 E504.55086
G1 X115.487 Y134.97 E504.57045
G1 X115.873 Y135.06 E504.59023
G1 X116.23 Y135.104 E504.60817
G1 X116.679 Y135.124 E504.6306
G1 X133.341 Y135.124 E505.46187
G1 X133.762 Y135.104 E505.48289
G1 X134.119 Y135.06 E505.50084
G1 X134.509 Y134.97 E505.52081
M204 S3500
G1 F1200 E505.02081
G0 F12000 X135.185 Y137.122
G0 X136.194 Y136.751
G0 X137.206 Y136.167
G0 X138.122 Y135.395
G0 X138.854 Y134.518
G0 X139.439 Y133.505
G0 X139.837 Y132.411
G0 X140.041 Y131.259
G0 X140.041 Y118.74
G0 X139.661 Y117.032
G0 X137.075 Y118.31
M204 S2500
G1 F600 E505.52081
G1 F1200 X136.979 Y118.012 E505.53643
G1 X136.838 Y117.674 E505.5547
G1 X136.7 Y117.409 E505.56961
G1 X136.516 Y117.12 E505.5867
G1 X136.319 Y116.865 E505.60277
G1 X136.061 Y116.583 E505.62184
G1 X135.805 Y116.352 E505.63905
G1 X135.558 Y116.165 E505.6545
G1 X135.264 Y115.977 E505.67191
G1 X134.97 Y115.825 E505.68842
G1 X134.681 Y115.708 E505.70398
G1 X134.345 Y115.6 E505.72159
G1 X134.245 Y115.577 E505.72671
G1 X137.104 Y118.436 E505.92842
G1 X137.156 Y118.667 E505.94024
G1 X137.193 Y118.968 E505.95537
G1 X137.212 Y119.393 E505.97659
G1 X133.288 Y115.469 E506.25345
G1 X132.44 Y115.469 E506.29576
G1 X137.212 Y120.241 E506.63245
G1 X137.212 Y121.09 E506.67481
G1 X131.591 Y115.469 E507.0714
G1 X130.743 Y115.469 E507.1137
G1 X137.212 Y121.938 E507.57013
G1 X137.212 Y122.787 E507.61248
G1 X129.894 Y115.469 E508.12881
G1 X129.046 Y115.469 E508.17111
G1 X137.212 Y123.635 E508.74727
G1 X137.212 Y124.484 E508.78963
G1 X128.197 Y115.469 E509.42568
G1 X127.349 Y115.469 E509.46799
G1 X137.212 Y125.333 E510.16391
G1 X137.212 Y126.181 E510.20622
G1 X126.5 Y115.469 E510.96201
G1 X125.651 Y115.469 E511.00437
M204 S3500
G1 F1200 E510.50437
G0 F12000 X125.65 Y112.62
G0 X133.946 Y112.646
G0 X135.097 Y112.849
G0 X136.169 Y113.236
G0 X137.205 Y113.832
G0 X138.082 Y114.564
G0 X138.853 Y115.48
G0 X139.438 Y116.493
G0 X139.837 Y117.588
G0 X140.021 Y118.625
G0 X140.067 Y123.131
G0 X133.816 Y123.132
M204 S2500
G1 F600 E511.00437
G1 F1200 X134.208 Y123.298 E511.02561
G1 X134.401 Y123.491 E511.03922
G1 X134.532 Y123.742 E511.05335
G1 X134.576 Y124.007 E511.06675
G1 X134.576 Y124.394 E511.08606
G1 X137.212 Y127.03 E511.27204
M204 S3500
G1 F1200 E510.77204
G0 F12000 X133.314 Y123.132
M204 S2500
G1 F600 E511.27204
G1 F1200 X125.651 Y115.469 E511.81271
M204 S3500
G1 F1200 E511.31271
G0 F12000 X132.466 Y123.132
M204 S2500
G1 F600 E511.81271
G1 F1200 X133.314 Y123.132 E511.85501
M204 S3500
G0 F12000 X132.466 Y123.132
M204 S2500
G1 F1200 X124.802 Y115.468 E512.39575
G1 X123.954 Y115.468 E512.43806
G1 X131.617 Y123.132 E512.97876
G1 X130.769 Y123.132 E513.02107
G1 X123.105 Y115.468 E513.5618
G1 X122.257 Y115.468 E513.60411
G1 X129.92 Y123.132 E514.14481
G1 X129.072 Y123.132 E514.18712
G1 X121.408 Y115.468 E514.72785
G1 X120.56 Y115.468 E514.77016
G1 X128.325 Y123.234 E515.31806
G1 X128.16 Y123.329 E515.32756
G1 X127.969 Y123.537 E515.34165
G1 X127.918 Y123.676 E515.34903
G1 X119.711 Y115.468 E515.92812
G1 X118.863 Y115.468 E515.97042
G1 X127.833 Y124.439 E516.60334
G1 X127.833 Y125.287 E516.64565
G1 X118.014 Y115.468 E517.33843
G1 X117.165 Y115.468 E517.38079
G1 X127.833 Y126.136 E518.13347
G1 X127.833 Y126.984 E518.17578
G1 X116.336 Y115.488 E518.98692
G1 X115.972 Y115.525 E519.00517
G1 X115.612 Y115.612 E519.02365
M204 S3500
G1 F1200 E518.52365
G0 F12000 X114.989 Y112.829
G0 X116.053 Y112.646
G0 X133.946 Y112.646
G0 X135.097 Y112.849
G0 X136.169 Y113.236
G0 X137.205 Y113.832
G0 X138.082 Y114.564
G0 X138.853 Y115.48
G0 X139.438 Y116.493
G0 X139.837 Y117.588
G0 X140.041 Y118.74
G0 X140.067 Y127.029
G0 X137.212 Y127.03
M204 S2500
G1 F600 E519.02365
G1 F1200 X137.212 Y127.878 E519.06596
G1 X134.576 Y125.242 E519.25194
G1 X134.576 Y126.091 E519.2943
G1 X137.212 Y128.727 E519.48028
G1 X137.212 Y129.575 E519.52259
G1 X134.576 Y126.939 E519.70857
G1 X134.576 Y127.788 E519.75093
G1 X137.212 Y130.424 E519.93691
G1 X137.194 Y131.024 E519.96686
G1 X137.169 Y131.229 E519.97717
G1 X134.576 Y128.636 E520.16012
G1 X134.576 Y129.208 E520.18865
G1 X134.474 Y129.383 E520.19876
G1 X137.002 Y131.911 E520.37712
G1 X136.844 Y132.307 E520.39839
G1 X136.744 Y132.501 E520.40928
G1 X134.048 Y129.806 E520.59946
G1 X133.783 Y129.877 E520.61315
G1 X133.272 Y129.878 E520.63865
G1 X136.409 Y133.015 E520.85998
G1 X136.333 Y133.114 E520.8662
G1 X136.099 Y133.371 E520.88355
G1 X136.004 Y133.459 E520.89001
G1 X132.424 Y129.879 E521.14259
G1 X131.576 Y129.879 E521.1849
G1 X135.539 Y133.842 E521.46451
G1 X135.289 Y134.002 E521.47932
G1 X135.002 Y134.153 E521.4955
G1 X130.728 Y129.879 E521.79705
G1 X129.879 Y129.879 E521.83941
G1 X134.381 Y134.381 E522.15705
G1 X134.02 Y134.467 E522.17556
G1 X133.659 Y134.508 E522.19369
M204 S3500
G1 F1200 E521.69369
G0 F12000 X127.833 Y127.833
M204 S2500
G1 F600 E522.19369
G1 F1200 X115.612 Y115.612 E523.05595
M204 S3500
G1 F1200 E522.55595
G0 F12000 X114.989 Y112.829
G0 X113.806 Y113.248
G0 X112.793 Y113.833
G0 X111.877 Y114.604
G0 X111.146 Y115.481
G0 X110.562 Y116.493
G0 X110.159 Y117.603
G0 X109.958 Y118.755
G0 X109.96 Y131.258
G0 X110.166 Y132.424
G0 X110.567 Y133.519
G0 X111.154 Y134.53
G0 X111.897 Y135.414
G0 X112.794 Y136.167
G0 X113.806 Y136.751
G0 X114.902 Y137.15
G0 X116.053 Y137.353
G0 X127.834 Y137.379
G0 X127.833 Y127.833
M204 S2500
G1 F600 E523.05595
G1 F1200 X127.833 Y128.681 E523.09826
G1 X114.993 Y115.841 E524.00419
M204 S3500
G1 F1200 E523.50419
G0 F12000 X112.793 Y113.833
G0 X111.877 Y114.604
G0 X111.146 Y115.481
G0 X110.562 Y116.493
G0 X110.159 Y117.603
G0 X109.958 Y118.755
G0 X109.96 Y131.258
G0 X110.166 Y132.424
G0 X110.567 Y133.519
G0 X111.154 Y134.53
G0 X111.897 Y135.414
G0 X112.794 Y136.167
G0 X113.806 Y136.751
G0 X114.902 Y137.15
G0 X116.053 Y137.353
G0 X129.032 Y137.379
G0 X129.031 Y129.88
M204 S2500
G1 F600 E524.00419
G1 F1200 X133.659 Y134.508 E524.33072
M204 S3500
G1 F1200 E523.83072
G0 F12000 X128.542 Y129.88
M204 S2500
G1 F600 E524.33072
G1 F1200 X128.135 Y129.668 E524.35361
G1 X127.916 Y129.382 E524.37158
G1 X127.833 Y129.104 E524.38606
G1 X127.833 Y128.681 E524.40716
M204 S3500
G1 F1200 E523.90716
G0 F12000 X127.834 Y137.379
G0 X116.053 Y137.353
G0 X114.902 Y137.15
G0 X113.806 Y136.751
G0 X112.794 Y136.167
G0 X111.897 Y135.414
G0 X111.154 Y134.53
G0 X110.567 Y133.519
G0 X110.166 Y132.424
G0 X109.96 Y131.258
G0 X109.958 Y118.755
G0 X110.159 Y117.603
G0 X110.562 Y116.493
G0 X111.146 Y115.481
G0 X111.804 Y114.692
G0 X112.793 Y113.833
G0 X114.993 Y115.841
M204 S2500
G1 F600 E524.40716
G1 F1200 X114.716 Y115.985 E524.42274
G1 X114.454 Y116.151 E524.43821
G1 X132.826 Y134.524 E525.73449
G1 X131.978 Y134.524 E525.7768
G1 X113.987 Y116.533 E527.04616
G1 X113.9 Y116.615 E527.05212
G1 X113.67 Y116.868 E527.06918
G1 X113.584 Y116.978 E527.07615
G1 X131.129 Y134.524 E528.31408
G1 X130.281 Y134.524 E528.35638
G1 X113.249 Y117.491 E529.55812
G1 X113.151 Y117.684 E529.56892
G1 X112.996 Y118.088 E529.59051
G1 X129.432 Y134.524 E530.75016
G1 X128.584 Y134.524 E530.79246
G1 X112.826 Y118.766 E531.90427
G1 X112.803 Y118.975 E531.91476
G1 X112.78 Y119.389 E531.93545
G1 X112.78 Y119.568 E531.94438
G1 X127.735 Y134.524 E532.99957
G1 X126.887 Y134.524 E533.04188
G1 X112.78 Y120.417 E534.0372
G1 X112.781 Y121.266 E534.07956
G1 X126.038 Y134.524 E535.01495
G1 X125.19 Y134.524 E535.05726
G1 X112.781 Y122.115 E535.93278
G1 X112.781 Y122.964 E535.97514
G1 X124.341 Y134.524 E536.79076
G1 X123.493 Y134.524 E536.83306
G1 X112.781 Y123.812 E537.58885
G1 X112.782 Y124.662 E537.63126
G1 X122.644 Y134.524 E538.32708
G1 X121.796 Y134.524 E538.36938
G1 X112.782 Y125.51 E539.00537
G1 X112.783 Y126.359 E539.04773
G1 X120.947 Y134.524 E539.62378
G1 X120.099 Y134.524 E539.66608
G1 X112.783 Y127.208 E540.18227
G1 X112.784 Y128.057 E540.22462
G1 X119.25 Y134.524 E540.68087
G1 X118.401 Y134.524 E540.72323
G1 X112.784 Y128.906 E541.11957
G1 X112.784 Y129.755 E541.16193
G1 X117.553 Y134.524 E541.49841
G1 X116.704 Y134.524 E541.54076
G1 X112.784 Y130.603 E541.81738
G1 X112.799 Y131.021 E541.83824
G1 X112.837 Y131.31 E541.85279
G1 X112.895 Y131.562 E541.86569
G1 X115.746 Y134.414 E542.06688
G1 X115.311 Y134.286 E542.0895
G1 X114.999 Y134.154 E542.1064
G1 X114.722 Y134.013 E542.12191
G1 X114.423 Y133.82 E542.13966
G1 X114.183 Y133.64 E542.15463
G1 X113.909 Y133.387 E542.17323
G1 X113.676 Y133.128 E542.19061
G1 X113.484 Y132.878 E542.20634
G1 X113.294 Y132.587 E542.22368
G1 X113.143 Y132.296 E542.24004
G1 X113.015 Y131.983 E542.25691
G1 X112.923 Y131.687 E542.27237
M204 S3500
G1 F1200 E541.77237
G1 F1200 Z3.48
G0 F12000 X112.923 Y131.687 Z3.48
G0 X132.639 Y127.943
G1 F1200 Z3.04
G1 F600 E542.27237
G1 F1079 X132.419 Y127.999 E542.28623
G1 F1171.6 X130.044 Y128.001 E542.41972
G1 F1082 X129.765 Y127.943 E542.43707
G1 F1079 X129.709 Y127.723 E542.45092
G1 F1171.6 X129.707 Y125.348 E542.58442
G1 F1082 X129.765 Y125.069 E542.60177
G1 F1079 X129.985 Y125.013 E542.61562
G1 F1171.6 X132.36 Y125.011 E542.74912
G1 F1082 X132.639 Y125.069 E542.76647
G1 X132.697 Y125.348 E542.78381
G1 F1171.6 X132.695 Y127.723 E542.91731
G1 F1079 X132.639 Y127.943 E542.93116
G0 F12000 X133.313 Y128.617
G1 F1002.5 X133.313 Y128.222 E542.95711
G1 F1079 X133.369 Y127.781 E542.98424
G1 F1171.6 X133.371 Y125.348 E543.121
G1 F1082 X133.313 Y124.79 E543.15515
G1 F1002.5 X133.313 Y124.395 E543.18109
G1 X132.918 Y124.395 E543.20704
G1 F1082 X132.36 Y124.337 E543.24119
G1 F1171.6 X129.927 Y124.339 E543.37794
G1 F1079 X129.486 Y124.395 E543.40508
G1 F1003.8 X129.091 Y124.395 E543.43099
G1 X129.091 Y124.79 E543.4569
G1 F1082 X129.033 Y125.348 E543.49105
G1 F1171.6 X129.035 Y127.781 E543.62781
G1 F1079 X129.091 Y128.222 E543.65494
G1 F1003.8 X129.091 Y128.617 E543.68085
G1 X129.486 Y128.617 E543.70677
G1 F1082 X130.044 Y128.675 E543.74091
G1 F1171.6 X132.477 Y128.673 E543.87767
G1 F1079 X132.918 Y128.617 E543.9048
G1 F1002.5 X133.313 Y128.617 E543.93075
G0 F12000 X131.734 Y127.232
G1 F1200 E543.43075
;MESH:NONMESH
G0 X131.734 Y127.232 Z3.24
G0 F12000 X133.382 Y128.686
;TIME_ELAPSED:443.628907
;LAYER:15
;note -- min layer time used
M106 S76.5
M204 S2500
;TYPE:WALL-OUTER
;MESH:new-rear-port-cover.stl
G1 F600 E543.93075
G1 F1200 X133.382 Y124.322 E544.17024
G1 X129.018 Y124.322 E544.40974
G1 X129.018 Y128.686 E544.64923
G1 X131.746 Y128.686 E544.79894
G0 F2160 X133.382 Y128.686
M204 S3500
G0 F12000 X133.382 Y124.322
G0 X132.746 Y124.322
G1 F1200 E544.29894
G0 F12000 X132.378 Y125.326
G0 X132.292 Y127.596
G0 X132.722 Y128.026
;TYPE:WALL-INNER
G1 F600 E544.79894
G1 F1200 X132.722 Y124.982 E544.96599
G1 X129.678 Y124.982 E545.13304
G1 X129.678 Y128.026 E545.3001
G1 X131.086 Y128.026 E545.37737
G0 F2160 X132.722 Y128.026
G0 F12000 X132.322 Y127.626
G0 X131.286 Y127.459
;TYPE:FILL
G1 F1200 X130.699 Y127.459 E545.40665
G1 X130.245 Y127.005 E545.43868
G1 X130.246 Y125.965 E545.49057
G1 X131.799 Y125.549 E545.57078
G1 X132.155 Y125.549 E545.58854
G1 X131.798 Y125.549 E545.60635
G1 X131.286 Y127.459 E545.70501
G0 F12000 X131.286 Y127.036
G1 F1200 E545.20501
;MESH:NONMESH
G0 X131.286 Y127.036 Z3.44
G0 F12000 X132.378 Y127.682
G0 X133.382 Y128.686
;TIME_ELAPSED:445.845866
;LAYER:16
;note -- min layer time used
M204 S2500
;TYPE:WALL-OUTER
;MESH:new-rear-port-cover.stl
G1 F600 E545.70501
G1 F1200 X133.382 Y124.322 E545.9445
G1 X129.018 Y124.322 E546.18399
G1 X129.018 Y128.686 E546.42349
G1 X131.746 Y128.686 E546.5732
G0 F2160 X133.382 Y128.686
M204 S3500
G0 F12000 X133.382 Y124.322
G0 X132.746 Y124.322
G1 F1200 E546.0732
G0 F12000 X132.378 Y125.326
G0 X132.292 Y127.596
G0 X132.722 Y128.026
;TYPE:WALL-INNER
G1 F600 E546.5732
G1 F1200 X132.722 Y124.982 E546.74025
G1 X129.678 Y124.982 E546.9073
G1 X129.678 Y128.026 E547.07435
G1 X131.086 Y128.026 E547.15162
G0 F2160 X132.722 Y128.026
G0 F12000 X132.322 Y127.626
G0 X132.155 Y125.549
;TYPE:FILL
G1 F1200 X131.651 Y125.549 E547.17677
G1 X131.14 Y127.459 E547.27541
G1 X132.155 Y127.459 E547.32605
G1 X132.154 Y125.6 E547.4188
G1 X130.246 Y126.111 E547.51734
G1 X130.245 Y127.459 E547.58459
G1 X130.898 Y127.459 E547.61717
G1 X130.245 Y126.805 E547.66328
G1 X128.832 Y125.39
G0 F12000 X130.668 Y125.972
G1 F1200 E547.16328
;MESH:NONMESH
G0 X130.668 Y125.972 Z3.64
G0 F12000 X132.378 Y127.682
G0 X133.382 Y128.686
;TIME_ELAPSED:448.398814
;LAYER:17
;note -- min layer time used
M204 S2500
;TYPE:WALL-OUTER
;MESH:new-rear-port-cover.stl
G1 F600 E547.66328
G1 F1200 X133.382 Y124.322 E547.90277
G1 X129.018 Y124.322 E548.14226
G1 X129.018 Y128.686 E548.38176
G1 X131.746 Y128.686 E548.53147
G0 F2160 X133.382 Y128.686
M204 S3500
G0 F12000 X133.382 Y124.322
G0 X132.746 Y124.322
G1 F1200 E548.03147
G0 F12000 X132.378 Y125.326
G0 X132.292 Y127.596
G0 X132.722 Y128.026
;TYPE:WALL-INNER
G1 F600 E548.53147
G1 F1200 X132.722 Y124.982 E548.69852
G1 X129.678 Y124.982 E548.86557
G1 X129.678 Y128.026 E549.03263
G1 X131.086 Y128.026 E549.10989
G0 F2160 X132.722 Y128.026
G0 F12000 X132.322 Y127.626
G0 X132.155 Y125.549
;TYPE:FILL
G1 F1200 X130.245 Y125.549 E549.20519
G1 X130.246 Y126.257 E549.24051
G1 X132.154 Y125.746 E549.33905
G1 X132.155 Y127.459 E549.42451
G1 X131.098 Y127.459 E549.47725
G1 X130.245 Y126.606 E549.53743
G1 X130.245 Y127.459 E549.57999
G1 X130.993 Y127.46 E549.61731
G1 X131.506 Y125.548 E549.71607
G1 X132.024 Y123.617
G0 F12000 X131.732 Y125.972
G1 F1200 E549.21607
;MESH:NONMESH
G0 X131.732 Y125.972 Z3.84
G0 F12000 X132.378 Y127.682
G0 X133.382 Y128.686
;TIME_ELAPSED:451.052746
;LAYER:18
;note -- min layer time used
M204 S2500
;TYPE:WALL-OUTER
;MESH:new-rear-port-cover.stl
G1 F600 E549.71607
G1 F1200 X133.382 Y124.322 E549.95556
G1 X129.018 Y124.322 E550.19506
G1 X129.018 Y128.686 E550.43455
G1 X131.746 Y128.686 E550.58426
G0 F2160 X133.382 Y128.686
M204 S3500
G0 F12000 X133.382 Y124.322
G0 X132.746 Y124.322
G1 F1200 E550.08426
G0 F12000 X132.378 Y125.326
G0 X132.292 Y127.596
G0 X132.722 Y128.026
;TYPE:WALL-INNER
G1 F600 E550.58426
G1 F1200 X132.722 Y124.982 E550.75131
G1 X129.678 Y124.982 E550.91836
G1 X129.678 Y128.026 E551.08542
G1 X131.086 Y128.026 E551.16269
G0 F2160 X132.722 Y128.026
G0 F12000 X132.322 Y127.626
G0 X132.155 Y125.549
;TYPE:FILL
G1 F1200 X130.245 Y125.549 E551.25798
G1 X130.246 Y126.404 E551.30063
G1 X132.154 Y125.893 E551.39918
G1 X132.155 Y127.459 E551.47731
G1 X131.298 Y127.459 E551.52006
G1 X130.245 Y126.405 E551.59439
G1 X130.245 Y127.459 E551.64698
G1 X130.847 Y127.46 E551.67701
G1 X131.359 Y125.548 E551.77576
G1 X131.876 Y123.616
G0 F12000 X131.732 Y125.972
G1 F1200 E551.27576
;MESH:NONMESH
G0 X131.732 Y125.972 Z4.04
G0 F12000 X132.378 Y127.682
G0 X133.382 Y128.686
;TIME_ELAPSED:453.713488
;LAYER:19
;note -- min layer time used
M204 S2500
;TYPE:WALL-OUTER
;MESH:new-rear-port-cover.stl
G1 F600 E551.77576
G1 F1200 X133.382 Y124.322 E552.01525
G1 X129.018 Y124.322 E552.25475
G1 X129.018 Y128.686 E552.49424
G1 X131.746 Y128.686 E552.64395
G0 F2160 X133.382 Y128.686
M204 S3500
G0 F12000 X133.382 Y124.322
G0 X132.746 Y124.322
G1 F1200 E552.14395
G0 F12000 X132.378 Y125.326
G0 X132.292 Y127.596
G0 X132.722 Y128.026
;TYPE:WALL-INNER
G1 F600 E552.64395
G1 F1200 X132.722 Y124.982 E552.811
G1 X129.678 Y124.982 E552.97806
G1 X129.678 Y128.026 E553.14511
G1 X131.086 Y128.026 E553.22238
G0 F2160 X132.722 Y128.026
G0 F12000 X132.322 Y127.626
G0 X132.155 Y125.549
;TYPE:FILL
G1 F1200 X130.245 Y125.549 E553.31767
G1 X130.245 Y126.206 E553.35045
G1 X131.498 Y127.459 E553.43885
G1 X132.155 Y127.459 E553.47163
G1 X132.154 Y126.039 E553.54247
G1 X130.246 Y126.55 E553.64102
G1 X130.245 Y127.459 E553.68637
G1 X130.7 Y127.46 E553.70907
G1 X131.213 Y125.548 E553.80783
G1 X131.731 Y123.617
G0 F12000 X131.731 Y125.972
G1 F1200 E553.30783
;MESH:NONMESH
G0 X131.731 Y125.972 Z4.24
G0 F12000 X132.378 Y127.682
G0 X133.382 Y128.686
;TIME_ELAPSED:456.344638
;LAYER:20
;note -- min layer time used
M204 S2500
;TYPE:WALL-OUTER
;MESH:new-rear-port-cover.stl
G1 F600 E553.80783
G1 F1200 X133.382 Y124.322 E554.04733
G1 X129.018 Y124.322 E554.28682
G1 X129.018 Y128.686 E554.52631
G1 X131.746 Y128.686 E554.67602
G0 F2160 X133.382 Y128.686
M204 S3500
G0 F12000 X133.382 Y124.322
G0 X132.746 Y124.322
G1 F1200 E554.17602
G0 F12000 X132.378 Y125.326
G0 X132.292 Y127.596
G0 X132.722 Y128.026
;TYPE:WALL-INNER
G1 F600 E554.67602
G1 F1200 X132.722 Y124.982 E554.84308
G1 X129.678 Y124.982 E555.01013
G1 X129.678 Y128.026 E555.17718
G1 X131.086 Y128.026 E555.25445
G0 F2160 X132.722 Y128.026
G0 F12000 X132.322 Y127.626
G0 X132.155 Y125.549
;TYPE:FILL
G1 F1200 X130.245 Y125.549 E555.34974
G1 X130.245 Y126.005 E555.37249
G1 X131.699 Y127.459 E555.47508
G1 X132.155 Y127.459 E555.49783
G1 X132.154 Y126.186 E555.56134
G1 X130.246 Y126.697 E555.65988
G1 X130.245 Y127.459 E555.6979
G1 X130.553 Y127.46 E555.71327
G1 X131.066 Y125.548 E555.81203
G1 X131.584 Y123.617
G0 F12000 X131.584 Y125.972
G1 F1200 E555.31203
;MESH:NONMESH
G0 X131.584 Y125.972 Z4.44
G0 F12000 X132.378 Y127.682
G0 X133.382 Y128.686
;TIME_ELAPSED:458.946395
;LAYER:21
;note -- min layer time used
M204 S2500
;TYPE:WALL-OUTER
;MESH:new-rear-port-cover.stl
G1 F600 E555.81203
G1 F1200 X133.382 Y124.322 E556.05152
G1 X129.018 Y124.322 E556.29102
G1 X129.018 Y128.686 E556.53051
G1 X131.746 Y128.686 E556.68022
G0 F2160 X133.382 Y128.686
M204 S3500
G0 F12000 X133.382 Y124.322
G0 X132.746 Y124.322
G1 F1200 E556.18022
G0 F12000 X132.378 Y125.326
G0 X132.292 Y127.596
G0 X132.722 Y128.026
;TYPE:WALL-INNER
G1 F600 E556.68022
G1 F1200 X132.722 Y124.982 E556.84727
G1 X129.678 Y124.982 E557.01432
G1 X129.678 Y128.026 E557.18138
G1 X131.086 Y128.026 E557.25865
G0 F2160 X132.722 Y128.026
G0 F12000 X132.322 Y127.626
G0 X132.155 Y125.549
;TYPE:FILL
G1 F1200 X130.245 Y125.549 E557.35394
G1 X130.245 Y125.806 E557.36676
G1 X131.898 Y127.459 E557.48339
G1 X132.155 Y127.459 E557.49621
G1 X132.154 Y126.332 E557.55243
G1 X130.245 Y126.843 E557.65103
G1 X130.245 Y127.459 E557.68176
G1 X130.408 Y127.459 E557.68989
G1 X130.92 Y125.548 E557.78859
G1 X131.437 Y123.616
G0 F12000 X131.437 Y125.972
G1 F1200 E557.28859
;MESH:NONMESH
G0 X131.437 Y125.972 Z4.64
G0 F12000 X132.378 Y127.682
G0 X133.382 Y128.686
;TIME_ELAPSED:461.519053
;LAYER:22
;note -- min layer time used
M204 S2500
;TYPE:WALL-OUTER
;MESH:new-rear-port-cover.stl
G1 F600 E557.78859
G1 F1200 X133.382 Y124.322 E558.02809
G1 X129.018 Y124.322 E558.26758
G1 X129.018 Y128.686 E558.50707
G1 X131.746 Y128.686 E558.65678
G0 F2160 X133.382 Y128.686
M204 S3500
G0 F12000 X133.382 Y124.322
G0 X132.746 Y124.322
G1 F1200 E558.15678
G0 F12000 X132.378 Y125.326
G0 X132.292 Y127.596
G0 X132.722 Y128.026
;TYPE:WALL-INNER
G1 F600 E558.65678
G1 F1200 X132.722 Y124.982 E558.82384
G1 X129.678 Y124.982 E558.99089
G1 X129.678 Y128.026 E559.15794
G1 X131.086 Y128.026 E559.23521
G0 F2160 X132.722 Y128.026
G0 F12000 X132.322 Y127.626
G0 X132.155 Y125.549
;TYPE:FILL
G1 F1200 X130.245 Y125.549 E559.3305
G1 X130.245 Y125.606 E559.33335
G1 X132.097 Y127.459 E559.46405
G1 X132.155 Y127.459 E559.46694
G1 X132.154 Y126.478 E559.51589
G1 X130.245 Y126.989 E559.61448
G1 X130.245 Y127.459 E559.63793
G1 X130.262 Y127.459 E559.63878
G1 X130.774 Y125.549 E559.73743
G1 X131.291 Y123.617
G0 F12000 X131.291 Y125.972
G1 F1200 E559.23743
;MESH:NONMESH
G0 X131.291 Y125.972 Z4.84
G0 F12000 X132.378 Y127.682
G0 X133.382 Y128.686
;TIME_ELAPSED:464.062736
;LAYER:23
;note -- min layer time used
M204 S2500
;TYPE:WALL-OUTER
;MESH:new-rear-port-cover.stl
G1 F600 E559.73743
G1 F1200 X133.382 Y124.322 E559.97692
G1 X129.018 Y124.322 E560.21642
G1 X129.018 Y128.686 E560.45591
G1 X131.746 Y128.686 E560.60562
G0 F2160 X133.382 Y128.686
M204 S3500
G0 F12000 X133.382 Y124.322
G0 X132.746 Y124.322
G1 F1200 E560.10562
G0 F12000 X132.378 Y125.326
G0 X132.292 Y127.596
G0 X132.722 Y128.026
;TYPE:WALL-INNER
G1 F600 E560.60562
G1 F1200 X132.722 Y124.982 E560.77267
G1 X129.678 Y124.982 E560.93972
G1 X129.678 Y128.026 E561.10678
G1 X131.086 Y128.026 E561.18405
G0 F2160 X132.722 Y128.026
G0 F12000 X132.322 Y127.626
G0 X132.155 Y125.549
;TYPE:FILL
G1 F1200 X130.388 Y125.549 E561.2722
G1 X131.244 Y126.405 E561.3326
G1 X132.154 Y126.649 E561.3796
G1 X132.155 Y127.185 E561.40634
G1 X131.109 Y126.905 E561.46036
G1 X130.245 Y127.136 E561.50498
G1 X130.245 Y126.972 E561.51317
G1 X130.627 Y125.549 E561.58667
G1 X131.145 Y123.617
G0 F12000 X131.145 Y125.972
G1 F1200 E561.08667
;MESH:NONMESH
G0 X131.145 Y125.972 Z5.04
G0 F12000 X132.378 Y127.682
G0 X133.382 Y128.686
;TIME_ELAPSED:466.507486
;LAYER:24
;note -- min layer time used
M204 S2500
;TYPE:WALL-OUTER
;MESH:new-rear-port-cover.stl
G1 F600 E561.58667
G1 F1200 X133.382 Y124.322 E561.82617
G1 X129.018 Y124.322 E562.06566
G1 X129.018 Y128.686 E562.30515
G1 X131.746 Y128.686 E562.45486
G0 F2160 X133.382 Y128.686
M204 S3500
G0 F12000 X133.382 Y124.322
G0 X132.746 Y124.322
G1 F1200 E561.95486
G0 F12000 X132.378 Y125.326
G0 X132.292 Y127.596
G0 X132.722 Y128.026
;TYPE:WALL-INNER
G1 F600 E562.45486
G1 F1200 X132.722 Y124.982 E562.62192
G1 X129.678 Y124.982 E562.78897
G1 X129.678 Y128.026 E562.95602
G1 X131.086 Y128.026 E563.03329
G0 F2160 X132.722 Y128.026
G0 F12000 X132.322 Y127.626
G0 X132.155 Y125.549
;TYPE:FILL
G1 F1200 X130.481 Y125.548 E563.11681
G1 X130.245 Y126.428 E563.16226
G1 X130.245 Y127.282 E563.20487
G1 X132.155 Y126.77 E563.30352
G1 X132.155 Y126.649 E563.30956
G1 X130.588 Y125.549 E563.40508
G1 X128.952 Y124.401
G0 F12000 X130.668 Y125.778
G1 F1200 E562.90508
;MESH:NONMESH
G0 X130.668 Y125.778 Z5.24
G0 F12000 X132.378 Y127.682
G0 X133.382 Y128.686
;TIME_ELAPSED:468.921675
;LAYER:25
;note -- min layer time used
M204 S2500
;TYPE:WALL-OUTER
;MESH:new-rear-port-cover.stl
G1 F600 E563.40508
G1 F1200 X133.382 Y124.322 E563.64457
G1 X129.018 Y124.322 E563.88406
G1 X129.018 Y128.686 E564.12355
G1 X131.746 Y128.686 E564.27326
G0 F2160 X133.382 Y128.686
M204 S3500
G0 F12000 X133.382 Y124.322
G0 X132.746 Y124.322
G1 F1200 E563.77326
G0 F12000 X132.378 Y125.326
G0 X132.292 Y127.596
G0 X132.722 Y128.026
;TYPE:WALL-INNER
G1 F600 E564.27326
G1 F1200 X132.722 Y124.982 E564.44032
G1 X129.678 Y124.982 E564.60737
G1 X129.678 Y128.026 E564.77442
G1 X131.086 Y128.026 E564.85169
G0 F2160 X132.722 Y128.026
G0 F12000 X132.322 Y127.626
G0 X132.155 Y125.549
;TYPE:FILL
G1 F1200 X130.334 Y125.548 E564.94254
G1 X130.245 Y125.88 E564.95969
G1 X130.245 Y127.429 E565.03697
G1 X132.155 Y126.916 E565.13564
G1 X130.789 Y125.549 E565.23205
G1 X129.376 Y124.135
G0 F12000 X130.668 Y125.778
G1 F1200 E564.73205
;MESH:NONMESH
G0 X130.668 Y125.778 Z5.44
G0 F12000 X132.378 Y127.682
G0 X133.382 Y128.686
;TIME_ELAPSED:471.344057
;LAYER:26
;note -- min layer time used
M204 S2500
;TYPE:WALL-OUTER
;MESH:new-rear-port-cover.stl
G1 F600 E565.23205
G1 F1200 X133.382 Y124.322 E565.47154
G1 X129.018 Y124.322 E565.71104
G1 X129.018 Y128.686 E565.95053
G1 X131.746 Y128.686 E566.10024
G0 F2160 X133.382 Y128.686
M204 S3500
G0 F12000 X133.382 Y124.322
G0 X132.746 Y124.322
G1 F1200 E565.60024
G0 F12000 X132.378 Y125.326
G0 X132.292 Y127.596
G0 X132.722 Y128.026
;TYPE:WALL-INNER
G1 F600 E566.10024
G1 F1200 X132.722 Y124.982 E566.26729
G1 X129.678 Y124.982 E566.43435
G1 X129.678 Y128.026 E566.6014
G1 X131.086 Y128.026 E566.67867
G0 F2160 X132.722 Y128.026
G0 F12000 X132.322 Y127.626
G0 X132.155 Y125.549
;TYPE:FILL
G1 F1200 X130.245 Y125.549 E566.77396
G1 X130.245 Y127.459 E566.86925
G1 X130.678 Y127.459 E566.89085
G1 X132.155 Y127.063 E566.96714
G1 X132.155 Y126.716 E566.98445
G1 X130.988 Y125.549 E567.06679
G1 X129.574 Y124.135
G0 F12000 X130.668 Y125.778
G1 F1200 E566.56679
;MESH:NONMESH
G0 X130.668 Y125.778 Z5.64
G0 F12000 X132.378 Y127.682
G0 X133.382 Y128.686
;TIME_ELAPSED:473.772066
;LAYER:27
;note -- min layer time used
M204 S2500
;TYPE:WALL-OUTER
;MESH:new-rear-port-cover.stl
G1 F600 E567.06679
G1 F1200 X133.382 Y124.322 E567.30628
G1 X129.018 Y124.322 E567.54578
G1 X129.018 Y128.686 E567.78527
G1 X131.746 Y128.686 E567.93498
G0 F2160 X133.382 Y128.686
M204 S3500
G0 F12000 X133.382 Y124.322
G0 X132.746 Y124.322
G1 F1200 E567.43498
G0 F12000 X132.378 Y125.326
G0 X132.292 Y127.596
G0 X132.722 Y128.026
;TYPE:WALL-INNER
G1 F600 E567.93498
G1 F1200 X132.722 Y124.982 E568.10203
G1 X129.678 Y124.982 E568.26909
G1 X129.678 Y128.026 E568.43614
G1 X131.086 Y128.026 E568.51341
G0 F2160 X132.722 Y128.026
G0 F12000 X132.322 Y127.626
G0 X132.155 Y125.549
;TYPE:FILL
G1 F1200 X130.245 Y125.549 E568.6087
G1 X130.245 Y127.459 E568.70399
G1 X131.226 Y127.459 E568.75293
G1 X132.155 Y127.21 E568.80091
G1 X132.155 Y126.516 E568.83554
G1 X131.189 Y125.549 E568.90373
G1 X129.776 Y124.135
G0 F12000 X130.668 Y125.778
G1 F1200 E568.40373
;MESH:NONMESH
G0 X130.668 Y125.778 Z5.84
G0 F12000 X132.378 Y127.682
G0 X133.382 Y128.686
;TIME_ELAPSED:476.200978
;LAYER:28
;note -- min layer time used
M204 S2500
;TYPE:WALL-OUTER
;MESH:new-rear-port-cover.stl
G1 F600 E568.90373
G1 F1200 X133.382 Y124.322 E569.14322
G1 X129.018 Y124.322 E569.38272
G1 X129.018 Y128.686 E569.62221
G1 X131.746 Y128.686 E569.77192
G0 F2160 X133.382 Y128.686
M204 S3500
G0 F12000 X133.382 Y124.322
G0 X132.746 Y124.322
G1 F1200 E569.27192
G0 F12000 X132.378 Y125.326
G0 X132.292 Y127.596
G0 X132.722 Y128.026
;TYPE:WALL-INNER
G1 F600 E569.77192
G1 F1200 X132.722 Y124.982 E569.93897
G1 X129.678 Y124.982 E570.10602
G1 X129.678 Y128.026 E570.27308
G1 X131.086 Y128.026 E570.35035
G0 F2160 X132.722 Y128.026
G0 F12000 X132.322 Y127.626
G0 X132.155 Y125.549
;TYPE:FILL
G1 F1200 X130.245 Y125.549 E570.44564
G1 X130.245 Y127.459 E570.54093
G1 X131.772 Y127.459 E570.61711
G1 X132.154 Y127.357 E570.63683
G1 X132.155 Y126.316 E570.68877
G1 X131.388 Y125.549 E570.74289
G1 X129.975 Y124.136
G0 F12000 X130.668 Y125.778
G1 F1200 E570.24289
;MESH:NONMESH
G0 X130.668 Y125.778 Z6.04
G0 F12000 X132.378 Y127.682
G0 X133.382 Y128.686
;TIME_ELAPSED:478.630988
;LAYER:29
;note -- min layer time used
M204 S2500
;TYPE:WALL-OUTER
;MESH:new-rear-port-cover.stl
G1 F600 E570.74289
G1 F1200 X133.382 Y124.322 E570.98238
G1 X129.018 Y124.322 E571.22187
G1 X129.018 Y128.686 E571.46137
G1 X131.746 Y128.686 E571.61108
G0 F2160 X133.382 Y128.686
M204 S3500
G0 F12000 X133.382 Y124.322
G0 X132.746 Y124.322
G1 F1200 E571.11108
G0 F12000 X132.378 Y125.326
G0 X132.292 Y127.596
G0 X132.722 Y128.026
;TYPE:WALL-INNER
G1 F600 E571.61108
G1 F1200 X132.722 Y124.982 E571.77813
G1 X129.678 Y124.982 E571.94518
G1 X129.678 Y128.026 E572.11223
G1 X131.086 Y128.026 E572.1895
G0 F2160 X132.722 Y128.026
G0 F12000 X132.155 Y127.459
;TYPE:FILL
G1 F1200 X130.245 Y127.459 E572.28479
G1 X130.245 Y125.549 E572.38008
G1 X132.155 Y125.549 E572.47537
G1 X131.588 Y125.549 E572.50366
G1 X132.155 Y126.117 E572.5437
G1 X132.155 Y127.459 E572.61065
G0 F12000 X131.732 Y127.036
G1 F1200 E572.11065
;MESH:NONMESH
G0 X131.732 Y127.036 Z6.24
G0 F12000 X132.378 Y127.682
G0 X133.382 Y128.686
;TIME_ELAPSED:480.926306
;LAYER:30
;note -- min layer time used
M204 S2500
;TYPE:WALL-OUTER
;MESH:new-rear-port-cover.stl
G1 F600 E572.61065
G1 F1200 X133.382 Y124.322 E572.85015
G1 X129.018 Y124.322 E573.08964
G1 X129.018 Y128.686 E573.32913
G1 X131.746 Y128.686 E573.47884
G0 F2160 X133.382 Y128.686
M204 S3500
G0 F12000 X133.382 Y124.322
G0 X132.746 Y124.322
G1 F1200 E572.97884
G0 F12000 X132.378 Y125.326
G0 X132.292 Y127.596
G0 X132.722 Y128.026
;TYPE:WALL-INNER
G1 F600 E573.47884
G1 F1200 X132.722 Y124.982 E573.6459
G1 X129.678 Y124.982 E573.81295
G1 X129.678 Y128.026 E573.98
G1 X131.086 Y128.026 E574.05727
G0 F2160 X132.722 Y128.026
G0 F12000 X132.155 Y127.459
;TYPE:FILL
G1 F1200 X130.245 Y127.459 E574.15256
G1 X130.245 Y125.549 E574.24785
G1 X132.155 Y125.549 E574.34314
G1 X131.788 Y125.549 E574.36145
G1 X132.155 Y125.916 E574.38735
G1 X132.155 Y127.459 E574.46433
G0 F12000 X131.732 Y127.036
G1 F1200 E573.96433
;MESH:NONMESH
G0 X131.732 Y127.036 Z6.44
G0 F12000 X132.378 Y127.682
G0 X133.382 Y128.686
;TIME_ELAPSED:483.207497
;LAYER:31
;note -- min layer time used
M204 S2500
;TYPE:WALL-OUTER
;MESH:new-rear-port-cover.stl
G1 F600 E574.46433
G1 F1200 X133.382 Y124.322 E574.70382
G1 X129.018 Y124.322 E574.94331
G1 X129.018 Y128.686 E575.1828
G1 X131.746 Y128.686 E575.33251
G0 F2160 X133.382 Y128.686
M204 S3500
G0 F12000 X133.382 Y124.322
G0 X132.746 Y124.322
G1 F1200 E574.83251
G0 F12000 X132.378 Y125.326
G0 X132.292 Y127.596
G0 X132.722 Y128.026
;TYPE:WALL-INNER
G1 F600 E575.33251
G1 F1200 X132.722 Y124.982 E575.49957
G1 X129.678 Y124.982 E575.66662
G1 X129.678 Y128.026 E575.83367
G1 X131.086 Y128.026 E575.91094
G0 F2160 X132.722 Y128.026
G0 F12000 X132.155 Y127.459
;TYPE:FILL
G1 F1200 X130.245 Y127.459 E576.00623
G1 X130.245 Y125.549 E576.10152
G1 X132.155 Y125.549 E576.19681
G1 X131.988 Y125.549 E576.20514
G1 X132.155 Y125.717 E576.21696
G1 X132.155 Y127.459 E576.30387
G0 F12000 X131.732 Y127.036
G1 F1200 E575.80387
;MESH:NONMESH
G0 X131.732 Y127.036 Z6.64
G0 F12000 X132.378 Y127.682
G0 X133.382 Y128.686
;TIME_ELAPSED:485.474530
;LAYER:32
;note -- min layer time used
M204 S2500
;TYPE:WALL-OUTER
;MESH:new-rear-port-cover.stl
G1 F600 E576.30387
G1 F1200 X133.382 Y124.326 E576.54314
G1 X129.022 Y124.326 E576.78242
G1 X129.022 Y128.686 E577.02169
G1 X131.746 Y128.686 E577.17118
G0 F2160 X133.382 Y128.686
M204 S3500
G0 F12000 X133.382 Y124.326
G0 X132.742 Y124.326
G1 F1200 E576.67118
G0 F12000 X132.378 Y125.33
G0 X132.292 Y127.596
G0 X132.722 Y128.026
;TYPE:WALL-INNER
G1 F600 E577.17118
G1 F1200 X132.722 Y124.986 E577.33802
G1 X129.682 Y124.986 E577.50485
G1 X129.682 Y128.026 E577.67168
G1 X131.086 Y128.026 E577.74873
G0 F2160 X132.722 Y128.026
G0 F12000 X131.732 Y127.23
G1 F1200 E577.24873
;MESH:NONMESH
G0 X131.732 Y127.23 Z6.84
G0 F12000 X133.365 Y128.67
;TIME_ELAPSED:487.324832
;LAYER:33
;note -- min layer time used
M204 S2500
;TYPE:WALL-OUTER
;MESH:new-rear-port-cover.stl
G1 F600 E577.74873
G1 F1200 X133.365 Y124.342 E577.98625
G1 X129.034 Y124.342 E578.22393
G1 X129.034 Y128.67 E578.46145
G1 X131.729 Y128.67 E578.60935
G0 F2160 X133.365 Y128.67
M204 S3500
G0 F12000 X133.365 Y124.342
G0 X132.693 Y124.342
G1 F1200 E578.10935
G0 F12000 X132.359 Y125.346
G0 X132.273 Y127.58
G0 X132.704 Y128.01
;TYPE:WALL-INNER
G1 F600 E578.60935
G1 F1200 X132.704 Y125.002 E578.77442
G1 X129.694 Y125.002 E578.93961
G1 X129.694 Y128.01 E579.10469
G1 X131.068 Y128.01 E579.18009
G0 F2160 X132.704 Y128.01
G0 F12000 X131.713 Y127.214
G1 F1200 E578.68009
;MESH:NONMESH
G0 X131.713 Y127.214 Z7.04
G0 F12000 X133.33 Y128.634
;TIME_ELAPSED:489.161704
;LAYER:34
;note -- min layer time used
M204 S2500
;TYPE:WALL-OUTER
;MESH:new-rear-port-cover.stl
G1 F600 E579.18009
G1 F1200 X133.33 Y124.374 E579.41388
G1 X129.07 Y124.374 E579.64766
G1 X129.07 Y128.634 E579.88145
G1 X131.694 Y128.634 E580.02545
G0 F2160 X133.33 Y128.634
M204 S3500
G0 F12000 X133.33 Y124.374
G0 X132.59 Y124.374
G1 F1200 E579.52545
G0 F12000 X132.326 Y125.378
G0 X132.24 Y127.544
G0 X132.67 Y127.974
;TYPE:WALL-INNER
G1 F600 E580.02545
G1 F1200 X132.67 Y125.034 E580.1868
G1 X129.73 Y125.034 E580.34814
G1 X129.73 Y127.974 E580.50949
G1 X131.034 Y127.974 E580.58105
G0 F2160 X132.67 Y127.974
G0 F12000 X131.68 Y127.178
G1 F1200 E580.08105
;MESH:NONMESH
G0 X131.68 Y127.178 Z7.24
G0 F12000 X133.274 Y128.578
;TIME_ELAPSED:490.968964
;LAYER:35
;note -- min layer time used
M204 S2500
;TYPE:WALL-OUTER
;MESH:new-rear-port-cover.stl
G1 F600 E580.58105
G1 F1200 X133.274 Y124.43 E580.80869
G1 X129.126 Y124.43 E581.03633
G1 X129.126 Y128.578 E581.26397
G1 X131.638 Y128.578 E581.40182
G0 F2160 X133.274 Y128.578
M204 S3500
G0 F12000 X133.274 Y124.43
G0 X132.422 Y124.43
G1 F1200 E580.90182
G0 F12000 X132.27 Y125.434
G0 X132.184 Y127.488
G0 X132.614 Y127.918
;TYPE:WALL-INNER
G1 F600 E581.40182
G1 F1200 X132.614 Y125.09 E581.55702
G1 X129.786 Y125.09 E581.71222
G1 X129.786 Y127.918 E581.86742
G1 X130.978 Y127.918 E581.93283
G0 F2160 X132.614 Y127.918
G0 F12000 X131.624 Y127.122
G1 F1200 E581.43283
;MESH:NONMESH
G0 X131.624 Y127.122 Z7.44
G0 F12000 X133.194 Y128.498
;TIME_ELAPSED:492.730968
;LAYER:36
;note -- min layer time used
M204 S2500
;TYPE:WALL-OUTER
;MESH:new-rear-port-cover.stl
G1 F600 E581.93283
G1 F1200 X133.194 Y124.514 E582.15147
G1 X129.21 Y124.514 E582.37011
G1 X129.21 Y128.498 E582.58875
G1 X131.558 Y128.498 E582.71761
G0 F2160 X133.194 Y128.498
M204 S3500
G0 F12000 X133.194 Y124.514
G0 X132.178 Y124.514
G1 F1200 E582.21761
G0 F12000 X132.178 Y125.524
G0 X132.104 Y127.408
G0 X132.534 Y127.838
;TYPE:WALL-INNER
G1 F600 E582.71761
G1 F1200 X132.534 Y125.174 E582.8638
G1 X129.87 Y125.174 E583.01
G1 X129.87 Y127.838 E583.1562
G1 X130.898 Y127.838 E583.21262
G0 F2160 X132.534 Y127.838
G0 F12000 X131.544 Y127.042
G1 F1200 E582.71262
;MESH:NONMESH
G0 X131.544 Y127.042 Z7.64
G0 F12000 X133.086 Y128.39
;TIME_ELAPSED:494.426667
;LAYER:37
;note -- min layer time used
M204 S2500
;TYPE:WALL-OUTER
;MESH:new-rear-port-cover.stl
G1 F600 E583.21262
G1 F1200 X133.086 Y124.618 E583.41962
G1 X129.314 Y124.618 E583.62663
G1 X129.314 Y128.39 E583.83363
G1 X131.45 Y128.39 E583.95085
G0 F2160 X133.086 Y128.39
M204 S3500
G0 F12000 X133.086 Y124.618
G0 X131.858 Y124.618
G1 F1200 E583.45085
G0 F12000 X131.858 Y125.628
G0 X131.996 Y127.3
G0 X132.426 Y127.73
;TYPE:WALL-INNER
G1 F600 E583.95085
G1 F1200 X132.426 Y125.278 E584.08542
G1 X129.974 Y125.278 E584.21998
G1 X129.974 Y127.73 E584.35454
G1 X130.79 Y127.73 E584.39932
G0 F2160 X132.426 Y127.73
G0 F12000 X131.436 Y126.934
G1 F1200 E583.89932
;MESH:NONMESH
G0 X131.436 Y126.934 Z7.84
G0 F12000 X132.946 Y128.25
;TIME_ELAPSED:496.035135
;LAYER:38
;note -- min layer time used
M204 S2500
;TYPE:WALL-OUTER
;MESH:new-rear-port-cover.stl
G1 F600 E584.39932
G1 F1200 X132.946 Y124.758 E584.59096
G1 X129.454 Y124.758 E584.7826
G1 X129.454 Y128.25 E584.97424
G1 X131.31 Y128.25 E585.0761
G0 F2160 X132.946 Y128.25
M204 S3500
G0 F12000 X132.946 Y124.758
G0 X131.438 Y124.758
G1 F1200 E584.5761
G0 F12000 X131.438 Y125.768
G0 X131.856 Y127.16
G0 X132.286 Y127.59
;TYPE:WALL-INNER
G1 F600 E585.0761
G1 F1200 X132.286 Y125.418 E585.19529
G1 X130.114 Y125.418 E585.31449
G1 X130.114 Y127.59 E585.43369
G1 X130.65 Y127.59 E585.4631
G0 F2160 X132.286 Y127.59
G0 F12000 X131.4 Y127.26
;TYPE:FILL
G1 F1200 X131.4 Y125.748 E585.53854
G1 X131.4 Y123.748
G1 F1200 E585.03854
;MESH:NONMESH
G0 X131.4 Y123.748 Z8.04
G0 F12000 X133.932 Y123.777
G0 X133.944 Y128.07
G0 X132.766 Y128.07
;TIME_ELAPSED:497.800228
;LAYER:39
;note -- min layer time used
M204 S2500
;TYPE:WALL-OUTER
;MESH:new-rear-port-cover.stl
G1 F600 E585.53854
G1 F1200 X132.766 Y124.938 E585.71042
G1 X129.634 Y124.938 E585.8823
G1 X129.634 Y128.07 E586.05418
G1 X131.13 Y128.07 E586.13628
G0 F2160 X132.766 Y128.07
M204 S3500
G0 F12000 X132.766 Y124.938
G0 X130.898 Y124.938
G1 F1200 E585.63628
G0 F12000 X130.898 Y123.946
G0 X133.75 Y123.958
G0 X133.762 Y127.41
G0 X132.106 Y127.41
;TYPE:WALL-INNER
G1 F600 E586.13628
G1 F1200 X132.106 Y125.598 E586.23572
G1 X130.294 Y125.598 E586.33516
G1 X130.294 Y127.41 E586.43461
G1 X130.47 Y127.41 E586.44426
G0 F2160 X132.106 Y127.41
G0 F12000 X131.503 Y126.807
M204 S2500
;TYPE:SKIN
G1 F1180.3 X131.503 Y126.197 E586.4752
G1 X130.893 Y126.197 E586.50615
G1 X130.893 Y126.807 E586.53709
G1 X131.503 Y126.807 E586.56803
M204 S3500
;MESH:NONMESH
G0 F1200 X131.503 Y126.807 Z8.24
G0 F12000 X132.522 Y127.826
;TIME_ELAPSED:499.350490
;LAYER:40
;note -- min layer time used
M204 S2500
;TYPE:WALL-OUTER
;MESH:new-rear-port-cover.stl
G1 F1200 X132.522 Y125.186 E586.71291
G1 X129.882 Y125.186 E586.85779
G1 X129.882 Y127.826 E587.00267
G1 X130.886 Y127.826 E587.05777
G0 F2160 X132.522 Y127.826
M204 S3500
G0 F12000 X132.522 Y125.186
G0 X130.162 Y125.186
G1 F1200 E586.55777
G0 F12000 X131.862 Y127.166
;TYPE:WALL-INNER
G1 F600 E587.05777
G1 F1200 X131.862 Y125.846 E587.13021
G1 X130.542 Y125.846 E587.20265
G1 X130.542 Y127.166 E587.27509
G1 X131.862 Y127.166 E587.34753
G0 F12000 X131.382 Y126.504
M204 S2500
;TYPE:SKIN
G1 F1978 X131.382 Y126.322 E587.35304
G1 X131.018 Y126.322 E587.36406
G1 X131.018 Y126.686 E587.37507
G1 X131.382 Y126.686 E587.38609
G1 X131.382 Y126.504 E587.3916
M204 S3500
;MESH:NONMESH
G0 F1200 X131.382 Y126.504 Z8.44
G0 F12000 X132.158 Y127.462
;TIME_ELAPSED:500.500870
;LAYER:41
;note -- min layer time used
M204 S2500
;TYPE:WALL-OUTER
;MESH:new-rear-port-cover.stl
G1 F1200 X132.158 Y125.546 E587.49675
G1 X130.242 Y125.546 E587.6019
G1 X130.242 Y127.462 E587.70704
G1 X130.522 Y127.462 E587.72241
G0 F2160 X132.158 Y127.462
M204 S3500
G0 F12000 X132.158 Y125.546
G0 X130.242 Y125.546
G0 X130.242 Y126.714
G0 X131.514 Y126.818
;TYPE:WALL-INNER
G1 F1261.1 X131.514 Y126.19 E587.7552
G1 X130.886 Y126.19 E587.788
G1 X130.886 Y126.818 E587.82079
G1 X131.514 Y126.818 E587.85358
;TIME_ELAPSED:501.121147
G1 F1200 E587.35358
M140 S0
M204 S5000
M107
END_PRINT
M82 ;absolute extrusion mode
M104 S0
;End of Gcode
;SETTING_3 {"global_quality": "[general]\\nversion = 4\\nname = TPU 0.6mm\\ndefi
;SETTING_3 nition = voron2_250\\n\\n[metadata]\\ntype = quality_changes\\nqualit
;SETTING_3 y_type = fast\\nsetting_version = 25\\n\\n[values]\\nacceleration_ena
;SETTING_3 bled = True\\nadhesion_type = skirt\\nbridge_settings_enabled = True\
;SETTING_3 \nlayer_height = 0.2\\nlayer_height_0 = 0.24\\nmaterial_bed_temperatu
;SETTING_3 re = 60.0\\nmaterial_shrinkage_percentage_xy = 100.45\\nminimum_polyg
;SETTING_3 on_circumference = 1\\nprint_sequence = all_at_once\\nretraction_comb
;SETTING_3 ing = infill\\nsupport_enable = False\\nsupport_structure = tree\\nsu
;SETTING_3 pport_type = everywhere\\n\\n", "extruder_quality": ["[general]\\nver
;SETTING_3 sion = 4\\nname = TPU 0.6mm\\ndefinition = voron2_250\\n\\n[metadata]
;SETTING_3 \\ntype = quality_changes\\nquality_type = fast\\nintent_category = d
;SETTING_3 efault\\nposition = 0\\nsetting_version = 25\\n\\n[values]\\naccelera
;SETTING_3 tion_layer_0 = 2000\\nacceleration_print = 3500\\nacceleration_roofin
;SETTING_3 g = 2500.0\\nacceleration_travel = 3500\\nacceleration_travel_layer_0
;SETTING_3  = 2000\\nacceleration_wall_0 = 2500.0\\nalternate_extra_perimeter = 
;SETTING_3 False\\nbottom_layers = 3\\nbrim_gap = 0.24\\nbrim_line_count = 15\\n
;SETTING_3 brim_location = everywhere\\nbrim_width = 3.0\\ncoasting_enable = Tru
;SETTING_3 e\\ncoasting_volume = 0.216\\ncool_fan_full_layer = 6\\ncool_fan_spee
;SETTING_3 d = 25\\ncool_fan_speed_max = 30\\ninfill_pattern = cubic\\ninfill_sp
;SETTING_3 arse_density = 40.0\\ninfill_wipe_dist = 2\\ninitial_bottom_layers = 
;SETTING_3 3\\ninset_direction = outside_in\\nline_width = 0.66\\nmagic_fuzzy_sk
;SETTING_3 in_enabled = False\\nmaterial_final_print_temperature = 220.0\\nmater
;SETTING_3 ial_initial_print_temperature = 0\\nmaterial_print_temperature = 225.
;SETTING_3 0\\nmaterial_print_temperature_layer_0 = 225.0\\nmeshfix_maximum_devi
;SETTING_3 ation = 0.04\\nmeshfix_maximum_resolution = 0.16\\nmin_wall_line_widt
;SETTING_3 h = 0.3\\nmultiple_mesh_overlap = 0.16\\nretraction_amount = 0.5\\nre
;SETTING_3 traction_combing_max_distance = 30.0\\nretraction_count_max = 10\\nre
;SETTING_3 traction_extrusion_window = 2\\nretraction_hop = 0.44\\nretraction_mi
;SETTING_3 n_travel = 1.6\\nretraction_prime_speed = 10\\nretraction_retract_spe
;SETTING_3 ed = 20.0\\nretraction_speed = 15.0\\nroofing_layer_count = 3\\nroofi
;SETTING_3 ng_line_width = 0.6\\nroofing_pattern = zigzag\\nskin_monotonic = Tru
;SETTING_3 e\\nskirt_brim_material_flow = 95\\nskirt_brim_minimal_length = 40.0\
;SETTING_3 \nskirt_height = 1\\nspeed_infill = 40.0\\nspeed_layer_0 = 20\\nspeed
;SETTING_3 _print = 40.0\\nspeed_roofing = 20\\nspeed_topbottom = 20\\nspeed_tra
;SETTING_3 vel = 200\\nspeed_wall = 40.0\\nspeed_wall_0 = 40.0\\nspeed_wall_x = 
;SETTING_3 40.0\\nsupport_angle = 55.0\\nsupport_infill_rate = 10.0\\nsupport_li
;SETTING_3 ne_distance = 5\\ntop_bottom_pattern = zigzag\\ntop_layers = 3\\ntrav
;SETTING_3 el_avoid_other_parts = True\\ntravel_avoid_supports = True\\nwall_0_w
;SETTING_3 ipe_dist = 5\\nwall_line_count = 2\\nwall_line_width = 0.66\\nxy_offs
;SETTING_3 et_layer_0 = -0.2\\nz_seam_corner = z_seam_corner_weighted\\n\\n"]}
